year,election,ac_no,sl_no,ps_no,ps_suffix,candidate,party,votes,valid_votes,total_votes
2016,MLA,29,1,1,,CHANDRAN N,BAHUJAN SAMAJPARTY,11,876,876
2016,MLA,29,1,1,,SELVAPERUNTHAGAI K,INDIAN NATIONALCONGRESS,351,876,876
2016,MLA,29,1,1,,PALANI K,ALL INDIA ANNADRAVIDA MUNNETRAKAZHAGAM,440,876,876
2016,MLA,29,1,1,,MANOHARAN M,BHARATIYA JANATHAPARTY,9,876,876
2016,MLA,29,1,1,,SIVARANJINI B,NAAM TAMILARKATCHI,4,876,876
2016,MLA,29,1,1,,MUTHURAMAN C,PATTALI MAKKALKATCHI,5,876,876
2016,MLA,29,1,1,,LOK JAN SHAKTI PARTYRAVI M,,1,876,876
2016,MLA,29,1,1,,RAJESH V,COMMUNIST PARTYOF INDIA (MARXISTLENINIST) LIBERATION,0,876,876
2016,MLA,29,1,1,,VIDUTHALAIVEERAKUMAR MCHIRUTHAIGAL KATCHI,,26,876,876
2016,MLA,29,1,1,,SELVAM S,INDEPENDENT,0,876,876
2016,MLA,29,1,1,,DILLI A,INDEPENDENT,1,876,876
2016,MLA,29,1,1,,NIRMAL E,INDEPENDENT,1,876,876
2016,MLA,29,1,1,,PALANI C,INDEPENDENT,1,876,876
2016,MLA,29,1,1,,PALANI M,INDEPENDENT,7,876,876
2016,MLA,29,1,1,,PRAKASH R,INDEPENDENT,7,876,876
2016,MLA,29,1,1,,NOTA,0,12,876,876
2016,MLA,29,2,2,,CHANDRAN N,BAHUJAN SAMAJPARTY,6,597,597
2016,MLA,29,2,2,,SELVAPERUNTHAGAI K,INDIAN NATIONALCONGRESS,215,597,597
2016,MLA,29,2,2,,PALANI K,ALL INDIA ANNADRAVIDA MUNNETRAKAZHAGAM,223,597,597
2016,MLA,29,2,2,,MANOHARAN M,BHARATIYA JANATHAPARTY,7,597,597
2016,MLA,29,2,2,,SIVARANJINI B,NAAM TAMILARKATCHI,2,597,597
2016,MLA,29,2,2,,MUTHURAMAN C,PATTALI MAKKALKATCHI,114,597,597
2016,MLA,29,2,2,,LOK JAN SHAKTI PARTYRAVI M,,0,597,597
2016,MLA,29,2,2,,RAJESH V,COMMUNIST PARTYOF INDIA (MARXISTLENINIST) LIBERATION,3,597,597
2016,MLA,29,2,2,,VIDUTHALAIVEERAKUMAR MCHIRUTHAIGAL KATCHI,,15,597,597
2016,MLA,29,2,2,,SELVAM S,INDEPENDENT,0,597,597
2016,MLA,29,2,2,,DILLI A,INDEPENDENT,0,597,597
2016,MLA,29,2,2,,NIRMAL E,INDEPENDENT,0,597,597
2016,MLA,29,2,2,,PALANI C,INDEPENDENT,1,597,597
2016,MLA,29,2,2,,PALANI M,INDEPENDENT,1,597,597
2016,MLA,29,2,2,,PRAKASH R,INDEPENDENT,3,597,597
2016,MLA,29,2,2,,NOTA,0,7,597,597
2016,MLA,29,3,3,,CHANDRAN N,BAHUJAN SAMAJPARTY,4,547,547
2016,MLA,29,3,3,,SELVAPERUNTHAGAI K,INDIAN NATIONALCONGRESS,120,547,547
2016,MLA,29,3,3,,PALANI K,ALL INDIA ANNADRAVIDA MUNNETRAKAZHAGAM,202,547,547
2016,MLA,29,3,3,,MANOHARAN M,BHARATIYA JANATHAPARTY,6,547,547
2016,MLA,29,3,3,,SIVARANJINI B,NAAM TAMILARKATCHI,1,547,547
2016,MLA,29,3,3,,MUTHURAMAN C,PATTALI MAKKALKATCHI,201,547,547
2016,MLA,29,3,3,,LOK JAN SHAKTI PARTYRAVI M,,0,547,547
2016,MLA,29,3,3,,RAJESH V,COMMUNIST PARTYOF INDIA (MARXISTLENINIST) LIBERATION,0,547,547
2016,MLA,29,3,3,,VIDUTHALAIVEERAKUMAR MCHIRUTHAIGAL KATCHI,,9,547,547
2016,MLA,29,3,3,,SELVAM S,INDEPENDENT,1,547,547
2016,MLA,29,3,3,,DILLI A,INDEPENDENT,0,547,547
2016,MLA,29,3,3,,NIRMAL E,INDEPENDENT,1,547,547
2016,MLA,29,3,3,,PALANI C,INDEPENDENT,0,547,547
2016,MLA,29,3,3,,PALANI M,INDEPENDENT,0,547,547
2016,MLA,29,3,3,,PRAKASH R,INDEPENDENT,0,547,547
2016,MLA,29,3,3,,NOTA,0,2,547,547
2016,MLA,29,4,4,,CHANDRAN N,BAHUJAN SAMAJPARTY,10,867,867
2016,MLA,29,4,4,,SELVAPERUNTHAGAI K,INDIAN NATIONALCONGRESS,196,867,867
2016,MLA,29,4,4,,PALANI K,ALL INDIA ANNADRAVIDA MUNNETRAKAZHAGAM,262,867,867
2016,MLA,29,4,4,,MANOHARAN M,BHARATIYA JANATHAPARTY,4,867,867
2016,MLA,29,4,4,,SIVARANJINI B,NAAM TAMILARKATCHI,6,867,867
2016,MLA,29,4,4,,MUTHURAMAN C,PATTALI MAKKALKATCHI,326,867,867
2016,MLA,29,4,4,,LOK JAN SHAKTI PARTYRAVI M,,3,867,867
2016,MLA,29,4,4,,RAJESH V,COMMUNIST PARTYOF INDIA (MARXISTLENINIST) LIBERATION,2,867,867
2016,MLA,29,4,4,,VIDUTHALAIVEERAKUMAR MCHIRUTHAIGAL KATCHI,,45,867,867
2016,MLA,29,4,4,,SELVAM S,INDEPENDENT,0,867,867
2016,MLA,29,4,4,,DILLI A,INDEPENDENT,8,867,867
2016,MLA,29,4,4,,NIRMAL E,INDEPENDENT,0,867,867
2016,MLA,29,4,4,,PALANI C,INDEPENDENT,2,867,867
2016,MLA,29,4,4,,PALANI M,INDEPENDENT,1,867,867
2016,MLA,29,4,4,,PRAKASH R,INDEPENDENT,1,867,867
2016,MLA,29,4,4,,NOTA,0,1,867,867
2016,MLA,29,5,5,,CHANDRAN N,BAHUJAN SAMAJPARTY,7,838,838
2016,MLA,29,5,5,,SELVAPERUNTHAGAI K,INDIAN NATIONALCONGRESS,281,838,838
2016,MLA,29,5,5,,PALANI K,ALL INDIA ANNADRAVIDA MUNNETRAKAZHAGAM,226,838,838
2016,MLA,29,5,5,,MANOHARAN M,BHARATIYA JANATHAPARTY,4,838,838
2016,MLA,29,5,5,,SIVARANJINI B,NAAM TAMILARKATCHI,7,838,838
2016,MLA,29,5,5,,MUTHURAMAN C,PATTALI MAKKALKATCHI,274,838,838
2016,MLA,29,5,5,,LOK JAN SHAKTI PARTYRAVI M,,0,838,838
2016,MLA,29,5,5,,RAJESH V,COMMUNIST PARTYOF INDIA (MARXISTLENINIST) LIBERATION,1,838,838
2016,MLA,29,5,5,,VIDUTHALAIVEERAKUMAR MCHIRUTHAIGAL KATCHI,,23,838,838
2016,MLA,29,5,5,,SELVAM S,INDEPENDENT,1,838,838
2016,MLA,29,5,5,,DILLI A,INDEPENDENT,4,838,838
2016,MLA,29,5,5,,NIRMAL E,INDEPENDENT,0,838,838
2016,MLA,29,5,5,,PALANI C,INDEPENDENT,1,838,838
2016,MLA,29,5,5,,PALANI M,INDEPENDENT,4,838,838
2016,MLA,29,5,5,,PRAKASH R,INDEPENDENT,3,838,838
2016,MLA,29,5,5,,NOTA,0,2,838,838
2016,MLA,29,6,6,,CHANDRAN N,BAHUJAN SAMAJPARTY,4,491,491
2016,MLA,29,6,6,,SELVAPERUNTHAGAI K,INDIAN NATIONALCONGRESS,124,491,491
2016,MLA,29,6,6,,PALANI K,ALL INDIA ANNADRAVIDA MUNNETRAKAZHAGAM,216,491,491
2016,MLA,29,6,6,,MANOHARAN M,BHARATIYA JANATHAPARTY,4,491,491
2016,MLA,29,6,6,,SIVARANJINI B,NAAM TAMILARKATCHI,7,491,491
2016,MLA,29,6,6,,MUTHURAMAN C,PATTALI MAKKALKATCHI,114,491,491
2016,MLA,29,6,6,,LOK JAN SHAKTI PARTYRAVI M,,2,491,491
2016,MLA,29,6,6,,RAJESH V,COMMUNIST PARTYOF INDIA (MARXISTLENINIST) LIBERATION,0,491,491
2016,MLA,29,6,6,,VIDUTHALAIVEERAKUMAR MCHIRUTHAIGAL KATCHI,,14,491,491
2016,MLA,29,6,6,,SELVAM S,INDEPENDENT,0,491,491
2016,MLA,29,6,6,,DILLI A,INDEPENDENT,0,491,491
2016,MLA,29,6,6,,NIRMAL E,INDEPENDENT,0,491,491
2016,MLA,29,6,6,,PALANI C,INDEPENDENT,0,491,491
2016,MLA,29,6,6,,PALANI M,INDEPENDENT,0,491,491
2016,MLA,29,6,6,,PRAKASH R,INDEPENDENT,2,491,491
2016,MLA,29,6,6,,NOTA,0,4,491,491
2016,MLA,29,7,7,,CHANDRAN N,BAHUJAN SAMAJPARTY,33,689,689
2016,MLA,29,7,7,,SELVAPERUNTHAGAI K,INDIAN NATIONALCONGRESS,211,689,689
2016,MLA,29,7,7,,PALANI K,ALL INDIA ANNADRAVIDA MUNNETRAKAZHAGAM,262,689,689
2016,MLA,29,7,7,,MANOHARAN M,BHARATIYA JANATHAPARTY,7,689,689
2016,MLA,29,7,7,,SIVARANJINI B,NAAM TAMILARKATCHI,0,689,689
2016,MLA,29,7,7,,MUTHURAMAN C,PATTALI MAKKALKATCHI,105,689,689
2016,MLA,29,7,7,,LOK JAN SHAKTI PARTYRAVI M,,1,689,689
2016,MLA,29,7,7,,RAJESH V,COMMUNIST PARTYOF INDIA (MARXISTLENINIST) LIBERATION,0,689,689
2016,MLA,29,7,7,,VIDUTHALAIVEERAKUMAR MCHIRUTHAIGAL KATCHI,,45,689,689
2016,MLA,29,7,7,,SELVAM S,INDEPENDENT,1,689,689
2016,MLA,29,7,7,,DILLI A,INDEPENDENT,0,689,689
2016,MLA,29,7,7,,NIRMAL E,INDEPENDENT,3,689,689
2016,MLA,29,7,7,,PALANI C,INDEPENDENT,1,689,689
2016,MLA,29,7,7,,PALANI M,INDEPENDENT,4,689,689
2016,MLA,29,7,7,,PRAKASH R,INDEPENDENT,10,689,689
2016,MLA,29,7,7,,NOTA,0,6,689,689
2016,MLA,29,8,8,,CHANDRAN N,BAHUJAN SAMAJPARTY,5,597,597
2016,MLA,29,8,8,,SELVAPERUNTHAGAI K,INDIAN NATIONALCONGRESS,354,597,597
2016,MLA,29,8,8,,PALANI K,ALL INDIA ANNADRAVIDA MUNNETRAKAZHAGAM,172,597,597
2016,MLA,29,8,8,,MANOHARAN M,BHARATIYA JANATHAPARTY,4,597,597
2016,MLA,29,8,8,,SIVARANJINI B,NAAM TAMILARKATCHI,7,597,597
2016,MLA,29,8,8,,MUTHURAMAN C,PATTALI MAKKALKATCHI,15,597,597
2016,MLA,29,8,8,,LOK JAN SHAKTI PARTYRAVI M,,0,597,597
2016,MLA,29,8,8,,RAJESH V,COMMUNIST PARTYOF INDIA (MARXISTLENINIST) LIBERATION,0,597,597
2016,MLA,29,8,8,,VIDUTHALAIVEERAKUMAR MCHIRUTHAIGAL KATCHI,,34,597,597
2016,MLA,29,8,8,,SELVAM S,INDEPENDENT,0,597,597
2016,MLA,29,8,8,,DILLI A,INDEPENDENT,0,597,597
2016,MLA,29,8,8,,NIRMAL E,INDEPENDENT,0,597,597
2016,MLA,29,8,8,,PALANI C,INDEPENDENT,0,597,597
2016,MLA,29,8,8,,PALANI M,INDEPENDENT,1,597,597
2016,MLA,29,8,8,,PRAKASH R,INDEPENDENT,2,597,597
2016,MLA,29,8,8,,NOTA,0,3,597,597
2016,MLA,29,9,9,,CHANDRAN N,BAHUJAN SAMAJPARTY,1,409,409
2016,MLA,29,9,9,,SELVAPERUNTHAGAI K,INDIAN NATIONALCONGRESS,153,409,409
2016,MLA,29,9,9,,PALANI K,ALL INDIA ANNADRAVIDA MUNNETRAKAZHAGAM,221,409,409
2016,MLA,29,9,9,,MANOHARAN M,BHARATIYA JANATHAPARTY,5,409,409
2016,MLA,29,9,9,,SIVARANJINI B,NAAM TAMILARKATCHI,6,409,409
2016,MLA,29,9,9,,MUTHURAMAN C,PATTALI MAKKALKATCHI,9,409,409
2016,MLA,29,9,9,,LOK JAN SHAKTI PARTYRAVI M,,0,409,409
2016,MLA,29,9,9,,RAJESH V,COMMUNIST PARTYOF INDIA (MARXISTLENINIST) LIBERATION,0,409,409
2016,MLA,29,9,9,,VIDUTHALAIVEERAKUMAR MCHIRUTHAIGAL KATCHI,,7,409,409
2016,MLA,29,9,9,,SELVAM S,INDEPENDENT,0,409,409
2016,MLA,29,9,9,,DILLI A,INDEPENDENT,0,409,409
2016,MLA,29,9,9,,NIRMAL E,INDEPENDENT,0,409,409
2016,MLA,29,9,9,,PALANI C,INDEPENDENT,0,409,409
2016,MLA,29,9,9,,PALANI M,INDEPENDENT,4,409,409
2016,MLA,29,9,9,,PRAKASH R,INDEPENDENT,0,409,409
2016,MLA,29,9,9,,NOTA,0,3,409,409
2016,MLA,29,10,10,,CHANDRAN N,BAHUJAN SAMAJPARTY,9,906,906
2016,MLA,29,10,10,,SELVAPERUNTHAGAI K,INDIAN NATIONALCONGRESS,399,906,906
2016,MLA,29,10,10,,PALANI K,ALL INDIA ANNADRAVIDA MUNNETRAKAZHAGAM,323,906,906
2016,MLA,29,10,10,,MANOHARAN M,BHARATIYA JANATHAPARTY,6,906,906
2016,MLA,29,10,10,,SIVARANJINI B,NAAM TAMILARKATCHI,6,906,906
2016,MLA,29,10,10,,MUTHURAMAN C,PATTALI MAKKALKATCHI,47,906,906
2016,MLA,29,10,10,,LOK JAN SHAKTI PARTYRAVI M,,1,906,906
2016,MLA,29,10,10,,RAJESH V,COMMUNIST PARTYOF INDIA (MARXISTLENINIST) LIBERATION,0,906,906
2016,MLA,29,10,10,,VIDUTHALAIVEERAKUMAR MCHIRUTHAIGAL KATCHI,,99,906,906
2016,MLA,29,10,10,,SELVAM S,INDEPENDENT,0,906,906
2016,MLA,29,10,10,,DILLI A,INDEPENDENT,0,906,906
2016,MLA,29,10,10,,NIRMAL E,INDEPENDENT,1,906,906
2016,MLA,29,10,10,,PALANI C,INDEPENDENT,0,906,906
2016,MLA,29,10,10,,PALANI M,INDEPENDENT,2,906,906
2016,MLA,29,10,10,,PRAKASH R,INDEPENDENT,2,906,906
2016,MLA,29,10,10,,NOTA,0,11,906,906
2016,MLA,29,11,11,,CHANDRAN N,BAHUJAN SAMAJPARTY,5,661,661
2016,MLA,29,11,11,,SELVAPERUNTHAGAI K,INDIAN NATIONALCONGRESS,264,661,661
2016,MLA,29,11,11,,PALANI K,ALL INDIA ANNADRAVIDA MUNNETRAKAZHAGAM,291,661,661
2016,MLA,29,11,11,,MANOHARAN M,BHARATIYA JANATHAPARTY,4,661,661
2016,MLA,29,11,11,,SIVARANJINI B,NAAM TAMILARKATCHI,2,661,661
2016,MLA,29,11,11,,MUTHURAMAN C,PATTALI MAKKALKATCHI,27,661,661
2016,MLA,29,11,11,,LOK JAN SHAKTI PARTYRAVI M,,0,661,661
2016,MLA,29,11,11,,RAJESH V,COMMUNIST PARTYOF INDIA (MARXISTLENINIST) LIBERATION,0,661,661
2016,MLA,29,11,11,,VIDUTHALAIVEERAKUMAR MCHIRUTHAIGAL KATCHI,,53,661,661
2016,MLA,29,11,11,,SELVAM S,INDEPENDENT,0,661,661
2016,MLA,29,11,11,,DILLI A,INDEPENDENT,1,661,661
2016,MLA,29,11,11,,NIRMAL E,INDEPENDENT,0,661,661
2016,MLA,29,11,11,,PALANI C,INDEPENDENT,2,661,661
2016,MLA,29,11,11,,PALANI M,INDEPENDENT,3,661,661
2016,MLA,29,11,11,,PRAKASH R,INDEPENDENT,3,661,661
2016,MLA,29,11,11,,NOTA,0,6,661,661
2016,MLA,29,12,12,,CHANDRAN N,BAHUJAN SAMAJPARTY,1,587,587
2016,MLA,29,12,12,,SELVAPERUNTHAGAI K,INDIAN NATIONALCONGRESS,91,587,587
2016,MLA,29,12,12,,PALANI K,ALL INDIA ANNADRAVIDA MUNNETRAKAZHAGAM,162,587,587
2016,MLA,29,12,12,,MANOHARAN M,BHARATIYA JANATHAPARTY,4,587,587
2016,MLA,29,12,12,,SIVARANJINI B,NAAM TAMILARKATCHI,2,587,587
2016,MLA,29,12,12,,MUTHURAMAN C,PATTALI MAKKALKATCHI,302,587,587
2016,MLA,29,12,12,,LOK JAN SHAKTI PARTYRAVI M,,1,587,587
2016,MLA,29,12,12,,RAJESH V,COMMUNIST PARTYOF INDIA (MARXISTLENINIST) LIBERATION,1,587,587
2016,MLA,29,12,12,,VIDUTHALAIVEERAKUMAR MCHIRUTHAIGAL KATCHI,,11,587,587
2016,MLA,29,12,12,,SELVAM S,INDEPENDENT,1,587,587
2016,MLA,29,12,12,,DILLI A,INDEPENDENT,0,587,587
2016,MLA,29,12,12,,NIRMAL E,INDEPENDENT,1,587,587
2016,MLA,29,12,12,,PALANI C,INDEPENDENT,0,587,587
2016,MLA,29,12,12,,PALANI M,INDEPENDENT,1,587,587
2016,MLA,29,12,12,,PRAKASH R,INDEPENDENT,2,587,587
2016,MLA,29,12,12,,NOTA,0,7,587,587
2016,MLA,29,13,13,,CHANDRAN N,BAHUJAN SAMAJPARTY,2,714,714
2016,MLA,29,13,13,,SELVAPERUNTHAGAI K,INDIAN NATIONALCONGRESS,167,714,714
2016,MLA,29,13,13,,PALANI K,ALL INDIA ANNADRAVIDA MUNNETRAKAZHAGAM,307,714,714
2016,MLA,29,13,13,,MANOHARAN M,BHARATIYA JANATHAPARTY,7,714,714
2016,MLA,29,13,13,,SIVARANJINI B,NAAM TAMILARKATCHI,4,714,714
2016,MLA,29,13,13,,MUTHURAMAN C,PATTALI MAKKALKATCHI,186,714,714
2016,MLA,29,13,13,,LOK JAN SHAKTI PARTYRAVI M,,2,714,714
2016,MLA,29,13,13,,RAJESH V,COMMUNIST PARTYOF INDIA (MARXISTLENINIST) LIBERATION,2,714,714
2016,MLA,29,13,13,,VIDUTHALAIVEERAKUMAR MCHIRUTHAIGAL KATCHI,,34,714,714
2016,MLA,29,13,13,,SELVAM S,INDEPENDENT,1,714,714
2016,MLA,29,13,13,,DILLI A,INDEPENDENT,0,714,714
2016,MLA,29,13,13,,NIRMAL E,INDEPENDENT,0,714,714
2016,MLA,29,13,13,,PALANI C,INDEPENDENT,0,714,714
2016,MLA,29,13,13,,PALANI M,INDEPENDENT,0,714,714
2016,MLA,29,13,13,,PRAKASH R,INDEPENDENT,0,714,714
2016,MLA,29,13,13,,NOTA,0,2,714,714
2016,MLA,29,14,14,,CHANDRAN N,BAHUJAN SAMAJPARTY,4,476,476
2016,MLA,29,14,14,,SELVAPERUNTHAGAI K,INDIAN NATIONALCONGRESS,121,476,476
2016,MLA,29,14,14,,PALANI K,ALL INDIA ANNADRAVIDA MUNNETRAKAZHAGAM,128,476,476
2016,MLA,29,14,14,,MANOHARAN M,BHARATIYA JANATHAPARTY,9,476,476
2016,MLA,29,14,14,,SIVARANJINI B,NAAM TAMILARKATCHI,2,476,476
2016,MLA,29,14,14,,MUTHURAMAN C,PATTALI MAKKALKATCHI,198,476,476
2016,MLA,29,14,14,,LOK JAN SHAKTI PARTYRAVI M,,1,476,476
2016,MLA,29,14,14,,RAJESH V,COMMUNIST PARTYOF INDIA (MARXISTLENINIST) LIBERATION,0,476,476
2016,MLA,29,14,14,,VIDUTHALAIVEERAKUMAR MCHIRUTHAIGAL KATCHI,,8,476,476
2016,MLA,29,14,14,,SELVAM S,INDEPENDENT,1,476,476
2016,MLA,29,14,14,,DILLI A,INDEPENDENT,0,476,476
2016,MLA,29,14,14,,NIRMAL E,INDEPENDENT,0,476,476
2016,MLA,29,14,14,,PALANI C,INDEPENDENT,1,476,476
2016,MLA,29,14,14,,PALANI M,INDEPENDENT,0,476,476
2016,MLA,29,14,14,,PRAKASH R,INDEPENDENT,0,476,476
2016,MLA,29,14,14,,NOTA,0,3,476,476
2016,MLA,29,15,15,,CHANDRAN N,BAHUJAN SAMAJPARTY,5,501,501
2016,MLA,29,15,15,,SELVAPERUNTHAGAI K,INDIAN NATIONALCONGRESS,259,501,501
2016,MLA,29,15,15,,PALANI K,ALL INDIA ANNADRAVIDA MUNNETRAKAZHAGAM,144,501,501
2016,MLA,29,15,15,,MANOHARAN M,BHARATIYA JANATHAPARTY,1,501,501
2016,MLA,29,15,15,,SIVARANJINI B,NAAM TAMILARKATCHI,2,501,501
2016,MLA,29,15,15,,MUTHURAMAN C,PATTALI MAKKALKATCHI,73,501,501
2016,MLA,29,15,15,,LOK JAN SHAKTI PARTYRAVI M,,1,501,501
2016,MLA,29,15,15,,RAJESH V,COMMUNIST PARTYOF INDIA (MARXISTLENINIST) LIBERATION,2,501,501
2016,MLA,29,15,15,,VIDUTHALAIVEERAKUMAR MCHIRUTHAIGAL KATCHI,,14,501,501
2016,MLA,29,15,15,,SELVAM S,INDEPENDENT,0,501,501
2016,MLA,29,15,15,,DILLI A,INDEPENDENT,0,501,501
2016,MLA,29,15,15,,NIRMAL E,INDEPENDENT,0,501,501
2016,MLA,29,15,15,,PALANI C,INDEPENDENT,2,501,501
2016,MLA,29,15,15,,PALANI M,INDEPENDENT,0,501,501
2016,MLA,29,15,15,,PRAKASH R,INDEPENDENT,2,501,501
2016,MLA,29,15,15,,NOTA,0,2,501,501
2016,MLA,29,16,16,,CHANDRAN N,BAHUJAN SAMAJPARTY,2,241,241
2016,MLA,29,16,16,,SELVAPERUNTHAGAI K,INDIAN NATIONALCONGRESS,86,241,241
2016,MLA,29,16,16,,PALANI K,ALL INDIA ANNADRAVIDA MUNNETRAKAZHAGAM,146,241,241
2016,MLA,29,16,16,,MANOHARAN M,BHARATIYA JANATHAPARTY,0,241,241
2016,MLA,29,16,16,,SIVARANJINI B,NAAM TAMILARKATCHI,4,241,241
2016,MLA,29,16,16,,MUTHURAMAN C,PATTALI MAKKALKATCHI,3,241,241
2016,MLA,29,16,16,,LOK JAN SHAKTI PARTYRAVI M,,0,241,241
2016,MLA,29,16,16,,RAJESH V,COMMUNIST PARTYOF INDIA (MARXISTLENINIST) LIBERATION,0,241,241
2016,MLA,29,16,16,,VIDUTHALAIVEERAKUMAR MCHIRUTHAIGAL KATCHI,,0,241,241
2016,MLA,29,16,16,,SELVAM S,INDEPENDENT,0,241,241
2016,MLA,29,16,16,,DILLI A,INDEPENDENT,0,241,241
2016,MLA,29,16,16,,NIRMAL E,INDEPENDENT,0,241,241
2016,MLA,29,16,16,,PALANI C,INDEPENDENT,0,241,241
2016,MLA,29,16,16,,PALANI M,INDEPENDENT,1,241,241
2016,MLA,29,16,16,,PRAKASH R,INDEPENDENT,1,241,241
2016,MLA,29,16,16,,NOTA,0,2,241,241
2016,MLA,29,17,17,,CHANDRAN N,BAHUJAN SAMAJPARTY,3,498,498
2016,MLA,29,17,17,,SELVAPERUNTHAGAI K,INDIAN NATIONALCONGRESS,199,498,498
2016,MLA,29,17,17,,PALANI K,ALL INDIA ANNADRAVIDA MUNNETRAKAZHAGAM,154,498,498
2016,MLA,29,17,17,,MANOHARAN M,BHARATIYA JANATHAPARTY,5,498,498
2016,MLA,29,17,17,,SIVARANJINI B,NAAM TAMILARKATCHI,2,498,498
2016,MLA,29,17,17,,MUTHURAMAN C,PATTALI MAKKALKATCHI,128,498,498
2016,MLA,29,17,17,,LOK JAN SHAKTI PARTYRAVI M,,2,498,498
2016,MLA,29,17,17,,RAJESH V,COMMUNIST PARTYOF INDIA (MARXISTLENINIST) LIBERATION,0,498,498
2016,MLA,29,17,17,,VIDUTHALAIVEERAKUMAR MCHIRUTHAIGAL KATCHI,,5,498,498
2016,MLA,29,17,17,,SELVAM S,INDEPENDENT,0,498,498
2016,MLA,29,17,17,,DILLI A,INDEPENDENT,0,498,498
2016,MLA,29,17,17,,NIRMAL E,INDEPENDENT,0,498,498
2016,MLA,29,17,17,,PALANI C,INDEPENDENT,0,498,498
2016,MLA,29,17,17,,PALANI M,INDEPENDENT,0,498,498
2016,MLA,29,17,17,,PRAKASH R,INDEPENDENT,1,498,498
2016,MLA,29,17,17,,NOTA,0,2,498,498
2016,MLA,29,18,18,,CHANDRAN N,BAHUJAN SAMAJPARTY,0,409,409
2016,MLA,29,18,18,,SELVAPERUNTHAGAI K,INDIAN NATIONALCONGRESS,135,409,409
2016,MLA,29,18,18,,PALANI K,ALL INDIA ANNADRAVIDA MUNNETRAKAZHAGAM,228,409,409
2016,MLA,29,18,18,,MANOHARAN M,BHARATIYA JANATHAPARTY,7,409,409
2016,MLA,29,18,18,,SIVARANJINI B,NAAM TAMILARKATCHI,3,409,409
2016,MLA,29,18,18,,MUTHURAMAN C,PATTALI MAKKALKATCHI,13,409,409
2016,MLA,29,18,18,,LOK JAN SHAKTI PARTYRAVI M,,0,409,409
2016,MLA,29,18,18,,RAJESH V,COMMUNIST PARTYOF INDIA (MARXISTLENINIST) LIBERATION,0,409,409
2016,MLA,29,18,18,,VIDUTHALAIVEERAKUMAR MCHIRUTHAIGAL KATCHI,,23,409,409
2016,MLA,29,18,18,,SELVAM S,INDEPENDENT,0,409,409
2016,MLA,29,18,18,,DILLI A,INDEPENDENT,0,409,409
2016,MLA,29,18,18,,NIRMAL E,INDEPENDENT,0,409,409
2016,MLA,29,18,18,,PALANI C,INDEPENDENT,0,409,409
2016,MLA,29,18,18,,PALANI M,INDEPENDENT,0,409,409
2016,MLA,29,18,18,,PRAKASH R,INDEPENDENT,1,409,409
2016,MLA,29,18,18,,NOTA,0,0,409,409
2016,MLA,29,19,19,,CHANDRAN N,BAHUJAN SAMAJPARTY,4,1022,1022
2016,MLA,29,19,19,,SELVAPERUNTHAGAI K,INDIAN NATIONALCONGRESS,564,1022,1022
2016,MLA,29,19,19,,PALANI K,ALL INDIA ANNADRAVIDA MUNNETRAKAZHAGAM,385,1022,1022
2016,MLA,29,19,19,,MANOHARAN M,BHARATIYA JANATHAPARTY,5,1022,1022
2016,MLA,29,19,19,,SIVARANJINI B,NAAM TAMILARKATCHI,8,1022,1022
2016,MLA,29,19,19,,MUTHURAMAN C,PATTALI MAKKALKATCHI,15,1022,1022
2016,MLA,29,19,19,,LOK JAN SHAKTI PARTYRAVI M,,0,1022,1022
2016,MLA,29,19,19,,RAJESH V,COMMUNIST PARTYOF INDIA (MARXISTLENINIST) LIBERATION,0,1022,1022
2016,MLA,29,19,19,,VIDUTHALAIVEERAKUMAR MCHIRUTHAIGAL KATCHI,,37,1022,1022
2016,MLA,29,19,19,,SELVAM S,INDEPENDENT,0,1022,1022
2016,MLA,29,19,19,,DILLI A,INDEPENDENT,4,1022,1022
2016,MLA,29,19,19,,NIRMAL E,INDEPENDENT,0,1022,1022
2016,MLA,29,19,19,,PALANI C,INDEPENDENT,1,1022,1022
2016,MLA,29,19,19,,PALANI M,INDEPENDENT,2,1022,1022
2016,MLA,29,19,19,,PRAKASH R,INDEPENDENT,0,1022,1022
2016,MLA,29,19,19,,NOTA,0,6,1022,1022
2016,MLA,29,20,20,,CHANDRAN N,BAHUJAN SAMAJPARTY,7,630,630
2016,MLA,29,20,20,,SELVAPERUNTHAGAI K,INDIAN NATIONALCONGRESS,194,630,630
2016,MLA,29,20,20,,PALANI K,ALL INDIA ANNADRAVIDA MUNNETRAKAZHAGAM,231,630,630
2016,MLA,29,20,20,,MANOHARAN M,BHARATIYA JANATHAPARTY,11,630,630
2016,MLA,29,20,20,,SIVARANJINI B,NAAM TAMILARKATCHI,0,630,630
2016,MLA,29,20,20,,MUTHURAMAN C,PATTALI MAKKALKATCHI,168,630,630
2016,MLA,29,20,20,,LOK JAN SHAKTI PARTYRAVI M,,1,630,630
2016,MLA,29,20,20,,RAJESH V,COMMUNIST PARTYOF INDIA (MARXISTLENINIST) LIBERATION,0,630,630
2016,MLA,29,20,20,,VIDUTHALAIVEERAKUMAR MCHIRUTHAIGAL KATCHI,,17,630,630
2016,MLA,29,20,20,,SELVAM S,INDEPENDENT,1,630,630
2016,MLA,29,20,20,,DILLI A,INDEPENDENT,0,630,630
2016,MLA,29,20,20,,NIRMAL E,INDEPENDENT,0,630,630
2016,MLA,29,20,20,,PALANI C,INDEPENDENT,1,630,630
2016,MLA,29,20,20,,PALANI M,INDEPENDENT,7,630,630
2016,MLA,29,20,20,,PRAKASH R,INDEPENDENT,3,630,630
2016,MLA,29,20,20,,NOTA,0,6,630,630
2016,MLA,29,21,21,,CHANDRAN N,BAHUJAN SAMAJPARTY,3,672,672
2016,MLA,29,21,21,,SELVAPERUNTHAGAI K,INDIAN NATIONALCONGRESS,210,672,672
2016,MLA,29,21,21,,PALANI K,ALL INDIA ANNADRAVIDA MUNNETRAKAZHAGAM,228,672,672
2016,MLA,29,21,21,,MANOHARAN M,BHARATIYA JANATHAPARTY,11,672,672
2016,MLA,29,21,21,,SIVARANJINI B,NAAM TAMILARKATCHI,4,672,672
2016,MLA,29,21,21,,MUTHURAMAN C,PATTALI MAKKALKATCHI,206,672,672
2016,MLA,29,21,21,,LOK JAN SHAKTI PARTYRAVI M,,0,672,672
2016,MLA,29,21,21,,RAJESH V,COMMUNIST PARTYOF INDIA (MARXISTLENINIST) LIBERATION,0,672,672
2016,MLA,29,21,21,,VIDUTHALAIVEERAKUMAR MCHIRUTHAIGAL KATCHI,,10,672,672
2016,MLA,29,21,21,,SELVAM S,INDEPENDENT,0,672,672
2016,MLA,29,21,21,,DILLI A,INDEPENDENT,0,672,672
2016,MLA,29,21,21,,NIRMAL E,INDEPENDENT,1,672,672
2016,MLA,29,21,21,,PALANI C,INDEPENDENT,1,672,672
2016,MLA,29,21,21,,PALANI M,INDEPENDENT,1,672,672
2016,MLA,29,21,21,,PRAKASH R,INDEPENDENT,2,672,672
2016,MLA,29,21,21,,NOTA,0,4,672,672
2016,MLA,29,22,22,,CHANDRAN N,BAHUJAN SAMAJPARTY,0,606,606
2016,MLA,29,22,22,,SELVAPERUNTHAGAI K,INDIAN NATIONALCONGRESS,176,606,606
2016,MLA,29,22,22,,PALANI K,ALL INDIA ANNADRAVIDA MUNNETRAKAZHAGAM,199,606,606
2016,MLA,29,22,22,,MANOHARAN M,BHARATIYA JANATHAPARTY,8,606,606
2016,MLA,29,22,22,,SIVARANJINI B,NAAM TAMILARKATCHI,3,606,606
2016,MLA,29,22,22,,MUTHURAMAN C,PATTALI MAKKALKATCHI,194,606,606
2016,MLA,29,22,22,,LOK JAN SHAKTI PARTYRAVI M,,1,606,606
2016,MLA,29,22,22,,RAJESH V,COMMUNIST PARTYOF INDIA (MARXISTLENINIST) LIBERATION,0,606,606
2016,MLA,29,22,22,,VIDUTHALAIVEERAKUMAR MCHIRUTHAIGAL KATCHI,,25,606,606
2016,MLA,29,22,22,,SELVAM S,INDEPENDENT,0,606,606
2016,MLA,29,22,22,,DILLI A,INDEPENDENT,0,606,606
2016,MLA,29,22,22,,NIRMAL E,INDEPENDENT,1,606,606
2016,MLA,29,22,22,,PALANI C,INDEPENDENT,0,606,606
2016,MLA,29,22,22,,PALANI M,INDEPENDENT,0,606,606
2016,MLA,29,22,22,,PRAKASH R,INDEPENDENT,4,606,606
2016,MLA,29,22,22,,NOTA,0,3,606,606
2016,MLA,29,23,23,,CHANDRAN N,BAHUJAN SAMAJPARTY,2,679,679
2016,MLA,29,23,23,,SELVAPERUNTHAGAI K,INDIAN NATIONALCONGRESS,167,679,679
2016,MLA,29,23,23,,PALANI K,ALL INDIA ANNADRAVIDA MUNNETRAKAZHAGAM,315,679,679
2016,MLA,29,23,23,,MANOHARAN M,BHARATIYA JANATHAPARTY,8,679,679
2016,MLA,29,23,23,,SIVARANJINI B,NAAM TAMILARKATCHI,4,679,679
2016,MLA,29,23,23,,MUTHURAMAN C,PATTALI MAKKALKATCHI,105,679,679
2016,MLA,29,23,23,,LOK JAN SHAKTI PARTYRAVI M,,3,679,679
2016,MLA,29,23,23,,RAJESH V,COMMUNIST PARTYOF INDIA (MARXISTLENINIST) LIBERATION,0,679,679
2016,MLA,29,23,23,,VIDUTHALAIVEERAKUMAR MCHIRUTHAIGAL KATCHI,,74,679,679
2016,MLA,29,23,23,,SELVAM S,INDEPENDENT,0,679,679
2016,MLA,29,23,23,,DILLI A,INDEPENDENT,1,679,679
2016,MLA,29,23,23,,NIRMAL E,INDEPENDENT,0,679,679
2016,MLA,29,23,23,,PALANI C,INDEPENDENT,0,679,679
2016,MLA,29,23,23,,PALANI M,INDEPENDENT,1,679,679
2016,MLA,29,23,23,,PRAKASH R,INDEPENDENT,3,679,679
2016,MLA,29,23,23,,NOTA,0,2,679,679
2016,MLA,29,24,24,,CHANDRAN N,BAHUJAN SAMAJPARTY,0,1006,1006
2016,MLA,29,24,24,,SELVAPERUNTHAGAI K,INDIAN NATIONALCONGRESS,346,1006,1006
2016,MLA,29,24,24,,PALANI K,ALL INDIA ANNADRAVIDA MUNNETRAKAZHAGAM,371,1006,1006
2016,MLA,29,24,24,,MANOHARAN M,BHARATIYA JANATHAPARTY,12,1006,1006
2016,MLA,29,24,24,,SIVARANJINI B,NAAM TAMILARKATCHI,3,1006,1006
2016,MLA,29,24,24,,MUTHURAMAN C,PATTALI MAKKALKATCHI,258,1006,1006
2016,MLA,29,24,24,,LOK JAN SHAKTI PARTYRAVI M,,1,1006,1006
2016,MLA,29,24,24,,RAJESH V,COMMUNIST PARTYOF INDIA (MARXISTLENINIST) LIBERATION,1,1006,1006
2016,MLA,29,24,24,,VIDUTHALAIVEERAKUMAR MCHIRUTHAIGAL KATCHI,,13,1006,1006
2016,MLA,29,24,24,,SELVAM S,INDEPENDENT,0,1006,1006
2016,MLA,29,24,24,,DILLI A,INDEPENDENT,1,1006,1006
2016,MLA,29,24,24,,NIRMAL E,INDEPENDENT,0,1006,1006
2016,MLA,29,24,24,,PALANI C,INDEPENDENT,1,1006,1006
2016,MLA,29,24,24,,PALANI M,INDEPENDENT,0,1006,1006
2016,MLA,29,24,24,,PRAKASH R,INDEPENDENT,0,1006,1006
2016,MLA,29,24,24,,NOTA,0,3,1006,1006
2016,MLA,29,25,25,,CHANDRAN N,BAHUJAN SAMAJPARTY,0,571,571
2016,MLA,29,25,25,,SELVAPERUNTHAGAI K,INDIAN NATIONALCONGRESS,208,571,571
2016,MLA,29,25,25,,PALANI K,ALL INDIA ANNADRAVIDA MUNNETRAKAZHAGAM,81,571,571
2016,MLA,29,25,25,,MANOHARAN M,BHARATIYA JANATHAPARTY,2,571,571
2016,MLA,29,25,25,,SIVARANJINI B,NAAM TAMILARKATCHI,0,571,571
2016,MLA,29,25,25,,MUTHURAMAN C,PATTALI MAKKALKATCHI,248,571,571
2016,MLA,29,25,25,,LOK JAN SHAKTI PARTYRAVI M,,4,571,571
2016,MLA,29,25,25,,RAJESH V,COMMUNIST PARTYOF INDIA (MARXISTLENINIST) LIBERATION,0,571,571
2016,MLA,29,25,25,,VIDUTHALAIVEERAKUMAR MCHIRUTHAIGAL KATCHI,,28,571,571
2016,MLA,29,25,25,,SELVAM S,INDEPENDENT,0,571,571
2016,MLA,29,25,25,,DILLI A,INDEPENDENT,0,571,571
2016,MLA,29,25,25,,NIRMAL E,INDEPENDENT,0,571,571
2016,MLA,29,25,25,,PALANI C,INDEPENDENT,1,571,571
2016,MLA,29,25,25,,PALANI M,INDEPENDENT,1,571,571
2016,MLA,29,25,25,,PRAKASH R,INDEPENDENT,1,571,571
2016,MLA,29,25,25,,NOTA,0,3,571,571
2016,MLA,29,28,27,,CHANDRAN N,BAHUJAN SAMAJPARTY,1,541,541
2016,MLA,29,28,27,,SELVAPERUNTHAGAI K,INDIAN NATIONALCONGRESS,215,541,541
2016,MLA,29,28,27,,PALANI K,ALL INDIA ANNADRAVIDA MUNNETRAKAZHAGAM,177,541,541
2016,MLA,29,28,27,,MANOHARAN M,BHARATIYA JANATHAPARTY,5,541,541
2016,MLA,29,28,27,,SIVARANJINI B,NAAM TAMILARKATCHI,1,541,541
2016,MLA,29,28,27,,MUTHURAMAN C,PATTALI MAKKALKATCHI,119,541,541
2016,MLA,29,28,27,,LOK JAN SHAKTI PARTYRAVI M,,1,541,541
2016,MLA,29,28,27,,RAJESH V,COMMUNIST PARTYOF INDIA (MARXISTLENINIST) LIBERATION,0,541,541
2016,MLA,29,28,27,,VIDUTHALAIVEERAKUMAR MCHIRUTHAIGAL KATCHI,,20,541,541
2016,MLA,29,28,27,,SELVAM S,INDEPENDENT,1,541,541
2016,MLA,29,28,27,,DILLI A,INDEPENDENT,1,541,541
2016,MLA,29,28,27,,NIRMAL E,INDEPENDENT,0,541,541
2016,MLA,29,28,27,,PALANI C,INDEPENDENT,0,541,541
2016,MLA,29,28,27,,PALANI M,INDEPENDENT,0,541,541
2016,MLA,29,28,27,,PRAKASH R,INDEPENDENT,0,541,541
2016,MLA,29,28,27,,NOTA,0,3,541,541
2016,MLA,29,29,28,,CHANDRAN N,BAHUJAN SAMAJPARTY,3,1035,1035
2016,MLA,29,29,28,,SELVAPERUNTHAGAI K,INDIAN NATIONALCONGRESS,398,1035,1035
2016,MLA,29,29,28,,PALANI K,ALL INDIA ANNADRAVIDA MUNNETRAKAZHAGAM,362,1035,1035
2016,MLA,29,29,28,,MANOHARAN M,BHARATIYA JANATHAPARTY,7,1035,1035
2016,MLA,29,29,28,,SIVARANJINI B,NAAM TAMILARKATCHI,2,1035,1035
2016,MLA,29,29,28,,MUTHURAMAN C,PATTALI MAKKALKATCHI,219,1035,1035
2016,MLA,29,29,28,,LOK JAN SHAKTI PARTYRAVI M,,1,1035,1035
2016,MLA,29,29,28,,RAJESH V,COMMUNIST PARTYOF INDIA (MARXISTLENINIST) LIBERATION,1,1035,1035
2016,MLA,29,29,28,,VIDUTHALAIVEERAKUMAR MCHIRUTHAIGAL KATCHI,,35,1035,1035
2016,MLA,29,29,28,,SELVAM S,INDEPENDENT,0,1035,1035
2016,MLA,29,29,28,,DILLI A,INDEPENDENT,1,1035,1035
2016,MLA,29,29,28,,NIRMAL E,INDEPENDENT,2,1035,1035
2016,MLA,29,29,28,,PALANI C,INDEPENDENT,0,1035,1035
2016,MLA,29,29,28,,PALANI M,INDEPENDENT,1,1035,1035
2016,MLA,29,29,28,,PRAKASH R,INDEPENDENT,2,1035,1035
2016,MLA,29,29,28,,NOTA,0,1,1035,1035
2016,MLA,29,30,29,,CHANDRAN N,BAHUJAN SAMAJPARTY,1,198,198
2016,MLA,29,30,29,,SELVAPERUNTHAGAI K,INDIAN NATIONALCONGRESS,56,198,198
2016,MLA,29,30,29,,PALANI K,ALL INDIA ANNADRAVIDA MUNNETRAKAZHAGAM,76,198,198
2016,MLA,29,30,29,,MANOHARAN M,BHARATIYA JANATHAPARTY,10,198,198
2016,MLA,29,30,29,,SIVARANJINI B,NAAM TAMILARKATCHI,3,198,198
2016,MLA,29,30,29,,MUTHURAMAN C,PATTALI MAKKALKATCHI,37,198,198
2016,MLA,29,30,29,,LOK JAN SHAKTI PARTYRAVI M,,0,198,198
2016,MLA,29,30,29,,RAJESH V,COMMUNIST PARTYOF INDIA (MARXISTLENINIST) LIBERATION,1,198,198
2016,MLA,29,30,29,,VIDUTHALAIVEERAKUMAR MCHIRUTHAIGAL KATCHI,,11,198,198
2016,MLA,29,30,29,,SELVAM S,INDEPENDENT,0,198,198
2016,MLA,29,30,29,,DILLI A,INDEPENDENT,0,198,198
2016,MLA,29,30,29,,NIRMAL E,INDEPENDENT,0,198,198
2016,MLA,29,30,29,,PALANI C,INDEPENDENT,0,198,198
2016,MLA,29,30,29,,PALANI M,INDEPENDENT,0,198,198
2016,MLA,29,30,29,,PRAKASH R,INDEPENDENT,1,198,198
2016,MLA,29,30,29,,NOTA,0,2,198,198
2016,MLA,29,31,30,,CHANDRAN N,BAHUJAN SAMAJPARTY,4,566,566
2016,MLA,29,31,30,,SELVAPERUNTHAGAI K,INDIAN NATIONALCONGRESS,343,566,566
2016,MLA,29,31,30,,PALANI K,ALL INDIA ANNADRAVIDA MUNNETRAKAZHAGAM,148,566,566
2016,MLA,29,31,30,,MANOHARAN M,BHARATIYA JANATHAPARTY,18,566,566
2016,MLA,29,31,30,,SIVARANJINI B,NAAM TAMILARKATCHI,3,566,566
2016,MLA,29,31,30,,MUTHURAMAN C,PATTALI MAKKALKATCHI,12,566,566
2016,MLA,29,31,30,,LOK JAN SHAKTI PARTYRAVI M,,1,566,566
2016,MLA,29,31,30,,RAJESH V,COMMUNIST PARTYOF INDIA (MARXISTLENINIST) LIBERATION,0,566,566
2016,MLA,29,31,30,,VIDUTHALAIVEERAKUMAR MCHIRUTHAIGAL KATCHI,,24,566,566
2016,MLA,29,31,30,,SELVAM S,INDEPENDENT,0,566,566
2016,MLA,29,31,30,,DILLI A,INDEPENDENT,0,566,566
2016,MLA,29,31,30,,NIRMAL E,INDEPENDENT,0,566,566
2016,MLA,29,31,30,,PALANI C,INDEPENDENT,1,566,566
2016,MLA,29,31,30,,PALANI M,INDEPENDENT,1,566,566
2016,MLA,29,31,30,,PRAKASH R,INDEPENDENT,0,566,566
2016,MLA,29,31,30,,NOTA,0,11,566,566
2016,MLA,29,32,31,,CHANDRAN N,BAHUJAN SAMAJPARTY,1,588,588
2016,MLA,29,32,31,,SELVAPERUNTHAGAI K,INDIAN NATIONALCONGRESS,278,588,588
2016,MLA,29,32,31,,PALANI K,ALL INDIA ANNADRAVIDA MUNNETRAKAZHAGAM,179,588,588
2016,MLA,29,32,31,,MANOHARAN M,BHARATIYA JANATHAPARTY,14,588,588
2016,MLA,29,32,31,,SIVARANJINI B,NAAM TAMILARKATCHI,10,588,588
2016,MLA,29,32,31,,MUTHURAMAN C,PATTALI MAKKALKATCHI,52,588,588
2016,MLA,29,32,31,,LOK JAN SHAKTI PARTYRAVI M,,0,588,588
2016,MLA,29,32,31,,RAJESH V,COMMUNIST PARTYOF INDIA (MARXISTLENINIST) LIBERATION,0,588,588
2016,MLA,29,32,31,,VIDUTHALAIVEERAKUMAR MCHIRUTHAIGAL KATCHI,,37,588,588
2016,MLA,29,32,31,,SELVAM S,INDEPENDENT,0,588,588
2016,MLA,29,32,31,,DILLI A,INDEPENDENT,0,588,588
2016,MLA,29,32,31,,NIRMAL E,INDEPENDENT,0,588,588
2016,MLA,29,32,31,,PALANI C,INDEPENDENT,1,588,588
2016,MLA,29,32,31,,PALANI M,INDEPENDENT,1,588,588
2016,MLA,29,32,31,,PRAKASH R,INDEPENDENT,1,588,588
2016,MLA,29,32,31,,NOTA,0,14,588,588
2016,MLA,29,33,32,,CHANDRAN N,BAHUJAN SAMAJPARTY,2,494,494
2016,MLA,29,33,32,,SELVAPERUNTHAGAI K,INDIAN NATIONALCONGRESS,232,494,494
2016,MLA,29,33,32,,PALANI K,ALL INDIA ANNADRAVIDA MUNNETRAKAZHAGAM,153,494,494
2016,MLA,29,33,32,,MANOHARAN M,BHARATIYA JANATHAPARTY,10,494,494
2016,MLA,29,33,32,,SIVARANJINI B,NAAM TAMILARKATCHI,6,494,494
2016,MLA,29,33,32,,MUTHURAMAN C,PATTALI MAKKALKATCHI,39,494,494
2016,MLA,29,33,32,,LOK JAN SHAKTI PARTYRAVI M,,0,494,494
2016,MLA,29,33,32,,RAJESH V,COMMUNIST PARTYOF INDIA (MARXISTLENINIST) LIBERATION,0,494,494
2016,MLA,29,33,32,,VIDUTHALAIVEERAKUMAR MCHIRUTHAIGAL KATCHI,,42,494,494
2016,MLA,29,33,32,,SELVAM S,INDEPENDENT,0,494,494
2016,MLA,29,33,32,,DILLI A,INDEPENDENT,0,494,494
2016,MLA,29,33,32,,NIRMAL E,INDEPENDENT,0,494,494
2016,MLA,29,33,32,,PALANI C,INDEPENDENT,1,494,494
2016,MLA,29,33,32,,PALANI M,INDEPENDENT,0,494,494
2016,MLA,29,33,32,,PRAKASH R,INDEPENDENT,1,494,494
2016,MLA,29,33,32,,NOTA,0,8,494,494
2016,MLA,29,34,33,,CHANDRAN N,BAHUJAN SAMAJPARTY,3,744,744
2016,MLA,29,34,33,,SELVAPERUNTHAGAI K,INDIAN NATIONALCONGRESS,255,744,744
2016,MLA,29,34,33,,PALANI K,ALL INDIA ANNADRAVIDA MUNNETRAKAZHAGAM,332,744,744
2016,MLA,29,34,33,,MANOHARAN M,BHARATIYA JANATHAPARTY,12,744,744
2016,MLA,29,34,33,,SIVARANJINI B,NAAM TAMILARKATCHI,4,744,744
2016,MLA,29,34,33,,MUTHURAMAN C,PATTALI MAKKALKATCHI,55,744,744
2016,MLA,29,34,33,,LOK JAN SHAKTI PARTYRAVI M,,0,744,744
2016,MLA,29,34,33,,RAJESH V,COMMUNIST PARTYOF INDIA (MARXISTLENINIST) LIBERATION,2,744,744
2016,MLA,29,34,33,,VIDUTHALAIVEERAKUMAR MCHIRUTHAIGAL KATCHI,,66,744,744
2016,MLA,29,34,33,,SELVAM S,INDEPENDENT,1,744,744
2016,MLA,29,34,33,,DILLI A,INDEPENDENT,0,744,744
2016,MLA,29,34,33,,NIRMAL E,INDEPENDENT,0,744,744
2016,MLA,29,34,33,,PALANI C,INDEPENDENT,1,744,744
2016,MLA,29,34,33,,PALANI M,INDEPENDENT,2,744,744
2016,MLA,29,34,33,,PRAKASH R,INDEPENDENT,2,744,744
2016,MLA,29,34,33,,NOTA,0,9,744,744
2016,MLA,29,35,34,,CHANDRAN N,BAHUJAN SAMAJPARTY,5,902,902
2016,MLA,29,35,34,,SELVAPERUNTHAGAI K,INDIAN NATIONALCONGRESS,303,902,902
2016,MLA,29,35,34,,PALANI K,ALL INDIA ANNADRAVIDA MUNNETRAKAZHAGAM,396,902,902
2016,MLA,29,35,34,,MANOHARAN M,BHARATIYA JANATHAPARTY,20,902,902
2016,MLA,29,35,34,,SIVARANJINI B,NAAM TAMILARKATCHI,5,902,902
2016,MLA,29,35,34,,MUTHURAMAN C,PATTALI MAKKALKATCHI,55,902,902
2016,MLA,29,35,34,,LOK JAN SHAKTI PARTYRAVI M,,4,902,902
2016,MLA,29,35,34,,RAJESH V,COMMUNIST PARTYOF INDIA (MARXISTLENINIST) LIBERATION,2,902,902
2016,MLA,29,35,34,,VIDUTHALAIVEERAKUMAR MCHIRUTHAIGAL KATCHI,,98,902,902
2016,MLA,29,35,34,,SELVAM S,INDEPENDENT,0,902,902
2016,MLA,29,35,34,,DILLI A,INDEPENDENT,0,902,902
2016,MLA,29,35,34,,NIRMAL E,INDEPENDENT,1,902,902
2016,MLA,29,35,34,,PALANI C,INDEPENDENT,0,902,902
2016,MLA,29,35,34,,PALANI M,INDEPENDENT,2,902,902
2016,MLA,29,35,34,,PRAKASH R,INDEPENDENT,0,902,902
2016,MLA,29,35,34,,NOTA,0,11,902,902
2016,MLA,29,36,35,,CHANDRAN N,BAHUJAN SAMAJPARTY,1,422,422
2016,MLA,29,36,35,,SELVAPERUNTHAGAI K,INDIAN NATIONALCONGRESS,189,422,422
2016,MLA,29,36,35,,PALANI K,ALL INDIA ANNADRAVIDA MUNNETRAKAZHAGAM,161,422,422
2016,MLA,29,36,35,,MANOHARAN M,BHARATIYA JANATHAPARTY,7,422,422
2016,MLA,29,36,35,,SIVARANJINI B,NAAM TAMILARKATCHI,9,422,422
2016,MLA,29,36,35,,MUTHURAMAN C,PATTALI MAKKALKATCHI,20,422,422
2016,MLA,29,36,35,,LOK JAN SHAKTI PARTYRAVI M,,1,422,422
2016,MLA,29,36,35,,RAJESH V,COMMUNIST PARTYOF INDIA (MARXISTLENINIST) LIBERATION,0,422,422
2016,MLA,29,36,35,,VIDUTHALAIVEERAKUMAR MCHIRUTHAIGAL KATCHI,,29,422,422
2016,MLA,29,36,35,,SELVAM S,INDEPENDENT,0,422,422
2016,MLA,29,36,35,,DILLI A,INDEPENDENT,0,422,422
2016,MLA,29,36,35,,NIRMAL E,INDEPENDENT,0,422,422
2016,MLA,29,36,35,,PALANI C,INDEPENDENT,0,422,422
2016,MLA,29,36,35,,PALANI M,INDEPENDENT,0,422,422
2016,MLA,29,36,35,,PRAKASH R,INDEPENDENT,0,422,422
2016,MLA,29,36,35,,NOTA,0,5,422,422
2016,MLA,29,37,36,,CHANDRAN N,BAHUJAN SAMAJPARTY,4,588,588
2016,MLA,29,37,36,,SELVAPERUNTHAGAI K,INDIAN NATIONALCONGRESS,240,588,588
2016,MLA,29,37,36,,PALANI K,ALL INDIA ANNADRAVIDA MUNNETRAKAZHAGAM,223,588,588
2016,MLA,29,37,36,,MANOHARAN M,BHARATIYA JANATHAPARTY,31,588,588
2016,MLA,29,37,36,,SIVARANJINI B,NAAM TAMILARKATCHI,8,588,588
2016,MLA,29,37,36,,MUTHURAMAN C,PATTALI MAKKALKATCHI,41,588,588
2016,MLA,29,37,36,,LOK JAN SHAKTI PARTYRAVI M,,0,588,588
2016,MLA,29,37,36,,RAJESH V,COMMUNIST PARTYOF INDIA (MARXISTLENINIST) LIBERATION,1,588,588
2016,MLA,29,37,36,,VIDUTHALAIVEERAKUMAR MCHIRUTHAIGAL KATCHI,,36,588,588
2016,MLA,29,37,36,,SELVAM S,INDEPENDENT,0,588,588
2016,MLA,29,37,36,,DILLI A,INDEPENDENT,0,588,588
2016,MLA,29,37,36,,NIRMAL E,INDEPENDENT,0,588,588
2016,MLA,29,37,36,,PALANI C,INDEPENDENT,0,588,588
2016,MLA,29,37,36,,PALANI M,INDEPENDENT,1,588,588
2016,MLA,29,37,36,,PRAKASH R,INDEPENDENT,0,588,588
2016,MLA,29,37,36,,NOTA,0,3,588,588
2016,MLA,29,38,37,,CHANDRAN N,BAHUJAN SAMAJPARTY,2,557,557
2016,MLA,29,38,37,,SELVAPERUNTHAGAI K,INDIAN NATIONALCONGRESS,295,557,557
2016,MLA,29,38,37,,PALANI K,ALL INDIA ANNADRAVIDA MUNNETRAKAZHAGAM,131,557,557
2016,MLA,29,38,37,,MANOHARAN M,BHARATIYA JANATHAPARTY,5,557,557
2016,MLA,29,38,37,,SIVARANJINI B,NAAM TAMILARKATCHI,4,557,557
2016,MLA,29,38,37,,MUTHURAMAN C,PATTALI MAKKALKATCHI,89,557,557
2016,MLA,29,38,37,,LOK JAN SHAKTI PARTYRAVI M,,0,557,557
2016,MLA,29,38,37,,RAJESH V,COMMUNIST PARTYOF INDIA (MARXISTLENINIST) LIBERATION,2,557,557
2016,MLA,29,38,37,,VIDUTHALAIVEERAKUMAR MCHIRUTHAIGAL KATCHI,,19,557,557
2016,MLA,29,38,37,,SELVAM S,INDEPENDENT,0,557,557
2016,MLA,29,38,37,,DILLI A,INDEPENDENT,1,557,557
2016,MLA,29,38,37,,NIRMAL E,INDEPENDENT,0,557,557
2016,MLA,29,38,37,,PALANI C,INDEPENDENT,2,557,557
2016,MLA,29,38,37,,PALANI M,INDEPENDENT,0,557,557
2016,MLA,29,38,37,,PRAKASH R,INDEPENDENT,2,557,557
2016,MLA,29,38,37,,NOTA,0,5,557,557
2016,MLA,29,39,38,,CHANDRAN N,BAHUJAN SAMAJPARTY,0,692,692
2016,MLA,29,39,38,,SELVAPERUNTHAGAI K,INDIAN NATIONALCONGRESS,325,692,692
2016,MLA,29,39,38,,PALANI K,ALL INDIA ANNADRAVIDA MUNNETRAKAZHAGAM,260,692,692
2016,MLA,29,39,38,,MANOHARAN M,BHARATIYA JANATHAPARTY,6,692,692
2016,MLA,29,39,38,,SIVARANJINI B,NAAM TAMILARKATCHI,2,692,692
2016,MLA,29,39,38,,MUTHURAMAN C,PATTALI MAKKALKATCHI,21,692,692
2016,MLA,29,39,38,,LOK JAN SHAKTI PARTYRAVI M,,0,692,692
2016,MLA,29,39,38,,RAJESH V,COMMUNIST PARTYOF INDIA (MARXISTLENINIST) LIBERATION,0,692,692
2016,MLA,29,39,38,,VIDUTHALAIVEERAKUMAR MCHIRUTHAIGAL KATCHI,,67,692,692
2016,MLA,29,39,38,,SELVAM S,INDEPENDENT,0,692,692
2016,MLA,29,39,38,,DILLI A,INDEPENDENT,0,692,692
2016,MLA,29,39,38,,NIRMAL E,INDEPENDENT,0,692,692
2016,MLA,29,39,38,,PALANI C,INDEPENDENT,1,692,692
2016,MLA,29,39,38,,PALANI M,INDEPENDENT,1,692,692
2016,MLA,29,39,38,,PRAKASH R,INDEPENDENT,3,692,692
2016,MLA,29,39,38,,NOTA,0,6,692,692
2016,MLA,29,40,39,,CHANDRAN N,BAHUJAN SAMAJPARTY,3,1037,1037
2016,MLA,29,40,39,,SELVAPERUNTHAGAI K,INDIAN NATIONALCONGRESS,236,1037,1037
2016,MLA,29,40,39,,PALANI K,ALL INDIA ANNADRAVIDA MUNNETRAKAZHAGAM,208,1037,1037
2016,MLA,29,40,39,,MANOHARAN M,BHARATIYA JANATHAPARTY,12,1037,1037
2016,MLA,29,40,39,,SIVARANJINI B,NAAM TAMILARKATCHI,4,1037,1037
2016,MLA,29,40,39,,MUTHURAMAN C,PATTALI MAKKALKATCHI,527,1037,1037
2016,MLA,29,40,39,,LOK JAN SHAKTI PARTYRAVI M,,5,1037,1037
2016,MLA,29,40,39,,RAJESH V,COMMUNIST PARTYOF INDIA (MARXISTLENINIST) LIBERATION,1,1037,1037
2016,MLA,29,40,39,,VIDUTHALAIVEERAKUMAR MCHIRUTHAIGAL KATCHI,,28,1037,1037
2016,MLA,29,40,39,,SELVAM S,INDEPENDENT,0,1037,1037
2016,MLA,29,40,39,,DILLI A,INDEPENDENT,2,1037,1037
2016,MLA,29,40,39,,NIRMAL E,INDEPENDENT,1,1037,1037
2016,MLA,29,40,39,,PALANI C,INDEPENDENT,1,1037,1037
2016,MLA,29,40,39,,PALANI M,INDEPENDENT,1,1037,1037
2016,MLA,29,40,39,,PRAKASH R,INDEPENDENT,2,1037,1037
2016,MLA,29,40,39,,NOTA,0,6,1037,1037
2016,MLA,29,41,40,,CHANDRAN N,BAHUJAN SAMAJPARTY,1,250,250
2016,MLA,29,41,40,,SELVAPERUNTHAGAI K,INDIAN NATIONALCONGRESS,81,250,250
2016,MLA,29,41,40,,PALANI K,ALL INDIA ANNADRAVIDA MUNNETRAKAZHAGAM,127,250,250
2016,MLA,29,41,40,,MANOHARAN M,BHARATIYA JANATHAPARTY,0,250,250
2016,MLA,29,41,40,,SIVARANJINI B,NAAM TAMILARKATCHI,3,250,250
2016,MLA,29,41,40,,MUTHURAMAN C,PATTALI MAKKALKATCHI,19,250,250
2016,MLA,29,41,40,,LOK JAN SHAKTI PARTYRAVI M,,0,250,250
2016,MLA,29,41,40,,RAJESH V,COMMUNIST PARTYOF INDIA (MARXISTLENINIST) LIBERATION,0,250,250
2016,MLA,29,41,40,,VIDUTHALAIVEERAKUMAR MCHIRUTHAIGAL KATCHI,,11,250,250
2016,MLA,29,41,40,,SELVAM S,INDEPENDENT,0,250,250
2016,MLA,29,41,40,,DILLI A,INDEPENDENT,1,250,250
2016,MLA,29,41,40,,NIRMAL E,INDEPENDENT,2,250,250
2016,MLA,29,41,40,,PALANI C,INDEPENDENT,1,250,250
2016,MLA,29,41,40,,PALANI M,INDEPENDENT,1,250,250
2016,MLA,29,41,40,,PRAKASH R,INDEPENDENT,0,250,250
2016,MLA,29,41,40,,NOTA,0,3,250,250
2016,MLA,29,42,41,,CHANDRAN N,BAHUJAN SAMAJPARTY,2,799,799
2016,MLA,29,42,41,,SELVAPERUNTHAGAI K,INDIAN NATIONALCONGRESS,261,799,799
2016,MLA,29,42,41,,PALANI K,ALL INDIA ANNADRAVIDA MUNNETRAKAZHAGAM,219,799,799
2016,MLA,29,42,41,,MANOHARAN M,BHARATIYA JANATHAPARTY,6,799,799
2016,MLA,29,42,41,,SIVARANJINI B,NAAM TAMILARKATCHI,3,799,799
2016,MLA,29,42,41,,MUTHURAMAN C,PATTALI MAKKALKATCHI,276,799,799
2016,MLA,29,42,41,,LOK JAN SHAKTI PARTYRAVI M,,1,799,799
2016,MLA,29,42,41,,RAJESH V,COMMUNIST PARTYOF INDIA (MARXISTLENINIST) LIBERATION,0,799,799
2016,MLA,29,42,41,,VIDUTHALAIVEERAKUMAR MCHIRUTHAIGAL KATCHI,,23,799,799
2016,MLA,29,42,41,,SELVAM S,INDEPENDENT,0,799,799
2016,MLA,29,42,41,,DILLI A,INDEPENDENT,0,799,799
2016,MLA,29,42,41,,NIRMAL E,INDEPENDENT,0,799,799
2016,MLA,29,42,41,,PALANI C,INDEPENDENT,0,799,799
2016,MLA,29,42,41,,PALANI M,INDEPENDENT,1,799,799
2016,MLA,29,42,41,,PRAKASH R,INDEPENDENT,2,799,799
2016,MLA,29,42,41,,NOTA,0,5,799,799
2016,MLA,29,43,42,,CHANDRAN N,BAHUJAN SAMAJPARTY,9,903,903
2016,MLA,29,43,42,,SELVAPERUNTHAGAI K,INDIAN NATIONALCONGRESS,330,903,903
2016,MLA,29,43,42,,PALANI K,ALL INDIA ANNADRAVIDA MUNNETRAKAZHAGAM,323,903,903
2016,MLA,29,43,42,,MANOHARAN M,BHARATIYA JANATHAPARTY,15,903,903
2016,MLA,29,43,42,,SIVARANJINI B,NAAM TAMILARKATCHI,3,903,903
2016,MLA,29,43,42,,MUTHURAMAN C,PATTALI MAKKALKATCHI,126,903,903
2016,MLA,29,43,42,,LOK JAN SHAKTI PARTYRAVI M,,3,903,903
2016,MLA,29,43,42,,RAJESH V,COMMUNIST PARTYOF INDIA (MARXISTLENINIST) LIBERATION,0,903,903
2016,MLA,29,43,42,,VIDUTHALAIVEERAKUMAR MCHIRUTHAIGAL KATCHI,,73,903,903
2016,MLA,29,43,42,,SELVAM S,INDEPENDENT,1,903,903
2016,MLA,29,43,42,,DILLI A,INDEPENDENT,3,903,903
2016,MLA,29,43,42,,NIRMAL E,INDEPENDENT,1,903,903
2016,MLA,29,43,42,,PALANI C,INDEPENDENT,1,903,903
2016,MLA,29,43,42,,PALANI M,INDEPENDENT,1,903,903
2016,MLA,29,43,42,,PRAKASH R,INDEPENDENT,2,903,903
2016,MLA,29,43,42,,NOTA,0,12,903,903
2016,MLA,29,44,43,,CHANDRAN N,BAHUJAN SAMAJPARTY,3,651,651
2016,MLA,29,44,43,,SELVAPERUNTHAGAI K,INDIAN NATIONALCONGRESS,294,651,651
2016,MLA,29,44,43,,PALANI K,ALL INDIA ANNADRAVIDA MUNNETRAKAZHAGAM,135,651,651
2016,MLA,29,44,43,,MANOHARAN M,BHARATIYA JANATHAPARTY,3,651,651
2016,MLA,29,44,43,,SIVARANJINI B,NAAM TAMILARKATCHI,4,651,651
2016,MLA,29,44,43,,MUTHURAMAN C,PATTALI MAKKALKATCHI,167,651,651
2016,MLA,29,44,43,,LOK JAN SHAKTI PARTYRAVI M,,3,651,651
2016,MLA,29,44,43,,RAJESH V,COMMUNIST PARTYOF INDIA (MARXISTLENINIST) LIBERATION,0,651,651
2016,MLA,29,44,43,,VIDUTHALAIVEERAKUMAR MCHIRUTHAIGAL KATCHI,,29,651,651
2016,MLA,29,44,43,,SELVAM S,INDEPENDENT,2,651,651
2016,MLA,29,44,43,,DILLI A,INDEPENDENT,0,651,651
2016,MLA,29,44,43,,NIRMAL E,INDEPENDENT,0,651,651
2016,MLA,29,44,43,,PALANI C,INDEPENDENT,3,651,651
2016,MLA,29,44,43,,PALANI M,INDEPENDENT,1,651,651
2016,MLA,29,44,43,,PRAKASH R,INDEPENDENT,2,651,651
2016,MLA,29,44,43,,NOTA,0,5,651,651
2016,MLA,29,45,44,,CHANDRAN N,BAHUJAN SAMAJPARTY,2,769,769
2016,MLA,29,45,44,,SELVAPERUNTHAGAI K,INDIAN NATIONALCONGRESS,229,769,769
2016,MLA,29,45,44,,PALANI K,ALL INDIA ANNADRAVIDA MUNNETRAKAZHAGAM,209,769,769
2016,MLA,29,45,44,,MANOHARAN M,BHARATIYA JANATHAPARTY,3,769,769
2016,MLA,29,45,44,,SIVARANJINI B,NAAM TAMILARKATCHI,8,769,769
2016,MLA,29,45,44,,MUTHURAMAN C,PATTALI MAKKALKATCHI,279,769,769
2016,MLA,29,45,44,,LOK JAN SHAKTI PARTYRAVI M,,2,769,769
2016,MLA,29,45,44,,RAJESH V,COMMUNIST PARTYOF INDIA (MARXISTLENINIST) LIBERATION,0,769,769
2016,MLA,29,45,44,,VIDUTHALAIVEERAKUMAR MCHIRUTHAIGAL KATCHI,,27,769,769
2016,MLA,29,45,44,,SELVAM S,INDEPENDENT,0,769,769
2016,MLA,29,45,44,,DILLI A,INDEPENDENT,1,769,769
2016,MLA,29,45,44,,NIRMAL E,INDEPENDENT,0,769,769
2016,MLA,29,45,44,,PALANI C,INDEPENDENT,0,769,769
2016,MLA,29,45,44,,PALANI M,INDEPENDENT,0,769,769
2016,MLA,29,45,44,,PRAKASH R,INDEPENDENT,6,769,769
2016,MLA,29,45,44,,NOTA,0,3,769,769
2016,MLA,29,46,45,,CHANDRAN N,BAHUJAN SAMAJPARTY,0,883,883
2016,MLA,29,46,45,,SELVAPERUNTHAGAI K,INDIAN NATIONALCONGRESS,278,883,883
2016,MLA,29,46,45,,PALANI K,ALL INDIA ANNADRAVIDA MUNNETRAKAZHAGAM,269,883,883
2016,MLA,29,46,45,,MANOHARAN M,BHARATIYA JANATHAPARTY,12,883,883
2016,MLA,29,46,45,,SIVARANJINI B,NAAM TAMILARKATCHI,10,883,883
2016,MLA,29,46,45,,MUTHURAMAN C,PATTALI MAKKALKATCHI,258,883,883
2016,MLA,29,46,45,,LOK JAN SHAKTI PARTYRAVI M,,0,883,883
2016,MLA,29,46,45,,RAJESH V,COMMUNIST PARTYOF INDIA (MARXISTLENINIST) LIBERATION,7,883,883
2016,MLA,29,46,45,,VIDUTHALAIVEERAKUMAR MCHIRUTHAIGAL KATCHI,,34,883,883
2016,MLA,29,46,45,,SELVAM S,INDEPENDENT,0,883,883
2016,MLA,29,46,45,,DILLI A,INDEPENDENT,0,883,883
2016,MLA,29,46,45,,NIRMAL E,INDEPENDENT,1,883,883
2016,MLA,29,46,45,,PALANI C,INDEPENDENT,0,883,883
2016,MLA,29,46,45,,PALANI M,INDEPENDENT,2,883,883
2016,MLA,29,46,45,,PRAKASH R,INDEPENDENT,3,883,883
2016,MLA,29,46,45,,NOTA,0,9,883,883
2016,MLA,29,47,46,,CHANDRAN N,BAHUJAN SAMAJPARTY,0,831,831
2016,MLA,29,47,46,,SELVAPERUNTHAGAI K,INDIAN NATIONALCONGRESS,396,831,831
2016,MLA,29,47,46,,PALANI K,ALL INDIA ANNADRAVIDA MUNNETRAKAZHAGAM,246,831,831
2016,MLA,29,47,46,,MANOHARAN M,BHARATIYA JANATHAPARTY,8,831,831
2016,MLA,29,47,46,,SIVARANJINI B,NAAM TAMILARKATCHI,2,831,831
2016,MLA,29,47,46,,MUTHURAMAN C,PATTALI MAKKALKATCHI,136,831,831
2016,MLA,29,47,46,,LOK JAN SHAKTI PARTYRAVI M,,1,831,831
2016,MLA,29,47,46,,RAJESH V,COMMUNIST PARTYOF INDIA (MARXISTLENINIST) LIBERATION,0,831,831
2016,MLA,29,47,46,,VIDUTHALAIVEERAKUMAR MCHIRUTHAIGAL KATCHI,,26,831,831
2016,MLA,29,47,46,,SELVAM S,INDEPENDENT,0,831,831
2016,MLA,29,47,46,,DILLI A,INDEPENDENT,0,831,831
2016,MLA,29,47,46,,NIRMAL E,INDEPENDENT,0,831,831
2016,MLA,29,47,46,,PALANI C,INDEPENDENT,2,831,831
2016,MLA,29,47,46,,PALANI M,INDEPENDENT,0,831,831
2016,MLA,29,47,46,,PRAKASH R,INDEPENDENT,7,831,831
2016,MLA,29,47,46,,NOTA,0,7,831,831
2016,MLA,29,48,47,,CHANDRAN N,BAHUJAN SAMAJPARTY,3,785,785
2016,MLA,29,48,47,,SELVAPERUNTHAGAI K,INDIAN NATIONALCONGRESS,317,785,785
2016,MLA,29,48,47,,PALANI K,ALL INDIA ANNADRAVIDA MUNNETRAKAZHAGAM,237,785,785
2016,MLA,29,48,47,,MANOHARAN M,BHARATIYA JANATHAPARTY,14,785,785
2016,MLA,29,48,47,,SIVARANJINI B,NAAM TAMILARKATCHI,6,785,785
2016,MLA,29,48,47,,MUTHURAMAN C,PATTALI MAKKALKATCHI,142,785,785
2016,MLA,29,48,47,,LOK JAN SHAKTI PARTYRAVI M,,3,785,785
2016,MLA,29,48,47,,RAJESH V,COMMUNIST PARTYOF INDIA (MARXISTLENINIST) LIBERATION,2,785,785
2016,MLA,29,48,47,,VIDUTHALAIVEERAKUMAR MCHIRUTHAIGAL KATCHI,,38,785,785
2016,MLA,29,48,47,,SELVAM S,INDEPENDENT,3,785,785
2016,MLA,29,48,47,,DILLI A,INDEPENDENT,1,785,785
2016,MLA,29,48,47,,NIRMAL E,INDEPENDENT,0,785,785
2016,MLA,29,48,47,,PALANI C,INDEPENDENT,3,785,785
2016,MLA,29,48,47,,PALANI M,INDEPENDENT,2,785,785
2016,MLA,29,48,47,,PRAKASH R,INDEPENDENT,8,785,785
2016,MLA,29,48,47,,NOTA,0,6,785,785
2016,MLA,29,49,48,,CHANDRAN N,BAHUJAN SAMAJPARTY,3,1063,1063
2016,MLA,29,49,48,,SELVAPERUNTHAGAI K,INDIAN NATIONALCONGRESS,318,1063,1063
2016,MLA,29,49,48,,PALANI K,ALL INDIA ANNADRAVIDA MUNNETRAKAZHAGAM,300,1063,1063
2016,MLA,29,49,48,,MANOHARAN M,BHARATIYA JANATHAPARTY,20,1063,1063
2016,MLA,29,49,48,,SIVARANJINI B,NAAM TAMILARKATCHI,13,1063,1063
2016,MLA,29,49,48,,MUTHURAMAN C,PATTALI MAKKALKATCHI,292,1063,1063
2016,MLA,29,49,48,,LOK JAN SHAKTI PARTYRAVI M,,1,1063,1063
2016,MLA,29,49,48,,RAJESH V,COMMUNIST PARTYOF INDIA (MARXISTLENINIST) LIBERATION,4,1063,1063
2016,MLA,29,49,48,,VIDUTHALAIVEERAKUMAR MCHIRUTHAIGAL KATCHI,,103,1063,1063
2016,MLA,29,49,48,,SELVAM S,INDEPENDENT,1,1063,1063
2016,MLA,29,49,48,,DILLI A,INDEPENDENT,1,1063,1063
2016,MLA,29,49,48,,NIRMAL E,INDEPENDENT,0,1063,1063
2016,MLA,29,49,48,,PALANI C,INDEPENDENT,0,1063,1063
2016,MLA,29,49,48,,PALANI M,INDEPENDENT,5,1063,1063
2016,MLA,29,49,48,,PRAKASH R,INDEPENDENT,1,1063,1063
2016,MLA,29,49,48,,NOTA,0,1,1063,1063
2016,MLA,29,50,49,,CHANDRAN N,BAHUJAN SAMAJPARTY,1,755,755
2016,MLA,29,50,49,,SELVAPERUNTHAGAI K,INDIAN NATIONALCONGRESS,279,755,755
2016,MLA,29,50,49,,PALANI K,ALL INDIA ANNADRAVIDA MUNNETRAKAZHAGAM,264,755,755
2016,MLA,29,50,49,,MANOHARAN M,BHARATIYA JANATHAPARTY,2,755,755
2016,MLA,29,50,49,,SIVARANJINI B,NAAM TAMILARKATCHI,4,755,755
2016,MLA,29,50,49,,MUTHURAMAN C,PATTALI MAKKALKATCHI,110,755,755
2016,MLA,29,50,49,,LOK JAN SHAKTI PARTYRAVI M,,0,755,755
2016,MLA,29,50,49,,RAJESH V,COMMUNIST PARTYOF INDIA (MARXISTLENINIST) LIBERATION,1,755,755
2016,MLA,29,50,49,,VIDUTHALAIVEERAKUMAR MCHIRUTHAIGAL KATCHI,,78,755,755
2016,MLA,29,50,49,,SELVAM S,INDEPENDENT,1,755,755
2016,MLA,29,50,49,,DILLI A,INDEPENDENT,0,755,755
2016,MLA,29,50,49,,NIRMAL E,INDEPENDENT,0,755,755
2016,MLA,29,50,49,,PALANI C,INDEPENDENT,0,755,755
2016,MLA,29,50,49,,PALANI M,INDEPENDENT,5,755,755
2016,MLA,29,50,49,,PRAKASH R,INDEPENDENT,1,755,755
2016,MLA,29,50,49,,NOTA,0,9,755,755
2016,MLA,29,51,50,,CHANDRAN N,BAHUJAN SAMAJPARTY,1,746,746
2016,MLA,29,51,50,,SELVAPERUNTHAGAI K,INDIAN NATIONALCONGRESS,276,746,746
2016,MLA,29,51,50,,PALANI K,ALL INDIA ANNADRAVIDA MUNNETRAKAZHAGAM,234,746,746
2016,MLA,29,51,50,,MANOHARAN M,BHARATIYA JANATHAPARTY,24,746,746
2016,MLA,29,51,50,,SIVARANJINI B,NAAM TAMILARKATCHI,6,746,746
2016,MLA,29,51,50,,MUTHURAMAN C,PATTALI MAKKALKATCHI,138,746,746
2016,MLA,29,51,50,,LOK JAN SHAKTI PARTYRAVI M,,0,746,746
2016,MLA,29,51,50,,RAJESH V,COMMUNIST PARTYOF INDIA (MARXISTLENINIST) LIBERATION,1,746,746
2016,MLA,29,51,50,,VIDUTHALAIVEERAKUMAR MCHIRUTHAIGAL KATCHI,,60,746,746
2016,MLA,29,51,50,,SELVAM S,INDEPENDENT,1,746,746
2016,MLA,29,51,50,,DILLI A,INDEPENDENT,0,746,746
2016,MLA,29,51,50,,NIRMAL E,INDEPENDENT,0,746,746
2016,MLA,29,51,50,,PALANI C,INDEPENDENT,0,746,746
2016,MLA,29,51,50,,PALANI M,INDEPENDENT,0,746,746
2016,MLA,29,51,50,,PRAKASH R,INDEPENDENT,0,746,746
2016,MLA,29,51,50,,NOTA,0,5,746,746
2016,MLA,29,52,51,,CHANDRAN N,BAHUJAN SAMAJPARTY,1,960,960
2016,MLA,29,52,51,,SELVAPERUNTHAGAI K,INDIAN NATIONALCONGRESS,339,960,960
2016,MLA,29,52,51,,PALANI K,ALL INDIA ANNADRAVIDA MUNNETRAKAZHAGAM,436,960,960
2016,MLA,29,52,51,,MANOHARAN M,BHARATIYA JANATHAPARTY,7,960,960
2016,MLA,29,52,51,,SIVARANJINI B,NAAM TAMILARKATCHI,1,960,960
2016,MLA,29,52,51,,MUTHURAMAN C,PATTALI MAKKALKATCHI,28,960,960
2016,MLA,29,52,51,,LOK JAN SHAKTI PARTYRAVI M,,0,960,960
2016,MLA,29,52,51,,RAJESH V,COMMUNIST PARTYOF INDIA (MARXISTLENINIST) LIBERATION,2,960,960
2016,MLA,29,52,51,,VIDUTHALAIVEERAKUMAR MCHIRUTHAIGAL KATCHI,,134,960,960
2016,MLA,29,52,51,,SELVAM S,INDEPENDENT,0,960,960
2016,MLA,29,52,51,,DILLI A,INDEPENDENT,1,960,960
2016,MLA,29,52,51,,NIRMAL E,INDEPENDENT,3,960,960
2016,MLA,29,52,51,,PALANI C,INDEPENDENT,1,960,960
2016,MLA,29,52,51,,PALANI M,INDEPENDENT,3,960,960
2016,MLA,29,52,51,,PRAKASH R,INDEPENDENT,1,960,960
2016,MLA,29,52,51,,NOTA,0,3,960,960
2016,MLA,29,53,52,,CHANDRAN N,BAHUJAN SAMAJPARTY,2,447,447
2016,MLA,29,53,52,,SELVAPERUNTHAGAI K,INDIAN NATIONALCONGRESS,173,447,447
2016,MLA,29,53,52,,PALANI K,ALL INDIA ANNADRAVIDA MUNNETRAKAZHAGAM,206,447,447
2016,MLA,29,53,52,,MANOHARAN M,BHARATIYA JANATHAPARTY,5,447,447
2016,MLA,29,53,52,,SIVARANJINI B,NAAM TAMILARKATCHI,0,447,447
2016,MLA,29,53,52,,MUTHURAMAN C,PATTALI MAKKALKATCHI,30,447,447
2016,MLA,29,53,52,,LOK JAN SHAKTI PARTYRAVI M,,0,447,447
2016,MLA,29,53,52,,RAJESH V,COMMUNIST PARTYOF INDIA (MARXISTLENINIST) LIBERATION,0,447,447
2016,MLA,29,53,52,,VIDUTHALAIVEERAKUMAR MCHIRUTHAIGAL KATCHI,,25,447,447
2016,MLA,29,53,52,,SELVAM S,INDEPENDENT,0,447,447
2016,MLA,29,53,52,,DILLI A,INDEPENDENT,1,447,447
2016,MLA,29,53,52,,NIRMAL E,INDEPENDENT,1,447,447
2016,MLA,29,53,52,,PALANI C,INDEPENDENT,0,447,447
2016,MLA,29,53,52,,PALANI M,INDEPENDENT,0,447,447
2016,MLA,29,53,52,,PRAKASH R,INDEPENDENT,1,447,447
2016,MLA,29,53,52,,NOTA,0,3,447,447
2016,MLA,29,54,53,,CHANDRAN N,BAHUJAN SAMAJPARTY,1,635,635
2016,MLA,29,54,53,,SELVAPERUNTHAGAI K,INDIAN NATIONALCONGRESS,208,635,635
2016,MLA,29,54,53,,PALANI K,ALL INDIA ANNADRAVIDA MUNNETRAKAZHAGAM,243,635,635
2016,MLA,29,54,53,,MANOHARAN M,BHARATIYA JANATHAPARTY,8,635,635
2016,MLA,29,54,53,,SIVARANJINI B,NAAM TAMILARKATCHI,5,635,635
2016,MLA,29,54,53,,MUTHURAMAN C,PATTALI MAKKALKATCHI,137,635,635
2016,MLA,29,54,53,,LOK JAN SHAKTI PARTYRAVI M,,2,635,635
2016,MLA,29,54,53,,RAJESH V,COMMUNIST PARTYOF INDIA (MARXISTLENINIST) LIBERATION,0,635,635
2016,MLA,29,54,53,,VIDUTHALAIVEERAKUMAR MCHIRUTHAIGAL KATCHI,,23,635,635
2016,MLA,29,54,53,,SELVAM S,INDEPENDENT,1,635,635
2016,MLA,29,54,53,,DILLI A,INDEPENDENT,0,635,635
2016,MLA,29,54,53,,NIRMAL E,INDEPENDENT,1,635,635
2016,MLA,29,54,53,,PALANI C,INDEPENDENT,0,635,635
2016,MLA,29,54,53,,PALANI M,INDEPENDENT,0,635,635
2016,MLA,29,54,53,,PRAKASH R,INDEPENDENT,1,635,635
2016,MLA,29,54,53,,NOTA,0,5,635,635
2016,MLA,29,55,54,,CHANDRAN N,BAHUJAN SAMAJPARTY,1,470,470
2016,MLA,29,55,54,,SELVAPERUNTHAGAI K,INDIAN NATIONALCONGRESS,167,470,470
2016,MLA,29,55,54,,PALANI K,ALL INDIA ANNADRAVIDA MUNNETRAKAZHAGAM,198,470,470
2016,MLA,29,55,54,,MANOHARAN M,BHARATIYA JANATHAPARTY,3,470,470
2016,MLA,29,55,54,,SIVARANJINI B,NAAM TAMILARKATCHI,3,470,470
2016,MLA,29,55,54,,MUTHURAMAN C,PATTALI MAKKALKATCHI,60,470,470
2016,MLA,29,55,54,,LOK JAN SHAKTI PARTYRAVI M,,0,470,470
2016,MLA,29,55,54,,RAJESH V,COMMUNIST PARTYOF INDIA (MARXISTLENINIST) LIBERATION,1,470,470
2016,MLA,29,55,54,,VIDUTHALAIVEERAKUMAR MCHIRUTHAIGAL KATCHI,,32,470,470
2016,MLA,29,55,54,,SELVAM S,INDEPENDENT,1,470,470
2016,MLA,29,55,54,,DILLI A,INDEPENDENT,0,470,470
2016,MLA,29,55,54,,NIRMAL E,INDEPENDENT,0,470,470
2016,MLA,29,55,54,,PALANI C,INDEPENDENT,0,470,470
2016,MLA,29,55,54,,PALANI M,INDEPENDENT,1,470,470
2016,MLA,29,55,54,,PRAKASH R,INDEPENDENT,2,470,470
2016,MLA,29,55,54,,NOTA,0,1,470,470
2016,MLA,29,56,55,,CHANDRAN N,BAHUJAN SAMAJPARTY,3,700,700
2016,MLA,29,56,55,,SELVAPERUNTHAGAI K,INDIAN NATIONALCONGRESS,283,700,700
2016,MLA,29,56,55,,PALANI K,ALL INDIA ANNADRAVIDA MUNNETRAKAZHAGAM,314,700,700
2016,MLA,29,56,55,,MANOHARAN M,BHARATIYA JANATHAPARTY,11,700,700
2016,MLA,29,56,55,,SIVARANJINI B,NAAM TAMILARKATCHI,4,700,700
2016,MLA,29,56,55,,MUTHURAMAN C,PATTALI MAKKALKATCHI,33,700,700
2016,MLA,29,56,55,,LOK JAN SHAKTI PARTYRAVI M,,0,700,700
2016,MLA,29,56,55,,RAJESH V,COMMUNIST PARTYOF INDIA (MARXISTLENINIST) LIBERATION,1,700,700
2016,MLA,29,56,55,,VIDUTHALAIVEERAKUMAR MCHIRUTHAIGAL KATCHI,,40,700,700
2016,MLA,29,56,55,,SELVAM S,INDEPENDENT,1,700,700
2016,MLA,29,56,55,,DILLI A,INDEPENDENT,0,700,700
2016,MLA,29,56,55,,NIRMAL E,INDEPENDENT,2,700,700
2016,MLA,29,56,55,,PALANI C,INDEPENDENT,0,700,700
2016,MLA,29,56,55,,PALANI M,INDEPENDENT,0,700,700
2016,MLA,29,56,55,,PRAKASH R,INDEPENDENT,1,700,700
2016,MLA,29,56,55,,NOTA,0,7,700,700
2016,MLA,29,57,56,,CHANDRAN N,BAHUJAN SAMAJPARTY,5,900,900
2016,MLA,29,57,56,,SELVAPERUNTHAGAI K,INDIAN NATIONALCONGRESS,283,900,900
2016,MLA,29,57,56,,PALANI K,ALL INDIA ANNADRAVIDA MUNNETRAKAZHAGAM,492,900,900
2016,MLA,29,57,56,,MANOHARAN M,BHARATIYA JANATHAPARTY,7,900,900
2016,MLA,29,57,56,,SIVARANJINI B,NAAM TAMILARKATCHI,5,900,900
2016,MLA,29,57,56,,MUTHURAMAN C,PATTALI MAKKALKATCHI,9,900,900
2016,MLA,29,57,56,,LOK JAN SHAKTI PARTYRAVI M,,0,900,900
2016,MLA,29,57,56,,RAJESH V,COMMUNIST PARTYOF INDIA (MARXISTLENINIST) LIBERATION,2,900,900
2016,MLA,29,57,56,,VIDUTHALAIVEERAKUMAR MCHIRUTHAIGAL KATCHI,,81,900,900
2016,MLA,29,57,56,,SELVAM S,INDEPENDENT,0,900,900
2016,MLA,29,57,56,,DILLI A,INDEPENDENT,0,900,900
2016,MLA,29,57,56,,NIRMAL E,INDEPENDENT,0,900,900
2016,MLA,29,57,56,,PALANI C,INDEPENDENT,2,900,900
2016,MLA,29,57,56,,PALANI M,INDEPENDENT,4,900,900
2016,MLA,29,57,56,,PRAKASH R,INDEPENDENT,1,900,900
2016,MLA,29,57,56,,NOTA,0,9,900,900
2016,MLA,29,58,57,,CHANDRAN N,BAHUJAN SAMAJPARTY,1,508,508
2016,MLA,29,58,57,,SELVAPERUNTHAGAI K,INDIAN NATIONALCONGRESS,205,508,508
2016,MLA,29,58,57,,PALANI K,ALL INDIA ANNADRAVIDA MUNNETRAKAZHAGAM,177,508,508
2016,MLA,29,58,57,,MANOHARAN M,BHARATIYA JANATHAPARTY,27,508,508
2016,MLA,29,58,57,,SIVARANJINI B,NAAM TAMILARKATCHI,16,508,508
2016,MLA,29,58,57,,MUTHURAMAN C,PATTALI MAKKALKATCHI,36,508,508
2016,MLA,29,58,57,,LOK JAN SHAKTI PARTYRAVI M,,0,508,508
2016,MLA,29,58,57,,RAJESH V,COMMUNIST PARTYOF INDIA (MARXISTLENINIST) LIBERATION,4,508,508
2016,MLA,29,58,57,,VIDUTHALAIVEERAKUMAR MCHIRUTHAIGAL KATCHI,,32,508,508
2016,MLA,29,58,57,,SELVAM S,INDEPENDENT,1,508,508
2016,MLA,29,58,57,,DILLI A,INDEPENDENT,0,508,508
2016,MLA,29,58,57,,NIRMAL E,INDEPENDENT,0,508,508
2016,MLA,29,58,57,,PALANI C,INDEPENDENT,0,508,508
2016,MLA,29,58,57,,PALANI M,INDEPENDENT,2,508,508
2016,MLA,29,58,57,,PRAKASH R,INDEPENDENT,1,508,508
2016,MLA,29,58,57,,NOTA,0,6,508,508
2016,MLA,29,59,58,,CHANDRAN N,BAHUJAN SAMAJPARTY,3,789,789
2016,MLA,29,59,58,,SELVAPERUNTHAGAI K,INDIAN NATIONALCONGRESS,334,789,789
2016,MLA,29,59,58,,PALANI K,ALL INDIA ANNADRAVIDA MUNNETRAKAZHAGAM,302,789,789
2016,MLA,29,59,58,,MANOHARAN M,BHARATIYA JANATHAPARTY,12,789,789
2016,MLA,29,59,58,,SIVARANJINI B,NAAM TAMILARKATCHI,8,789,789
2016,MLA,29,59,58,,MUTHURAMAN C,PATTALI MAKKALKATCHI,27,789,789
2016,MLA,29,59,58,,LOK JAN SHAKTI PARTYRAVI M,,0,789,789
2016,MLA,29,59,58,,RAJESH V,COMMUNIST PARTYOF INDIA (MARXISTLENINIST) LIBERATION,3,789,789
2016,MLA,29,59,58,,VIDUTHALAIVEERAKUMAR MCHIRUTHAIGAL KATCHI,,88,789,789
2016,MLA,29,59,58,,SELVAM S,INDEPENDENT,2,789,789
2016,MLA,29,59,58,,DILLI A,INDEPENDENT,0,789,789
2016,MLA,29,59,58,,NIRMAL E,INDEPENDENT,1,789,789
2016,MLA,29,59,58,,PALANI C,INDEPENDENT,2,789,789
2016,MLA,29,59,58,,PALANI M,INDEPENDENT,1,789,789
2016,MLA,29,59,58,,PRAKASH R,INDEPENDENT,1,789,789
2016,MLA,29,59,58,,NOTA,0,5,789,789
2016,MLA,29,60,59,,CHANDRAN N,BAHUJAN SAMAJPARTY,0,636,636
2016,MLA,29,60,59,,SELVAPERUNTHAGAI K,INDIAN NATIONALCONGRESS,237,636,636
2016,MLA,29,60,59,,PALANI K,ALL INDIA ANNADRAVIDA MUNNETRAKAZHAGAM,228,636,636
2016,MLA,29,60,59,,MANOHARAN M,BHARATIYA JANATHAPARTY,17,636,636
2016,MLA,29,60,59,,SIVARANJINI B,NAAM TAMILARKATCHI,6,636,636
2016,MLA,29,60,59,,MUTHURAMAN C,PATTALI MAKKALKATCHI,115,636,636
2016,MLA,29,60,59,,LOK JAN SHAKTI PARTYRAVI M,,0,636,636
2016,MLA,29,60,59,,RAJESH V,COMMUNIST PARTYOF INDIA (MARXISTLENINIST) LIBERATION,1,636,636
2016,MLA,29,60,59,,VIDUTHALAIVEERAKUMAR MCHIRUTHAIGAL KATCHI,,26,636,636
2016,MLA,29,60,59,,SELVAM S,INDEPENDENT,2,636,636
2016,MLA,29,60,59,,DILLI A,INDEPENDENT,0,636,636
2016,MLA,29,60,59,,NIRMAL E,INDEPENDENT,0,636,636
2016,MLA,29,60,59,,PALANI C,INDEPENDENT,0,636,636
2016,MLA,29,60,59,,PALANI M,INDEPENDENT,1,636,636
2016,MLA,29,60,59,,PRAKASH R,INDEPENDENT,0,636,636
2016,MLA,29,60,59,,NOTA,0,3,636,636
2016,MLA,29,61,60,,CHANDRAN N,BAHUJAN SAMAJPARTY,0,590,590
2016,MLA,29,61,60,,SELVAPERUNTHAGAI K,INDIAN NATIONALCONGRESS,233,590,590
2016,MLA,29,61,60,,PALANI K,ALL INDIA ANNADRAVIDA MUNNETRAKAZHAGAM,218,590,590
2016,MLA,29,61,60,,MANOHARAN M,BHARATIYA JANATHAPARTY,14,590,590
2016,MLA,29,61,60,,SIVARANJINI B,NAAM TAMILARKATCHI,4,590,590
2016,MLA,29,61,60,,MUTHURAMAN C,PATTALI MAKKALKATCHI,71,590,590
2016,MLA,29,61,60,,LOK JAN SHAKTI PARTYRAVI M,,0,590,590
2016,MLA,29,61,60,,RAJESH V,COMMUNIST PARTYOF INDIA (MARXISTLENINIST) LIBERATION,0,590,590
2016,MLA,29,61,60,,VIDUTHALAIVEERAKUMAR MCHIRUTHAIGAL KATCHI,,41,590,590
2016,MLA,29,61,60,,SELVAM S,INDEPENDENT,0,590,590
2016,MLA,29,61,60,,DILLI A,INDEPENDENT,0,590,590
2016,MLA,29,61,60,,NIRMAL E,INDEPENDENT,0,590,590
2016,MLA,29,61,60,,PALANI C,INDEPENDENT,0,590,590
2016,MLA,29,61,60,,PALANI M,INDEPENDENT,0,590,590
2016,MLA,29,61,60,,PRAKASH R,INDEPENDENT,1,590,590
2016,MLA,29,61,60,,NOTA,0,8,590,590
2016,MLA,29,62,61,,CHANDRAN N,BAHUJAN SAMAJPARTY,4,837,837
2016,MLA,29,62,61,,SELVAPERUNTHAGAI K,INDIAN NATIONALCONGRESS,362,837,837
2016,MLA,29,62,61,,PALANI K,ALL INDIA ANNADRAVIDA MUNNETRAKAZHAGAM,228,837,837
2016,MLA,29,62,61,,MANOHARAN M,BHARATIYA JANATHAPARTY,42,837,837
2016,MLA,29,62,61,,SIVARANJINI B,NAAM TAMILARKATCHI,13,837,837
2016,MLA,29,62,61,,MUTHURAMAN C,PATTALI MAKKALKATCHI,74,837,837
2016,MLA,29,62,61,,LOK JAN SHAKTI PARTYRAVI M,,2,837,837
2016,MLA,29,62,61,,RAJESH V,COMMUNIST PARTYOF INDIA (MARXISTLENINIST) LIBERATION,6,837,837
2016,MLA,29,62,61,,VIDUTHALAIVEERAKUMAR MCHIRUTHAIGAL KATCHI,,69,837,837
2016,MLA,29,62,61,,SELVAM S,INDEPENDENT,0,837,837
2016,MLA,29,62,61,,DILLI A,INDEPENDENT,0,837,837
2016,MLA,29,62,61,,NIRMAL E,INDEPENDENT,0,837,837
2016,MLA,29,62,61,,PALANI C,INDEPENDENT,1,837,837
2016,MLA,29,62,61,,PALANI M,INDEPENDENT,1,837,837
2016,MLA,29,62,61,,PRAKASH R,INDEPENDENT,2,837,837
2016,MLA,29,62,61,,NOTA,0,33,837,837
2016,MLA,29,63,62,,CHANDRAN N,BAHUJAN SAMAJPARTY,3,454,454
2016,MLA,29,63,62,,SELVAPERUNTHAGAI K,INDIAN NATIONALCONGRESS,198,454,454
2016,MLA,29,63,62,,PALANI K,ALL INDIA ANNADRAVIDA MUNNETRAKAZHAGAM,159,454,454
2016,MLA,29,63,62,,MANOHARAN M,BHARATIYA JANATHAPARTY,18,454,454
2016,MLA,29,63,62,,SIVARANJINI B,NAAM TAMILARKATCHI,12,454,454
2016,MLA,29,63,62,,MUTHURAMAN C,PATTALI MAKKALKATCHI,40,454,454
2016,MLA,29,63,62,,LOK JAN SHAKTI PARTYRAVI M,,0,454,454
2016,MLA,29,63,62,,RAJESH V,COMMUNIST PARTYOF INDIA (MARXISTLENINIST) LIBERATION,1,454,454
2016,MLA,29,63,62,,VIDUTHALAIVEERAKUMAR MCHIRUTHAIGAL KATCHI,,15,454,454
2016,MLA,29,63,62,,SELVAM S,INDEPENDENT,0,454,454
2016,MLA,29,63,62,,DILLI A,INDEPENDENT,1,454,454
2016,MLA,29,63,62,,NIRMAL E,INDEPENDENT,0,454,454
2016,MLA,29,63,62,,PALANI C,INDEPENDENT,0,454,454
2016,MLA,29,63,62,,PALANI M,INDEPENDENT,1,454,454
2016,MLA,29,63,62,,PRAKASH R,INDEPENDENT,1,454,454
2016,MLA,29,63,62,,NOTA,0,5,454,454
2016,MLA,29,64,63,,CHANDRAN N,BAHUJAN SAMAJPARTY,2,433,433
2016,MLA,29,64,63,,SELVAPERUNTHAGAI K,INDIAN NATIONALCONGRESS,180,433,433
2016,MLA,29,64,63,,PALANI K,ALL INDIA ANNADRAVIDA MUNNETRAKAZHAGAM,157,433,433
2016,MLA,29,64,63,,MANOHARAN M,BHARATIYA JANATHAPARTY,26,433,433
2016,MLA,29,64,63,,SIVARANJINI B,NAAM TAMILARKATCHI,8,433,433
2016,MLA,29,64,63,,MUTHURAMAN C,PATTALI MAKKALKATCHI,17,433,433
2016,MLA,29,64,63,,LOK JAN SHAKTI PARTYRAVI M,,1,433,433
2016,MLA,29,64,63,,RAJESH V,COMMUNIST PARTYOF INDIA (MARXISTLENINIST) LIBERATION,4,433,433
2016,MLA,29,64,63,,VIDUTHALAIVEERAKUMAR MCHIRUTHAIGAL KATCHI,,30,433,433
2016,MLA,29,64,63,,SELVAM S,INDEPENDENT,0,433,433
2016,MLA,29,64,63,,DILLI A,INDEPENDENT,0,433,433
2016,MLA,29,64,63,,NIRMAL E,INDEPENDENT,0,433,433
2016,MLA,29,64,63,,PALANI C,INDEPENDENT,0,433,433
2016,MLA,29,64,63,,PALANI M,INDEPENDENT,0,433,433
2016,MLA,29,64,63,,PRAKASH R,INDEPENDENT,1,433,433
2016,MLA,29,64,63,,NOTA,0,7,433,433
2016,MLA,29,65,64,,CHANDRAN N,BAHUJAN SAMAJPARTY,3,569,569
2016,MLA,29,65,64,,SELVAPERUNTHAGAI K,INDIAN NATIONALCONGRESS,221,569,569
2016,MLA,29,65,64,,PALANI K,ALL INDIA ANNADRAVIDA MUNNETRAKAZHAGAM,197,569,569
2016,MLA,29,65,64,,MANOHARAN M,BHARATIYA JANATHAPARTY,16,569,569
2016,MLA,29,65,64,,SIVARANJINI B,NAAM TAMILARKATCHI,6,569,569
2016,MLA,29,65,64,,MUTHURAMAN C,PATTALI MAKKALKATCHI,79,569,569
2016,MLA,29,65,64,,LOK JAN SHAKTI PARTYRAVI M,,1,569,569
2016,MLA,29,65,64,,RAJESH V,COMMUNIST PARTYOF INDIA (MARXISTLENINIST) LIBERATION,2,569,569
2016,MLA,29,65,64,,VIDUTHALAIVEERAKUMAR MCHIRUTHAIGAL KATCHI,,37,569,569
2016,MLA,29,65,64,,SELVAM S,INDEPENDENT,0,569,569
2016,MLA,29,65,64,,DILLI A,INDEPENDENT,1,569,569
2016,MLA,29,65,64,,NIRMAL E,INDEPENDENT,0,569,569
2016,MLA,29,65,64,,PALANI C,INDEPENDENT,0,569,569
2016,MLA,29,65,64,,PALANI M,INDEPENDENT,0,569,569
2016,MLA,29,65,64,,PRAKASH R,INDEPENDENT,1,569,569
2016,MLA,29,65,64,,NOTA,0,5,569,569
2016,MLA,29,66,65,,CHANDRAN N,BAHUJAN SAMAJPARTY,0,552,552
2016,MLA,29,66,65,,SELVAPERUNTHAGAI K,INDIAN NATIONALCONGRESS,191,552,552
2016,MLA,29,66,65,,PALANI K,ALL INDIA ANNADRAVIDA MUNNETRAKAZHAGAM,243,552,552
2016,MLA,29,66,65,,MANOHARAN M,BHARATIYA JANATHAPARTY,14,552,552
2016,MLA,29,66,65,,SIVARANJINI B,NAAM TAMILARKATCHI,6,552,552
2016,MLA,29,66,65,,MUTHURAMAN C,PATTALI MAKKALKATCHI,67,552,552
2016,MLA,29,66,65,,LOK JAN SHAKTI PARTYRAVI M,,0,552,552
2016,MLA,29,66,65,,RAJESH V,COMMUNIST PARTYOF INDIA (MARXISTLENINIST) LIBERATION,2,552,552
2016,MLA,29,66,65,,VIDUTHALAIVEERAKUMAR MCHIRUTHAIGAL KATCHI,,16,552,552
2016,MLA,29,66,65,,SELVAM S,INDEPENDENT,0,552,552
2016,MLA,29,66,65,,DILLI A,INDEPENDENT,0,552,552
2016,MLA,29,66,65,,NIRMAL E,INDEPENDENT,0,552,552
2016,MLA,29,66,65,,PALANI C,INDEPENDENT,0,552,552
2016,MLA,29,66,65,,PALANI M,INDEPENDENT,2,552,552
2016,MLA,29,66,65,,PRAKASH R,INDEPENDENT,0,552,552
2016,MLA,29,66,65,,NOTA,0,11,552,552
2016,MLA,29,67,66,,CHANDRAN N,BAHUJAN SAMAJPARTY,2,467,467
2016,MLA,29,67,66,,SELVAPERUNTHAGAI K,INDIAN NATIONALCONGRESS,188,467,467
2016,MLA,29,67,66,,PALANI K,ALL INDIA ANNADRAVIDA MUNNETRAKAZHAGAM,166,467,467
2016,MLA,29,67,66,,MANOHARAN M,BHARATIYA JANATHAPARTY,22,467,467
2016,MLA,29,67,66,,SIVARANJINI B,NAAM TAMILARKATCHI,9,467,467
2016,MLA,29,67,66,,MUTHURAMAN C,PATTALI MAKKALKATCHI,60,467,467
2016,MLA,29,67,66,,LOK JAN SHAKTI PARTYRAVI M,,0,467,467
2016,MLA,29,67,66,,RAJESH V,COMMUNIST PARTYOF INDIA (MARXISTLENINIST) LIBERATION,1,467,467
2016,MLA,29,67,66,,VIDUTHALAIVEERAKUMAR MCHIRUTHAIGAL KATCHI,,8,467,467
2016,MLA,29,67,66,,SELVAM S,INDEPENDENT,0,467,467
2016,MLA,29,67,66,,DILLI A,INDEPENDENT,0,467,467
2016,MLA,29,67,66,,NIRMAL E,INDEPENDENT,0,467,467
2016,MLA,29,67,66,,PALANI C,INDEPENDENT,0,467,467
2016,MLA,29,67,66,,PALANI M,INDEPENDENT,0,467,467
2016,MLA,29,67,66,,PRAKASH R,INDEPENDENT,1,467,467
2016,MLA,29,67,66,,NOTA,0,10,467,467
2016,MLA,29,68,67,,CHANDRAN N,BAHUJAN SAMAJPARTY,1,459,459
2016,MLA,29,68,67,,SELVAPERUNTHAGAI K,INDIAN NATIONALCONGRESS,245,459,459
2016,MLA,29,68,67,,PALANI K,ALL INDIA ANNADRAVIDA MUNNETRAKAZHAGAM,147,459,459
2016,MLA,29,68,67,,MANOHARAN M,BHARATIYA JANATHAPARTY,6,459,459
2016,MLA,29,68,67,,SIVARANJINI B,NAAM TAMILARKATCHI,9,459,459
2016,MLA,29,68,67,,MUTHURAMAN C,PATTALI MAKKALKATCHI,21,459,459
2016,MLA,29,68,67,,LOK JAN SHAKTI PARTYRAVI M,,1,459,459
2016,MLA,29,68,67,,RAJESH V,COMMUNIST PARTYOF INDIA (MARXISTLENINIST) LIBERATION,0,459,459
2016,MLA,29,68,67,,VIDUTHALAIVEERAKUMAR MCHIRUTHAIGAL KATCHI,,16,459,459
2016,MLA,29,68,67,,SELVAM S,INDEPENDENT,0,459,459
2016,MLA,29,68,67,,DILLI A,INDEPENDENT,0,459,459
2016,MLA,29,68,67,,NIRMAL E,INDEPENDENT,0,459,459
2016,MLA,29,68,67,,PALANI C,INDEPENDENT,0,459,459
2016,MLA,29,68,67,,PALANI M,INDEPENDENT,2,459,459
2016,MLA,29,68,67,,PRAKASH R,INDEPENDENT,3,459,459
2016,MLA,29,68,67,,NOTA,0,8,459,459
2016,MLA,29,69,68,,CHANDRAN N,BAHUJAN SAMAJPARTY,1,494,494
2016,MLA,29,69,68,,SELVAPERUNTHAGAI K,INDIAN NATIONALCONGRESS,197,494,494
2016,MLA,29,69,68,,PALANI K,ALL INDIA ANNADRAVIDA MUNNETRAKAZHAGAM,153,494,494
2016,MLA,29,69,68,,MANOHARAN M,BHARATIYA JANATHAPARTY,29,494,494
2016,MLA,29,69,68,,SIVARANJINI B,NAAM TAMILARKATCHI,5,494,494
2016,MLA,29,69,68,,MUTHURAMAN C,PATTALI MAKKALKATCHI,37,494,494
2016,MLA,29,69,68,,LOK JAN SHAKTI PARTYRAVI M,,1,494,494
2016,MLA,29,69,68,,RAJESH V,COMMUNIST PARTYOF INDIA (MARXISTLENINIST) LIBERATION,4,494,494
2016,MLA,29,69,68,,VIDUTHALAIVEERAKUMAR MCHIRUTHAIGAL KATCHI,,46,494,494
2016,MLA,29,69,68,,SELVAM S,INDEPENDENT,0,494,494
2016,MLA,29,69,68,,DILLI A,INDEPENDENT,0,494,494
2016,MLA,29,69,68,,NIRMAL E,INDEPENDENT,0,494,494
2016,MLA,29,69,68,,PALANI C,INDEPENDENT,0,494,494
2016,MLA,29,69,68,,PALANI M,INDEPENDENT,0,494,494
2016,MLA,29,69,68,,PRAKASH R,INDEPENDENT,2,494,494
2016,MLA,29,69,68,,NOTA,0,19,494,494
2016,MLA,29,70,69,,CHANDRAN N,BAHUJAN SAMAJPARTY,2,677,677
2016,MLA,29,70,69,,SELVAPERUNTHAGAI K,INDIAN NATIONALCONGRESS,166,677,677
2016,MLA,29,70,69,,PALANI K,ALL INDIA ANNADRAVIDA MUNNETRAKAZHAGAM,238,677,677
2016,MLA,29,70,69,,MANOHARAN M,BHARATIYA JANATHAPARTY,10,677,677
2016,MLA,29,70,69,,SIVARANJINI B,NAAM TAMILARKATCHI,6,677,677
2016,MLA,29,70,69,,MUTHURAMAN C,PATTALI MAKKALKATCHI,208,677,677
2016,MLA,29,70,69,,LOK JAN SHAKTI PARTYRAVI M,,0,677,677
2016,MLA,29,70,69,,RAJESH V,COMMUNIST PARTYOF INDIA (MARXISTLENINIST) LIBERATION,1,677,677
2016,MLA,29,70,69,,VIDUTHALAIVEERAKUMAR MCHIRUTHAIGAL KATCHI,,29,677,677
2016,MLA,29,70,69,,SELVAM S,INDEPENDENT,1,677,677
2016,MLA,29,70,69,,DILLI A,INDEPENDENT,0,677,677
2016,MLA,29,70,69,,NIRMAL E,INDEPENDENT,1,677,677
2016,MLA,29,70,69,,PALANI C,INDEPENDENT,2,677,677
2016,MLA,29,70,69,,PALANI M,INDEPENDENT,2,677,677
2016,MLA,29,70,69,,PRAKASH R,INDEPENDENT,3,677,677
2016,MLA,29,70,69,,NOTA,0,8,677,677
2016,MLA,29,71,70,,CHANDRAN N,BAHUJAN SAMAJPARTY,0,564,564
2016,MLA,29,71,70,,SELVAPERUNTHAGAI K,INDIAN NATIONALCONGRESS,190,564,564
2016,MLA,29,71,70,,PALANI K,ALL INDIA ANNADRAVIDA MUNNETRAKAZHAGAM,246,564,564
2016,MLA,29,71,70,,MANOHARAN M,BHARATIYA JANATHAPARTY,14,564,564
2016,MLA,29,71,70,,SIVARANJINI B,NAAM TAMILARKATCHI,12,564,564
2016,MLA,29,71,70,,MUTHURAMAN C,PATTALI MAKKALKATCHI,52,564,564
2016,MLA,29,71,70,,LOK JAN SHAKTI PARTYRAVI M,,2,564,564
2016,MLA,29,71,70,,RAJESH V,COMMUNIST PARTYOF INDIA (MARXISTLENINIST) LIBERATION,0,564,564
2016,MLA,29,71,70,,VIDUTHALAIVEERAKUMAR MCHIRUTHAIGAL KATCHI,,35,564,564
2016,MLA,29,71,70,,SELVAM S,INDEPENDENT,0,564,564
2016,MLA,29,71,70,,DILLI A,INDEPENDENT,0,564,564
2016,MLA,29,71,70,,NIRMAL E,INDEPENDENT,0,564,564
2016,MLA,29,71,70,,PALANI C,INDEPENDENT,0,564,564
2016,MLA,29,71,70,,PALANI M,INDEPENDENT,0,564,564
2016,MLA,29,71,70,,PRAKASH R,INDEPENDENT,0,564,564
2016,MLA,29,71,70,,NOTA,0,13,564,564
2016,MLA,29,72,71,,CHANDRAN N,BAHUJAN SAMAJPARTY,0,628,628
2016,MLA,29,72,71,,SELVAPERUNTHAGAI K,INDIAN NATIONALCONGRESS,217,628,628
2016,MLA,29,72,71,,PALANI K,ALL INDIA ANNADRAVIDA MUNNETRAKAZHAGAM,266,628,628
2016,MLA,29,72,71,,MANOHARAN M,BHARATIYA JANATHAPARTY,18,628,628
2016,MLA,29,72,71,,SIVARANJINI B,NAAM TAMILARKATCHI,25,628,628
2016,MLA,29,72,71,,MUTHURAMAN C,PATTALI MAKKALKATCHI,58,628,628
2016,MLA,29,72,71,,LOK JAN SHAKTI PARTYRAVI M,,0,628,628
2016,MLA,29,72,71,,RAJESH V,COMMUNIST PARTYOF INDIA (MARXISTLENINIST) LIBERATION,0,628,628
2016,MLA,29,72,71,,VIDUTHALAIVEERAKUMAR MCHIRUTHAIGAL KATCHI,,31,628,628
2016,MLA,29,72,71,,SELVAM S,INDEPENDENT,0,628,628
2016,MLA,29,72,71,,DILLI A,INDEPENDENT,0,628,628
2016,MLA,29,72,71,,NIRMAL E,INDEPENDENT,0,628,628
2016,MLA,29,72,71,,PALANI C,INDEPENDENT,0,628,628
2016,MLA,29,72,71,,PALANI M,INDEPENDENT,0,628,628
2016,MLA,29,72,71,,PRAKASH R,INDEPENDENT,1,628,628
2016,MLA,29,72,71,,NOTA,0,12,628,628
2016,MLA,29,73,72,,CHANDRAN N,BAHUJAN SAMAJPARTY,5,555,555
2016,MLA,29,73,72,,SELVAPERUNTHAGAI K,INDIAN NATIONALCONGRESS,194,555,555
2016,MLA,29,73,72,,PALANI K,ALL INDIA ANNADRAVIDA MUNNETRAKAZHAGAM,251,555,555
2016,MLA,29,73,72,,MANOHARAN M,BHARATIYA JANATHAPARTY,9,555,555
2016,MLA,29,73,72,,SIVARANJINI B,NAAM TAMILARKATCHI,8,555,555
2016,MLA,29,73,72,,MUTHURAMAN C,PATTALI MAKKALKATCHI,12,555,555
2016,MLA,29,73,72,,LOK JAN SHAKTI PARTYRAVI M,,0,555,555
2016,MLA,29,73,72,,RAJESH V,COMMUNIST PARTYOF INDIA (MARXISTLENINIST) LIBERATION,1,555,555
2016,MLA,29,73,72,,VIDUTHALAIVEERAKUMAR MCHIRUTHAIGAL KATCHI,,56,555,555
2016,MLA,29,73,72,,SELVAM S,INDEPENDENT,0,555,555
2016,MLA,29,73,72,,DILLI A,INDEPENDENT,1,555,555
2016,MLA,29,73,72,,NIRMAL E,INDEPENDENT,0,555,555
2016,MLA,29,73,72,,PALANI C,INDEPENDENT,2,555,555
2016,MLA,29,73,72,,PALANI M,INDEPENDENT,2,555,555
2016,MLA,29,73,72,,PRAKASH R,INDEPENDENT,3,555,555
2016,MLA,29,73,72,,NOTA,0,11,555,555
2016,MLA,29,74,73,,CHANDRAN N,BAHUJAN SAMAJPARTY,1,447,447
2016,MLA,29,74,73,,SELVAPERUNTHAGAI K,INDIAN NATIONALCONGRESS,120,447,447
2016,MLA,29,74,73,,PALANI K,ALL INDIA ANNADRAVIDA MUNNETRAKAZHAGAM,186,447,447
2016,MLA,29,74,73,,MANOHARAN M,BHARATIYA JANATHAPARTY,3,447,447
2016,MLA,29,74,73,,SIVARANJINI B,NAAM TAMILARKATCHI,4,447,447
2016,MLA,29,74,73,,MUTHURAMAN C,PATTALI MAKKALKATCHI,15,447,447
2016,MLA,29,74,73,,LOK JAN SHAKTI PARTYRAVI M,,1,447,447
2016,MLA,29,74,73,,RAJESH V,COMMUNIST PARTYOF INDIA (MARXISTLENINIST) LIBERATION,1,447,447
2016,MLA,29,74,73,,VIDUTHALAIVEERAKUMAR MCHIRUTHAIGAL KATCHI,,114,447,447
2016,MLA,29,74,73,,SELVAM S,INDEPENDENT,0,447,447
2016,MLA,29,74,73,,DILLI A,INDEPENDENT,0,447,447
2016,MLA,29,74,73,,NIRMAL E,INDEPENDENT,0,447,447
2016,MLA,29,74,73,,PALANI C,INDEPENDENT,0,447,447
2016,MLA,29,74,73,,PALANI M,INDEPENDENT,0,447,447
2016,MLA,29,74,73,,PRAKASH R,INDEPENDENT,0,447,447
2016,MLA,29,74,73,,NOTA,0,2,447,447
2016,MLA,29,75,74,,CHANDRAN N,BAHUJAN SAMAJPARTY,0,466,466
2016,MLA,29,75,74,,SELVAPERUNTHAGAI K,INDIAN NATIONALCONGRESS,207,466,466
2016,MLA,29,75,74,,PALANI K,ALL INDIA ANNADRAVIDA MUNNETRAKAZHAGAM,150,466,466
2016,MLA,29,75,74,,MANOHARAN M,BHARATIYA JANATHAPARTY,14,466,466
2016,MLA,29,75,74,,SIVARANJINI B,NAAM TAMILARKATCHI,13,466,466
2016,MLA,29,75,74,,MUTHURAMAN C,PATTALI MAKKALKATCHI,24,466,466
2016,MLA,29,75,74,,LOK JAN SHAKTI PARTYRAVI M,,0,466,466
2016,MLA,29,75,74,,RAJESH V,COMMUNIST PARTYOF INDIA (MARXISTLENINIST) LIBERATION,2,466,466
2016,MLA,29,75,74,,VIDUTHALAIVEERAKUMAR MCHIRUTHAIGAL KATCHI,,40,466,466
2016,MLA,29,75,74,,SELVAM S,INDEPENDENT,0,466,466
2016,MLA,29,75,74,,DILLI A,INDEPENDENT,0,466,466
2016,MLA,29,75,74,,NIRMAL E,INDEPENDENT,0,466,466
2016,MLA,29,75,74,,PALANI C,INDEPENDENT,0,466,466
2016,MLA,29,75,74,,PALANI M,INDEPENDENT,0,466,466
2016,MLA,29,75,74,,PRAKASH R,INDEPENDENT,0,466,466
2016,MLA,29,75,74,,NOTA,0,16,466,466
2016,MLA,29,76,75,,CHANDRAN N,BAHUJAN SAMAJPARTY,1,504,504
2016,MLA,29,76,75,,SELVAPERUNTHAGAI K,INDIAN NATIONALCONGRESS,199,504,504
2016,MLA,29,76,75,,PALANI K,ALL INDIA ANNADRAVIDA MUNNETRAKAZHAGAM,159,504,504
2016,MLA,29,76,75,,MANOHARAN M,BHARATIYA JANATHAPARTY,18,504,504
2016,MLA,29,76,75,,SIVARANJINI B,NAAM TAMILARKATCHI,11,504,504
2016,MLA,29,76,75,,MUTHURAMAN C,PATTALI MAKKALKATCHI,42,504,504
2016,MLA,29,76,75,,LOK JAN SHAKTI PARTYRAVI M,,0,504,504
2016,MLA,29,76,75,,RAJESH V,COMMUNIST PARTYOF INDIA (MARXISTLENINIST) LIBERATION,3,504,504
2016,MLA,29,76,75,,VIDUTHALAIVEERAKUMAR MCHIRUTHAIGAL KATCHI,,54,504,504
2016,MLA,29,76,75,,SELVAM S,INDEPENDENT,0,504,504
2016,MLA,29,76,75,,DILLI A,INDEPENDENT,1,504,504
2016,MLA,29,76,75,,NIRMAL E,INDEPENDENT,0,504,504
2016,MLA,29,76,75,,PALANI C,INDEPENDENT,0,504,504
2016,MLA,29,76,75,,PALANI M,INDEPENDENT,1,504,504
2016,MLA,29,76,75,,PRAKASH R,INDEPENDENT,0,504,504
2016,MLA,29,76,75,,NOTA,0,15,504,504
2016,MLA,29,77,76,,CHANDRAN N,BAHUJAN SAMAJPARTY,3,817,817
2016,MLA,29,77,76,,SELVAPERUNTHAGAI K,INDIAN NATIONALCONGRESS,337,817,817
2016,MLA,29,77,76,,PALANI K,ALL INDIA ANNADRAVIDA MUNNETRAKAZHAGAM,306,817,817
2016,MLA,29,77,76,,MANOHARAN M,BHARATIYA JANATHAPARTY,15,817,817
2016,MLA,29,77,76,,SIVARANJINI B,NAAM TAMILARKATCHI,21,817,817
2016,MLA,29,77,76,,MUTHURAMAN C,PATTALI MAKKALKATCHI,27,817,817
2016,MLA,29,77,76,,LOK JAN SHAKTI PARTYRAVI M,,0,817,817
2016,MLA,29,77,76,,RAJESH V,COMMUNIST PARTYOF INDIA (MARXISTLENINIST) LIBERATION,8,817,817
2016,MLA,29,77,76,,VIDUTHALAIVEERAKUMAR MCHIRUTHAIGAL KATCHI,,80,817,817
2016,MLA,29,77,76,,SELVAM S,INDEPENDENT,0,817,817
2016,MLA,29,77,76,,DILLI A,INDEPENDENT,1,817,817
2016,MLA,29,77,76,,NIRMAL E,INDEPENDENT,1,817,817
2016,MLA,29,77,76,,PALANI C,INDEPENDENT,0,817,817
2016,MLA,29,77,76,,PALANI M,INDEPENDENT,1,817,817
2016,MLA,29,77,76,,PRAKASH R,INDEPENDENT,0,817,817
2016,MLA,29,77,76,,NOTA,0,17,817,817
2016,MLA,29,78,77,,CHANDRAN N,BAHUJAN SAMAJPARTY,36,730,730
2016,MLA,29,78,77,,SELVAPERUNTHAGAI K,INDIAN NATIONALCONGRESS,258,730,730
2016,MLA,29,78,77,,PALANI K,ALL INDIA ANNADRAVIDA MUNNETRAKAZHAGAM,352,730,730
2016,MLA,29,78,77,,MANOHARAN M,BHARATIYA JANATHAPARTY,10,730,730
2016,MLA,29,78,77,,SIVARANJINI B,NAAM TAMILARKATCHI,5,730,730
2016,MLA,29,78,77,,MUTHURAMAN C,PATTALI MAKKALKATCHI,0,730,730
2016,MLA,29,78,77,,LOK JAN SHAKTI PARTYRAVI M,,0,730,730
2016,MLA,29,78,77,,RAJESH V,COMMUNIST PARTYOF INDIA (MARXISTLENINIST) LIBERATION,6,730,730
2016,MLA,29,78,77,,VIDUTHALAIVEERAKUMAR MCHIRUTHAIGAL KATCHI,,51,730,730
2016,MLA,29,78,77,,SELVAM S,INDEPENDENT,0,730,730
2016,MLA,29,78,77,,DILLI A,INDEPENDENT,0,730,730
2016,MLA,29,78,77,,NIRMAL E,INDEPENDENT,0,730,730
2016,MLA,29,78,77,,PALANI C,INDEPENDENT,2,730,730
2016,MLA,29,78,77,,PALANI M,INDEPENDENT,3,730,730
2016,MLA,29,78,77,,PRAKASH R,INDEPENDENT,2,730,730
2016,MLA,29,78,77,,NOTA,0,5,730,730
2016,MLA,29,79,78,,CHANDRAN N,BAHUJAN SAMAJPARTY,4,958,958
2016,MLA,29,79,78,,SELVAPERUNTHAGAI K,INDIAN NATIONALCONGRESS,378,958,958
2016,MLA,29,79,78,,PALANI K,ALL INDIA ANNADRAVIDA MUNNETRAKAZHAGAM,413,958,958
2016,MLA,29,79,78,,MANOHARAN M,BHARATIYA JANATHAPARTY,7,958,958
2016,MLA,29,79,78,,SIVARANJINI B,NAAM TAMILARKATCHI,18,958,958
2016,MLA,29,79,78,,MUTHURAMAN C,PATTALI MAKKALKATCHI,2,958,958
2016,MLA,29,79,78,,LOK JAN SHAKTI PARTYRAVI M,,1,958,958
2016,MLA,29,79,78,,RAJESH V,COMMUNIST PARTYOF INDIA (MARXISTLENINIST) LIBERATION,19,958,958
2016,MLA,29,79,78,,VIDUTHALAIVEERAKUMAR MCHIRUTHAIGAL KATCHI,,98,958,958
2016,MLA,29,79,78,,SELVAM S,INDEPENDENT,2,958,958
2016,MLA,29,79,78,,DILLI A,INDEPENDENT,2,958,958
2016,MLA,29,79,78,,NIRMAL E,INDEPENDENT,1,958,958
2016,MLA,29,79,78,,PALANI C,INDEPENDENT,3,958,958
2016,MLA,29,79,78,,PALANI M,INDEPENDENT,0,958,958
2016,MLA,29,79,78,,PRAKASH R,INDEPENDENT,2,958,958
2016,MLA,29,79,78,,NOTA,0,8,958,958
2016,MLA,29,80,79,,CHANDRAN N,BAHUJAN SAMAJPARTY,6,896,896
2016,MLA,29,80,79,,SELVAPERUNTHAGAI K,INDIAN NATIONALCONGRESS,253,896,896
2016,MLA,29,80,79,,PALANI K,ALL INDIA ANNADRAVIDA MUNNETRAKAZHAGAM,520,896,896
2016,MLA,29,80,79,,MANOHARAN M,BHARATIYA JANATHAPARTY,14,896,896
2016,MLA,29,80,79,,SIVARANJINI B,NAAM TAMILARKATCHI,5,896,896
2016,MLA,29,80,79,,MUTHURAMAN C,PATTALI MAKKALKATCHI,29,896,896
2016,MLA,29,80,79,,LOK JAN SHAKTI PARTYRAVI M,,0,896,896
2016,MLA,29,80,79,,RAJESH V,COMMUNIST PARTYOF INDIA (MARXISTLENINIST) LIBERATION,0,896,896
2016,MLA,29,80,79,,VIDUTHALAIVEERAKUMAR MCHIRUTHAIGAL KATCHI,,63,896,896
2016,MLA,29,80,79,,SELVAM S,INDEPENDENT,1,896,896
2016,MLA,29,80,79,,DILLI A,INDEPENDENT,0,896,896
2016,MLA,29,80,79,,NIRMAL E,INDEPENDENT,0,896,896
2016,MLA,29,80,79,,PALANI C,INDEPENDENT,0,896,896
2016,MLA,29,80,79,,PALANI M,INDEPENDENT,1,896,896
2016,MLA,29,80,79,,PRAKASH R,INDEPENDENT,0,896,896
2016,MLA,29,80,79,,NOTA,0,4,896,896
2016,MLA,29,81,80,,CHANDRAN N,BAHUJAN SAMAJPARTY,4,769,769
2016,MLA,29,81,80,,SELVAPERUNTHAGAI K,INDIAN NATIONALCONGRESS,218,769,769
2016,MLA,29,81,80,,PALANI K,ALL INDIA ANNADRAVIDA MUNNETRAKAZHAGAM,440,769,769
2016,MLA,29,81,80,,MANOHARAN M,BHARATIYA JANATHAPARTY,8,769,769
2016,MLA,29,81,80,,SIVARANJINI B,NAAM TAMILARKATCHI,5,769,769
2016,MLA,29,81,80,,MUTHURAMAN C,PATTALI MAKKALKATCHI,12,769,769
2016,MLA,29,81,80,,LOK JAN SHAKTI PARTYRAVI M,,0,769,769
2016,MLA,29,81,80,,RAJESH V,COMMUNIST PARTYOF INDIA (MARXISTLENINIST) LIBERATION,0,769,769
2016,MLA,29,81,80,,VIDUTHALAIVEERAKUMAR MCHIRUTHAIGAL KATCHI,,62,769,769
2016,MLA,29,81,80,,SELVAM S,INDEPENDENT,0,769,769
2016,MLA,29,81,80,,DILLI A,INDEPENDENT,1,769,769
2016,MLA,29,81,80,,NIRMAL E,INDEPENDENT,0,769,769
2016,MLA,29,81,80,,PALANI C,INDEPENDENT,2,769,769
2016,MLA,29,81,80,,PALANI M,INDEPENDENT,2,769,769
2016,MLA,29,81,80,,PRAKASH R,INDEPENDENT,2,769,769
2016,MLA,29,81,80,,NOTA,0,13,769,769
2016,MLA,29,82,81,,CHANDRAN N,BAHUJAN SAMAJPARTY,24,763,763
2016,MLA,29,82,81,,SELVAPERUNTHAGAI K,INDIAN NATIONALCONGRESS,283,763,763
2016,MLA,29,82,81,,PALANI K,ALL INDIA ANNADRAVIDA MUNNETRAKAZHAGAM,386,763,763
2016,MLA,29,82,81,,MANOHARAN M,BHARATIYA JANATHAPARTY,13,763,763
2016,MLA,29,82,81,,SIVARANJINI B,NAAM TAMILARKATCHI,1,763,763
2016,MLA,29,82,81,,MUTHURAMAN C,PATTALI MAKKALKATCHI,18,763,763
2016,MLA,29,82,81,,LOK JAN SHAKTI PARTYRAVI M,,0,763,763
2016,MLA,29,82,81,,RAJESH V,COMMUNIST PARTYOF INDIA (MARXISTLENINIST) LIBERATION,0,763,763
2016,MLA,29,82,81,,VIDUTHALAIVEERAKUMAR MCHIRUTHAIGAL KATCHI,,31,763,763
2016,MLA,29,82,81,,SELVAM S,INDEPENDENT,0,763,763
2016,MLA,29,82,81,,DILLI A,INDEPENDENT,1,763,763
2016,MLA,29,82,81,,NIRMAL E,INDEPENDENT,1,763,763
2016,MLA,29,82,81,,PALANI C,INDEPENDENT,1,763,763
2016,MLA,29,82,81,,PALANI M,INDEPENDENT,1,763,763
2016,MLA,29,82,81,,PRAKASH R,INDEPENDENT,0,763,763
2016,MLA,29,82,81,,NOTA,0,3,763,763
2016,MLA,29,83,82,,CHANDRAN N,BAHUJAN SAMAJPARTY,32,478,478
2016,MLA,29,83,82,,SELVAPERUNTHAGAI K,INDIAN NATIONALCONGRESS,159,478,478
2016,MLA,29,83,82,,PALANI K,ALL INDIA ANNADRAVIDA MUNNETRAKAZHAGAM,226,478,478
2016,MLA,29,83,82,,MANOHARAN M,BHARATIYA JANATHAPARTY,3,478,478
2016,MLA,29,83,82,,SIVARANJINI B,NAAM TAMILARKATCHI,1,478,478
2016,MLA,29,83,82,,MUTHURAMAN C,PATTALI MAKKALKATCHI,0,478,478
2016,MLA,29,83,82,,LOK JAN SHAKTI PARTYRAVI M,,0,478,478
2016,MLA,29,83,82,,RAJESH V,COMMUNIST PARTYOF INDIA (MARXISTLENINIST) LIBERATION,0,478,478
2016,MLA,29,83,82,,VIDUTHALAIVEERAKUMAR MCHIRUTHAIGAL KATCHI,,53,478,478
2016,MLA,29,83,82,,SELVAM S,INDEPENDENT,0,478,478
2016,MLA,29,83,82,,DILLI A,INDEPENDENT,0,478,478
2016,MLA,29,83,82,,NIRMAL E,INDEPENDENT,1,478,478
2016,MLA,29,83,82,,PALANI C,INDEPENDENT,1,478,478
2016,MLA,29,83,82,,PALANI M,INDEPENDENT,0,478,478
2016,MLA,29,83,82,,PRAKASH R,INDEPENDENT,0,478,478
2016,MLA,29,83,82,,NOTA,0,2,478,478
2016,MLA,29,84,83,,CHANDRAN N,BAHUJAN SAMAJPARTY,6,1163,1163
2016,MLA,29,84,83,,SELVAPERUNTHAGAI K,INDIAN NATIONALCONGRESS,428,1163,1163
2016,MLA,29,84,83,,PALANI K,ALL INDIA ANNADRAVIDA MUNNETRAKAZHAGAM,596,1163,1163
2016,MLA,29,84,83,,MANOHARAN M,BHARATIYA JANATHAPARTY,6,1163,1163
2016,MLA,29,84,83,,SIVARANJINI B,NAAM TAMILARKATCHI,5,1163,1163
2016,MLA,29,84,83,,MUTHURAMAN C,PATTALI MAKKALKATCHI,50,1163,1163
2016,MLA,29,84,83,,LOK JAN SHAKTI PARTYRAVI M,,0,1163,1163
2016,MLA,29,84,83,,RAJESH V,COMMUNIST PARTYOF INDIA (MARXISTLENINIST) LIBERATION,1,1163,1163
2016,MLA,29,84,83,,VIDUTHALAIVEERAKUMAR MCHIRUTHAIGAL KATCHI,,58,1163,1163
2016,MLA,29,84,83,,SELVAM S,INDEPENDENT,1,1163,1163
2016,MLA,29,84,83,,DILLI A,INDEPENDENT,0,1163,1163
2016,MLA,29,84,83,,NIRMAL E,INDEPENDENT,0,1163,1163
2016,MLA,29,84,83,,PALANI C,INDEPENDENT,0,1163,1163
2016,MLA,29,84,83,,PALANI M,INDEPENDENT,4,1163,1163
2016,MLA,29,84,83,,PRAKASH R,INDEPENDENT,5,1163,1163
2016,MLA,29,84,83,,NOTA,0,3,1163,1163
2016,MLA,29,85,84,,CHANDRAN N,BAHUJAN SAMAJPARTY,5,542,542
2016,MLA,29,85,84,,SELVAPERUNTHAGAI K,INDIAN NATIONALCONGRESS,215,542,542
2016,MLA,29,85,84,,PALANI K,ALL INDIA ANNADRAVIDA MUNNETRAKAZHAGAM,244,542,542
2016,MLA,29,85,84,,MANOHARAN M,BHARATIYA JANATHAPARTY,0,542,542
2016,MLA,29,85,84,,SIVARANJINI B,NAAM TAMILARKATCHI,9,542,542
2016,MLA,29,85,84,,MUTHURAMAN C,PATTALI MAKKALKATCHI,2,542,542
2016,MLA,29,85,84,,LOK JAN SHAKTI PARTYRAVI M,,0,542,542
2016,MLA,29,85,84,,RAJESH V,COMMUNIST PARTYOF INDIA (MARXISTLENINIST) LIBERATION,2,542,542
2016,MLA,29,85,84,,VIDUTHALAIVEERAKUMAR MCHIRUTHAIGAL KATCHI,,58,542,542
2016,MLA,29,85,84,,SELVAM S,INDEPENDENT,0,542,542
2016,MLA,29,85,84,,DILLI A,INDEPENDENT,1,542,542
2016,MLA,29,85,84,,NIRMAL E,INDEPENDENT,0,542,542
2016,MLA,29,85,84,,PALANI C,INDEPENDENT,0,542,542
2016,MLA,29,85,84,,PALANI M,INDEPENDENT,0,542,542
2016,MLA,29,85,84,,PRAKASH R,INDEPENDENT,3,542,542
2016,MLA,29,85,84,,NOTA,0,3,542,542
2016,MLA,29,86,85,,CHANDRAN N,BAHUJAN SAMAJPARTY,2,590,590
2016,MLA,29,86,85,,SELVAPERUNTHAGAI K,INDIAN NATIONALCONGRESS,187,590,590
2016,MLA,29,86,85,,PALANI K,ALL INDIA ANNADRAVIDA MUNNETRAKAZHAGAM,298,590,590
2016,MLA,29,86,85,,MANOHARAN M,BHARATIYA JANATHAPARTY,8,590,590
2016,MLA,29,86,85,,SIVARANJINI B,NAAM TAMILARKATCHI,5,590,590
2016,MLA,29,86,85,,MUTHURAMAN C,PATTALI MAKKALKATCHI,7,590,590
2016,MLA,29,86,85,,LOK JAN SHAKTI PARTYRAVI M,,0,590,590
2016,MLA,29,86,85,,RAJESH V,COMMUNIST PARTYOF INDIA (MARXISTLENINIST) LIBERATION,2,590,590
2016,MLA,29,86,85,,VIDUTHALAIVEERAKUMAR MCHIRUTHAIGAL KATCHI,,76,590,590
2016,MLA,29,86,85,,SELVAM S,INDEPENDENT,0,590,590
2016,MLA,29,86,85,,DILLI A,INDEPENDENT,0,590,590
2016,MLA,29,86,85,,NIRMAL E,INDEPENDENT,0,590,590
2016,MLA,29,86,85,,PALANI C,INDEPENDENT,0,590,590
2016,MLA,29,86,85,,PALANI M,INDEPENDENT,1,590,590
2016,MLA,29,86,85,,PRAKASH R,INDEPENDENT,1,590,590
2016,MLA,29,86,85,,NOTA,0,3,590,590
2016,MLA,29,87,86,,CHANDRAN N,BAHUJAN SAMAJPARTY,9,795,795
2016,MLA,29,87,86,,SELVAPERUNTHAGAI K,INDIAN NATIONALCONGRESS,365,795,795
2016,MLA,29,87,86,,PALANI K,ALL INDIA ANNADRAVIDA MUNNETRAKAZHAGAM,340,795,795
2016,MLA,29,87,86,,MANOHARAN M,BHARATIYA JANATHAPARTY,11,795,795
2016,MLA,29,87,86,,SIVARANJINI B,NAAM TAMILARKATCHI,11,795,795
2016,MLA,29,87,86,,MUTHURAMAN C,PATTALI MAKKALKATCHI,6,795,795
2016,MLA,29,87,86,,LOK JAN SHAKTI PARTYRAVI M,,0,795,795
2016,MLA,29,87,86,,RAJESH V,COMMUNIST PARTYOF INDIA (MARXISTLENINIST) LIBERATION,0,795,795
2016,MLA,29,87,86,,VIDUTHALAIVEERAKUMAR MCHIRUTHAIGAL KATCHI,,42,795,795
2016,MLA,29,87,86,,SELVAM S,INDEPENDENT,0,795,795
2016,MLA,29,87,86,,DILLI A,INDEPENDENT,0,795,795
2016,MLA,29,87,86,,NIRMAL E,INDEPENDENT,1,795,795
2016,MLA,29,87,86,,PALANI C,INDEPENDENT,0,795,795
2016,MLA,29,87,86,,PALANI M,INDEPENDENT,2,795,795
2016,MLA,29,87,86,,PRAKASH R,INDEPENDENT,3,795,795
2016,MLA,29,87,86,,NOTA,0,5,795,795
2016,MLA,29,88,87,,CHANDRAN N,BAHUJAN SAMAJPARTY,9,782,782
2016,MLA,29,88,87,,SELVAPERUNTHAGAI K,INDIAN NATIONALCONGRESS,358,782,782
2016,MLA,29,88,87,,PALANI K,ALL INDIA ANNADRAVIDA MUNNETRAKAZHAGAM,338,782,782
2016,MLA,29,88,87,,MANOHARAN M,BHARATIYA JANATHAPARTY,6,782,782
2016,MLA,29,88,87,,SIVARANJINI B,NAAM TAMILARKATCHI,4,782,782
2016,MLA,29,88,87,,MUTHURAMAN C,PATTALI MAKKALKATCHI,8,782,782
2016,MLA,29,88,87,,LOK JAN SHAKTI PARTYRAVI M,,0,782,782
2016,MLA,29,88,87,,RAJESH V,COMMUNIST PARTYOF INDIA (MARXISTLENINIST) LIBERATION,0,782,782
2016,MLA,29,88,87,,VIDUTHALAIVEERAKUMAR MCHIRUTHAIGAL KATCHI,,57,782,782
2016,MLA,29,88,87,,SELVAM S,INDEPENDENT,0,782,782
2016,MLA,29,88,87,,DILLI A,INDEPENDENT,0,782,782
2016,MLA,29,88,87,,NIRMAL E,INDEPENDENT,0,782,782
2016,MLA,29,88,87,,PALANI C,INDEPENDENT,0,782,782
2016,MLA,29,88,87,,PALANI M,INDEPENDENT,1,782,782
2016,MLA,29,88,87,,PRAKASH R,INDEPENDENT,0,782,782
2016,MLA,29,88,87,,NOTA,0,1,782,782
2016,MLA,29,89,88,,CHANDRAN N,BAHUJAN SAMAJPARTY,1,902,902
2016,MLA,29,89,88,,SELVAPERUNTHAGAI K,INDIAN NATIONALCONGRESS,418,902,902
2016,MLA,29,89,88,,PALANI K,ALL INDIA ANNADRAVIDA MUNNETRAKAZHAGAM,366,902,902
2016,MLA,29,89,88,,MANOHARAN M,BHARATIYA JANATHAPARTY,7,902,902
2016,MLA,29,89,88,,SIVARANJINI B,NAAM TAMILARKATCHI,4,902,902
2016,MLA,29,89,88,,MUTHURAMAN C,PATTALI MAKKALKATCHI,56,902,902
2016,MLA,29,89,88,,LOK JAN SHAKTI PARTYRAVI M,,1,902,902
2016,MLA,29,89,88,,RAJESH V,COMMUNIST PARTYOF INDIA (MARXISTLENINIST) LIBERATION,1,902,902
2016,MLA,29,89,88,,VIDUTHALAIVEERAKUMAR MCHIRUTHAIGAL KATCHI,,34,902,902
2016,MLA,29,89,88,,SELVAM S,INDEPENDENT,0,902,902
2016,MLA,29,89,88,,DILLI A,INDEPENDENT,1,902,902
2016,MLA,29,89,88,,NIRMAL E,INDEPENDENT,1,902,902
2016,MLA,29,89,88,,PALANI C,INDEPENDENT,2,902,902
2016,MLA,29,89,88,,PALANI M,INDEPENDENT,0,902,902
2016,MLA,29,89,88,,PRAKASH R,INDEPENDENT,4,902,902
2016,MLA,29,89,88,,NOTA,0,6,902,902
2016,MLA,29,90,89,,CHANDRAN N,BAHUJAN SAMAJPARTY,3,509,509
2016,MLA,29,90,89,,SELVAPERUNTHAGAI K,INDIAN NATIONALCONGRESS,223,509,509
2016,MLA,29,90,89,,PALANI K,ALL INDIA ANNADRAVIDA MUNNETRAKAZHAGAM,234,509,509
2016,MLA,29,90,89,,MANOHARAN M,BHARATIYA JANATHAPARTY,5,509,509
2016,MLA,29,90,89,,SIVARANJINI B,NAAM TAMILARKATCHI,3,509,509
2016,MLA,29,90,89,,MUTHURAMAN C,PATTALI MAKKALKATCHI,12,509,509
2016,MLA,29,90,89,,LOK JAN SHAKTI PARTYRAVI M,,0,509,509
2016,MLA,29,90,89,,RAJESH V,COMMUNIST PARTYOF INDIA (MARXISTLENINIST) LIBERATION,1,509,509
2016,MLA,29,90,89,,VIDUTHALAIVEERAKUMAR MCHIRUTHAIGAL KATCHI,,21,509,509
2016,MLA,29,90,89,,SELVAM S,INDEPENDENT,0,509,509
2016,MLA,29,90,89,,DILLI A,INDEPENDENT,1,509,509
2016,MLA,29,90,89,,NIRMAL E,INDEPENDENT,0,509,509
2016,MLA,29,90,89,,PALANI C,INDEPENDENT,0,509,509
2016,MLA,29,90,89,,PALANI M,INDEPENDENT,1,509,509
2016,MLA,29,90,89,,PRAKASH R,INDEPENDENT,1,509,509
2016,MLA,29,90,89,,NOTA,0,4,509,509
2016,MLA,29,91,90,,CHANDRAN N,BAHUJAN SAMAJPARTY,0,585,585
2016,MLA,29,91,90,,SELVAPERUNTHAGAI K,INDIAN NATIONALCONGRESS,308,585,585
2016,MLA,29,91,90,,PALANI K,ALL INDIA ANNADRAVIDA MUNNETRAKAZHAGAM,202,585,585
2016,MLA,29,91,90,,MANOHARAN M,BHARATIYA JANATHAPARTY,7,585,585
2016,MLA,29,91,90,,SIVARANJINI B,NAAM TAMILARKATCHI,2,585,585
2016,MLA,29,91,90,,MUTHURAMAN C,PATTALI MAKKALKATCHI,31,585,585
2016,MLA,29,91,90,,LOK JAN SHAKTI PARTYRAVI M,,0,585,585
2016,MLA,29,91,90,,RAJESH V,COMMUNIST PARTYOF INDIA (MARXISTLENINIST) LIBERATION,0,585,585
2016,MLA,29,91,90,,VIDUTHALAIVEERAKUMAR MCHIRUTHAIGAL KATCHI,,26,585,585
2016,MLA,29,91,90,,SELVAM S,INDEPENDENT,1,585,585
2016,MLA,29,91,90,,DILLI A,INDEPENDENT,0,585,585
2016,MLA,29,91,90,,NIRMAL E,INDEPENDENT,1,585,585
2016,MLA,29,91,90,,PALANI C,INDEPENDENT,0,585,585
2016,MLA,29,91,90,,PALANI M,INDEPENDENT,1,585,585
2016,MLA,29,91,90,,PRAKASH R,INDEPENDENT,1,585,585
2016,MLA,29,91,90,,NOTA,0,5,585,585
2016,MLA,29,92,91,,CHANDRAN N,BAHUJAN SAMAJPARTY,1,642,642
2016,MLA,29,92,91,,SELVAPERUNTHAGAI K,INDIAN NATIONALCONGRESS,313,642,642
2016,MLA,29,92,91,,PALANI K,ALL INDIA ANNADRAVIDA MUNNETRAKAZHAGAM,201,642,642
2016,MLA,29,92,91,,MANOHARAN M,BHARATIYA JANATHAPARTY,18,642,642
2016,MLA,29,92,91,,SIVARANJINI B,NAAM TAMILARKATCHI,2,642,642
2016,MLA,29,92,91,,MUTHURAMAN C,PATTALI MAKKALKATCHI,27,642,642
2016,MLA,29,92,91,,LOK JAN SHAKTI PARTYRAVI M,,0,642,642
2016,MLA,29,92,91,,RAJESH V,COMMUNIST PARTYOF INDIA (MARXISTLENINIST) LIBERATION,1,642,642
2016,MLA,29,92,91,,VIDUTHALAIVEERAKUMAR MCHIRUTHAIGAL KATCHI,,69,642,642
2016,MLA,29,92,91,,SELVAM S,INDEPENDENT,0,642,642
2016,MLA,29,92,91,,DILLI A,INDEPENDENT,0,642,642
2016,MLA,29,92,91,,NIRMAL E,INDEPENDENT,0,642,642
2016,MLA,29,92,91,,PALANI C,INDEPENDENT,0,642,642
2016,MLA,29,92,91,,PALANI M,INDEPENDENT,0,642,642
2016,MLA,29,92,91,,PRAKASH R,INDEPENDENT,0,642,642
2016,MLA,29,92,91,,NOTA,0,10,642,642
2016,MLA,29,93,92,,CHANDRAN N,BAHUJAN SAMAJPARTY,0,665,665
2016,MLA,29,93,92,,SELVAPERUNTHAGAI K,INDIAN NATIONALCONGRESS,195,665,665
2016,MLA,29,93,92,,PALANI K,ALL INDIA ANNADRAVIDA MUNNETRAKAZHAGAM,336,665,665
2016,MLA,29,93,92,,MANOHARAN M,BHARATIYA JANATHAPARTY,13,665,665
2016,MLA,29,93,92,,SIVARANJINI B,NAAM TAMILARKATCHI,10,665,665
2016,MLA,29,93,92,,MUTHURAMAN C,PATTALI MAKKALKATCHI,31,665,665
2016,MLA,29,93,92,,LOK JAN SHAKTI PARTYRAVI M,,0,665,665
2016,MLA,29,93,92,,RAJESH V,COMMUNIST PARTYOF INDIA (MARXISTLENINIST) LIBERATION,0,665,665
2016,MLA,29,93,92,,VIDUTHALAIVEERAKUMAR MCHIRUTHAIGAL KATCHI,,65,665,665
2016,MLA,29,93,92,,SELVAM S,INDEPENDENT,0,665,665
2016,MLA,29,93,92,,DILLI A,INDEPENDENT,0,665,665
2016,MLA,29,93,92,,NIRMAL E,INDEPENDENT,2,665,665
2016,MLA,29,93,92,,PALANI C,INDEPENDENT,0,665,665
2016,MLA,29,93,92,,PALANI M,INDEPENDENT,1,665,665
2016,MLA,29,93,92,,PRAKASH R,INDEPENDENT,0,665,665
2016,MLA,29,93,92,,NOTA,0,12,665,665
2016,MLA,29,94,93,,CHANDRAN N,BAHUJAN SAMAJPARTY,3,770,770
2016,MLA,29,94,93,,SELVAPERUNTHAGAI K,INDIAN NATIONALCONGRESS,201,770,770
2016,MLA,29,94,93,,PALANI K,ALL INDIA ANNADRAVIDA MUNNETRAKAZHAGAM,276,770,770
2016,MLA,29,94,93,,MANOHARAN M,BHARATIYA JANATHAPARTY,11,770,770
2016,MLA,29,94,93,,SIVARANJINI B,NAAM TAMILARKATCHI,4,770,770
2016,MLA,29,94,93,,MUTHURAMAN C,PATTALI MAKKALKATCHI,239,770,770
2016,MLA,29,94,93,,LOK JAN SHAKTI PARTYRAVI M,,0,770,770
2016,MLA,29,94,93,,RAJESH V,COMMUNIST PARTYOF INDIA (MARXISTLENINIST) LIBERATION,1,770,770
2016,MLA,29,94,93,,VIDUTHALAIVEERAKUMAR MCHIRUTHAIGAL KATCHI,,24,770,770
2016,MLA,29,94,93,,SELVAM S,INDEPENDENT,1,770,770
2016,MLA,29,94,93,,DILLI A,INDEPENDENT,2,770,770
2016,MLA,29,94,93,,NIRMAL E,INDEPENDENT,1,770,770
2016,MLA,29,94,93,,PALANI C,INDEPENDENT,1,770,770
2016,MLA,29,94,93,,PALANI M,INDEPENDENT,0,770,770
2016,MLA,29,94,93,,PRAKASH R,INDEPENDENT,2,770,770
2016,MLA,29,94,93,,NOTA,0,4,770,770
2016,MLA,29,95,94,,CHANDRAN N,BAHUJAN SAMAJPARTY,2,979,979
2016,MLA,29,95,94,,SELVAPERUNTHAGAI K,INDIAN NATIONALCONGRESS,298,979,979
2016,MLA,29,95,94,,PALANI K,ALL INDIA ANNADRAVIDA MUNNETRAKAZHAGAM,499,979,979
2016,MLA,29,95,94,,MANOHARAN M,BHARATIYA JANATHAPARTY,11,979,979
2016,MLA,29,95,94,,SIVARANJINI B,NAAM TAMILARKATCHI,2,979,979
2016,MLA,29,95,94,,MUTHURAMAN C,PATTALI MAKKALKATCHI,108,979,979
2016,MLA,29,95,94,,LOK JAN SHAKTI PARTYRAVI M,,0,979,979
2016,MLA,29,95,94,,RAJESH V,COMMUNIST PARTYOF INDIA (MARXISTLENINIST) LIBERATION,0,979,979
2016,MLA,29,95,94,,VIDUTHALAIVEERAKUMAR MCHIRUTHAIGAL KATCHI,,48,979,979
2016,MLA,29,95,94,,SELVAM S,INDEPENDENT,0,979,979
2016,MLA,29,95,94,,DILLI A,INDEPENDENT,0,979,979
2016,MLA,29,95,94,,NIRMAL E,INDEPENDENT,0,979,979
2016,MLA,29,95,94,,PALANI C,INDEPENDENT,0,979,979
2016,MLA,29,95,94,,PALANI M,INDEPENDENT,1,979,979
2016,MLA,29,95,94,,PRAKASH R,INDEPENDENT,2,979,979
2016,MLA,29,95,94,,NOTA,0,8,979,979
2016,MLA,29,96,95,,CHANDRAN N,BAHUJAN SAMAJPARTY,10,830,830
2016,MLA,29,96,95,,SELVAPERUNTHAGAI K,INDIAN NATIONALCONGRESS,277,830,830
2016,MLA,29,96,95,,PALANI K,ALL INDIA ANNADRAVIDA MUNNETRAKAZHAGAM,393,830,830
2016,MLA,29,96,95,,MANOHARAN M,BHARATIYA JANATHAPARTY,13,830,830
2016,MLA,29,96,95,,SIVARANJINI B,NAAM TAMILARKATCHI,1,830,830
2016,MLA,29,96,95,,MUTHURAMAN C,PATTALI MAKKALKATCHI,81,830,830
2016,MLA,29,96,95,,LOK JAN SHAKTI PARTYRAVI M,,3,830,830
2016,MLA,29,96,95,,RAJESH V,COMMUNIST PARTYOF INDIA (MARXISTLENINIST) LIBERATION,1,830,830
2016,MLA,29,96,95,,VIDUTHALAIVEERAKUMAR MCHIRUTHAIGAL KATCHI,,34,830,830
2016,MLA,29,96,95,,SELVAM S,INDEPENDENT,2,830,830
2016,MLA,29,96,95,,DILLI A,INDEPENDENT,1,830,830
2016,MLA,29,96,95,,NIRMAL E,INDEPENDENT,1,830,830
2016,MLA,29,96,95,,PALANI C,INDEPENDENT,0,830,830
2016,MLA,29,96,95,,PALANI M,INDEPENDENT,5,830,830
2016,MLA,29,96,95,,PRAKASH R,INDEPENDENT,1,830,830
2016,MLA,29,96,95,,NOTA,0,7,830,830
2016,MLA,29,97,96,,CHANDRAN N,BAHUJAN SAMAJPARTY,6,711,711
2016,MLA,29,97,96,,SELVAPERUNTHAGAI K,INDIAN NATIONALCONGRESS,190,711,711
2016,MLA,29,97,96,,PALANI K,ALL INDIA ANNADRAVIDA MUNNETRAKAZHAGAM,291,711,711
2016,MLA,29,97,96,,MANOHARAN M,BHARATIYA JANATHAPARTY,11,711,711
2016,MLA,29,97,96,,SIVARANJINI B,NAAM TAMILARKATCHI,4,711,711
2016,MLA,29,97,96,,MUTHURAMAN C,PATTALI MAKKALKATCHI,153,711,711
2016,MLA,29,97,96,,LOK JAN SHAKTI PARTYRAVI M,,0,711,711
2016,MLA,29,97,96,,RAJESH V,COMMUNIST PARTYOF INDIA (MARXISTLENINIST) LIBERATION,1,711,711
2016,MLA,29,97,96,,VIDUTHALAIVEERAKUMAR MCHIRUTHAIGAL KATCHI,,46,711,711
2016,MLA,29,97,96,,SELVAM S,INDEPENDENT,0,711,711
2016,MLA,29,97,96,,DILLI A,INDEPENDENT,0,711,711
2016,MLA,29,97,96,,NIRMAL E,INDEPENDENT,0,711,711
2016,MLA,29,97,96,,PALANI C,INDEPENDENT,1,711,711
2016,MLA,29,97,96,,PALANI M,INDEPENDENT,0,711,711
2016,MLA,29,97,96,,PRAKASH R,INDEPENDENT,0,711,711
2016,MLA,29,97,96,,NOTA,0,8,711,711
2016,MLA,29,98,97,,CHANDRAN N,BAHUJAN SAMAJPARTY,7,743,743
2016,MLA,29,98,97,,SELVAPERUNTHAGAI K,INDIAN NATIONALCONGRESS,123,743,743
2016,MLA,29,98,97,,PALANI K,ALL INDIA ANNADRAVIDA MUNNETRAKAZHAGAM,375,743,743
2016,MLA,29,98,97,,MANOHARAN M,BHARATIYA JANATHAPARTY,13,743,743
2016,MLA,29,98,97,,SIVARANJINI B,NAAM TAMILARKATCHI,11,743,743
2016,MLA,29,98,97,,MUTHURAMAN C,PATTALI MAKKALKATCHI,21,743,743
2016,MLA,29,98,97,,LOK JAN SHAKTI PARTYRAVI M,,0,743,743
2016,MLA,29,98,97,,RAJESH V,COMMUNIST PARTYOF INDIA (MARXISTLENINIST) LIBERATION,2,743,743
2016,MLA,29,98,97,,VIDUTHALAIVEERAKUMAR MCHIRUTHAIGAL KATCHI,,182,743,743
2016,MLA,29,98,97,,SELVAM S,INDEPENDENT,1,743,743
2016,MLA,29,98,97,,DILLI A,INDEPENDENT,1,743,743
2016,MLA,29,98,97,,NIRMAL E,INDEPENDENT,0,743,743
2016,MLA,29,98,97,,PALANI C,INDEPENDENT,0,743,743
2016,MLA,29,98,97,,PALANI M,INDEPENDENT,4,743,743
2016,MLA,29,98,97,,PRAKASH R,INDEPENDENT,0,743,743
2016,MLA,29,98,97,,NOTA,0,3,743,743
2016,MLA,29,99,98,,CHANDRAN N,BAHUJAN SAMAJPARTY,9,668,668
2016,MLA,29,99,98,,SELVAPERUNTHAGAI K,INDIAN NATIONALCONGRESS,269,668,668
2016,MLA,29,99,98,,PALANI K,ALL INDIA ANNADRAVIDA MUNNETRAKAZHAGAM,326,668,668
2016,MLA,29,99,98,,MANOHARAN M,BHARATIYA JANATHAPARTY,2,668,668
2016,MLA,29,99,98,,SIVARANJINI B,NAAM TAMILARKATCHI,7,668,668
2016,MLA,29,99,98,,MUTHURAMAN C,PATTALI MAKKALKATCHI,11,668,668
2016,MLA,29,99,98,,LOK JAN SHAKTI PARTYRAVI M,,1,668,668
2016,MLA,29,99,98,,RAJESH V,COMMUNIST PARTYOF INDIA (MARXISTLENINIST) LIBERATION,1,668,668
2016,MLA,29,99,98,,VIDUTHALAIVEERAKUMAR MCHIRUTHAIGAL KATCHI,,33,668,668
2016,MLA,29,99,98,,SELVAM S,INDEPENDENT,1,668,668
2016,MLA,29,99,98,,DILLI A,INDEPENDENT,0,668,668
2016,MLA,29,99,98,,NIRMAL E,INDEPENDENT,1,668,668
2016,MLA,29,99,98,,PALANI C,INDEPENDENT,0,668,668
2016,MLA,29,99,98,,PALANI M,INDEPENDENT,0,668,668
2016,MLA,29,99,98,,PRAKASH R,INDEPENDENT,0,668,668
2016,MLA,29,99,98,,NOTA,0,7,668,668
2016,MLA,29,100,99,,CHANDRAN N,BAHUJAN SAMAJPARTY,7,729,729
2016,MLA,29,100,99,,SELVAPERUNTHAGAI K,INDIAN NATIONALCONGRESS,260,729,729
2016,MLA,29,100,99,,PALANI K,ALL INDIA ANNADRAVIDA MUNNETRAKAZHAGAM,358,729,729
2016,MLA,29,100,99,,MANOHARAN M,BHARATIYA JANATHAPARTY,14,729,729
2016,MLA,29,100,99,,SIVARANJINI B,NAAM TAMILARKATCHI,11,729,729
2016,MLA,29,100,99,,MUTHURAMAN C,PATTALI MAKKALKATCHI,30,729,729
2016,MLA,29,100,99,,LOK JAN SHAKTI PARTYRAVI M,,1,729,729
2016,MLA,29,100,99,,RAJESH V,COMMUNIST PARTYOF INDIA (MARXISTLENINIST) LIBERATION,1,729,729
2016,MLA,29,100,99,,VIDUTHALAIVEERAKUMAR MCHIRUTHAIGAL KATCHI,,37,729,729
2016,MLA,29,100,99,,SELVAM S,INDEPENDENT,0,729,729
2016,MLA,29,100,99,,DILLI A,INDEPENDENT,0,729,729
2016,MLA,29,100,99,,NIRMAL E,INDEPENDENT,0,729,729
2016,MLA,29,100,99,,PALANI C,INDEPENDENT,1,729,729
2016,MLA,29,100,99,,PALANI M,INDEPENDENT,0,729,729
2016,MLA,29,100,99,,PRAKASH R,INDEPENDENT,1,729,729
2016,MLA,29,100,99,,NOTA,0,8,729,729
2016,MLA,29,101,100,,CHANDRAN N,BAHUJAN SAMAJPARTY,4,771,771
2016,MLA,29,101,100,,SELVAPERUNTHAGAI K,INDIAN NATIONALCONGRESS,401,771,771
2016,MLA,29,101,100,,PALANI K,ALL INDIA ANNADRAVIDA MUNNETRAKAZHAGAM,227,771,771
2016,MLA,29,101,100,,MANOHARAN M,BHARATIYA JANATHAPARTY,14,771,771
2016,MLA,29,101,100,,SIVARANJINI B,NAAM TAMILARKATCHI,5,771,771
2016,MLA,29,101,100,,MUTHURAMAN C,PATTALI MAKKALKATCHI,57,771,771
2016,MLA,29,101,100,,LOK JAN SHAKTI PARTYRAVI M,,0,771,771
2016,MLA,29,101,100,,RAJESH V,COMMUNIST PARTYOF INDIA (MARXISTLENINIST) LIBERATION,0,771,771
2016,MLA,29,101,100,,VIDUTHALAIVEERAKUMAR MCHIRUTHAIGAL KATCHI,,58,771,771
2016,MLA,29,101,100,,SELVAM S,INDEPENDENT,0,771,771
2016,MLA,29,101,100,,DILLI A,INDEPENDENT,1,771,771
2016,MLA,29,101,100,,NIRMAL E,INDEPENDENT,0,771,771
2016,MLA,29,101,100,,PALANI C,INDEPENDENT,0,771,771
2016,MLA,29,101,100,,PALANI M,INDEPENDENT,0,771,771
2016,MLA,29,101,100,,PRAKASH R,INDEPENDENT,0,771,771
2016,MLA,29,101,100,,NOTA,0,4,771,771
2016,MLA,29,102,101,,CHANDRAN N,BAHUJAN SAMAJPARTY,1,663,663
2016,MLA,29,102,101,,SELVAPERUNTHAGAI K,INDIAN NATIONALCONGRESS,302,663,663
2016,MLA,29,102,101,,PALANI K,ALL INDIA ANNADRAVIDA MUNNETRAKAZHAGAM,265,663,663
2016,MLA,29,102,101,,MANOHARAN M,BHARATIYA JANATHAPARTY,12,663,663
2016,MLA,29,102,101,,SIVARANJINI B,NAAM TAMILARKATCHI,5,663,663
2016,MLA,29,102,101,,MUTHURAMAN C,PATTALI MAKKALKATCHI,15,663,663
2016,MLA,29,102,101,,LOK JAN SHAKTI PARTYRAVI M,,0,663,663
2016,MLA,29,102,101,,RAJESH V,COMMUNIST PARTYOF INDIA (MARXISTLENINIST) LIBERATION,0,663,663
2016,MLA,29,102,101,,VIDUTHALAIVEERAKUMAR MCHIRUTHAIGAL KATCHI,,50,663,663
2016,MLA,29,102,101,,SELVAM S,INDEPENDENT,0,663,663
2016,MLA,29,102,101,,DILLI A,INDEPENDENT,0,663,663
2016,MLA,29,102,101,,NIRMAL E,INDEPENDENT,0,663,663
2016,MLA,29,102,101,,PALANI C,INDEPENDENT,0,663,663
2016,MLA,29,102,101,,PALANI M,INDEPENDENT,0,663,663
2016,MLA,29,102,101,,PRAKASH R,INDEPENDENT,1,663,663
2016,MLA,29,102,101,,NOTA,0,12,663,663
2016,MLA,29,103,102,,CHANDRAN N,BAHUJAN SAMAJPARTY,2,614,614
2016,MLA,29,103,102,,SELVAPERUNTHAGAI K,INDIAN NATIONALCONGRESS,246,614,614
2016,MLA,29,103,102,,PALANI K,ALL INDIA ANNADRAVIDA MUNNETRAKAZHAGAM,267,614,614
2016,MLA,29,103,102,,MANOHARAN M,BHARATIYA JANATHAPARTY,10,614,614
2016,MLA,29,103,102,,SIVARANJINI B,NAAM TAMILARKATCHI,11,614,614
2016,MLA,29,103,102,,MUTHURAMAN C,PATTALI MAKKALKATCHI,7,614,614
2016,MLA,29,103,102,,LOK JAN SHAKTI PARTYRAVI M,,1,614,614
2016,MLA,29,103,102,,RAJESH V,COMMUNIST PARTYOF INDIA (MARXISTLENINIST) LIBERATION,1,614,614
2016,MLA,29,103,102,,VIDUTHALAIVEERAKUMAR MCHIRUTHAIGAL KATCHI,,46,614,614
2016,MLA,29,103,102,,SELVAM S,INDEPENDENT,1,614,614
2016,MLA,29,103,102,,DILLI A,INDEPENDENT,1,614,614
2016,MLA,29,103,102,,NIRMAL E,INDEPENDENT,2,614,614
2016,MLA,29,103,102,,PALANI C,INDEPENDENT,1,614,614
2016,MLA,29,103,102,,PALANI M,INDEPENDENT,0,614,614
2016,MLA,29,103,102,,PRAKASH R,INDEPENDENT,1,614,614
2016,MLA,29,103,102,,NOTA,0,17,614,614
2016,MLA,29,104,103,,CHANDRAN N,BAHUJAN SAMAJPARTY,0,600,600
2016,MLA,29,104,103,,SELVAPERUNTHAGAI K,INDIAN NATIONALCONGRESS,241,600,600
2016,MLA,29,104,103,,PALANI K,ALL INDIA ANNADRAVIDA MUNNETRAKAZHAGAM,277,600,600
2016,MLA,29,104,103,,MANOHARAN M,BHARATIYA JANATHAPARTY,5,600,600
2016,MLA,29,104,103,,SIVARANJINI B,NAAM TAMILARKATCHI,14,600,600
2016,MLA,29,104,103,,MUTHURAMAN C,PATTALI MAKKALKATCHI,16,600,600
2016,MLA,29,104,103,,LOK JAN SHAKTI PARTYRAVI M,,0,600,600
2016,MLA,29,104,103,,RAJESH V,COMMUNIST PARTYOF INDIA (MARXISTLENINIST) LIBERATION,0,600,600
2016,MLA,29,104,103,,VIDUTHALAIVEERAKUMAR MCHIRUTHAIGAL KATCHI,,33,600,600
2016,MLA,29,104,103,,SELVAM S,INDEPENDENT,0,600,600
2016,MLA,29,104,103,,DILLI A,INDEPENDENT,0,600,600
2016,MLA,29,104,103,,NIRMAL E,INDEPENDENT,0,600,600
2016,MLA,29,104,103,,PALANI C,INDEPENDENT,4,600,600
2016,MLA,29,104,103,,PALANI M,INDEPENDENT,1,600,600
2016,MLA,29,104,103,,PRAKASH R,INDEPENDENT,1,600,600
2016,MLA,29,104,103,,NOTA,0,8,600,600
2016,MLA,29,105,104,,CHANDRAN N,BAHUJAN SAMAJPARTY,1,930,930
2016,MLA,29,105,104,,SELVAPERUNTHAGAI K,INDIAN NATIONALCONGRESS,324,930,930
2016,MLA,29,105,104,,PALANI K,ALL INDIA ANNADRAVIDA MUNNETRAKAZHAGAM,475,930,930
2016,MLA,29,105,104,,MANOHARAN M,BHARATIYA JANATHAPARTY,12,930,930
2016,MLA,29,105,104,,SIVARANJINI B,NAAM TAMILARKATCHI,20,930,930
2016,MLA,29,105,104,,MUTHURAMAN C,PATTALI MAKKALKATCHI,13,930,930
2016,MLA,29,105,104,,LOK JAN SHAKTI PARTYRAVI M,,0,930,930
2016,MLA,29,105,104,,RAJESH V,COMMUNIST PARTYOF INDIA (MARXISTLENINIST) LIBERATION,2,930,930
2016,MLA,29,105,104,,VIDUTHALAIVEERAKUMAR MCHIRUTHAIGAL KATCHI,,61,930,930
2016,MLA,29,105,104,,SELVAM S,INDEPENDENT,1,930,930
2016,MLA,29,105,104,,DILLI A,INDEPENDENT,0,930,930
2016,MLA,29,105,104,,NIRMAL E,INDEPENDENT,2,930,930
2016,MLA,29,105,104,,PALANI C,INDEPENDENT,0,930,930
2016,MLA,29,105,104,,PALANI M,INDEPENDENT,2,930,930
2016,MLA,29,105,104,,PRAKASH R,INDEPENDENT,2,930,930
2016,MLA,29,105,104,,NOTA,0,15,930,930
2016,MLA,29,106,105,,CHANDRAN N,BAHUJAN SAMAJPARTY,0,815,815
2016,MLA,29,106,105,,SELVAPERUNTHAGAI K,INDIAN NATIONALCONGRESS,290,815,815
2016,MLA,29,106,105,,PALANI K,ALL INDIA ANNADRAVIDA MUNNETRAKAZHAGAM,458,815,815
2016,MLA,29,106,105,,MANOHARAN M,BHARATIYA JANATHAPARTY,7,815,815
2016,MLA,29,106,105,,SIVARANJINI B,NAAM TAMILARKATCHI,2,815,815
2016,MLA,29,106,105,,MUTHURAMAN C,PATTALI MAKKALKATCHI,5,815,815
2016,MLA,29,106,105,,LOK JAN SHAKTI PARTYRAVI M,,0,815,815
2016,MLA,29,106,105,,RAJESH V,COMMUNIST PARTYOF INDIA (MARXISTLENINIST) LIBERATION,0,815,815
2016,MLA,29,106,105,,VIDUTHALAIVEERAKUMAR MCHIRUTHAIGAL KATCHI,,38,815,815
2016,MLA,29,106,105,,SELVAM S,INDEPENDENT,2,815,815
2016,MLA,29,106,105,,DILLI A,INDEPENDENT,0,815,815
2016,MLA,29,106,105,,NIRMAL E,INDEPENDENT,1,815,815
2016,MLA,29,106,105,,PALANI C,INDEPENDENT,1,815,815
2016,MLA,29,106,105,,PALANI M,INDEPENDENT,3,815,815
2016,MLA,29,106,105,,PRAKASH R,INDEPENDENT,0,815,815
2016,MLA,29,106,105,,NOTA,0,8,815,815
2016,MLA,29,107,106,,CHANDRAN N,BAHUJAN SAMAJPARTY,0,738,738
2016,MLA,29,107,106,,SELVAPERUNTHAGAI K,INDIAN NATIONALCONGRESS,293,738,738
2016,MLA,29,107,106,,PALANI K,ALL INDIA ANNADRAVIDA MUNNETRAKAZHAGAM,346,738,738
2016,MLA,29,107,106,,MANOHARAN M,BHARATIYA JANATHAPARTY,7,738,738
2016,MLA,29,107,106,,SIVARANJINI B,NAAM TAMILARKATCHI,12,738,738
2016,MLA,29,107,106,,MUTHURAMAN C,PATTALI MAKKALKATCHI,24,738,738
2016,MLA,29,107,106,,LOK JAN SHAKTI PARTYRAVI M,,0,738,738
2016,MLA,29,107,106,,RAJESH V,COMMUNIST PARTYOF INDIA (MARXISTLENINIST) LIBERATION,0,738,738
2016,MLA,29,107,106,,VIDUTHALAIVEERAKUMAR MCHIRUTHAIGAL KATCHI,,40,738,738
2016,MLA,29,107,106,,SELVAM S,INDEPENDENT,0,738,738
2016,MLA,29,107,106,,DILLI A,INDEPENDENT,0,738,738
2016,MLA,29,107,106,,NIRMAL E,INDEPENDENT,0,738,738
2016,MLA,29,107,106,,PALANI C,INDEPENDENT,0,738,738
2016,MLA,29,107,106,,PALANI M,INDEPENDENT,2,738,738
2016,MLA,29,107,106,,PRAKASH R,INDEPENDENT,0,738,738
2016,MLA,29,107,106,,NOTA,0,14,738,738
2016,MLA,29,108,107,,CHANDRAN N,BAHUJAN SAMAJPARTY,0,918,918
2016,MLA,29,108,107,,SELVAPERUNTHAGAI K,INDIAN NATIONALCONGRESS,289,918,918
2016,MLA,29,108,107,,PALANI K,ALL INDIA ANNADRAVIDA MUNNETRAKAZHAGAM,492,918,918
2016,MLA,29,108,107,,MANOHARAN M,BHARATIYA JANATHAPARTY,9,918,918
2016,MLA,29,108,107,,SIVARANJINI B,NAAM TAMILARKATCHI,18,918,918
2016,MLA,29,108,107,,MUTHURAMAN C,PATTALI MAKKALKATCHI,18,918,918
2016,MLA,29,108,107,,LOK JAN SHAKTI PARTYRAVI M,,0,918,918
2016,MLA,29,108,107,,RAJESH V,COMMUNIST PARTYOF INDIA (MARXISTLENINIST) LIBERATION,1,918,918
2016,MLA,29,108,107,,VIDUTHALAIVEERAKUMAR MCHIRUTHAIGAL KATCHI,,76,918,918
2016,MLA,29,108,107,,SELVAM S,INDEPENDENT,2,918,918
2016,MLA,29,108,107,,DILLI A,INDEPENDENT,0,918,918
2016,MLA,29,108,107,,NIRMAL E,INDEPENDENT,0,918,918
2016,MLA,29,108,107,,PALANI C,INDEPENDENT,2,918,918
2016,MLA,29,108,107,,PALANI M,INDEPENDENT,2,918,918
2016,MLA,29,108,107,,PRAKASH R,INDEPENDENT,0,918,918
2016,MLA,29,108,107,,NOTA,0,9,918,918
2016,MLA,29,109,108,,CHANDRAN N,BAHUJAN SAMAJPARTY,3,558,558
2016,MLA,29,109,108,,SELVAPERUNTHAGAI K,INDIAN NATIONALCONGRESS,222,558,558
2016,MLA,29,109,108,,PALANI K,ALL INDIA ANNADRAVIDA MUNNETRAKAZHAGAM,264,558,558
2016,MLA,29,109,108,,MANOHARAN M,BHARATIYA JANATHAPARTY,6,558,558
2016,MLA,29,109,108,,SIVARANJINI B,NAAM TAMILARKATCHI,9,558,558
2016,MLA,29,109,108,,MUTHURAMAN C,PATTALI MAKKALKATCHI,11,558,558
2016,MLA,29,109,108,,LOK JAN SHAKTI PARTYRAVI M,,0,558,558
2016,MLA,29,109,108,,RAJESH V,COMMUNIST PARTYOF INDIA (MARXISTLENINIST) LIBERATION,0,558,558
2016,MLA,29,109,108,,VIDUTHALAIVEERAKUMAR MCHIRUTHAIGAL KATCHI,,32,558,558
2016,MLA,29,109,108,,SELVAM S,INDEPENDENT,0,558,558
2016,MLA,29,109,108,,DILLI A,INDEPENDENT,0,558,558
2016,MLA,29,109,108,,NIRMAL E,INDEPENDENT,0,558,558
2016,MLA,29,109,108,,PALANI C,INDEPENDENT,0,558,558
2016,MLA,29,109,108,,PALANI M,INDEPENDENT,1,558,558
2016,MLA,29,109,108,,PRAKASH R,INDEPENDENT,1,558,558
2016,MLA,29,109,108,,NOTA,0,9,558,558
2016,MLA,29,110,109,,CHANDRAN N,BAHUJAN SAMAJPARTY,2,698,698
2016,MLA,29,110,109,,SELVAPERUNTHAGAI K,INDIAN NATIONALCONGRESS,186,698,698
2016,MLA,29,110,109,,PALANI K,ALL INDIA ANNADRAVIDA MUNNETRAKAZHAGAM,416,698,698
2016,MLA,29,110,109,,MANOHARAN M,BHARATIYA JANATHAPARTY,2,698,698
2016,MLA,29,110,109,,SIVARANJINI B,NAAM TAMILARKATCHI,13,698,698
2016,MLA,29,110,109,,MUTHURAMAN C,PATTALI MAKKALKATCHI,21,698,698
2016,MLA,29,110,109,,LOK JAN SHAKTI PARTYRAVI M,,0,698,698
2016,MLA,29,110,109,,RAJESH V,COMMUNIST PARTYOF INDIA (MARXISTLENINIST) LIBERATION,0,698,698
2016,MLA,29,110,109,,VIDUTHALAIVEERAKUMAR MCHIRUTHAIGAL KATCHI,,44,698,698
2016,MLA,29,110,109,,SELVAM S,INDEPENDENT,0,698,698
2016,MLA,29,110,109,,DILLI A,INDEPENDENT,0,698,698
2016,MLA,29,110,109,,NIRMAL E,INDEPENDENT,1,698,698
2016,MLA,29,110,109,,PALANI C,INDEPENDENT,0,698,698
2016,MLA,29,110,109,,PALANI M,INDEPENDENT,2,698,698
2016,MLA,29,110,109,,PRAKASH R,INDEPENDENT,0,698,698
2016,MLA,29,110,109,,NOTA,0,11,698,698
2016,MLA,29,111,110,,CHANDRAN N,BAHUJAN SAMAJPARTY,2,709,709
2016,MLA,29,111,110,,SELVAPERUNTHAGAI K,INDIAN NATIONALCONGRESS,285,709,709
2016,MLA,29,111,110,,PALANI K,ALL INDIA ANNADRAVIDA MUNNETRAKAZHAGAM,342,709,709
2016,MLA,29,111,110,,MANOHARAN M,BHARATIYA JANATHAPARTY,11,709,709
2016,MLA,29,111,110,,SIVARANJINI B,NAAM TAMILARKATCHI,5,709,709
2016,MLA,29,111,110,,MUTHURAMAN C,PATTALI MAKKALKATCHI,7,709,709
2016,MLA,29,111,110,,LOK JAN SHAKTI PARTYRAVI M,,0,709,709
2016,MLA,29,111,110,,RAJESH V,COMMUNIST PARTYOF INDIA (MARXISTLENINIST) LIBERATION,0,709,709
2016,MLA,29,111,110,,VIDUTHALAIVEERAKUMAR MCHIRUTHAIGAL KATCHI,,47,709,709
2016,MLA,29,111,110,,SELVAM S,INDEPENDENT,1,709,709
2016,MLA,29,111,110,,DILLI A,INDEPENDENT,0,709,709
2016,MLA,29,111,110,,NIRMAL E,INDEPENDENT,0,709,709
2016,MLA,29,111,110,,PALANI C,INDEPENDENT,0,709,709
2016,MLA,29,111,110,,PALANI M,INDEPENDENT,1,709,709
2016,MLA,29,111,110,,PRAKASH R,INDEPENDENT,1,709,709
2016,MLA,29,111,110,,NOTA,0,7,709,709
2016,MLA,29,112,111,,CHANDRAN N,BAHUJAN SAMAJPARTY,0,410,410
2016,MLA,29,112,111,,SELVAPERUNTHAGAI K,INDIAN NATIONALCONGRESS,144,410,410
2016,MLA,29,112,111,,PALANI K,ALL INDIA ANNADRAVIDA MUNNETRAKAZHAGAM,213,410,410
2016,MLA,29,112,111,,MANOHARAN M,BHARATIYA JANATHAPARTY,2,410,410
2016,MLA,29,112,111,,SIVARANJINI B,NAAM TAMILARKATCHI,3,410,410
2016,MLA,29,112,111,,MUTHURAMAN C,PATTALI MAKKALKATCHI,10,410,410
2016,MLA,29,112,111,,LOK JAN SHAKTI PARTYRAVI M,,0,410,410
2016,MLA,29,112,111,,RAJESH V,COMMUNIST PARTYOF INDIA (MARXISTLENINIST) LIBERATION,0,410,410
2016,MLA,29,112,111,,VIDUTHALAIVEERAKUMAR MCHIRUTHAIGAL KATCHI,,34,410,410
2016,MLA,29,112,111,,SELVAM S,INDEPENDENT,0,410,410
2016,MLA,29,112,111,,DILLI A,INDEPENDENT,0,410,410
2016,MLA,29,112,111,,NIRMAL E,INDEPENDENT,1,410,410
2016,MLA,29,112,111,,PALANI C,INDEPENDENT,1,410,410
2016,MLA,29,112,111,,PALANI M,INDEPENDENT,0,410,410
2016,MLA,29,112,111,,PRAKASH R,INDEPENDENT,1,410,410
2016,MLA,29,112,111,,NOTA,0,1,410,410
2016,MLA,29,113,112,,CHANDRAN N,BAHUJAN SAMAJPARTY,0,844,844
2016,MLA,29,113,112,,SELVAPERUNTHAGAI K,INDIAN NATIONALCONGRESS,257,844,844
2016,MLA,29,113,112,,PALANI K,ALL INDIA ANNADRAVIDA MUNNETRAKAZHAGAM,470,844,844
2016,MLA,29,113,112,,MANOHARAN M,BHARATIYA JANATHAPARTY,10,844,844
2016,MLA,29,113,112,,SIVARANJINI B,NAAM TAMILARKATCHI,9,844,844
2016,MLA,29,113,112,,MUTHURAMAN C,PATTALI MAKKALKATCHI,16,844,844
2016,MLA,29,113,112,,LOK JAN SHAKTI PARTYRAVI M,,0,844,844
2016,MLA,29,113,112,,RAJESH V,COMMUNIST PARTYOF INDIA (MARXISTLENINIST) LIBERATION,1,844,844
2016,MLA,29,113,112,,VIDUTHALAIVEERAKUMAR MCHIRUTHAIGAL KATCHI,,63,844,844
2016,MLA,29,113,112,,SELVAM S,INDEPENDENT,0,844,844
2016,MLA,29,113,112,,DILLI A,INDEPENDENT,0,844,844
2016,MLA,29,113,112,,NIRMAL E,INDEPENDENT,1,844,844
2016,MLA,29,113,112,,PALANI C,INDEPENDENT,1,844,844
2016,MLA,29,113,112,,PALANI M,INDEPENDENT,2,844,844
2016,MLA,29,113,112,,PRAKASH R,INDEPENDENT,0,844,844
2016,MLA,29,113,112,,NOTA,0,14,844,844
2016,MLA,29,114,113,,CHANDRAN N,BAHUJAN SAMAJPARTY,0,591,591
2016,MLA,29,114,113,,SELVAPERUNTHAGAI K,INDIAN NATIONALCONGRESS,181,591,591
2016,MLA,29,114,113,,PALANI K,ALL INDIA ANNADRAVIDA MUNNETRAKAZHAGAM,355,591,591
2016,MLA,29,114,113,,MANOHARAN M,BHARATIYA JANATHAPARTY,6,591,591
2016,MLA,29,114,113,,SIVARANJINI B,NAAM TAMILARKATCHI,7,591,591
2016,MLA,29,114,113,,MUTHURAMAN C,PATTALI MAKKALKATCHI,22,591,591
2016,MLA,29,114,113,,LOK JAN SHAKTI PARTYRAVI M,,0,591,591
2016,MLA,29,114,113,,RAJESH V,COMMUNIST PARTYOF INDIA (MARXISTLENINIST) LIBERATION,0,591,591
2016,MLA,29,114,113,,VIDUTHALAIVEERAKUMAR MCHIRUTHAIGAL KATCHI,,15,591,591
2016,MLA,29,114,113,,SELVAM S,INDEPENDENT,0,591,591
2016,MLA,29,114,113,,DILLI A,INDEPENDENT,0,591,591
2016,MLA,29,114,113,,NIRMAL E,INDEPENDENT,0,591,591
2016,MLA,29,114,113,,PALANI C,INDEPENDENT,1,591,591
2016,MLA,29,114,113,,PALANI M,INDEPENDENT,2,591,591
2016,MLA,29,114,113,,PRAKASH R,INDEPENDENT,0,591,591
2016,MLA,29,114,113,,NOTA,0,2,591,591
2016,MLA,29,115,114,,CHANDRAN N,BAHUJAN SAMAJPARTY,2,620,620
2016,MLA,29,115,114,,SELVAPERUNTHAGAI K,INDIAN NATIONALCONGRESS,264,620,620
2016,MLA,29,115,114,,PALANI K,ALL INDIA ANNADRAVIDA MUNNETRAKAZHAGAM,285,620,620
2016,MLA,29,115,114,,MANOHARAN M,BHARATIYA JANATHAPARTY,3,620,620
2016,MLA,29,115,114,,SIVARANJINI B,NAAM TAMILARKATCHI,4,620,620
2016,MLA,29,115,114,,MUTHURAMAN C,PATTALI MAKKALKATCHI,39,620,620
2016,MLA,29,115,114,,LOK JAN SHAKTI PARTYRAVI M,,1,620,620
2016,MLA,29,115,114,,RAJESH V,COMMUNIST PARTYOF INDIA (MARXISTLENINIST) LIBERATION,1,620,620
2016,MLA,29,115,114,,VIDUTHALAIVEERAKUMAR MCHIRUTHAIGAL KATCHI,,8,620,620
2016,MLA,29,115,114,,SELVAM S,INDEPENDENT,0,620,620
2016,MLA,29,115,114,,DILLI A,INDEPENDENT,0,620,620
2016,MLA,29,115,114,,NIRMAL E,INDEPENDENT,0,620,620
2016,MLA,29,115,114,,PALANI C,INDEPENDENT,1,620,620
2016,MLA,29,115,114,,PALANI M,INDEPENDENT,3,620,620
2016,MLA,29,115,114,,PRAKASH R,INDEPENDENT,0,620,620
2016,MLA,29,115,114,,NOTA,0,9,620,620
2016,MLA,29,116,115,,CHANDRAN N,BAHUJAN SAMAJPARTY,4,1083,1083
2016,MLA,29,116,115,,SELVAPERUNTHAGAI K,INDIAN NATIONALCONGRESS,418,1083,1083
2016,MLA,29,116,115,,PALANI K,ALL INDIA ANNADRAVIDA MUNNETRAKAZHAGAM,578,1083,1083
2016,MLA,29,116,115,,MANOHARAN M,BHARATIYA JANATHAPARTY,10,1083,1083
2016,MLA,29,116,115,,SIVARANJINI B,NAAM TAMILARKATCHI,6,1083,1083
2016,MLA,29,116,115,,MUTHURAMAN C,PATTALI MAKKALKATCHI,5,1083,1083
2016,MLA,29,116,115,,LOK JAN SHAKTI PARTYRAVI M,,0,1083,1083
2016,MLA,29,116,115,,RAJESH V,COMMUNIST PARTYOF INDIA (MARXISTLENINIST) LIBERATION,2,1083,1083
2016,MLA,29,116,115,,VIDUTHALAIVEERAKUMAR MCHIRUTHAIGAL KATCHI,,48,1083,1083
2016,MLA,29,116,115,,SELVAM S,INDEPENDENT,0,1083,1083
2016,MLA,29,116,115,,DILLI A,INDEPENDENT,0,1083,1083
2016,MLA,29,116,115,,NIRMAL E,INDEPENDENT,0,1083,1083
2016,MLA,29,116,115,,PALANI C,INDEPENDENT,0,1083,1083
2016,MLA,29,116,115,,PALANI M,INDEPENDENT,1,1083,1083
2016,MLA,29,116,115,,PRAKASH R,INDEPENDENT,1,1083,1083
2016,MLA,29,116,115,,NOTA,0,10,1083,1083
2016,MLA,29,117,116,,CHANDRAN N,BAHUJAN SAMAJPARTY,0,453,453
2016,MLA,29,117,116,,SELVAPERUNTHAGAI K,INDIAN NATIONALCONGRESS,173,453,453
2016,MLA,29,117,116,,PALANI K,ALL INDIA ANNADRAVIDA MUNNETRAKAZHAGAM,221,453,453
2016,MLA,29,117,116,,MANOHARAN M,BHARATIYA JANATHAPARTY,4,453,453
2016,MLA,29,117,116,,SIVARANJINI B,NAAM TAMILARKATCHI,4,453,453
2016,MLA,29,117,116,,MUTHURAMAN C,PATTALI MAKKALKATCHI,5,453,453
2016,MLA,29,117,116,,LOK JAN SHAKTI PARTYRAVI M,,0,453,453
2016,MLA,29,117,116,,RAJESH V,COMMUNIST PARTYOF INDIA (MARXISTLENINIST) LIBERATION,1,453,453
2016,MLA,29,117,116,,VIDUTHALAIVEERAKUMAR MCHIRUTHAIGAL KATCHI,,39,453,453
2016,MLA,29,117,116,,SELVAM S,INDEPENDENT,0,453,453
2016,MLA,29,117,116,,DILLI A,INDEPENDENT,1,453,453
2016,MLA,29,117,116,,NIRMAL E,INDEPENDENT,0,453,453
2016,MLA,29,117,116,,PALANI C,INDEPENDENT,0,453,453
2016,MLA,29,117,116,,PALANI M,INDEPENDENT,0,453,453
2016,MLA,29,117,116,,PRAKASH R,INDEPENDENT,0,453,453
2016,MLA,29,117,116,,NOTA,0,5,453,453
2016,MLA,29,118,117,,CHANDRAN N,BAHUJAN SAMAJPARTY,4,777,777
2016,MLA,29,118,117,,SELVAPERUNTHAGAI K,INDIAN NATIONALCONGRESS,338,777,777
2016,MLA,29,118,117,,PALANI K,ALL INDIA ANNADRAVIDA MUNNETRAKAZHAGAM,358,777,777
2016,MLA,29,118,117,,MANOHARAN M,BHARATIYA JANATHAPARTY,8,777,777
2016,MLA,29,118,117,,SIVARANJINI B,NAAM TAMILARKATCHI,5,777,777
2016,MLA,29,118,117,,MUTHURAMAN C,PATTALI MAKKALKATCHI,2,777,777
2016,MLA,29,118,117,,LOK JAN SHAKTI PARTYRAVI M,,0,777,777
2016,MLA,29,118,117,,RAJESH V,COMMUNIST PARTYOF INDIA (MARXISTLENINIST) LIBERATION,1,777,777
2016,MLA,29,118,117,,VIDUTHALAIVEERAKUMAR MCHIRUTHAIGAL KATCHI,,52,777,777
2016,MLA,29,118,117,,SELVAM S,INDEPENDENT,0,777,777
2016,MLA,29,118,117,,DILLI A,INDEPENDENT,0,777,777
2016,MLA,29,118,117,,NIRMAL E,INDEPENDENT,0,777,777
2016,MLA,29,118,117,,PALANI C,INDEPENDENT,0,777,777
2016,MLA,29,118,117,,PALANI M,INDEPENDENT,2,777,777
2016,MLA,29,118,117,,PRAKASH R,INDEPENDENT,0,777,777
2016,MLA,29,118,117,,NOTA,0,7,777,777
2016,MLA,29,119,118,,CHANDRAN N,BAHUJAN SAMAJPARTY,2,961,961
2016,MLA,29,119,118,,SELVAPERUNTHAGAI K,INDIAN NATIONALCONGRESS,319,961,961
2016,MLA,29,119,118,,PALANI K,ALL INDIA ANNADRAVIDA MUNNETRAKAZHAGAM,456,961,961
2016,MLA,29,119,118,,MANOHARAN M,BHARATIYA JANATHAPARTY,26,961,961
2016,MLA,29,119,118,,SIVARANJINI B,NAAM TAMILARKATCHI,33,961,961
2016,MLA,29,119,118,,MUTHURAMAN C,PATTALI MAKKALKATCHI,46,961,961
2016,MLA,29,119,118,,LOK JAN SHAKTI PARTYRAVI M,,1,961,961
2016,MLA,29,119,118,,RAJESH V,COMMUNIST PARTYOF INDIA (MARXISTLENINIST) LIBERATION,2,961,961
2016,MLA,29,119,118,,VIDUTHALAIVEERAKUMAR MCHIRUTHAIGAL KATCHI,,60,961,961
2016,MLA,29,119,118,,SELVAM S,INDEPENDENT,0,961,961
2016,MLA,29,119,118,,DILLI A,INDEPENDENT,0,961,961
2016,MLA,29,119,118,,NIRMAL E,INDEPENDENT,0,961,961
2016,MLA,29,119,118,,PALANI C,INDEPENDENT,0,961,961
2016,MLA,29,119,118,,PALANI M,INDEPENDENT,0,961,961
2016,MLA,29,119,118,,PRAKASH R,INDEPENDENT,3,961,961
2016,MLA,29,119,118,,NOTA,0,13,961,961
2016,MLA,29,120,119,,CHANDRAN N,BAHUJAN SAMAJPARTY,3,415,415
2016,MLA,29,120,119,,SELVAPERUNTHAGAI K,INDIAN NATIONALCONGRESS,130,415,415
2016,MLA,29,120,119,,PALANI K,ALL INDIA ANNADRAVIDA MUNNETRAKAZHAGAM,185,415,415
2016,MLA,29,120,119,,MANOHARAN M,BHARATIYA JANATHAPARTY,4,415,415
2016,MLA,29,120,119,,SIVARANJINI B,NAAM TAMILARKATCHI,5,415,415
2016,MLA,29,120,119,,MUTHURAMAN C,PATTALI MAKKALKATCHI,60,415,415
2016,MLA,29,120,119,,LOK JAN SHAKTI PARTYRAVI M,,0,415,415
2016,MLA,29,120,119,,RAJESH V,COMMUNIST PARTYOF INDIA (MARXISTLENINIST) LIBERATION,0,415,415
2016,MLA,29,120,119,,VIDUTHALAIVEERAKUMAR MCHIRUTHAIGAL KATCHI,,18,415,415
2016,MLA,29,120,119,,SELVAM S,INDEPENDENT,0,415,415
2016,MLA,29,120,119,,DILLI A,INDEPENDENT,2,415,415
2016,MLA,29,120,119,,NIRMAL E,INDEPENDENT,1,415,415
2016,MLA,29,120,119,,PALANI C,INDEPENDENT,0,415,415
2016,MLA,29,120,119,,PALANI M,INDEPENDENT,1,415,415
2016,MLA,29,120,119,,PRAKASH R,INDEPENDENT,0,415,415
2016,MLA,29,120,119,,NOTA,0,6,415,415
2016,MLA,29,121,120,,CHANDRAN N,BAHUJAN SAMAJPARTY,0,619,619
2016,MLA,29,121,120,,SELVAPERUNTHAGAI K,INDIAN NATIONALCONGRESS,149,619,619
2016,MLA,29,121,120,,PALANI K,ALL INDIA ANNADRAVIDA MUNNETRAKAZHAGAM,231,619,619
2016,MLA,29,121,120,,MANOHARAN M,BHARATIYA JANATHAPARTY,55,619,619
2016,MLA,29,121,120,,SIVARANJINI B,NAAM TAMILARKATCHI,5,619,619
2016,MLA,29,121,120,,MUTHURAMAN C,PATTALI MAKKALKATCHI,155,619,619
2016,MLA,29,121,120,,LOK JAN SHAKTI PARTYRAVI M,,0,619,619
2016,MLA,29,121,120,,RAJESH V,COMMUNIST PARTYOF INDIA (MARXISTLENINIST) LIBERATION,1,619,619
2016,MLA,29,121,120,,VIDUTHALAIVEERAKUMAR MCHIRUTHAIGAL KATCHI,,17,619,619
2016,MLA,29,121,120,,SELVAM S,INDEPENDENT,0,619,619
2016,MLA,29,121,120,,DILLI A,INDEPENDENT,0,619,619
2016,MLA,29,121,120,,NIRMAL E,INDEPENDENT,0,619,619
2016,MLA,29,121,120,,PALANI C,INDEPENDENT,0,619,619
2016,MLA,29,121,120,,PALANI M,INDEPENDENT,0,619,619
2016,MLA,29,121,120,,PRAKASH R,INDEPENDENT,0,619,619
2016,MLA,29,121,120,,NOTA,0,6,619,619
2016,MLA,29,122,121,,CHANDRAN N,BAHUJAN SAMAJPARTY,2,1031,1031
2016,MLA,29,122,121,,SELVAPERUNTHAGAI K,INDIAN NATIONALCONGRESS,333,1031,1031
2016,MLA,29,122,121,,PALANI K,ALL INDIA ANNADRAVIDA MUNNETRAKAZHAGAM,471,1031,1031
2016,MLA,29,122,121,,MANOHARAN M,BHARATIYA JANATHAPARTY,13,1031,1031
2016,MLA,29,122,121,,SIVARANJINI B,NAAM TAMILARKATCHI,29,1031,1031
2016,MLA,29,122,121,,MUTHURAMAN C,PATTALI MAKKALKATCHI,81,1031,1031
2016,MLA,29,122,121,,LOK JAN SHAKTI PARTYRAVI M,,2,1031,1031
2016,MLA,29,122,121,,RAJESH V,COMMUNIST PARTYOF INDIA (MARXISTLENINIST) LIBERATION,1,1031,1031
2016,MLA,29,122,121,,VIDUTHALAIVEERAKUMAR MCHIRUTHAIGAL KATCHI,,81,1031,1031
2016,MLA,29,122,121,,SELVAM S,INDEPENDENT,0,1031,1031
2016,MLA,29,122,121,,DILLI A,INDEPENDENT,1,1031,1031
2016,MLA,29,122,121,,NIRMAL E,INDEPENDENT,0,1031,1031
2016,MLA,29,122,121,,PALANI C,INDEPENDENT,0,1031,1031
2016,MLA,29,122,121,,PALANI M,INDEPENDENT,0,1031,1031
2016,MLA,29,122,121,,PRAKASH R,INDEPENDENT,2,1031,1031
2016,MLA,29,122,121,,NOTA,0,15,1031,1031
2016,MLA,29,123,122,,CHANDRAN N,BAHUJAN SAMAJPARTY,0,572,572
2016,MLA,29,123,122,,SELVAPERUNTHAGAI K,INDIAN NATIONALCONGRESS,189,572,572
2016,MLA,29,123,122,,PALANI K,ALL INDIA ANNADRAVIDA MUNNETRAKAZHAGAM,300,572,572
2016,MLA,29,123,122,,MANOHARAN M,BHARATIYA JANATHAPARTY,0,572,572
2016,MLA,29,123,122,,SIVARANJINI B,NAAM TAMILARKATCHI,9,572,572
2016,MLA,29,123,122,,MUTHURAMAN C,PATTALI MAKKALKATCHI,1,572,572
2016,MLA,29,123,122,,LOK JAN SHAKTI PARTYRAVI M,,0,572,572
2016,MLA,29,123,122,,RAJESH V,COMMUNIST PARTYOF INDIA (MARXISTLENINIST) LIBERATION,1,572,572
2016,MLA,29,123,122,,VIDUTHALAIVEERAKUMAR MCHIRUTHAIGAL KATCHI,,68,572,572
2016,MLA,29,123,122,,SELVAM S,INDEPENDENT,0,572,572
2016,MLA,29,123,122,,DILLI A,INDEPENDENT,0,572,572
2016,MLA,29,123,122,,NIRMAL E,INDEPENDENT,0,572,572
2016,MLA,29,123,122,,PALANI C,INDEPENDENT,0,572,572
2016,MLA,29,123,122,,PALANI M,INDEPENDENT,1,572,572
2016,MLA,29,123,122,,PRAKASH R,INDEPENDENT,1,572,572
2016,MLA,29,123,122,,NOTA,0,2,572,572
2016,MLA,29,124,123,,CHANDRAN N,BAHUJAN SAMAJPARTY,2,699,699
2016,MLA,29,124,123,,SELVAPERUNTHAGAI K,INDIAN NATIONALCONGRESS,241,699,699
2016,MLA,29,124,123,,PALANI K,ALL INDIA ANNADRAVIDA MUNNETRAKAZHAGAM,314,699,699
2016,MLA,29,124,123,,MANOHARAN M,BHARATIYA JANATHAPARTY,3,699,699
2016,MLA,29,124,123,,SIVARANJINI B,NAAM TAMILARKATCHI,4,699,699
2016,MLA,29,124,123,,MUTHURAMAN C,PATTALI MAKKALKATCHI,4,699,699
2016,MLA,29,124,123,,LOK JAN SHAKTI PARTYRAVI M,,0,699,699
2016,MLA,29,124,123,,RAJESH V,COMMUNIST PARTYOF INDIA (MARXISTLENINIST) LIBERATION,0,699,699
2016,MLA,29,124,123,,VIDUTHALAIVEERAKUMAR MCHIRUTHAIGAL KATCHI,,128,699,699
2016,MLA,29,124,123,,SELVAM S,INDEPENDENT,1,699,699
2016,MLA,29,124,123,,DILLI A,INDEPENDENT,0,699,699
2016,MLA,29,124,123,,NIRMAL E,INDEPENDENT,0,699,699
2016,MLA,29,124,123,,PALANI C,INDEPENDENT,0,699,699
2016,MLA,29,124,123,,PALANI M,INDEPENDENT,1,699,699
2016,MLA,29,124,123,,PRAKASH R,INDEPENDENT,0,699,699
2016,MLA,29,124,123,,NOTA,0,1,699,699
2016,MLA,29,125,124,,CHANDRAN N,BAHUJAN SAMAJPARTY,1,658,658
2016,MLA,29,125,124,,SELVAPERUNTHAGAI K,INDIAN NATIONALCONGRESS,196,658,658
2016,MLA,29,125,124,,PALANI K,ALL INDIA ANNADRAVIDA MUNNETRAKAZHAGAM,397,658,658
2016,MLA,29,125,124,,MANOHARAN M,BHARATIYA JANATHAPARTY,7,658,658
2016,MLA,29,125,124,,SIVARANJINI B,NAAM TAMILARKATCHI,18,658,658
2016,MLA,29,125,124,,MUTHURAMAN C,PATTALI MAKKALKATCHI,10,658,658
2016,MLA,29,125,124,,LOK JAN SHAKTI PARTYRAVI M,,0,658,658
2016,MLA,29,125,124,,RAJESH V,COMMUNIST PARTYOF INDIA (MARXISTLENINIST) LIBERATION,1,658,658
2016,MLA,29,125,124,,VIDUTHALAIVEERAKUMAR MCHIRUTHAIGAL KATCHI,,14,658,658
2016,MLA,29,125,124,,SELVAM S,INDEPENDENT,0,658,658
2016,MLA,29,125,124,,DILLI A,INDEPENDENT,0,658,658
2016,MLA,29,125,124,,NIRMAL E,INDEPENDENT,0,658,658
2016,MLA,29,125,124,,PALANI C,INDEPENDENT,0,658,658
2016,MLA,29,125,124,,PALANI M,INDEPENDENT,2,658,658
2016,MLA,29,125,124,,PRAKASH R,INDEPENDENT,1,658,658
2016,MLA,29,125,124,,NOTA,0,11,658,658
2016,MLA,29,126,125,,CHANDRAN N,BAHUJAN SAMAJPARTY,2,641,641
2016,MLA,29,126,125,,SELVAPERUNTHAGAI K,INDIAN NATIONALCONGRESS,234,641,641
2016,MLA,29,126,125,,PALANI K,ALL INDIA ANNADRAVIDA MUNNETRAKAZHAGAM,346,641,641
2016,MLA,29,126,125,,MANOHARAN M,BHARATIYA JANATHAPARTY,8,641,641
2016,MLA,29,126,125,,SIVARANJINI B,NAAM TAMILARKATCHI,12,641,641
2016,MLA,29,126,125,,MUTHURAMAN C,PATTALI MAKKALKATCHI,2,641,641
2016,MLA,29,126,125,,LOK JAN SHAKTI PARTYRAVI M,,0,641,641
2016,MLA,29,126,125,,RAJESH V,COMMUNIST PARTYOF INDIA (MARXISTLENINIST) LIBERATION,0,641,641
2016,MLA,29,126,125,,VIDUTHALAIVEERAKUMAR MCHIRUTHAIGAL KATCHI,,23,641,641
2016,MLA,29,126,125,,SELVAM S,INDEPENDENT,0,641,641
2016,MLA,29,126,125,,DILLI A,INDEPENDENT,1,641,641
2016,MLA,29,126,125,,NIRMAL E,INDEPENDENT,1,641,641
2016,MLA,29,126,125,,PALANI C,INDEPENDENT,0,641,641
2016,MLA,29,126,125,,PALANI M,INDEPENDENT,4,641,641
2016,MLA,29,126,125,,PRAKASH R,INDEPENDENT,0,641,641
2016,MLA,29,126,125,,NOTA,0,8,641,641
2016,MLA,29,127,126,,CHANDRAN N,BAHUJAN SAMAJPARTY,3,647,647
2016,MLA,29,127,126,,SELVAPERUNTHAGAI K,INDIAN NATIONALCONGRESS,269,647,647
2016,MLA,29,127,126,,PALANI K,ALL INDIA ANNADRAVIDA MUNNETRAKAZHAGAM,316,647,647
2016,MLA,29,127,126,,MANOHARAN M,BHARATIYA JANATHAPARTY,5,647,647
2016,MLA,29,127,126,,SIVARANJINI B,NAAM TAMILARKATCHI,14,647,647
2016,MLA,29,127,126,,MUTHURAMAN C,PATTALI MAKKALKATCHI,2,647,647
2016,MLA,29,127,126,,LOK JAN SHAKTI PARTYRAVI M,,0,647,647
2016,MLA,29,127,126,,RAJESH V,COMMUNIST PARTYOF INDIA (MARXISTLENINIST) LIBERATION,0,647,647
2016,MLA,29,127,126,,VIDUTHALAIVEERAKUMAR MCHIRUTHAIGAL KATCHI,,33,647,647
2016,MLA,29,127,126,,SELVAM S,INDEPENDENT,0,647,647
2016,MLA,29,127,126,,DILLI A,INDEPENDENT,0,647,647
2016,MLA,29,127,126,,NIRMAL E,INDEPENDENT,0,647,647
2016,MLA,29,127,126,,PALANI C,INDEPENDENT,0,647,647
2016,MLA,29,127,126,,PALANI M,INDEPENDENT,4,647,647
2016,MLA,29,127,126,,PRAKASH R,INDEPENDENT,0,647,647
2016,MLA,29,127,126,,NOTA,0,1,647,647
2016,MLA,29,128,127,,CHANDRAN N,BAHUJAN SAMAJPARTY,2,716,716
2016,MLA,29,128,127,,SELVAPERUNTHAGAI K,INDIAN NATIONALCONGRESS,274,716,716
2016,MLA,29,128,127,,PALANI K,ALL INDIA ANNADRAVIDA MUNNETRAKAZHAGAM,354,716,716
2016,MLA,29,128,127,,MANOHARAN M,BHARATIYA JANATHAPARTY,8,716,716
2016,MLA,29,128,127,,SIVARANJINI B,NAAM TAMILARKATCHI,15,716,716
2016,MLA,29,128,127,,MUTHURAMAN C,PATTALI MAKKALKATCHI,19,716,716
2016,MLA,29,128,127,,LOK JAN SHAKTI PARTYRAVI M,,0,716,716
2016,MLA,29,128,127,,RAJESH V,COMMUNIST PARTYOF INDIA (MARXISTLENINIST) LIBERATION,1,716,716
2016,MLA,29,128,127,,VIDUTHALAIVEERAKUMAR MCHIRUTHAIGAL KATCHI,,37,716,716
2016,MLA,29,128,127,,SELVAM S,INDEPENDENT,0,716,716
2016,MLA,29,128,127,,DILLI A,INDEPENDENT,0,716,716
2016,MLA,29,128,127,,NIRMAL E,INDEPENDENT,0,716,716
2016,MLA,29,128,127,,PALANI C,INDEPENDENT,0,716,716
2016,MLA,29,128,127,,PALANI M,INDEPENDENT,0,716,716
2016,MLA,29,128,127,,PRAKASH R,INDEPENDENT,0,716,716
2016,MLA,29,128,127,,NOTA,0,6,716,716
2016,MLA,29,129,128,,CHANDRAN N,BAHUJAN SAMAJPARTY,3,536,536
2016,MLA,29,129,128,,SELVAPERUNTHAGAI K,INDIAN NATIONALCONGRESS,174,536,536
2016,MLA,29,129,128,,PALANI K,ALL INDIA ANNADRAVIDA MUNNETRAKAZHAGAM,265,536,536
2016,MLA,29,129,128,,MANOHARAN M,BHARATIYA JANATHAPARTY,5,536,536
2016,MLA,29,129,128,,SIVARANJINI B,NAAM TAMILARKATCHI,2,536,536
2016,MLA,29,129,128,,MUTHURAMAN C,PATTALI MAKKALKATCHI,62,536,536
2016,MLA,29,129,128,,LOK JAN SHAKTI PARTYRAVI M,,0,536,536
2016,MLA,29,129,128,,RAJESH V,COMMUNIST PARTYOF INDIA (MARXISTLENINIST) LIBERATION,0,536,536
2016,MLA,29,129,128,,VIDUTHALAIVEERAKUMAR MCHIRUTHAIGAL KATCHI,,17,536,536
2016,MLA,29,129,128,,SELVAM S,INDEPENDENT,0,536,536
2016,MLA,29,129,128,,DILLI A,INDEPENDENT,0,536,536
2016,MLA,29,129,128,,NIRMAL E,INDEPENDENT,0,536,536
2016,MLA,29,129,128,,PALANI C,INDEPENDENT,0,536,536
2016,MLA,29,129,128,,PALANI M,INDEPENDENT,4,536,536
2016,MLA,29,129,128,,PRAKASH R,INDEPENDENT,0,536,536
2016,MLA,29,129,128,,NOTA,0,4,536,536
2016,MLA,29,130,129,,CHANDRAN N,BAHUJAN SAMAJPARTY,6,718,718
2016,MLA,29,130,129,,SELVAPERUNTHAGAI K,INDIAN NATIONALCONGRESS,237,718,718
2016,MLA,29,130,129,,PALANI K,ALL INDIA ANNADRAVIDA MUNNETRAKAZHAGAM,385,718,718
2016,MLA,29,130,129,,MANOHARAN M,BHARATIYA JANATHAPARTY,4,718,718
2016,MLA,29,130,129,,SIVARANJINI B,NAAM TAMILARKATCHI,10,718,718
2016,MLA,29,130,129,,MUTHURAMAN C,PATTALI MAKKALKATCHI,58,718,718
2016,MLA,29,130,129,,LOK JAN SHAKTI PARTYRAVI M,,0,718,718
2016,MLA,29,130,129,,RAJESH V,COMMUNIST PARTYOF INDIA (MARXISTLENINIST) LIBERATION,0,718,718
2016,MLA,29,130,129,,VIDUTHALAIVEERAKUMAR MCHIRUTHAIGAL KATCHI,,10,718,718
2016,MLA,29,130,129,,SELVAM S,INDEPENDENT,0,718,718
2016,MLA,29,130,129,,DILLI A,INDEPENDENT,0,718,718
2016,MLA,29,130,129,,NIRMAL E,INDEPENDENT,0,718,718
2016,MLA,29,130,129,,PALANI C,INDEPENDENT,0,718,718
2016,MLA,29,130,129,,PALANI M,INDEPENDENT,1,718,718
2016,MLA,29,130,129,,PRAKASH R,INDEPENDENT,0,718,718
2016,MLA,29,130,129,,NOTA,0,7,718,718
2016,MLA,29,131,130,,CHANDRAN N,BAHUJAN SAMAJPARTY,2,1040,1040
2016,MLA,29,131,130,,SELVAPERUNTHAGAI K,INDIAN NATIONALCONGRESS,355,1040,1040
2016,MLA,29,131,130,,PALANI K,ALL INDIA ANNADRAVIDA MUNNETRAKAZHAGAM,529,1040,1040
2016,MLA,29,131,130,,MANOHARAN M,BHARATIYA JANATHAPARTY,22,1040,1040
2016,MLA,29,131,130,,SIVARANJINI B,NAAM TAMILARKATCHI,37,1040,1040
2016,MLA,29,131,130,,MUTHURAMAN C,PATTALI MAKKALKATCHI,39,1040,1040
2016,MLA,29,131,130,,LOK JAN SHAKTI PARTYRAVI M,,0,1040,1040
2016,MLA,29,131,130,,RAJESH V,COMMUNIST PARTYOF INDIA (MARXISTLENINIST) LIBERATION,0,1040,1040
2016,MLA,29,131,130,,VIDUTHALAIVEERAKUMAR MCHIRUTHAIGAL KATCHI,,43,1040,1040
2016,MLA,29,131,130,,SELVAM S,INDEPENDENT,0,1040,1040
2016,MLA,29,131,130,,DILLI A,INDEPENDENT,0,1040,1040
2016,MLA,29,131,130,,NIRMAL E,INDEPENDENT,1,1040,1040
2016,MLA,29,131,130,,PALANI C,INDEPENDENT,0,1040,1040
2016,MLA,29,131,130,,PALANI M,INDEPENDENT,1,1040,1040
2016,MLA,29,131,130,,PRAKASH R,INDEPENDENT,0,1040,1040
2016,MLA,29,131,130,,NOTA,0,11,1040,1040
2016,MLA,29,132,131,,CHANDRAN N,BAHUJAN SAMAJPARTY,1,742,742
2016,MLA,29,132,131,,SELVAPERUNTHAGAI K,INDIAN NATIONALCONGRESS,291,742,742
2016,MLA,29,132,131,,PALANI K,ALL INDIA ANNADRAVIDA MUNNETRAKAZHAGAM,364,742,742
2016,MLA,29,132,131,,MANOHARAN M,BHARATIYA JANATHAPARTY,6,742,742
2016,MLA,29,132,131,,SIVARANJINI B,NAAM TAMILARKATCHI,13,742,742
2016,MLA,29,132,131,,MUTHURAMAN C,PATTALI MAKKALKATCHI,19,742,742
2016,MLA,29,132,131,,LOK JAN SHAKTI PARTYRAVI M,,0,742,742
2016,MLA,29,132,131,,RAJESH V,COMMUNIST PARTYOF INDIA (MARXISTLENINIST) LIBERATION,3,742,742
2016,MLA,29,132,131,,VIDUTHALAIVEERAKUMAR MCHIRUTHAIGAL KATCHI,,35,742,742
2016,MLA,29,132,131,,SELVAM S,INDEPENDENT,0,742,742
2016,MLA,29,132,131,,DILLI A,INDEPENDENT,0,742,742
2016,MLA,29,132,131,,NIRMAL E,INDEPENDENT,0,742,742
2016,MLA,29,132,131,,PALANI C,INDEPENDENT,0,742,742
2016,MLA,29,132,131,,PALANI M,INDEPENDENT,0,742,742
2016,MLA,29,132,131,,PRAKASH R,INDEPENDENT,0,742,742
2016,MLA,29,132,131,,NOTA,0,10,742,742
2016,MLA,29,133,132,,CHANDRAN N,BAHUJAN SAMAJPARTY,5,865,865
2016,MLA,29,133,132,,SELVAPERUNTHAGAI K,INDIAN NATIONALCONGRESS,464,865,865
2016,MLA,29,133,132,,PALANI K,ALL INDIA ANNADRAVIDA MUNNETRAKAZHAGAM,307,865,865
2016,MLA,29,133,132,,MANOHARAN M,BHARATIYA JANATHAPARTY,7,865,865
2016,MLA,29,133,132,,SIVARANJINI B,NAAM TAMILARKATCHI,9,865,865
2016,MLA,29,133,132,,MUTHURAMAN C,PATTALI MAKKALKATCHI,18,865,865
2016,MLA,29,133,132,,LOK JAN SHAKTI PARTYRAVI M,,0,865,865
2016,MLA,29,133,132,,RAJESH V,COMMUNIST PARTYOF INDIA (MARXISTLENINIST) LIBERATION,0,865,865
2016,MLA,29,133,132,,VIDUTHALAIVEERAKUMAR MCHIRUTHAIGAL KATCHI,,37,865,865
2016,MLA,29,133,132,,SELVAM S,INDEPENDENT,1,865,865
2016,MLA,29,133,132,,DILLI A,INDEPENDENT,1,865,865
2016,MLA,29,133,132,,NIRMAL E,INDEPENDENT,1,865,865
2016,MLA,29,133,132,,PALANI C,INDEPENDENT,1,865,865
2016,MLA,29,133,132,,PALANI M,INDEPENDENT,0,865,865
2016,MLA,29,133,132,,PRAKASH R,INDEPENDENT,1,865,865
2016,MLA,29,133,132,,NOTA,0,13,865,865
2016,MLA,29,134,133,,CHANDRAN N,BAHUJAN SAMAJPARTY,0,338,338
2016,MLA,29,134,133,,SELVAPERUNTHAGAI K,INDIAN NATIONALCONGRESS,134,338,338
2016,MLA,29,134,133,,PALANI K,ALL INDIA ANNADRAVIDA MUNNETRAKAZHAGAM,105,338,338
2016,MLA,29,134,133,,MANOHARAN M,BHARATIYA JANATHAPARTY,15,338,338
2016,MLA,29,134,133,,SIVARANJINI B,NAAM TAMILARKATCHI,17,338,338
2016,MLA,29,134,133,,MUTHURAMAN C,PATTALI MAKKALKATCHI,25,338,338
2016,MLA,29,134,133,,LOK JAN SHAKTI PARTYRAVI M,,0,338,338
2016,MLA,29,134,133,,RAJESH V,COMMUNIST PARTYOF INDIA (MARXISTLENINIST) LIBERATION,0,338,338
2016,MLA,29,134,133,,VIDUTHALAIVEERAKUMAR MCHIRUTHAIGAL KATCHI,,27,338,338
2016,MLA,29,134,133,,SELVAM S,INDEPENDENT,0,338,338
2016,MLA,29,134,133,,DILLI A,INDEPENDENT,0,338,338
2016,MLA,29,134,133,,NIRMAL E,INDEPENDENT,0,338,338
2016,MLA,29,134,133,,PALANI C,INDEPENDENT,0,338,338
2016,MLA,29,134,133,,PALANI M,INDEPENDENT,0,338,338
2016,MLA,29,134,133,,PRAKASH R,INDEPENDENT,0,338,338
2016,MLA,29,134,133,,NOTA,0,15,338,338
2016,MLA,29,135,134,,CHANDRAN N,BAHUJAN SAMAJPARTY,4,970,970
2016,MLA,29,135,134,,SELVAPERUNTHAGAI K,INDIAN NATIONALCONGRESS,288,970,970
2016,MLA,29,135,134,,PALANI K,ALL INDIA ANNADRAVIDA MUNNETRAKAZHAGAM,383,970,970
2016,MLA,29,135,134,,MANOHARAN M,BHARATIYA JANATHAPARTY,19,970,970
2016,MLA,29,135,134,,SIVARANJINI B,NAAM TAMILARKATCHI,26,970,970
2016,MLA,29,135,134,,MUTHURAMAN C,PATTALI MAKKALKATCHI,186,970,970
2016,MLA,29,135,134,,LOK JAN SHAKTI PARTYRAVI M,,1,970,970
2016,MLA,29,135,134,,RAJESH V,COMMUNIST PARTYOF INDIA (MARXISTLENINIST) LIBERATION,2,970,970
2016,MLA,29,135,134,,VIDUTHALAIVEERAKUMAR MCHIRUTHAIGAL KATCHI,,36,970,970
2016,MLA,29,135,134,,SELVAM S,INDEPENDENT,0,970,970
2016,MLA,29,135,134,,DILLI A,INDEPENDENT,0,970,970
2016,MLA,29,135,134,,NIRMAL E,INDEPENDENT,0,970,970
2016,MLA,29,135,134,,PALANI C,INDEPENDENT,0,970,970
2016,MLA,29,135,134,,PALANI M,INDEPENDENT,0,970,970
2016,MLA,29,135,134,,PRAKASH R,INDEPENDENT,0,970,970
2016,MLA,29,135,134,,NOTA,0,25,970,970
2016,MLA,29,136,135,,CHANDRAN N,BAHUJAN SAMAJPARTY,4,828,828
2016,MLA,29,136,135,,SELVAPERUNTHAGAI K,INDIAN NATIONALCONGRESS,297,828,828
2016,MLA,29,136,135,,PALANI K,ALL INDIA ANNADRAVIDA MUNNETRAKAZHAGAM,367,828,828
2016,MLA,29,136,135,,MANOHARAN M,BHARATIYA JANATHAPARTY,31,828,828
2016,MLA,29,136,135,,SIVARANJINI B,NAAM TAMILARKATCHI,23,828,828
2016,MLA,29,136,135,,MUTHURAMAN C,PATTALI MAKKALKATCHI,36,828,828
2016,MLA,29,136,135,,LOK JAN SHAKTI PARTYRAVI M,,1,828,828
2016,MLA,29,136,135,,RAJESH V,COMMUNIST PARTYOF INDIA (MARXISTLENINIST) LIBERATION,0,828,828
2016,MLA,29,136,135,,VIDUTHALAIVEERAKUMAR MCHIRUTHAIGAL KATCHI,,41,828,828
2016,MLA,29,136,135,,SELVAM S,INDEPENDENT,0,828,828
2016,MLA,29,136,135,,DILLI A,INDEPENDENT,0,828,828
2016,MLA,29,136,135,,NIRMAL E,INDEPENDENT,0,828,828
2016,MLA,29,136,135,,PALANI C,INDEPENDENT,0,828,828
2016,MLA,29,136,135,,PALANI M,INDEPENDENT,1,828,828
2016,MLA,29,136,135,,PRAKASH R,INDEPENDENT,1,828,828
2016,MLA,29,136,135,,NOTA,0,26,828,828
2016,MLA,29,137,136,,CHANDRAN N,BAHUJAN SAMAJPARTY,3,535,535
2016,MLA,29,137,136,,SELVAPERUNTHAGAI K,INDIAN NATIONALCONGRESS,225,535,535
2016,MLA,29,137,136,,PALANI K,ALL INDIA ANNADRAVIDA MUNNETRAKAZHAGAM,192,535,535
2016,MLA,29,137,136,,MANOHARAN M,BHARATIYA JANATHAPARTY,22,535,535
2016,MLA,29,137,136,,SIVARANJINI B,NAAM TAMILARKATCHI,14,535,535
2016,MLA,29,137,136,,MUTHURAMAN C,PATTALI MAKKALKATCHI,33,535,535
2016,MLA,29,137,136,,LOK JAN SHAKTI PARTYRAVI M,,0,535,535
2016,MLA,29,137,136,,RAJESH V,COMMUNIST PARTYOF INDIA (MARXISTLENINIST) LIBERATION,0,535,535
2016,MLA,29,137,136,,VIDUTHALAIVEERAKUMAR MCHIRUTHAIGAL KATCHI,,29,535,535
2016,MLA,29,137,136,,SELVAM S,INDEPENDENT,0,535,535
2016,MLA,29,137,136,,DILLI A,INDEPENDENT,0,535,535
2016,MLA,29,137,136,,NIRMAL E,INDEPENDENT,0,535,535
2016,MLA,29,137,136,,PALANI C,INDEPENDENT,0,535,535
2016,MLA,29,137,136,,PALANI M,INDEPENDENT,0,535,535
2016,MLA,29,137,136,,PRAKASH R,INDEPENDENT,0,535,535
2016,MLA,29,137,136,,NOTA,0,17,535,535
2016,MLA,29,138,137,,CHANDRAN N,BAHUJAN SAMAJPARTY,1,665,665
2016,MLA,29,138,137,,SELVAPERUNTHAGAI K,INDIAN NATIONALCONGRESS,284,665,665
2016,MLA,29,138,137,,PALANI K,ALL INDIA ANNADRAVIDA MUNNETRAKAZHAGAM,224,665,665
2016,MLA,29,138,137,,MANOHARAN M,BHARATIYA JANATHAPARTY,15,665,665
2016,MLA,29,138,137,,SIVARANJINI B,NAAM TAMILARKATCHI,9,665,665
2016,MLA,29,138,137,,MUTHURAMAN C,PATTALI MAKKALKATCHI,22,665,665
2016,MLA,29,138,137,,LOK JAN SHAKTI PARTYRAVI M,,2,665,665
2016,MLA,29,138,137,,RAJESH V,COMMUNIST PARTYOF INDIA (MARXISTLENINIST) LIBERATION,1,665,665
2016,MLA,29,138,137,,VIDUTHALAIVEERAKUMAR MCHIRUTHAIGAL KATCHI,,102,665,665
2016,MLA,29,138,137,,SELVAM S,INDEPENDENT,1,665,665
2016,MLA,29,138,137,,DILLI A,INDEPENDENT,0,665,665
2016,MLA,29,138,137,,NIRMAL E,INDEPENDENT,0,665,665
2016,MLA,29,138,137,,PALANI C,INDEPENDENT,0,665,665
2016,MLA,29,138,137,,PALANI M,INDEPENDENT,0,665,665
2016,MLA,29,138,137,,PRAKASH R,INDEPENDENT,1,665,665
2016,MLA,29,138,137,,NOTA,0,3,665,665
2016,MLA,29,139,138,,CHANDRAN N,BAHUJAN SAMAJPARTY,3,625,625
2016,MLA,29,139,138,,SELVAPERUNTHAGAI K,INDIAN NATIONALCONGRESS,196,625,625
2016,MLA,29,139,138,,PALANI K,ALL INDIA ANNADRAVIDA MUNNETRAKAZHAGAM,299,625,625
2016,MLA,29,139,138,,MANOHARAN M,BHARATIYA JANATHAPARTY,20,625,625
2016,MLA,29,139,138,,SIVARANJINI B,NAAM TAMILARKATCHI,17,625,625
2016,MLA,29,139,138,,MUTHURAMAN C,PATTALI MAKKALKATCHI,44,625,625
2016,MLA,29,139,138,,LOK JAN SHAKTI PARTYRAVI M,,0,625,625
2016,MLA,29,139,138,,RAJESH V,COMMUNIST PARTYOF INDIA (MARXISTLENINIST) LIBERATION,0,625,625
2016,MLA,29,139,138,,VIDUTHALAIVEERAKUMAR MCHIRUTHAIGAL KATCHI,,33,625,625
2016,MLA,29,139,138,,SELVAM S,INDEPENDENT,0,625,625
2016,MLA,29,139,138,,DILLI A,INDEPENDENT,0,625,625
2016,MLA,29,139,138,,NIRMAL E,INDEPENDENT,0,625,625
2016,MLA,29,139,138,,PALANI C,INDEPENDENT,0,625,625
2016,MLA,29,139,138,,PALANI M,INDEPENDENT,0,625,625
2016,MLA,29,139,138,,PRAKASH R,INDEPENDENT,0,625,625
2016,MLA,29,139,138,,NOTA,0,13,625,625
2016,MLA,29,140,139,,CHANDRAN N,BAHUJAN SAMAJPARTY,1,788,788
2016,MLA,29,140,139,,SELVAPERUNTHAGAI K,INDIAN NATIONALCONGRESS,302,788,788
2016,MLA,29,140,139,,PALANI K,ALL INDIA ANNADRAVIDA MUNNETRAKAZHAGAM,266,788,788
2016,MLA,29,140,139,,MANOHARAN M,BHARATIYA JANATHAPARTY,24,788,788
2016,MLA,29,140,139,,SIVARANJINI B,NAAM TAMILARKATCHI,32,788,788
2016,MLA,29,140,139,,MUTHURAMAN C,PATTALI MAKKALKATCHI,66,788,788
2016,MLA,29,140,139,,LOK JAN SHAKTI PARTYRAVI M,,1,788,788
2016,MLA,29,140,139,,RAJESH V,COMMUNIST PARTYOF INDIA (MARXISTLENINIST) LIBERATION,0,788,788
2016,MLA,29,140,139,,VIDUTHALAIVEERAKUMAR MCHIRUTHAIGAL KATCHI,,62,788,788
2016,MLA,29,140,139,,SELVAM S,INDEPENDENT,0,788,788
2016,MLA,29,140,139,,DILLI A,INDEPENDENT,0,788,788
2016,MLA,29,140,139,,NIRMAL E,INDEPENDENT,0,788,788
2016,MLA,29,140,139,,PALANI C,INDEPENDENT,1,788,788
2016,MLA,29,140,139,,PALANI M,INDEPENDENT,1,788,788
2016,MLA,29,140,139,,PRAKASH R,INDEPENDENT,0,788,788
2016,MLA,29,140,139,,NOTA,0,32,788,788
2016,MLA,29,141,140,,CHANDRAN N,BAHUJAN SAMAJPARTY,4,707,707
2016,MLA,29,141,140,,SELVAPERUNTHAGAI K,INDIAN NATIONALCONGRESS,233,707,707
2016,MLA,29,141,140,,PALANI K,ALL INDIA ANNADRAVIDA MUNNETRAKAZHAGAM,301,707,707
2016,MLA,29,141,140,,MANOHARAN M,BHARATIYA JANATHAPARTY,26,707,707
2016,MLA,29,141,140,,SIVARANJINI B,NAAM TAMILARKATCHI,21,707,707
2016,MLA,29,141,140,,MUTHURAMAN C,PATTALI MAKKALKATCHI,61,707,707
2016,MLA,29,141,140,,LOK JAN SHAKTI PARTYRAVI M,,0,707,707
2016,MLA,29,141,140,,RAJESH V,COMMUNIST PARTYOF INDIA (MARXISTLENINIST) LIBERATION,5,707,707
2016,MLA,29,141,140,,VIDUTHALAIVEERAKUMAR MCHIRUTHAIGAL KATCHI,,38,707,707
2016,MLA,29,141,140,,SELVAM S,INDEPENDENT,0,707,707
2016,MLA,29,141,140,,DILLI A,INDEPENDENT,0,707,707
2016,MLA,29,141,140,,NIRMAL E,INDEPENDENT,0,707,707
2016,MLA,29,141,140,,PALANI C,INDEPENDENT,1,707,707
2016,MLA,29,141,140,,PALANI M,INDEPENDENT,1,707,707
2016,MLA,29,141,140,,PRAKASH R,INDEPENDENT,0,707,707
2016,MLA,29,141,140,,NOTA,0,16,707,707
2016,MLA,29,142,141,,CHANDRAN N,BAHUJAN SAMAJPARTY,3,1012,1012
2016,MLA,29,142,141,,SELVAPERUNTHAGAI K,INDIAN NATIONALCONGRESS,356,1012,1012
2016,MLA,29,142,141,,PALANI K,ALL INDIA ANNADRAVIDA MUNNETRAKAZHAGAM,448,1012,1012
2016,MLA,29,142,141,,MANOHARAN M,BHARATIYA JANATHAPARTY,36,1012,1012
2016,MLA,29,142,141,,SIVARANJINI B,NAAM TAMILARKATCHI,16,1012,1012
2016,MLA,29,142,141,,MUTHURAMAN C,PATTALI MAKKALKATCHI,62,1012,1012
2016,MLA,29,142,141,,LOK JAN SHAKTI PARTYRAVI M,,1,1012,1012
2016,MLA,29,142,141,,RAJESH V,COMMUNIST PARTYOF INDIA (MARXISTLENINIST) LIBERATION,2,1012,1012
2016,MLA,29,142,141,,VIDUTHALAIVEERAKUMAR MCHIRUTHAIGAL KATCHI,,63,1012,1012
2016,MLA,29,142,141,,SELVAM S,INDEPENDENT,0,1012,1012
2016,MLA,29,142,141,,DILLI A,INDEPENDENT,0,1012,1012
2016,MLA,29,142,141,,NIRMAL E,INDEPENDENT,1,1012,1012
2016,MLA,29,142,141,,PALANI C,INDEPENDENT,1,1012,1012
2016,MLA,29,142,141,,PALANI M,INDEPENDENT,0,1012,1012
2016,MLA,29,142,141,,PRAKASH R,INDEPENDENT,1,1012,1012
2016,MLA,29,142,141,,NOTA,0,22,1012,1012
2016,MLA,29,143,142,,CHANDRAN N,BAHUJAN SAMAJPARTY,5,1020,1020
2016,MLA,29,143,142,,SELVAPERUNTHAGAI K,INDIAN NATIONALCONGRESS,269,1020,1020
2016,MLA,29,143,142,,PALANI K,ALL INDIA ANNADRAVIDA MUNNETRAKAZHAGAM,378,1020,1020
2016,MLA,29,143,142,,MANOHARAN M,BHARATIYA JANATHAPARTY,23,1020,1020
2016,MLA,29,143,142,,SIVARANJINI B,NAAM TAMILARKATCHI,24,1020,1020
2016,MLA,29,143,142,,MUTHURAMAN C,PATTALI MAKKALKATCHI,262,1020,1020
2016,MLA,29,143,142,,LOK JAN SHAKTI PARTYRAVI M,,2,1020,1020
2016,MLA,29,143,142,,RAJESH V,COMMUNIST PARTYOF INDIA (MARXISTLENINIST) LIBERATION,0,1020,1020
2016,MLA,29,143,142,,VIDUTHALAIVEERAKUMAR MCHIRUTHAIGAL KATCHI,,40,1020,1020
2016,MLA,29,143,142,,SELVAM S,INDEPENDENT,1,1020,1020
2016,MLA,29,143,142,,DILLI A,INDEPENDENT,0,1020,1020
2016,MLA,29,143,142,,NIRMAL E,INDEPENDENT,0,1020,1020
2016,MLA,29,143,142,,PALANI C,INDEPENDENT,0,1020,1020
2016,MLA,29,143,142,,PALANI M,INDEPENDENT,3,1020,1020
2016,MLA,29,143,142,,PRAKASH R,INDEPENDENT,3,1020,1020
2016,MLA,29,143,142,,NOTA,0,10,1020,1020
2016,MLA,29,144,143,,CHANDRAN N,BAHUJAN SAMAJPARTY,1,668,668
2016,MLA,29,144,143,,SELVAPERUNTHAGAI K,INDIAN NATIONALCONGRESS,181,668,668
2016,MLA,29,144,143,,PALANI K,ALL INDIA ANNADRAVIDA MUNNETRAKAZHAGAM,283,668,668
2016,MLA,29,144,143,,MANOHARAN M,BHARATIYA JANATHAPARTY,7,668,668
2016,MLA,29,144,143,,SIVARANJINI B,NAAM TAMILARKATCHI,11,668,668
2016,MLA,29,144,143,,MUTHURAMAN C,PATTALI MAKKALKATCHI,150,668,668
2016,MLA,29,144,143,,LOK JAN SHAKTI PARTYRAVI M,,0,668,668
2016,MLA,29,144,143,,RAJESH V,COMMUNIST PARTYOF INDIA (MARXISTLENINIST) LIBERATION,0,668,668
2016,MLA,29,144,143,,VIDUTHALAIVEERAKUMAR MCHIRUTHAIGAL KATCHI,,22,668,668
2016,MLA,29,144,143,,SELVAM S,INDEPENDENT,1,668,668
2016,MLA,29,144,143,,DILLI A,INDEPENDENT,0,668,668
2016,MLA,29,144,143,,NIRMAL E,INDEPENDENT,0,668,668
2016,MLA,29,144,143,,PALANI C,INDEPENDENT,0,668,668
2016,MLA,29,144,143,,PALANI M,INDEPENDENT,0,668,668
2016,MLA,29,144,143,,PRAKASH R,INDEPENDENT,2,668,668
2016,MLA,29,144,143,,NOTA,0,10,668,668
2016,MLA,29,145,144,,CHANDRAN N,BAHUJAN SAMAJPARTY,0,406,406
2016,MLA,29,145,144,,SELVAPERUNTHAGAI K,INDIAN NATIONALCONGRESS,108,406,406
2016,MLA,29,145,144,,PALANI K,ALL INDIA ANNADRAVIDA MUNNETRAKAZHAGAM,141,406,406
2016,MLA,29,145,144,,MANOHARAN M,BHARATIYA JANATHAPARTY,7,406,406
2016,MLA,29,145,144,,SIVARANJINI B,NAAM TAMILARKATCHI,2,406,406
2016,MLA,29,145,144,,MUTHURAMAN C,PATTALI MAKKALKATCHI,119,406,406
2016,MLA,29,145,144,,LOK JAN SHAKTI PARTYRAVI M,,0,406,406
2016,MLA,29,145,144,,RAJESH V,COMMUNIST PARTYOF INDIA (MARXISTLENINIST) LIBERATION,0,406,406
2016,MLA,29,145,144,,VIDUTHALAIVEERAKUMAR MCHIRUTHAIGAL KATCHI,,28,406,406
2016,MLA,29,145,144,,SELVAM S,INDEPENDENT,0,406,406
2016,MLA,29,145,144,,DILLI A,INDEPENDENT,0,406,406
2016,MLA,29,145,144,,NIRMAL E,INDEPENDENT,0,406,406
2016,MLA,29,145,144,,PALANI C,INDEPENDENT,0,406,406
2016,MLA,29,145,144,,PALANI M,INDEPENDENT,0,406,406
2016,MLA,29,145,144,,PRAKASH R,INDEPENDENT,0,406,406
2016,MLA,29,145,144,,NOTA,0,1,406,406
2016,MLA,29,146,145,,CHANDRAN N,BAHUJAN SAMAJPARTY,2,580,580
2016,MLA,29,146,145,,SELVAPERUNTHAGAI K,INDIAN NATIONALCONGRESS,169,580,580
2016,MLA,29,146,145,,PALANI K,ALL INDIA ANNADRAVIDA MUNNETRAKAZHAGAM,272,580,580
2016,MLA,29,146,145,,MANOHARAN M,BHARATIYA JANATHAPARTY,9,580,580
2016,MLA,29,146,145,,SIVARANJINI B,NAAM TAMILARKATCHI,12,580,580
2016,MLA,29,146,145,,MUTHURAMAN C,PATTALI MAKKALKATCHI,69,580,580
2016,MLA,29,146,145,,LOK JAN SHAKTI PARTYRAVI M,,1,580,580
2016,MLA,29,146,145,,RAJESH V,COMMUNIST PARTYOF INDIA (MARXISTLENINIST) LIBERATION,1,580,580
2016,MLA,29,146,145,,VIDUTHALAIVEERAKUMAR MCHIRUTHAIGAL KATCHI,,30,580,580
2016,MLA,29,146,145,,SELVAM S,INDEPENDENT,0,580,580
2016,MLA,29,146,145,,DILLI A,INDEPENDENT,1,580,580
2016,MLA,29,146,145,,NIRMAL E,INDEPENDENT,1,580,580
2016,MLA,29,146,145,,PALANI C,INDEPENDENT,0,580,580
2016,MLA,29,146,145,,PALANI M,INDEPENDENT,0,580,580
2016,MLA,29,146,145,,PRAKASH R,INDEPENDENT,0,580,580
2016,MLA,29,146,145,,NOTA,0,13,580,580
2016,MLA,29,147,146,,CHANDRAN N,BAHUJAN SAMAJPARTY,0,512,512
2016,MLA,29,147,146,,SELVAPERUNTHAGAI K,INDIAN NATIONALCONGRESS,176,512,512
2016,MLA,29,147,146,,PALANI K,ALL INDIA ANNADRAVIDA MUNNETRAKAZHAGAM,204,512,512
2016,MLA,29,147,146,,MANOHARAN M,BHARATIYA JANATHAPARTY,20,512,512
2016,MLA,29,147,146,,SIVARANJINI B,NAAM TAMILARKATCHI,15,512,512
2016,MLA,29,147,146,,MUTHURAMAN C,PATTALI MAKKALKATCHI,51,512,512
2016,MLA,29,147,146,,LOK JAN SHAKTI PARTYRAVI M,,0,512,512
2016,MLA,29,147,146,,RAJESH V,COMMUNIST PARTYOF INDIA (MARXISTLENINIST) LIBERATION,0,512,512
2016,MLA,29,147,146,,VIDUTHALAIVEERAKUMAR MCHIRUTHAIGAL KATCHI,,27,512,512
2016,MLA,29,147,146,,SELVAM S,INDEPENDENT,1,512,512
2016,MLA,29,147,146,,DILLI A,INDEPENDENT,0,512,512
2016,MLA,29,147,146,,NIRMAL E,INDEPENDENT,0,512,512
2016,MLA,29,147,146,,PALANI C,INDEPENDENT,0,512,512
2016,MLA,29,147,146,,PALANI M,INDEPENDENT,0,512,512
2016,MLA,29,147,146,,PRAKASH R,INDEPENDENT,0,512,512
2016,MLA,29,147,146,,NOTA,0,18,512,512
2016,MLA,29,148,147,,CHANDRAN N,BAHUJAN SAMAJPARTY,1,582,582
2016,MLA,29,148,147,,SELVAPERUNTHAGAI K,INDIAN NATIONALCONGRESS,186,582,582
2016,MLA,29,148,147,,PALANI K,ALL INDIA ANNADRAVIDA MUNNETRAKAZHAGAM,232,582,582
2016,MLA,29,148,147,,MANOHARAN M,BHARATIYA JANATHAPARTY,5,582,582
2016,MLA,29,148,147,,SIVARANJINI B,NAAM TAMILARKATCHI,11,582,582
2016,MLA,29,148,147,,MUTHURAMAN C,PATTALI MAKKALKATCHI,101,582,582
2016,MLA,29,148,147,,LOK JAN SHAKTI PARTYRAVI M,,0,582,582
2016,MLA,29,148,147,,RAJESH V,COMMUNIST PARTYOF INDIA (MARXISTLENINIST) LIBERATION,1,582,582
2016,MLA,29,148,147,,VIDUTHALAIVEERAKUMAR MCHIRUTHAIGAL KATCHI,,33,582,582
2016,MLA,29,148,147,,SELVAM S,INDEPENDENT,1,582,582
2016,MLA,29,148,147,,DILLI A,INDEPENDENT,0,582,582
2016,MLA,29,148,147,,NIRMAL E,INDEPENDENT,1,582,582
2016,MLA,29,148,147,,PALANI C,INDEPENDENT,0,582,582
2016,MLA,29,148,147,,PALANI M,INDEPENDENT,1,582,582
2016,MLA,29,148,147,,PRAKASH R,INDEPENDENT,1,582,582
2016,MLA,29,148,147,,NOTA,0,8,582,582
2016,MLA,29,149,148,,CHANDRAN N,BAHUJAN SAMAJPARTY,1,646,646
2016,MLA,29,149,148,,SELVAPERUNTHAGAI K,INDIAN NATIONALCONGRESS,235,646,646
2016,MLA,29,149,148,,PALANI K,ALL INDIA ANNADRAVIDA MUNNETRAKAZHAGAM,280,646,646
2016,MLA,29,149,148,,MANOHARAN M,BHARATIYA JANATHAPARTY,12,646,646
2016,MLA,29,149,148,,SIVARANJINI B,NAAM TAMILARKATCHI,19,646,646
2016,MLA,29,149,148,,MUTHURAMAN C,PATTALI MAKKALKATCHI,23,646,646
2016,MLA,29,149,148,,LOK JAN SHAKTI PARTYRAVI M,,0,646,646
2016,MLA,29,149,148,,RAJESH V,COMMUNIST PARTYOF INDIA (MARXISTLENINIST) LIBERATION,1,646,646
2016,MLA,29,149,148,,VIDUTHALAIVEERAKUMAR MCHIRUTHAIGAL KATCHI,,61,646,646
2016,MLA,29,149,148,,SELVAM S,INDEPENDENT,0,646,646
2016,MLA,29,149,148,,DILLI A,INDEPENDENT,0,646,646
2016,MLA,29,149,148,,NIRMAL E,INDEPENDENT,0,646,646
2016,MLA,29,149,148,,PALANI C,INDEPENDENT,0,646,646
2016,MLA,29,149,148,,PALANI M,INDEPENDENT,2,646,646
2016,MLA,29,149,148,,PRAKASH R,INDEPENDENT,0,646,646
2016,MLA,29,149,148,,NOTA,0,12,646,646
2016,MLA,29,150,149,,CHANDRAN N,BAHUJAN SAMAJPARTY,2,1036,1036
2016,MLA,29,150,149,,SELVAPERUNTHAGAI K,INDIAN NATIONALCONGRESS,387,1036,1036
2016,MLA,29,150,149,,PALANI K,ALL INDIA ANNADRAVIDA MUNNETRAKAZHAGAM,440,1036,1036
2016,MLA,29,150,149,,MANOHARAN M,BHARATIYA JANATHAPARTY,25,1036,1036
2016,MLA,29,150,149,,SIVARANJINI B,NAAM TAMILARKATCHI,29,1036,1036
2016,MLA,29,150,149,,MUTHURAMAN C,PATTALI MAKKALKATCHI,41,1036,1036
2016,MLA,29,150,149,,LOK JAN SHAKTI PARTYRAVI M,,0,1036,1036
2016,MLA,29,150,149,,RAJESH V,COMMUNIST PARTYOF INDIA (MARXISTLENINIST) LIBERATION,1,1036,1036
2016,MLA,29,150,149,,VIDUTHALAIVEERAKUMAR MCHIRUTHAIGAL KATCHI,,96,1036,1036
2016,MLA,29,150,149,,SELVAM S,INDEPENDENT,0,1036,1036
2016,MLA,29,150,149,,DILLI A,INDEPENDENT,0,1036,1036
2016,MLA,29,150,149,,NIRMAL E,INDEPENDENT,0,1036,1036
2016,MLA,29,150,149,,PALANI C,INDEPENDENT,0,1036,1036
2016,MLA,29,150,149,,PALANI M,INDEPENDENT,1,1036,1036
2016,MLA,29,150,149,,PRAKASH R,INDEPENDENT,1,1036,1036
2016,MLA,29,150,149,,NOTA,0,13,1036,1036
2016,MLA,29,151,150,,CHANDRAN N,BAHUJAN SAMAJPARTY,4,478,478
2016,MLA,29,151,150,,SELVAPERUNTHAGAI K,INDIAN NATIONALCONGRESS,190,478,478
2016,MLA,29,151,150,,PALANI K,ALL INDIA ANNADRAVIDA MUNNETRAKAZHAGAM,167,478,478
2016,MLA,29,151,150,,MANOHARAN M,BHARATIYA JANATHAPARTY,13,478,478
2016,MLA,29,151,150,,SIVARANJINI B,NAAM TAMILARKATCHI,14,478,478
2016,MLA,29,151,150,,MUTHURAMAN C,PATTALI MAKKALKATCHI,23,478,478
2016,MLA,29,151,150,,LOK JAN SHAKTI PARTYRAVI M,,0,478,478
2016,MLA,29,151,150,,RAJESH V,COMMUNIST PARTYOF INDIA (MARXISTLENINIST) LIBERATION,3,478,478
2016,MLA,29,151,150,,VIDUTHALAIVEERAKUMAR MCHIRUTHAIGAL KATCHI,,49,478,478
2016,MLA,29,151,150,,SELVAM S,INDEPENDENT,0,478,478
2016,MLA,29,151,150,,DILLI A,INDEPENDENT,0,478,478
2016,MLA,29,151,150,,NIRMAL E,INDEPENDENT,0,478,478
2016,MLA,29,151,150,,PALANI C,INDEPENDENT,0,478,478
2016,MLA,29,151,150,,PALANI M,INDEPENDENT,0,478,478
2016,MLA,29,151,150,,PRAKASH R,INDEPENDENT,1,478,478
2016,MLA,29,151,150,,NOTA,0,14,478,478
2016,MLA,29,152,151,,CHANDRAN N,BAHUJAN SAMAJPARTY,0,566,566
2016,MLA,29,152,151,,SELVAPERUNTHAGAI K,INDIAN NATIONALCONGRESS,210,566,566
2016,MLA,29,152,151,,PALANI K,ALL INDIA ANNADRAVIDA MUNNETRAKAZHAGAM,229,566,566
2016,MLA,29,152,151,,MANOHARAN M,BHARATIYA JANATHAPARTY,16,566,566
2016,MLA,29,152,151,,SIVARANJINI B,NAAM TAMILARKATCHI,16,566,566
2016,MLA,29,152,151,,MUTHURAMAN C,PATTALI MAKKALKATCHI,40,566,566
2016,MLA,29,152,151,,LOK JAN SHAKTI PARTYRAVI M,,0,566,566
2016,MLA,29,152,151,,RAJESH V,COMMUNIST PARTYOF INDIA (MARXISTLENINIST) LIBERATION,1,566,566
2016,MLA,29,152,151,,VIDUTHALAIVEERAKUMAR MCHIRUTHAIGAL KATCHI,,39,566,566
2016,MLA,29,152,151,,SELVAM S,INDEPENDENT,0,566,566
2016,MLA,29,152,151,,DILLI A,INDEPENDENT,0,566,566
2016,MLA,29,152,151,,NIRMAL E,INDEPENDENT,1,566,566
2016,MLA,29,152,151,,PALANI C,INDEPENDENT,0,566,566
2016,MLA,29,152,151,,PALANI M,INDEPENDENT,1,566,566
2016,MLA,29,152,151,,PRAKASH R,INDEPENDENT,1,566,566
2016,MLA,29,152,151,,NOTA,0,12,566,566
2016,MLA,29,153,152,,CHANDRAN N,BAHUJAN SAMAJPARTY,4,907,907
2016,MLA,29,153,152,,SELVAPERUNTHAGAI K,INDIAN NATIONALCONGRESS,319,907,907
2016,MLA,29,153,152,,PALANI K,ALL INDIA ANNADRAVIDA MUNNETRAKAZHAGAM,498,907,907
2016,MLA,29,153,152,,MANOHARAN M,BHARATIYA JANATHAPARTY,6,907,907
2016,MLA,29,153,152,,SIVARANJINI B,NAAM TAMILARKATCHI,11,907,907
2016,MLA,29,153,152,,MUTHURAMAN C,PATTALI MAKKALKATCHI,7,907,907
2016,MLA,29,153,152,,LOK JAN SHAKTI PARTYRAVI M,,0,907,907
2016,MLA,29,153,152,,RAJESH V,COMMUNIST PARTYOF INDIA (MARXISTLENINIST) LIBERATION,0,907,907
2016,MLA,29,153,152,,VIDUTHALAIVEERAKUMAR MCHIRUTHAIGAL KATCHI,,55,907,907
2016,MLA,29,153,152,,SELVAM S,INDEPENDENT,0,907,907
2016,MLA,29,153,152,,DILLI A,INDEPENDENT,1,907,907
2016,MLA,29,153,152,,NIRMAL E,INDEPENDENT,0,907,907
2016,MLA,29,153,152,,PALANI C,INDEPENDENT,0,907,907
2016,MLA,29,153,152,,PALANI M,INDEPENDENT,1,907,907
2016,MLA,29,153,152,,PRAKASH R,INDEPENDENT,0,907,907
2016,MLA,29,153,152,,NOTA,0,5,907,907
2016,MLA,29,154,153,,CHANDRAN N,BAHUJAN SAMAJPARTY,3,842,842
2016,MLA,29,154,153,,SELVAPERUNTHAGAI K,INDIAN NATIONALCONGRESS,379,842,842
2016,MLA,29,154,153,,PALANI K,ALL INDIA ANNADRAVIDA MUNNETRAKAZHAGAM,344,842,842
2016,MLA,29,154,153,,MANOHARAN M,BHARATIYA JANATHAPARTY,12,842,842
2016,MLA,29,154,153,,SIVARANJINI B,NAAM TAMILARKATCHI,14,842,842
2016,MLA,29,154,153,,MUTHURAMAN C,PATTALI MAKKALKATCHI,9,842,842
2016,MLA,29,154,153,,LOK JAN SHAKTI PARTYRAVI M,,0,842,842
2016,MLA,29,154,153,,RAJESH V,COMMUNIST PARTYOF INDIA (MARXISTLENINIST) LIBERATION,1,842,842
2016,MLA,29,154,153,,VIDUTHALAIVEERAKUMAR MCHIRUTHAIGAL KATCHI,,62,842,842
2016,MLA,29,154,153,,SELVAM S,INDEPENDENT,0,842,842
2016,MLA,29,154,153,,DILLI A,INDEPENDENT,0,842,842
2016,MLA,29,154,153,,NIRMAL E,INDEPENDENT,1,842,842
2016,MLA,29,154,153,,PALANI C,INDEPENDENT,2,842,842
2016,MLA,29,154,153,,PALANI M,INDEPENDENT,2,842,842
2016,MLA,29,154,153,,PRAKASH R,INDEPENDENT,4,842,842
2016,MLA,29,154,153,,NOTA,0,9,842,842
2016,MLA,29,155,154,,CHANDRAN N,BAHUJAN SAMAJPARTY,6,634,634
2016,MLA,29,155,154,,SELVAPERUNTHAGAI K,INDIAN NATIONALCONGRESS,291,634,634
2016,MLA,29,155,154,,PALANI K,ALL INDIA ANNADRAVIDA MUNNETRAKAZHAGAM,266,634,634
2016,MLA,29,155,154,,MANOHARAN M,BHARATIYA JANATHAPARTY,2,634,634
2016,MLA,29,155,154,,SIVARANJINI B,NAAM TAMILARKATCHI,11,634,634
2016,MLA,29,155,154,,MUTHURAMAN C,PATTALI MAKKALKATCHI,0,634,634
2016,MLA,29,155,154,,LOK JAN SHAKTI PARTYRAVI M,,0,634,634
2016,MLA,29,155,154,,RAJESH V,COMMUNIST PARTYOF INDIA (MARXISTLENINIST) LIBERATION,0,634,634
2016,MLA,29,155,154,,VIDUTHALAIVEERAKUMAR MCHIRUTHAIGAL KATCHI,,52,634,634
2016,MLA,29,155,154,,SELVAM S,INDEPENDENT,0,634,634
2016,MLA,29,155,154,,DILLI A,INDEPENDENT,0,634,634
2016,MLA,29,155,154,,NIRMAL E,INDEPENDENT,0,634,634
2016,MLA,29,155,154,,PALANI C,INDEPENDENT,1,634,634
2016,MLA,29,155,154,,PALANI M,INDEPENDENT,0,634,634
2016,MLA,29,155,154,,PRAKASH R,INDEPENDENT,1,634,634
2016,MLA,29,155,154,,NOTA,0,4,634,634
2016,MLA,29,156,155,,CHANDRAN N,BAHUJAN SAMAJPARTY,5,394,394
2016,MLA,29,156,155,,SELVAPERUNTHAGAI K,INDIAN NATIONALCONGRESS,184,394,394
2016,MLA,29,156,155,,PALANI K,ALL INDIA ANNADRAVIDA MUNNETRAKAZHAGAM,162,394,394
2016,MLA,29,156,155,,MANOHARAN M,BHARATIYA JANATHAPARTY,4,394,394
2016,MLA,29,156,155,,SIVARANJINI B,NAAM TAMILARKATCHI,7,394,394
2016,MLA,29,156,155,,MUTHURAMAN C,PATTALI MAKKALKATCHI,5,394,394
2016,MLA,29,156,155,,LOK JAN SHAKTI PARTYRAVI M,,1,394,394
2016,MLA,29,156,155,,RAJESH V,COMMUNIST PARTYOF INDIA (MARXISTLENINIST) LIBERATION,0,394,394
2016,MLA,29,156,155,,VIDUTHALAIVEERAKUMAR MCHIRUTHAIGAL KATCHI,,24,394,394
2016,MLA,29,156,155,,SELVAM S,INDEPENDENT,0,394,394
2016,MLA,29,156,155,,DILLI A,INDEPENDENT,0,394,394
2016,MLA,29,156,155,,NIRMAL E,INDEPENDENT,0,394,394
2016,MLA,29,156,155,,PALANI C,INDEPENDENT,1,394,394
2016,MLA,29,156,155,,PALANI M,INDEPENDENT,1,394,394
2016,MLA,29,156,155,,PRAKASH R,INDEPENDENT,0,394,394
2016,MLA,29,156,155,,NOTA,0,0,394,394
2016,MLA,29,157,156,,CHANDRAN N,BAHUJAN SAMAJPARTY,2,624,624
2016,MLA,29,157,156,,SELVAPERUNTHAGAI K,INDIAN NATIONALCONGRESS,211,624,624
2016,MLA,29,157,156,,PALANI K,ALL INDIA ANNADRAVIDA MUNNETRAKAZHAGAM,340,624,624
2016,MLA,29,157,156,,MANOHARAN M,BHARATIYA JANATHAPARTY,9,624,624
2016,MLA,29,157,156,,SIVARANJINI B,NAAM TAMILARKATCHI,8,624,624
2016,MLA,29,157,156,,MUTHURAMAN C,PATTALI MAKKALKATCHI,11,624,624
2016,MLA,29,157,156,,LOK JAN SHAKTI PARTYRAVI M,,0,624,624
2016,MLA,29,157,156,,RAJESH V,COMMUNIST PARTYOF INDIA (MARXISTLENINIST) LIBERATION,0,624,624
2016,MLA,29,157,156,,VIDUTHALAIVEERAKUMAR MCHIRUTHAIGAL KATCHI,,33,624,624
2016,MLA,29,157,156,,SELVAM S,INDEPENDENT,0,624,624
2016,MLA,29,157,156,,DILLI A,INDEPENDENT,1,624,624
2016,MLA,29,157,156,,NIRMAL E,INDEPENDENT,0,624,624
2016,MLA,29,157,156,,PALANI C,INDEPENDENT,0,624,624
2016,MLA,29,157,156,,PALANI M,INDEPENDENT,1,624,624
2016,MLA,29,157,156,,PRAKASH R,INDEPENDENT,0,624,624
2016,MLA,29,157,156,,NOTA,0,8,624,624
2016,MLA,29,158,157,,CHANDRAN N,BAHUJAN SAMAJPARTY,2,712,712
2016,MLA,29,158,157,,SELVAPERUNTHAGAI K,INDIAN NATIONALCONGRESS,402,712,712
2016,MLA,29,158,157,,PALANI K,ALL INDIA ANNADRAVIDA MUNNETRAKAZHAGAM,267,712,712
2016,MLA,29,158,157,,MANOHARAN M,BHARATIYA JANATHAPARTY,6,712,712
2016,MLA,29,158,157,,SIVARANJINI B,NAAM TAMILARKATCHI,6,712,712
2016,MLA,29,158,157,,MUTHURAMAN C,PATTALI MAKKALKATCHI,5,712,712
2016,MLA,29,158,157,,LOK JAN SHAKTI PARTYRAVI M,,0,712,712
2016,MLA,29,158,157,,RAJESH V,COMMUNIST PARTYOF INDIA (MARXISTLENINIST) LIBERATION,0,712,712
2016,MLA,29,158,157,,VIDUTHALAIVEERAKUMAR MCHIRUTHAIGAL KATCHI,,8,712,712
2016,MLA,29,158,157,,SELVAM S,INDEPENDENT,0,712,712
2016,MLA,29,158,157,,DILLI A,INDEPENDENT,0,712,712
2016,MLA,29,158,157,,NIRMAL E,INDEPENDENT,0,712,712
2016,MLA,29,158,157,,PALANI C,INDEPENDENT,0,712,712
2016,MLA,29,158,157,,PALANI M,INDEPENDENT,0,712,712
2016,MLA,29,158,157,,PRAKASH R,INDEPENDENT,1,712,712
2016,MLA,29,158,157,,NOTA,0,15,712,712
2016,MLA,29,159,158,,CHANDRAN N,BAHUJAN SAMAJPARTY,1,889,889
2016,MLA,29,159,158,,SELVAPERUNTHAGAI K,INDIAN NATIONALCONGRESS,547,889,889
2016,MLA,29,159,158,,PALANI K,ALL INDIA ANNADRAVIDA MUNNETRAKAZHAGAM,256,889,889
2016,MLA,29,159,158,,MANOHARAN M,BHARATIYA JANATHAPARTY,7,889,889
2016,MLA,29,159,158,,SIVARANJINI B,NAAM TAMILARKATCHI,8,889,889
2016,MLA,29,159,158,,MUTHURAMAN C,PATTALI MAKKALKATCHI,40,889,889
2016,MLA,29,159,158,,LOK JAN SHAKTI PARTYRAVI M,,0,889,889
2016,MLA,29,159,158,,RAJESH V,COMMUNIST PARTYOF INDIA (MARXISTLENINIST) LIBERATION,1,889,889
2016,MLA,29,159,158,,VIDUTHALAIVEERAKUMAR MCHIRUTHAIGAL KATCHI,,12,889,889
2016,MLA,29,159,158,,SELVAM S,INDEPENDENT,0,889,889
2016,MLA,29,159,158,,DILLI A,INDEPENDENT,0,889,889
2016,MLA,29,159,158,,NIRMAL E,INDEPENDENT,1,889,889
2016,MLA,29,159,158,,PALANI C,INDEPENDENT,1,889,889
2016,MLA,29,159,158,,PALANI M,INDEPENDENT,0,889,889
2016,MLA,29,159,158,,PRAKASH R,INDEPENDENT,2,889,889
2016,MLA,29,159,158,,NOTA,0,13,889,889
2016,MLA,29,160,159,,CHANDRAN N,BAHUJAN SAMAJPARTY,5,956,956
2016,MLA,29,160,159,,SELVAPERUNTHAGAI K,INDIAN NATIONALCONGRESS,439,956,956
2016,MLA,29,160,159,,PALANI K,ALL INDIA ANNADRAVIDA MUNNETRAKAZHAGAM,450,956,956
2016,MLA,29,160,159,,MANOHARAN M,BHARATIYA JANATHAPARTY,5,956,956
2016,MLA,29,160,159,,SIVARANJINI B,NAAM TAMILARKATCHI,3,956,956
2016,MLA,29,160,159,,MUTHURAMAN C,PATTALI MAKKALKATCHI,1,956,956
2016,MLA,29,160,159,,LOK JAN SHAKTI PARTYRAVI M,,1,956,956
2016,MLA,29,160,159,,RAJESH V,COMMUNIST PARTYOF INDIA (MARXISTLENINIST) LIBERATION,0,956,956
2016,MLA,29,160,159,,VIDUTHALAIVEERAKUMAR MCHIRUTHAIGAL KATCHI,,39,956,956
2016,MLA,29,160,159,,SELVAM S,INDEPENDENT,0,956,956
2016,MLA,29,160,159,,DILLI A,INDEPENDENT,0,956,956
2016,MLA,29,160,159,,NIRMAL E,INDEPENDENT,0,956,956
2016,MLA,29,160,159,,PALANI C,INDEPENDENT,2,956,956
2016,MLA,29,160,159,,PALANI M,INDEPENDENT,0,956,956
2016,MLA,29,160,159,,PRAKASH R,INDEPENDENT,1,956,956
2016,MLA,29,160,159,,NOTA,0,10,956,956
2016,MLA,29,161,160,,CHANDRAN N,BAHUJAN SAMAJPARTY,1,590,590
2016,MLA,29,161,160,,SELVAPERUNTHAGAI K,INDIAN NATIONALCONGRESS,211,590,590
2016,MLA,29,161,160,,PALANI K,ALL INDIA ANNADRAVIDA MUNNETRAKAZHAGAM,281,590,590
2016,MLA,29,161,160,,MANOHARAN M,BHARATIYA JANATHAPARTY,9,590,590
2016,MLA,29,161,160,,SIVARANJINI B,NAAM TAMILARKATCHI,8,590,590
2016,MLA,29,161,160,,MUTHURAMAN C,PATTALI MAKKALKATCHI,43,590,590
2016,MLA,29,161,160,,LOK JAN SHAKTI PARTYRAVI M,,1,590,590
2016,MLA,29,161,160,,RAJESH V,COMMUNIST PARTYOF INDIA (MARXISTLENINIST) LIBERATION,0,590,590
2016,MLA,29,161,160,,VIDUTHALAIVEERAKUMAR MCHIRUTHAIGAL KATCHI,,23,590,590
2016,MLA,29,161,160,,SELVAM S,INDEPENDENT,0,590,590
2016,MLA,29,161,160,,DILLI A,INDEPENDENT,0,590,590
2016,MLA,29,161,160,,NIRMAL E,INDEPENDENT,0,590,590
2016,MLA,29,161,160,,PALANI C,INDEPENDENT,1,590,590
2016,MLA,29,161,160,,PALANI M,INDEPENDENT,2,590,590
2016,MLA,29,161,160,,PRAKASH R,INDEPENDENT,1,590,590
2016,MLA,29,161,160,,NOTA,0,9,590,590
2016,MLA,29,162,161,,CHANDRAN N,BAHUJAN SAMAJPARTY,1,664,664
2016,MLA,29,162,161,,SELVAPERUNTHAGAI K,INDIAN NATIONALCONGRESS,388,664,664
2016,MLA,29,162,161,,PALANI K,ALL INDIA ANNADRAVIDA MUNNETRAKAZHAGAM,229,664,664
2016,MLA,29,162,161,,MANOHARAN M,BHARATIYA JANATHAPARTY,5,664,664
2016,MLA,29,162,161,,SIVARANJINI B,NAAM TAMILARKATCHI,3,664,664
2016,MLA,29,162,161,,MUTHURAMAN C,PATTALI MAKKALKATCHI,5,664,664
2016,MLA,29,162,161,,LOK JAN SHAKTI PARTYRAVI M,,0,664,664
2016,MLA,29,162,161,,RAJESH V,COMMUNIST PARTYOF INDIA (MARXISTLENINIST) LIBERATION,1,664,664
2016,MLA,29,162,161,,VIDUTHALAIVEERAKUMAR MCHIRUTHAIGAL KATCHI,,17,664,664
2016,MLA,29,162,161,,SELVAM S,INDEPENDENT,0,664,664
2016,MLA,29,162,161,,DILLI A,INDEPENDENT,0,664,664
2016,MLA,29,162,161,,NIRMAL E,INDEPENDENT,0,664,664
2016,MLA,29,162,161,,PALANI C,INDEPENDENT,0,664,664
2016,MLA,29,162,161,,PALANI M,INDEPENDENT,1,664,664
2016,MLA,29,162,161,,PRAKASH R,INDEPENDENT,1,664,664
2016,MLA,29,162,161,,NOTA,0,13,664,664
2016,MLA,29,163,162,,CHANDRAN N,BAHUJAN SAMAJPARTY,0,752,752
2016,MLA,29,163,162,,SELVAPERUNTHAGAI K,INDIAN NATIONALCONGRESS,262,752,752
2016,MLA,29,163,162,,PALANI K,ALL INDIA ANNADRAVIDA MUNNETRAKAZHAGAM,265,752,752
2016,MLA,29,163,162,,MANOHARAN M,BHARATIYA JANATHAPARTY,5,752,752
2016,MLA,29,163,162,,SIVARANJINI B,NAAM TAMILARKATCHI,2,752,752
2016,MLA,29,163,162,,MUTHURAMAN C,PATTALI MAKKALKATCHI,191,752,752
2016,MLA,29,163,162,,LOK JAN SHAKTI PARTYRAVI M,,0,752,752
2016,MLA,29,163,162,,RAJESH V,COMMUNIST PARTYOF INDIA (MARXISTLENINIST) LIBERATION,0,752,752
2016,MLA,29,163,162,,VIDUTHALAIVEERAKUMAR MCHIRUTHAIGAL KATCHI,,14,752,752
2016,MLA,29,163,162,,SELVAM S,INDEPENDENT,0,752,752
2016,MLA,29,163,162,,DILLI A,INDEPENDENT,0,752,752
2016,MLA,29,163,162,,NIRMAL E,INDEPENDENT,0,752,752
2016,MLA,29,163,162,,PALANI C,INDEPENDENT,2,752,752
2016,MLA,29,163,162,,PALANI M,INDEPENDENT,2,752,752
2016,MLA,29,163,162,,PRAKASH R,INDEPENDENT,4,752,752
2016,MLA,29,163,162,,NOTA,0,5,752,752
2016,MLA,29,164,163,,CHANDRAN N,BAHUJAN SAMAJPARTY,4,961,961
2016,MLA,29,164,163,,SELVAPERUNTHAGAI K,INDIAN NATIONALCONGRESS,291,961,961
2016,MLA,29,164,163,,PALANI K,ALL INDIA ANNADRAVIDA MUNNETRAKAZHAGAM,415,961,961
2016,MLA,29,164,163,,MANOHARAN M,BHARATIYA JANATHAPARTY,17,961,961
2016,MLA,29,164,163,,SIVARANJINI B,NAAM TAMILARKATCHI,15,961,961
2016,MLA,29,164,163,,MUTHURAMAN C,PATTALI MAKKALKATCHI,142,961,961
2016,MLA,29,164,163,,LOK JAN SHAKTI PARTYRAVI M,,1,961,961
2016,MLA,29,164,163,,RAJESH V,COMMUNIST PARTYOF INDIA (MARXISTLENINIST) LIBERATION,1,961,961
2016,MLA,29,164,163,,VIDUTHALAIVEERAKUMAR MCHIRUTHAIGAL KATCHI,,54,961,961
2016,MLA,29,164,163,,SELVAM S,INDEPENDENT,0,961,961
2016,MLA,29,164,163,,DILLI A,INDEPENDENT,0,961,961
2016,MLA,29,164,163,,NIRMAL E,INDEPENDENT,1,961,961
2016,MLA,29,164,163,,PALANI C,INDEPENDENT,0,961,961
2016,MLA,29,164,163,,PALANI M,INDEPENDENT,2,961,961
2016,MLA,29,164,163,,PRAKASH R,INDEPENDENT,0,961,961
2016,MLA,29,164,163,,NOTA,0,18,961,961
2016,MLA,29,165,164,,CHANDRAN N,BAHUJAN SAMAJPARTY,0,367,367
2016,MLA,29,165,164,,SELVAPERUNTHAGAI K,INDIAN NATIONALCONGRESS,118,367,367
2016,MLA,29,165,164,,PALANI K,ALL INDIA ANNADRAVIDA MUNNETRAKAZHAGAM,155,367,367
2016,MLA,29,165,164,,MANOHARAN M,BHARATIYA JANATHAPARTY,11,367,367
2016,MLA,29,165,164,,SIVARANJINI B,NAAM TAMILARKATCHI,7,367,367
2016,MLA,29,165,164,,MUTHURAMAN C,PATTALI MAKKALKATCHI,59,367,367
2016,MLA,29,165,164,,LOK JAN SHAKTI PARTYRAVI M,,0,367,367
2016,MLA,29,165,164,,RAJESH V,COMMUNIST PARTYOF INDIA (MARXISTLENINIST) LIBERATION,0,367,367
2016,MLA,29,165,164,,VIDUTHALAIVEERAKUMAR MCHIRUTHAIGAL KATCHI,,13,367,367
2016,MLA,29,165,164,,SELVAM S,INDEPENDENT,0,367,367
2016,MLA,29,165,164,,DILLI A,INDEPENDENT,0,367,367
2016,MLA,29,165,164,,NIRMAL E,INDEPENDENT,0,367,367
2016,MLA,29,165,164,,PALANI C,INDEPENDENT,0,367,367
2016,MLA,29,165,164,,PALANI M,INDEPENDENT,0,367,367
2016,MLA,29,165,164,,PRAKASH R,INDEPENDENT,0,367,367
2016,MLA,29,165,164,,NOTA,0,4,367,367
2016,MLA,29,166,165,,CHANDRAN N,BAHUJAN SAMAJPARTY,3,555,555
2016,MLA,29,166,165,,SELVAPERUNTHAGAI K,INDIAN NATIONALCONGRESS,152,555,555
2016,MLA,29,166,165,,PALANI K,ALL INDIA ANNADRAVIDA MUNNETRAKAZHAGAM,276,555,555
2016,MLA,29,166,165,,MANOHARAN M,BHARATIYA JANATHAPARTY,12,555,555
2016,MLA,29,166,165,,SIVARANJINI B,NAAM TAMILARKATCHI,14,555,555
2016,MLA,29,166,165,,MUTHURAMAN C,PATTALI MAKKALKATCHI,24,555,555
2016,MLA,29,166,165,,LOK JAN SHAKTI PARTYRAVI M,,0,555,555
2016,MLA,29,166,165,,RAJESH V,COMMUNIST PARTYOF INDIA (MARXISTLENINIST) LIBERATION,3,555,555
2016,MLA,29,166,165,,VIDUTHALAIVEERAKUMAR MCHIRUTHAIGAL KATCHI,,57,555,555
2016,MLA,29,166,165,,SELVAM S,INDEPENDENT,0,555,555
2016,MLA,29,166,165,,DILLI A,INDEPENDENT,0,555,555
2016,MLA,29,166,165,,NIRMAL E,INDEPENDENT,0,555,555
2016,MLA,29,166,165,,PALANI C,INDEPENDENT,0,555,555
2016,MLA,29,166,165,,PALANI M,INDEPENDENT,2,555,555
2016,MLA,29,166,165,,PRAKASH R,INDEPENDENT,0,555,555
2016,MLA,29,166,165,,NOTA,0,12,555,555
2016,MLA,29,167,166,,CHANDRAN N,BAHUJAN SAMAJPARTY,4,764,764
2016,MLA,29,167,166,,SELVAPERUNTHAGAI K,INDIAN NATIONALCONGRESS,236,764,764
2016,MLA,29,167,166,,PALANI K,ALL INDIA ANNADRAVIDA MUNNETRAKAZHAGAM,361,764,764
2016,MLA,29,167,166,,MANOHARAN M,BHARATIYA JANATHAPARTY,21,764,764
2016,MLA,29,167,166,,SIVARANJINI B,NAAM TAMILARKATCHI,17,764,764
2016,MLA,29,167,166,,MUTHURAMAN C,PATTALI MAKKALKATCHI,59,764,764
2016,MLA,29,167,166,,LOK JAN SHAKTI PARTYRAVI M,,0,764,764
2016,MLA,29,167,166,,RAJESH V,COMMUNIST PARTYOF INDIA (MARXISTLENINIST) LIBERATION,1,764,764
2016,MLA,29,167,166,,VIDUTHALAIVEERAKUMAR MCHIRUTHAIGAL KATCHI,,49,764,764
2016,MLA,29,167,166,,SELVAM S,INDEPENDENT,0,764,764
2016,MLA,29,167,166,,DILLI A,INDEPENDENT,0,764,764
2016,MLA,29,167,166,,NIRMAL E,INDEPENDENT,0,764,764
2016,MLA,29,167,166,,PALANI C,INDEPENDENT,0,764,764
2016,MLA,29,167,166,,PALANI M,INDEPENDENT,0,764,764
2016,MLA,29,167,166,,PRAKASH R,INDEPENDENT,1,764,764
2016,MLA,29,167,166,,NOTA,0,15,764,764
2016,MLA,29,168,167,,CHANDRAN N,BAHUJAN SAMAJPARTY,2,697,697
2016,MLA,29,168,167,,SELVAPERUNTHAGAI K,INDIAN NATIONALCONGRESS,211,697,697
2016,MLA,29,168,167,,PALANI K,ALL INDIA ANNADRAVIDA MUNNETRAKAZHAGAM,293,697,697
2016,MLA,29,168,167,,MANOHARAN M,BHARATIYA JANATHAPARTY,21,697,697
2016,MLA,29,168,167,,SIVARANJINI B,NAAM TAMILARKATCHI,31,697,697
2016,MLA,29,168,167,,MUTHURAMAN C,PATTALI MAKKALKATCHI,53,697,697
2016,MLA,29,168,167,,LOK JAN SHAKTI PARTYRAVI M,,0,697,697
2016,MLA,29,168,167,,RAJESH V,COMMUNIST PARTYOF INDIA (MARXISTLENINIST) LIBERATION,0,697,697
2016,MLA,29,168,167,,VIDUTHALAIVEERAKUMAR MCHIRUTHAIGAL KATCHI,,69,697,697
2016,MLA,29,168,167,,SELVAM S,INDEPENDENT,0,697,697
2016,MLA,29,168,167,,DILLI A,INDEPENDENT,0,697,697
2016,MLA,29,168,167,,NIRMAL E,INDEPENDENT,0,697,697
2016,MLA,29,168,167,,PALANI C,INDEPENDENT,0,697,697
2016,MLA,29,168,167,,PALANI M,INDEPENDENT,1,697,697
2016,MLA,29,168,167,,PRAKASH R,INDEPENDENT,1,697,697
2016,MLA,29,168,167,,NOTA,0,15,697,697
2016,MLA,29,169,168,,CHANDRAN N,BAHUJAN SAMAJPARTY,5,554,554
2016,MLA,29,169,168,,SELVAPERUNTHAGAI K,INDIAN NATIONALCONGRESS,162,554,554
2016,MLA,29,169,168,,PALANI K,ALL INDIA ANNADRAVIDA MUNNETRAKAZHAGAM,268,554,554
2016,MLA,29,169,168,,MANOHARAN M,BHARATIYA JANATHAPARTY,4,554,554
2016,MLA,29,169,168,,SIVARANJINI B,NAAM TAMILARKATCHI,4,554,554
2016,MLA,29,169,168,,MUTHURAMAN C,PATTALI MAKKALKATCHI,62,554,554
2016,MLA,29,169,168,,LOK JAN SHAKTI PARTYRAVI M,,0,554,554
2016,MLA,29,169,168,,RAJESH V,COMMUNIST PARTYOF INDIA (MARXISTLENINIST) LIBERATION,1,554,554
2016,MLA,29,169,168,,VIDUTHALAIVEERAKUMAR MCHIRUTHAIGAL KATCHI,,39,554,554
2016,MLA,29,169,168,,SELVAM S,INDEPENDENT,0,554,554
2016,MLA,29,169,168,,DILLI A,INDEPENDENT,0,554,554
2016,MLA,29,169,168,,NIRMAL E,INDEPENDENT,0,554,554
2016,MLA,29,169,168,,PALANI C,INDEPENDENT,1,554,554
2016,MLA,29,169,168,,PALANI M,INDEPENDENT,1,554,554
2016,MLA,29,169,168,,PRAKASH R,INDEPENDENT,0,554,554
2016,MLA,29,169,168,,NOTA,0,7,554,554
2016,MLA,29,170,169,,CHANDRAN N,BAHUJAN SAMAJPARTY,1,869,869
2016,MLA,29,170,169,,SELVAPERUNTHAGAI K,INDIAN NATIONALCONGRESS,175,869,869
2016,MLA,29,170,169,,PALANI K,ALL INDIA ANNADRAVIDA MUNNETRAKAZHAGAM,458,869,869
2016,MLA,29,170,169,,MANOHARAN M,BHARATIYA JANATHAPARTY,11,869,869
2016,MLA,29,170,169,,SIVARANJINI B,NAAM TAMILARKATCHI,17,869,869
2016,MLA,29,170,169,,MUTHURAMAN C,PATTALI MAKKALKATCHI,160,869,869
2016,MLA,29,170,169,,LOK JAN SHAKTI PARTYRAVI M,,1,869,869
2016,MLA,29,170,169,,RAJESH V,COMMUNIST PARTYOF INDIA (MARXISTLENINIST) LIBERATION,0,869,869
2016,MLA,29,170,169,,VIDUTHALAIVEERAKUMAR MCHIRUTHAIGAL KATCHI,,40,869,869
2016,MLA,29,170,169,,SELVAM S,INDEPENDENT,0,869,869
2016,MLA,29,170,169,,DILLI A,INDEPENDENT,0,869,869
2016,MLA,29,170,169,,NIRMAL E,INDEPENDENT,2,869,869
2016,MLA,29,170,169,,PALANI C,INDEPENDENT,1,869,869
2016,MLA,29,170,169,,PALANI M,INDEPENDENT,0,869,869
2016,MLA,29,170,169,,PRAKASH R,INDEPENDENT,0,869,869
2016,MLA,29,170,169,,NOTA,0,3,869,869
2016,MLA,29,171,170,,CHANDRAN N,BAHUJAN SAMAJPARTY,1,1071,1071
2016,MLA,29,171,170,,SELVAPERUNTHAGAI K,INDIAN NATIONALCONGRESS,312,1071,1071
2016,MLA,29,171,170,,PALANI K,ALL INDIA ANNADRAVIDA MUNNETRAKAZHAGAM,615,1071,1071
2016,MLA,29,171,170,,MANOHARAN M,BHARATIYA JANATHAPARTY,11,1071,1071
2016,MLA,29,171,170,,SIVARANJINI B,NAAM TAMILARKATCHI,19,1071,1071
2016,MLA,29,171,170,,MUTHURAMAN C,PATTALI MAKKALKATCHI,19,1071,1071
2016,MLA,29,171,170,,LOK JAN SHAKTI PARTYRAVI M,,1,1071,1071
2016,MLA,29,171,170,,RAJESH V,COMMUNIST PARTYOF INDIA (MARXISTLENINIST) LIBERATION,0,1071,1071
2016,MLA,29,171,170,,VIDUTHALAIVEERAKUMAR MCHIRUTHAIGAL KATCHI,,71,1071,1071
2016,MLA,29,171,170,,SELVAM S,INDEPENDENT,2,1071,1071
2016,MLA,29,171,170,,DILLI A,INDEPENDENT,0,1071,1071
2016,MLA,29,171,170,,NIRMAL E,INDEPENDENT,0,1071,1071
2016,MLA,29,171,170,,PALANI C,INDEPENDENT,2,1071,1071
2016,MLA,29,171,170,,PALANI M,INDEPENDENT,1,1071,1071
2016,MLA,29,171,170,,PRAKASH R,INDEPENDENT,0,1071,1071
2016,MLA,29,171,170,,NOTA,0,17,1071,1071
2016,MLA,29,172,171,,CHANDRAN N,BAHUJAN SAMAJPARTY,2,615,615
2016,MLA,29,172,171,,SELVAPERUNTHAGAI K,INDIAN NATIONALCONGRESS,227,615,615
2016,MLA,29,172,171,,PALANI K,ALL INDIA ANNADRAVIDA MUNNETRAKAZHAGAM,280,615,615
2016,MLA,29,172,171,,MANOHARAN M,BHARATIYA JANATHAPARTY,5,615,615
2016,MLA,29,172,171,,SIVARANJINI B,NAAM TAMILARKATCHI,10,615,615
2016,MLA,29,172,171,,MUTHURAMAN C,PATTALI MAKKALKATCHI,6,615,615
2016,MLA,29,172,171,,LOK JAN SHAKTI PARTYRAVI M,,0,615,615
2016,MLA,29,172,171,,RAJESH V,COMMUNIST PARTYOF INDIA (MARXISTLENINIST) LIBERATION,0,615,615
2016,MLA,29,172,171,,VIDUTHALAIVEERAKUMAR MCHIRUTHAIGAL KATCHI,,71,615,615
2016,MLA,29,172,171,,SELVAM S,INDEPENDENT,1,615,615
2016,MLA,29,172,171,,DILLI A,INDEPENDENT,0,615,615
2016,MLA,29,172,171,,NIRMAL E,INDEPENDENT,0,615,615
2016,MLA,29,172,171,,PALANI C,INDEPENDENT,0,615,615
2016,MLA,29,172,171,,PALANI M,INDEPENDENT,3,615,615
2016,MLA,29,172,171,,PRAKASH R,INDEPENDENT,1,615,615
2016,MLA,29,172,171,,NOTA,0,9,615,615
2016,MLA,29,173,172,,CHANDRAN N,BAHUJAN SAMAJPARTY,3,946,946
2016,MLA,29,173,172,,SELVAPERUNTHAGAI K,INDIAN NATIONALCONGRESS,367,946,946
2016,MLA,29,173,172,,PALANI K,ALL INDIA ANNADRAVIDA MUNNETRAKAZHAGAM,346,946,946
2016,MLA,29,173,172,,MANOHARAN M,BHARATIYA JANATHAPARTY,52,946,946
2016,MLA,29,173,172,,SIVARANJINI B,NAAM TAMILARKATCHI,32,946,946
2016,MLA,29,173,172,,MUTHURAMAN C,PATTALI MAKKALKATCHI,46,946,946
2016,MLA,29,173,172,,LOK JAN SHAKTI PARTYRAVI M,,1,946,946
2016,MLA,29,173,172,,RAJESH V,COMMUNIST PARTYOF INDIA (MARXISTLENINIST) LIBERATION,1,946,946
2016,MLA,29,173,172,,VIDUTHALAIVEERAKUMAR MCHIRUTHAIGAL KATCHI,,66,946,946
2016,MLA,29,173,172,,SELVAM S,INDEPENDENT,0,946,946
2016,MLA,29,173,172,,DILLI A,INDEPENDENT,0,946,946
2016,MLA,29,173,172,,NIRMAL E,INDEPENDENT,1,946,946
2016,MLA,29,173,172,,PALANI C,INDEPENDENT,0,946,946
2016,MLA,29,173,172,,PALANI M,INDEPENDENT,0,946,946
2016,MLA,29,173,172,,PRAKASH R,INDEPENDENT,0,946,946
2016,MLA,29,173,172,,NOTA,0,31,946,946
2016,MLA,29,174,173,,CHANDRAN N,BAHUJAN SAMAJPARTY,1,794,794
2016,MLA,29,174,173,,SELVAPERUNTHAGAI K,INDIAN NATIONALCONGRESS,310,794,794
2016,MLA,29,174,173,,PALANI K,ALL INDIA ANNADRAVIDA MUNNETRAKAZHAGAM,286,794,794
2016,MLA,29,174,173,,MANOHARAN M,BHARATIYA JANATHAPARTY,38,794,794
2016,MLA,29,174,173,,SIVARANJINI B,NAAM TAMILARKATCHI,32,794,794
2016,MLA,29,174,173,,MUTHURAMAN C,PATTALI MAKKALKATCHI,38,794,794
2016,MLA,29,174,173,,LOK JAN SHAKTI PARTYRAVI M,,0,794,794
2016,MLA,29,174,173,,RAJESH V,COMMUNIST PARTYOF INDIA (MARXISTLENINIST) LIBERATION,1,794,794
2016,MLA,29,174,173,,VIDUTHALAIVEERAKUMAR MCHIRUTHAIGAL KATCHI,,51,794,794
2016,MLA,29,174,173,,SELVAM S,INDEPENDENT,1,794,794
2016,MLA,29,174,173,,DILLI A,INDEPENDENT,0,794,794
2016,MLA,29,174,173,,NIRMAL E,INDEPENDENT,0,794,794
2016,MLA,29,174,173,,PALANI C,INDEPENDENT,1,794,794
2016,MLA,29,174,173,,PALANI M,INDEPENDENT,0,794,794
2016,MLA,29,174,173,,PRAKASH R,INDEPENDENT,1,794,794
2016,MLA,29,174,173,,NOTA,0,34,794,794
2016,MLA,29,175,174,,CHANDRAN N,BAHUJAN SAMAJPARTY,2,881,881
2016,MLA,29,175,174,,SELVAPERUNTHAGAI K,INDIAN NATIONALCONGRESS,275,881,881
2016,MLA,29,175,174,,PALANI K,ALL INDIA ANNADRAVIDA MUNNETRAKAZHAGAM,454,881,881
2016,MLA,29,175,174,,MANOHARAN M,BHARATIYA JANATHAPARTY,19,881,881
2016,MLA,29,175,174,,SIVARANJINI B,NAAM TAMILARKATCHI,21,881,881
2016,MLA,29,175,174,,MUTHURAMAN C,PATTALI MAKKALKATCHI,46,881,881
2016,MLA,29,175,174,,LOK JAN SHAKTI PARTYRAVI M,,0,881,881
2016,MLA,29,175,174,,RAJESH V,COMMUNIST PARTYOF INDIA (MARXISTLENINIST) LIBERATION,2,881,881
2016,MLA,29,175,174,,VIDUTHALAIVEERAKUMAR MCHIRUTHAIGAL KATCHI,,37,881,881
2016,MLA,29,175,174,,SELVAM S,INDEPENDENT,1,881,881
2016,MLA,29,175,174,,DILLI A,INDEPENDENT,2,881,881
2016,MLA,29,175,174,,NIRMAL E,INDEPENDENT,0,881,881
2016,MLA,29,175,174,,PALANI C,INDEPENDENT,1,881,881
2016,MLA,29,175,174,,PALANI M,INDEPENDENT,0,881,881
2016,MLA,29,175,174,,PRAKASH R,INDEPENDENT,3,881,881
2016,MLA,29,175,174,,NOTA,0,18,881,881
2016,MLA,29,176,175,,CHANDRAN N,BAHUJAN SAMAJPARTY,3,617,617
2016,MLA,29,176,175,,SELVAPERUNTHAGAI K,INDIAN NATIONALCONGRESS,212,617,617
2016,MLA,29,176,175,,PALANI K,ALL INDIA ANNADRAVIDA MUNNETRAKAZHAGAM,298,617,617
2016,MLA,29,176,175,,MANOHARAN M,BHARATIYA JANATHAPARTY,10,617,617
2016,MLA,29,176,175,,SIVARANJINI B,NAAM TAMILARKATCHI,29,617,617
2016,MLA,29,176,175,,MUTHURAMAN C,PATTALI MAKKALKATCHI,14,617,617
2016,MLA,29,176,175,,LOK JAN SHAKTI PARTYRAVI M,,0,617,617
2016,MLA,29,176,175,,RAJESH V,COMMUNIST PARTYOF INDIA (MARXISTLENINIST) LIBERATION,0,617,617
2016,MLA,29,176,175,,VIDUTHALAIVEERAKUMAR MCHIRUTHAIGAL KATCHI,,36,617,617
2016,MLA,29,176,175,,SELVAM S,INDEPENDENT,0,617,617
2016,MLA,29,176,175,,DILLI A,INDEPENDENT,0,617,617
2016,MLA,29,176,175,,NIRMAL E,INDEPENDENT,0,617,617
2016,MLA,29,176,175,,PALANI C,INDEPENDENT,0,617,617
2016,MLA,29,176,175,,PALANI M,INDEPENDENT,0,617,617
2016,MLA,29,176,175,,PRAKASH R,INDEPENDENT,0,617,617
2016,MLA,29,176,175,,NOTA,0,15,617,617
2016,MLA,29,177,176,,CHANDRAN N,BAHUJAN SAMAJPARTY,2,1037,1037
2016,MLA,29,177,176,,SELVAPERUNTHAGAI K,INDIAN NATIONALCONGRESS,339,1037,1037
2016,MLA,29,177,176,,PALANI K,ALL INDIA ANNADRAVIDA MUNNETRAKAZHAGAM,465,1037,1037
2016,MLA,29,177,176,,MANOHARAN M,BHARATIYA JANATHAPARTY,40,1037,1037
2016,MLA,29,177,176,,SIVARANJINI B,NAAM TAMILARKATCHI,37,1037,1037
2016,MLA,29,177,176,,MUTHURAMAN C,PATTALI MAKKALKATCHI,38,1037,1037
2016,MLA,29,177,176,,LOK JAN SHAKTI PARTYRAVI M,,1,1037,1037
2016,MLA,29,177,176,,RAJESH V,COMMUNIST PARTYOF INDIA (MARXISTLENINIST) LIBERATION,0,1037,1037
2016,MLA,29,177,176,,VIDUTHALAIVEERAKUMAR MCHIRUTHAIGAL KATCHI,,83,1037,1037
2016,MLA,29,177,176,,SELVAM S,INDEPENDENT,0,1037,1037
2016,MLA,29,177,176,,DILLI A,INDEPENDENT,0,1037,1037
2016,MLA,29,177,176,,NIRMAL E,INDEPENDENT,0,1037,1037
2016,MLA,29,177,176,,PALANI C,INDEPENDENT,0,1037,1037
2016,MLA,29,177,176,,PALANI M,INDEPENDENT,0,1037,1037
2016,MLA,29,177,176,,PRAKASH R,INDEPENDENT,1,1037,1037
2016,MLA,29,177,176,,NOTA,0,31,1037,1037
2016,MLA,29,178,177,,CHANDRAN N,BAHUJAN SAMAJPARTY,2,657,657
2016,MLA,29,178,177,,SELVAPERUNTHAGAI K,INDIAN NATIONALCONGRESS,222,657,657
2016,MLA,29,178,177,,PALANI K,ALL INDIA ANNADRAVIDA MUNNETRAKAZHAGAM,362,657,657
2016,MLA,29,178,177,,MANOHARAN M,BHARATIYA JANATHAPARTY,6,657,657
2016,MLA,29,178,177,,SIVARANJINI B,NAAM TAMILARKATCHI,16,657,657
2016,MLA,29,178,177,,MUTHURAMAN C,PATTALI MAKKALKATCHI,21,657,657
2016,MLA,29,178,177,,LOK JAN SHAKTI PARTYRAVI M,,0,657,657
2016,MLA,29,178,177,,RAJESH V,COMMUNIST PARTYOF INDIA (MARXISTLENINIST) LIBERATION,0,657,657
2016,MLA,29,178,177,,VIDUTHALAIVEERAKUMAR MCHIRUTHAIGAL KATCHI,,15,657,657
2016,MLA,29,178,177,,SELVAM S,INDEPENDENT,0,657,657
2016,MLA,29,178,177,,DILLI A,INDEPENDENT,1,657,657
2016,MLA,29,178,177,,NIRMAL E,INDEPENDENT,0,657,657
2016,MLA,29,178,177,,PALANI C,INDEPENDENT,0,657,657
2016,MLA,29,178,177,,PALANI M,INDEPENDENT,0,657,657
2016,MLA,29,178,177,,PRAKASH R,INDEPENDENT,0,657,657
2016,MLA,29,178,177,,NOTA,0,12,657,657
2016,MLA,29,179,178,,CHANDRAN N,BAHUJAN SAMAJPARTY,2,669,669
2016,MLA,29,179,178,,SELVAPERUNTHAGAI K,INDIAN NATIONALCONGRESS,208,669,669
2016,MLA,29,179,178,,PALANI K,ALL INDIA ANNADRAVIDA MUNNETRAKAZHAGAM,366,669,669
2016,MLA,29,179,178,,MANOHARAN M,BHARATIYA JANATHAPARTY,25,669,669
2016,MLA,29,179,178,,SIVARANJINI B,NAAM TAMILARKATCHI,10,669,669
2016,MLA,29,179,178,,MUTHURAMAN C,PATTALI MAKKALKATCHI,18,669,669
2016,MLA,29,179,178,,LOK JAN SHAKTI PARTYRAVI M,,1,669,669
2016,MLA,29,179,178,,RAJESH V,COMMUNIST PARTYOF INDIA (MARXISTLENINIST) LIBERATION,0,669,669
2016,MLA,29,179,178,,VIDUTHALAIVEERAKUMAR MCHIRUTHAIGAL KATCHI,,15,669,669
2016,MLA,29,179,178,,SELVAM S,INDEPENDENT,0,669,669
2016,MLA,29,179,178,,DILLI A,INDEPENDENT,1,669,669
2016,MLA,29,179,178,,NIRMAL E,INDEPENDENT,0,669,669
2016,MLA,29,179,178,,PALANI C,INDEPENDENT,1,669,669
2016,MLA,29,179,178,,PALANI M,INDEPENDENT,0,669,669
2016,MLA,29,179,178,,PRAKASH R,INDEPENDENT,0,669,669
2016,MLA,29,179,178,,NOTA,0,22,669,669
2016,MLA,29,180,179,,CHANDRAN N,BAHUJAN SAMAJPARTY,2,556,556
2016,MLA,29,180,179,,SELVAPERUNTHAGAI K,INDIAN NATIONALCONGRESS,212,556,556
2016,MLA,29,180,179,,PALANI K,ALL INDIA ANNADRAVIDA MUNNETRAKAZHAGAM,259,556,556
2016,MLA,29,180,179,,MANOHARAN M,BHARATIYA JANATHAPARTY,17,556,556
2016,MLA,29,180,179,,SIVARANJINI B,NAAM TAMILARKATCHI,10,556,556
2016,MLA,29,180,179,,MUTHURAMAN C,PATTALI MAKKALKATCHI,16,556,556
2016,MLA,29,180,179,,LOK JAN SHAKTI PARTYRAVI M,,0,556,556
2016,MLA,29,180,179,,RAJESH V,COMMUNIST PARTYOF INDIA (MARXISTLENINIST) LIBERATION,0,556,556
2016,MLA,29,180,179,,VIDUTHALAIVEERAKUMAR MCHIRUTHAIGAL KATCHI,,30,556,556
2016,MLA,29,180,179,,SELVAM S,INDEPENDENT,0,556,556
2016,MLA,29,180,179,,DILLI A,INDEPENDENT,0,556,556
2016,MLA,29,180,179,,NIRMAL E,INDEPENDENT,0,556,556
2016,MLA,29,180,179,,PALANI C,INDEPENDENT,0,556,556
2016,MLA,29,180,179,,PALANI M,INDEPENDENT,1,556,556
2016,MLA,29,180,179,,PRAKASH R,INDEPENDENT,0,556,556
2016,MLA,29,180,179,,NOTA,0,9,556,556
2016,MLA,29,181,180,,CHANDRAN N,BAHUJAN SAMAJPARTY,1,746,746
2016,MLA,29,181,180,,SELVAPERUNTHAGAI K,INDIAN NATIONALCONGRESS,232,746,746
2016,MLA,29,181,180,,PALANI K,ALL INDIA ANNADRAVIDA MUNNETRAKAZHAGAM,416,746,746
2016,MLA,29,181,180,,MANOHARAN M,BHARATIYA JANATHAPARTY,11,746,746
2016,MLA,29,181,180,,SIVARANJINI B,NAAM TAMILARKATCHI,6,746,746
2016,MLA,29,181,180,,MUTHURAMAN C,PATTALI MAKKALKATCHI,15,746,746
2016,MLA,29,181,180,,LOK JAN SHAKTI PARTYRAVI M,,0,746,746
2016,MLA,29,181,180,,RAJESH V,COMMUNIST PARTYOF INDIA (MARXISTLENINIST) LIBERATION,0,746,746
2016,MLA,29,181,180,,VIDUTHALAIVEERAKUMAR MCHIRUTHAIGAL KATCHI,,54,746,746
2016,MLA,29,181,180,,SELVAM S,INDEPENDENT,0,746,746
2016,MLA,29,181,180,,DILLI A,INDEPENDENT,1,746,746
2016,MLA,29,181,180,,NIRMAL E,INDEPENDENT,0,746,746
2016,MLA,29,181,180,,PALANI C,INDEPENDENT,0,746,746
2016,MLA,29,181,180,,PALANI M,INDEPENDENT,0,746,746
2016,MLA,29,181,180,,PRAKASH R,INDEPENDENT,0,746,746
2016,MLA,29,181,180,,NOTA,0,10,746,746
2016,MLA,29,182,181,,CHANDRAN N,BAHUJAN SAMAJPARTY,3,860,860
2016,MLA,29,182,181,,SELVAPERUNTHAGAI K,INDIAN NATIONALCONGRESS,227,860,860
2016,MLA,29,182,181,,PALANI K,ALL INDIA ANNADRAVIDA MUNNETRAKAZHAGAM,544,860,860
2016,MLA,29,182,181,,MANOHARAN M,BHARATIYA JANATHAPARTY,9,860,860
2016,MLA,29,182,181,,SIVARANJINI B,NAAM TAMILARKATCHI,22,860,860
2016,MLA,29,182,181,,MUTHURAMAN C,PATTALI MAKKALKATCHI,6,860,860
2016,MLA,29,182,181,,LOK JAN SHAKTI PARTYRAVI M,,1,860,860
2016,MLA,29,182,181,,RAJESH V,COMMUNIST PARTYOF INDIA (MARXISTLENINIST) LIBERATION,0,860,860
2016,MLA,29,182,181,,VIDUTHALAIVEERAKUMAR MCHIRUTHAIGAL KATCHI,,41,860,860
2016,MLA,29,182,181,,SELVAM S,INDEPENDENT,1,860,860
2016,MLA,29,182,181,,DILLI A,INDEPENDENT,1,860,860
2016,MLA,29,182,181,,NIRMAL E,INDEPENDENT,0,860,860
2016,MLA,29,182,181,,PALANI C,INDEPENDENT,0,860,860
2016,MLA,29,182,181,,PALANI M,INDEPENDENT,0,860,860
2016,MLA,29,182,181,,PRAKASH R,INDEPENDENT,1,860,860
2016,MLA,29,182,181,,NOTA,0,4,860,860
2016,MLA,29,183,182,,CHANDRAN N,BAHUJAN SAMAJPARTY,2,971,971
2016,MLA,29,183,182,,SELVAPERUNTHAGAI K,INDIAN NATIONALCONGRESS,289,971,971
2016,MLA,29,183,182,,PALANI K,ALL INDIA ANNADRAVIDA MUNNETRAKAZHAGAM,495,971,971
2016,MLA,29,183,182,,MANOHARAN M,BHARATIYA JANATHAPARTY,29,971,971
2016,MLA,29,183,182,,SIVARANJINI B,NAAM TAMILARKATCHI,29,971,971
2016,MLA,29,183,182,,MUTHURAMAN C,PATTALI MAKKALKATCHI,41,971,971
2016,MLA,29,183,182,,LOK JAN SHAKTI PARTYRAVI M,,0,971,971
2016,MLA,29,183,182,,RAJESH V,COMMUNIST PARTYOF INDIA (MARXISTLENINIST) LIBERATION,1,971,971
2016,MLA,29,183,182,,VIDUTHALAIVEERAKUMAR MCHIRUTHAIGAL KATCHI,,59,971,971
2016,MLA,29,183,182,,SELVAM S,INDEPENDENT,0,971,971
2016,MLA,29,183,182,,DILLI A,INDEPENDENT,0,971,971
2016,MLA,29,183,182,,NIRMAL E,INDEPENDENT,0,971,971
2016,MLA,29,183,182,,PALANI C,INDEPENDENT,1,971,971
2016,MLA,29,183,182,,PALANI M,INDEPENDENT,1,971,971
2016,MLA,29,183,182,,PRAKASH R,INDEPENDENT,0,971,971
2016,MLA,29,183,182,,NOTA,0,24,971,971
2016,MLA,29,184,183,,CHANDRAN N,BAHUJAN SAMAJPARTY,2,779,779
2016,MLA,29,184,183,,SELVAPERUNTHAGAI K,INDIAN NATIONALCONGRESS,445,779,779
2016,MLA,29,184,183,,PALANI K,ALL INDIA ANNADRAVIDA MUNNETRAKAZHAGAM,208,779,779
2016,MLA,29,184,183,,MANOHARAN M,BHARATIYA JANATHAPARTY,14,779,779
2016,MLA,29,184,183,,SIVARANJINI B,NAAM TAMILARKATCHI,32,779,779
2016,MLA,29,184,183,,MUTHURAMAN C,PATTALI MAKKALKATCHI,11,779,779
2016,MLA,29,184,183,,LOK JAN SHAKTI PARTYRAVI M,,0,779,779
2016,MLA,29,184,183,,RAJESH V,COMMUNIST PARTYOF INDIA (MARXISTLENINIST) LIBERATION,0,779,779
2016,MLA,29,184,183,,VIDUTHALAIVEERAKUMAR MCHIRUTHAIGAL KATCHI,,56,779,779
2016,MLA,29,184,183,,SELVAM S,INDEPENDENT,0,779,779
2016,MLA,29,184,183,,DILLI A,INDEPENDENT,0,779,779
2016,MLA,29,184,183,,NIRMAL E,INDEPENDENT,0,779,779
2016,MLA,29,184,183,,PALANI C,INDEPENDENT,0,779,779
2016,MLA,29,184,183,,PALANI M,INDEPENDENT,1,779,779
2016,MLA,29,184,183,,PRAKASH R,INDEPENDENT,2,779,779
2016,MLA,29,184,183,,NOTA,0,8,779,779
2016,MLA,29,185,184,,CHANDRAN N,BAHUJAN SAMAJPARTY,1,864,864
2016,MLA,29,185,184,,SELVAPERUNTHAGAI K,INDIAN NATIONALCONGRESS,300,864,864
2016,MLA,29,185,184,,PALANI K,ALL INDIA ANNADRAVIDA MUNNETRAKAZHAGAM,328,864,864
2016,MLA,29,185,184,,MANOHARAN M,BHARATIYA JANATHAPARTY,37,864,864
2016,MLA,29,185,184,,SIVARANJINI B,NAAM TAMILARKATCHI,40,864,864
2016,MLA,29,185,184,,MUTHURAMAN C,PATTALI MAKKALKATCHI,90,864,864
2016,MLA,29,185,184,,LOK JAN SHAKTI PARTYRAVI M,,0,864,864
2016,MLA,29,185,184,,RAJESH V,COMMUNIST PARTYOF INDIA (MARXISTLENINIST) LIBERATION,2,864,864
2016,MLA,29,185,184,,VIDUTHALAIVEERAKUMAR MCHIRUTHAIGAL KATCHI,,49,864,864
2016,MLA,29,185,184,,SELVAM S,INDEPENDENT,0,864,864
2016,MLA,29,185,184,,DILLI A,INDEPENDENT,0,864,864
2016,MLA,29,185,184,,NIRMAL E,INDEPENDENT,1,864,864
2016,MLA,29,185,184,,PALANI C,INDEPENDENT,0,864,864
2016,MLA,29,185,184,,PALANI M,INDEPENDENT,0,864,864
2016,MLA,29,185,184,,PRAKASH R,INDEPENDENT,1,864,864
2016,MLA,29,185,184,,NOTA,0,15,864,864
2016,MLA,29,186,185,,CHANDRAN N,BAHUJAN SAMAJPARTY,3,404,404
2016,MLA,29,186,185,,SELVAPERUNTHAGAI K,INDIAN NATIONALCONGRESS,144,404,404
2016,MLA,29,186,185,,PALANI K,ALL INDIA ANNADRAVIDA MUNNETRAKAZHAGAM,200,404,404
2016,MLA,29,186,185,,MANOHARAN M,BHARATIYA JANATHAPARTY,19,404,404
2016,MLA,29,186,185,,SIVARANJINI B,NAAM TAMILARKATCHI,6,404,404
2016,MLA,29,186,185,,MUTHURAMAN C,PATTALI MAKKALKATCHI,6,404,404
2016,MLA,29,186,185,,LOK JAN SHAKTI PARTYRAVI M,,0,404,404
2016,MLA,29,186,185,,RAJESH V,COMMUNIST PARTYOF INDIA (MARXISTLENINIST) LIBERATION,1,404,404
2016,MLA,29,186,185,,VIDUTHALAIVEERAKUMAR MCHIRUTHAIGAL KATCHI,,10,404,404
2016,MLA,29,186,185,,SELVAM S,INDEPENDENT,0,404,404
2016,MLA,29,186,185,,DILLI A,INDEPENDENT,0,404,404
2016,MLA,29,186,185,,NIRMAL E,INDEPENDENT,0,404,404
2016,MLA,29,186,185,,PALANI C,INDEPENDENT,1,404,404
2016,MLA,29,186,185,,PALANI M,INDEPENDENT,3,404,404
2016,MLA,29,186,185,,PRAKASH R,INDEPENDENT,1,404,404
2016,MLA,29,186,185,,NOTA,0,10,404,404
2016,MLA,29,187,186,,CHANDRAN N,BAHUJAN SAMAJPARTY,1,446,446
2016,MLA,29,187,186,,SELVAPERUNTHAGAI K,INDIAN NATIONALCONGRESS,201,446,446
2016,MLA,29,187,186,,PALANI K,ALL INDIA ANNADRAVIDA MUNNETRAKAZHAGAM,184,446,446
2016,MLA,29,187,186,,MANOHARAN M,BHARATIYA JANATHAPARTY,8,446,446
2016,MLA,29,187,186,,SIVARANJINI B,NAAM TAMILARKATCHI,7,446,446
2016,MLA,29,187,186,,MUTHURAMAN C,PATTALI MAKKALKATCHI,16,446,446
2016,MLA,29,187,186,,LOK JAN SHAKTI PARTYRAVI M,,0,446,446
2016,MLA,29,187,186,,RAJESH V,COMMUNIST PARTYOF INDIA (MARXISTLENINIST) LIBERATION,1,446,446
2016,MLA,29,187,186,,VIDUTHALAIVEERAKUMAR MCHIRUTHAIGAL KATCHI,,16,446,446
2016,MLA,29,187,186,,SELVAM S,INDEPENDENT,0,446,446
2016,MLA,29,187,186,,DILLI A,INDEPENDENT,0,446,446
2016,MLA,29,187,186,,NIRMAL E,INDEPENDENT,1,446,446
2016,MLA,29,187,186,,PALANI C,INDEPENDENT,0,446,446
2016,MLA,29,187,186,,PALANI M,INDEPENDENT,0,446,446
2016,MLA,29,187,186,,PRAKASH R,INDEPENDENT,0,446,446
2016,MLA,29,187,186,,NOTA,0,11,446,446
2016,MLA,29,188,187,,CHANDRAN N,BAHUJAN SAMAJPARTY,2,694,694
2016,MLA,29,188,187,,SELVAPERUNTHAGAI K,INDIAN NATIONALCONGRESS,247,694,694
2016,MLA,29,188,187,,PALANI K,ALL INDIA ANNADRAVIDA MUNNETRAKAZHAGAM,336,694,694
2016,MLA,29,188,187,,MANOHARAN M,BHARATIYA JANATHAPARTY,21,694,694
2016,MLA,29,188,187,,SIVARANJINI B,NAAM TAMILARKATCHI,14,694,694
2016,MLA,29,188,187,,MUTHURAMAN C,PATTALI MAKKALKATCHI,34,694,694
2016,MLA,29,188,187,,LOK JAN SHAKTI PARTYRAVI M,,0,694,694
2016,MLA,29,188,187,,RAJESH V,COMMUNIST PARTYOF INDIA (MARXISTLENINIST) LIBERATION,0,694,694
2016,MLA,29,188,187,,VIDUTHALAIVEERAKUMAR MCHIRUTHAIGAL KATCHI,,30,694,694
2016,MLA,29,188,187,,SELVAM S,INDEPENDENT,0,694,694
2016,MLA,29,188,187,,DILLI A,INDEPENDENT,0,694,694
2016,MLA,29,188,187,,NIRMAL E,INDEPENDENT,0,694,694
2016,MLA,29,188,187,,PALANI C,INDEPENDENT,0,694,694
2016,MLA,29,188,187,,PALANI M,INDEPENDENT,1,694,694
2016,MLA,29,188,187,,PRAKASH R,INDEPENDENT,0,694,694
2016,MLA,29,188,187,,NOTA,0,9,694,694
2016,MLA,29,189,188,,CHANDRAN N,BAHUJAN SAMAJPARTY,1,643,643
2016,MLA,29,189,188,,SELVAPERUNTHAGAI K,INDIAN NATIONALCONGRESS,236,643,643
2016,MLA,29,189,188,,PALANI K,ALL INDIA ANNADRAVIDA MUNNETRAKAZHAGAM,313,643,643
2016,MLA,29,189,188,,MANOHARAN M,BHARATIYA JANATHAPARTY,16,643,643
2016,MLA,29,189,188,,SIVARANJINI B,NAAM TAMILARKATCHI,14,643,643
2016,MLA,29,189,188,,MUTHURAMAN C,PATTALI MAKKALKATCHI,15,643,643
2016,MLA,29,189,188,,LOK JAN SHAKTI PARTYRAVI M,,1,643,643
2016,MLA,29,189,188,,RAJESH V,COMMUNIST PARTYOF INDIA (MARXISTLENINIST) LIBERATION,1,643,643
2016,MLA,29,189,188,,VIDUTHALAIVEERAKUMAR MCHIRUTHAIGAL KATCHI,,31,643,643
2016,MLA,29,189,188,,SELVAM S,INDEPENDENT,0,643,643
2016,MLA,29,189,188,,DILLI A,INDEPENDENT,0,643,643
2016,MLA,29,189,188,,NIRMAL E,INDEPENDENT,1,643,643
2016,MLA,29,189,188,,PALANI C,INDEPENDENT,0,643,643
2016,MLA,29,189,188,,PALANI M,INDEPENDENT,0,643,643
2016,MLA,29,189,188,,PRAKASH R,INDEPENDENT,2,643,643
2016,MLA,29,189,188,,NOTA,0,12,643,643
2016,MLA,29,190,189,,CHANDRAN N,BAHUJAN SAMAJPARTY,4,667,667
2016,MLA,29,190,189,,SELVAPERUNTHAGAI K,INDIAN NATIONALCONGRESS,273,667,667
2016,MLA,29,190,189,,PALANI K,ALL INDIA ANNADRAVIDA MUNNETRAKAZHAGAM,267,667,667
2016,MLA,29,190,189,,MANOHARAN M,BHARATIYA JANATHAPARTY,21,667,667
2016,MLA,29,190,189,,SIVARANJINI B,NAAM TAMILARKATCHI,20,667,667
2016,MLA,29,190,189,,MUTHURAMAN C,PATTALI MAKKALKATCHI,33,667,667
2016,MLA,29,190,189,,LOK JAN SHAKTI PARTYRAVI M,,0,667,667
2016,MLA,29,190,189,,RAJESH V,COMMUNIST PARTYOF INDIA (MARXISTLENINIST) LIBERATION,2,667,667
2016,MLA,29,190,189,,VIDUTHALAIVEERAKUMAR MCHIRUTHAIGAL KATCHI,,34,667,667
2016,MLA,29,190,189,,SELVAM S,INDEPENDENT,1,667,667
2016,MLA,29,190,189,,DILLI A,INDEPENDENT,0,667,667
2016,MLA,29,190,189,,NIRMAL E,INDEPENDENT,0,667,667
2016,MLA,29,190,189,,PALANI C,INDEPENDENT,0,667,667
2016,MLA,29,190,189,,PALANI M,INDEPENDENT,0,667,667
2016,MLA,29,190,189,,PRAKASH R,INDEPENDENT,0,667,667
2016,MLA,29,190,189,,NOTA,0,12,667,667
2016,MLA,29,191,190,,CHANDRAN N,BAHUJAN SAMAJPARTY,4,693,693
2016,MLA,29,191,190,,SELVAPERUNTHAGAI K,INDIAN NATIONALCONGRESS,207,693,693
2016,MLA,29,191,190,,PALANI K,ALL INDIA ANNADRAVIDA MUNNETRAKAZHAGAM,354,693,693
2016,MLA,29,191,190,,MANOHARAN M,BHARATIYA JANATHAPARTY,19,693,693
2016,MLA,29,191,190,,SIVARANJINI B,NAAM TAMILARKATCHI,19,693,693
2016,MLA,29,191,190,,MUTHURAMAN C,PATTALI MAKKALKATCHI,35,693,693
2016,MLA,29,191,190,,LOK JAN SHAKTI PARTYRAVI M,,1,693,693
2016,MLA,29,191,190,,RAJESH V,COMMUNIST PARTYOF INDIA (MARXISTLENINIST) LIBERATION,0,693,693
2016,MLA,29,191,190,,VIDUTHALAIVEERAKUMAR MCHIRUTHAIGAL KATCHI,,38,693,693
2016,MLA,29,191,190,,SELVAM S,INDEPENDENT,0,693,693
2016,MLA,29,191,190,,DILLI A,INDEPENDENT,1,693,693
2016,MLA,29,191,190,,NIRMAL E,INDEPENDENT,1,693,693
2016,MLA,29,191,190,,PALANI C,INDEPENDENT,1,693,693
2016,MLA,29,191,190,,PALANI M,INDEPENDENT,1,693,693
2016,MLA,29,191,190,,PRAKASH R,INDEPENDENT,1,693,693
2016,MLA,29,191,190,,NOTA,0,11,693,693
2016,MLA,29,192,191,,CHANDRAN N,BAHUJAN SAMAJPARTY,4,706,706
2016,MLA,29,192,191,,SELVAPERUNTHAGAI K,INDIAN NATIONALCONGRESS,334,706,706
2016,MLA,29,192,191,,PALANI K,ALL INDIA ANNADRAVIDA MUNNETRAKAZHAGAM,270,706,706
2016,MLA,29,192,191,,MANOHARAN M,BHARATIYA JANATHAPARTY,9,706,706
2016,MLA,29,192,191,,SIVARANJINI B,NAAM TAMILARKATCHI,18,706,706
2016,MLA,29,192,191,,MUTHURAMAN C,PATTALI MAKKALKATCHI,13,706,706
2016,MLA,29,192,191,,LOK JAN SHAKTI PARTYRAVI M,,0,706,706
2016,MLA,29,192,191,,RAJESH V,COMMUNIST PARTYOF INDIA (MARXISTLENINIST) LIBERATION,1,706,706
2016,MLA,29,192,191,,VIDUTHALAIVEERAKUMAR MCHIRUTHAIGAL KATCHI,,44,706,706
2016,MLA,29,192,191,,SELVAM S,INDEPENDENT,0,706,706
2016,MLA,29,192,191,,DILLI A,INDEPENDENT,0,706,706
2016,MLA,29,192,191,,NIRMAL E,INDEPENDENT,0,706,706
2016,MLA,29,192,191,,PALANI C,INDEPENDENT,0,706,706
2016,MLA,29,192,191,,PALANI M,INDEPENDENT,0,706,706
2016,MLA,29,192,191,,PRAKASH R,INDEPENDENT,1,706,706
2016,MLA,29,192,191,,NOTA,0,12,706,706
2016,MLA,29,193,192,,CHANDRAN N,BAHUJAN SAMAJPARTY,2,677,677
2016,MLA,29,193,192,,SELVAPERUNTHAGAI K,INDIAN NATIONALCONGRESS,228,677,677
2016,MLA,29,193,192,,PALANI K,ALL INDIA ANNADRAVIDA MUNNETRAKAZHAGAM,363,677,677
2016,MLA,29,193,192,,MANOHARAN M,BHARATIYA JANATHAPARTY,8,677,677
2016,MLA,29,193,192,,SIVARANJINI B,NAAM TAMILARKATCHI,13,677,677
2016,MLA,29,193,192,,MUTHURAMAN C,PATTALI MAKKALKATCHI,20,677,677
2016,MLA,29,193,192,,LOK JAN SHAKTI PARTYRAVI M,,0,677,677
2016,MLA,29,193,192,,RAJESH V,COMMUNIST PARTYOF INDIA (MARXISTLENINIST) LIBERATION,1,677,677
2016,MLA,29,193,192,,VIDUTHALAIVEERAKUMAR MCHIRUTHAIGAL KATCHI,,21,677,677
2016,MLA,29,193,192,,SELVAM S,INDEPENDENT,0,677,677
2016,MLA,29,193,192,,DILLI A,INDEPENDENT,0,677,677
2016,MLA,29,193,192,,NIRMAL E,INDEPENDENT,0,677,677
2016,MLA,29,193,192,,PALANI C,INDEPENDENT,0,677,677
2016,MLA,29,193,192,,PALANI M,INDEPENDENT,0,677,677
2016,MLA,29,193,192,,PRAKASH R,INDEPENDENT,0,677,677
2016,MLA,29,193,192,,NOTA,0,21,677,677
2016,MLA,29,194,193,,CHANDRAN N,BAHUJAN SAMAJPARTY,5,625,625
2016,MLA,29,194,193,,SELVAPERUNTHAGAI K,INDIAN NATIONALCONGRESS,225,625,625
2016,MLA,29,194,193,,PALANI K,ALL INDIA ANNADRAVIDA MUNNETRAKAZHAGAM,308,625,625
2016,MLA,29,194,193,,MANOHARAN M,BHARATIYA JANATHAPARTY,17,625,625
2016,MLA,29,194,193,,SIVARANJINI B,NAAM TAMILARKATCHI,14,625,625
2016,MLA,29,194,193,,MUTHURAMAN C,PATTALI MAKKALKATCHI,8,625,625
2016,MLA,29,194,193,,LOK JAN SHAKTI PARTYRAVI M,,0,625,625
2016,MLA,29,194,193,,RAJESH V,COMMUNIST PARTYOF INDIA (MARXISTLENINIST) LIBERATION,0,625,625
2016,MLA,29,194,193,,VIDUTHALAIVEERAKUMAR MCHIRUTHAIGAL KATCHI,,33,625,625
2016,MLA,29,194,193,,SELVAM S,INDEPENDENT,0,625,625
2016,MLA,29,194,193,,DILLI A,INDEPENDENT,1,625,625
2016,MLA,29,194,193,,NIRMAL E,INDEPENDENT,0,625,625
2016,MLA,29,194,193,,PALANI C,INDEPENDENT,0,625,625
2016,MLA,29,194,193,,PALANI M,INDEPENDENT,1,625,625
2016,MLA,29,194,193,,PRAKASH R,INDEPENDENT,0,625,625
2016,MLA,29,194,193,,NOTA,0,13,625,625
2016,MLA,29,195,194,,CHANDRAN N,BAHUJAN SAMAJPARTY,2,514,514
2016,MLA,29,195,194,,SELVAPERUNTHAGAI K,INDIAN NATIONALCONGRESS,188,514,514
2016,MLA,29,195,194,,PALANI K,ALL INDIA ANNADRAVIDA MUNNETRAKAZHAGAM,241,514,514
2016,MLA,29,195,194,,MANOHARAN M,BHARATIYA JANATHAPARTY,10,514,514
2016,MLA,29,195,194,,SIVARANJINI B,NAAM TAMILARKATCHI,11,514,514
2016,MLA,29,195,194,,MUTHURAMAN C,PATTALI MAKKALKATCHI,10,514,514
2016,MLA,29,195,194,,LOK JAN SHAKTI PARTYRAVI M,,0,514,514
2016,MLA,29,195,194,,RAJESH V,COMMUNIST PARTYOF INDIA (MARXISTLENINIST) LIBERATION,1,514,514
2016,MLA,29,195,194,,VIDUTHALAIVEERAKUMAR MCHIRUTHAIGAL KATCHI,,38,514,514
2016,MLA,29,195,194,,SELVAM S,INDEPENDENT,1,514,514
2016,MLA,29,195,194,,DILLI A,INDEPENDENT,0,514,514
2016,MLA,29,195,194,,NIRMAL E,INDEPENDENT,0,514,514
2016,MLA,29,195,194,,PALANI C,INDEPENDENT,0,514,514
2016,MLA,29,195,194,,PALANI M,INDEPENDENT,0,514,514
2016,MLA,29,195,194,,PRAKASH R,INDEPENDENT,0,514,514
2016,MLA,29,195,194,,NOTA,0,12,514,514
2016,MLA,29,196,195,,CHANDRAN N,BAHUJAN SAMAJPARTY,1,757,757
2016,MLA,29,196,195,,SELVAPERUNTHAGAI K,INDIAN NATIONALCONGRESS,241,757,757
2016,MLA,29,196,195,,PALANI K,ALL INDIA ANNADRAVIDA MUNNETRAKAZHAGAM,440,757,757
2016,MLA,29,196,195,,MANOHARAN M,BHARATIYA JANATHAPARTY,12,757,757
2016,MLA,29,196,195,,SIVARANJINI B,NAAM TAMILARKATCHI,10,757,757
2016,MLA,29,196,195,,MUTHURAMAN C,PATTALI MAKKALKATCHI,14,757,757
2016,MLA,29,196,195,,LOK JAN SHAKTI PARTYRAVI M,,0,757,757
2016,MLA,29,196,195,,RAJESH V,COMMUNIST PARTYOF INDIA (MARXISTLENINIST) LIBERATION,0,757,757
2016,MLA,29,196,195,,VIDUTHALAIVEERAKUMAR MCHIRUTHAIGAL KATCHI,,29,757,757
2016,MLA,29,196,195,,SELVAM S,INDEPENDENT,0,757,757
2016,MLA,29,196,195,,DILLI A,INDEPENDENT,0,757,757
2016,MLA,29,196,195,,NIRMAL E,INDEPENDENT,1,757,757
2016,MLA,29,196,195,,PALANI C,INDEPENDENT,0,757,757
2016,MLA,29,196,195,,PALANI M,INDEPENDENT,1,757,757
2016,MLA,29,196,195,,PRAKASH R,INDEPENDENT,1,757,757
2016,MLA,29,196,195,,NOTA,0,7,757,757
2016,MLA,29,197,196,,CHANDRAN N,BAHUJAN SAMAJPARTY,1,713,713
2016,MLA,29,197,196,,SELVAPERUNTHAGAI K,INDIAN NATIONALCONGRESS,285,713,713
2016,MLA,29,197,196,,PALANI K,ALL INDIA ANNADRAVIDA MUNNETRAKAZHAGAM,329,713,713
2016,MLA,29,197,196,,MANOHARAN M,BHARATIYA JANATHAPARTY,17,713,713
2016,MLA,29,197,196,,SIVARANJINI B,NAAM TAMILARKATCHI,7,713,713
2016,MLA,29,197,196,,MUTHURAMAN C,PATTALI MAKKALKATCHI,21,713,713
2016,MLA,29,197,196,,LOK JAN SHAKTI PARTYRAVI M,,2,713,713
2016,MLA,29,197,196,,RAJESH V,COMMUNIST PARTYOF INDIA (MARXISTLENINIST) LIBERATION,1,713,713
2016,MLA,29,197,196,,VIDUTHALAIVEERAKUMAR MCHIRUTHAIGAL KATCHI,,38,713,713
2016,MLA,29,197,196,,SELVAM S,INDEPENDENT,0,713,713
2016,MLA,29,197,196,,DILLI A,INDEPENDENT,0,713,713
2016,MLA,29,197,196,,NIRMAL E,INDEPENDENT,0,713,713
2016,MLA,29,197,196,,PALANI C,INDEPENDENT,0,713,713
2016,MLA,29,197,196,,PALANI M,INDEPENDENT,2,713,713
2016,MLA,29,197,196,,PRAKASH R,INDEPENDENT,3,713,713
2016,MLA,29,197,196,,NOTA,0,7,713,713
2016,MLA,29,198,197,,CHANDRAN N,BAHUJAN SAMAJPARTY,0,731,731
2016,MLA,29,198,197,,SELVAPERUNTHAGAI K,INDIAN NATIONALCONGRESS,277,731,731
2016,MLA,29,198,197,,PALANI K,ALL INDIA ANNADRAVIDA MUNNETRAKAZHAGAM,375,731,731
2016,MLA,29,198,197,,MANOHARAN M,BHARATIYA JANATHAPARTY,5,731,731
2016,MLA,29,198,197,,SIVARANJINI B,NAAM TAMILARKATCHI,8,731,731
2016,MLA,29,198,197,,MUTHURAMAN C,PATTALI MAKKALKATCHI,3,731,731
2016,MLA,29,198,197,,LOK JAN SHAKTI PARTYRAVI M,,0,731,731
2016,MLA,29,198,197,,RAJESH V,COMMUNIST PARTYOF INDIA (MARXISTLENINIST) LIBERATION,1,731,731
2016,MLA,29,198,197,,VIDUTHALAIVEERAKUMAR MCHIRUTHAIGAL KATCHI,,57,731,731
2016,MLA,29,198,197,,SELVAM S,INDEPENDENT,0,731,731
2016,MLA,29,198,197,,DILLI A,INDEPENDENT,1,731,731
2016,MLA,29,198,197,,NIRMAL E,INDEPENDENT,0,731,731
2016,MLA,29,198,197,,PALANI C,INDEPENDENT,1,731,731
2016,MLA,29,198,197,,PALANI M,INDEPENDENT,0,731,731
2016,MLA,29,198,197,,PRAKASH R,INDEPENDENT,1,731,731
2016,MLA,29,198,197,,NOTA,0,2,731,731
2016,MLA,29,199,198,,CHANDRAN N,BAHUJAN SAMAJPARTY,2,994,994
2016,MLA,29,199,198,,SELVAPERUNTHAGAI K,INDIAN NATIONALCONGRESS,333,994,994
2016,MLA,29,199,198,,PALANI K,ALL INDIA ANNADRAVIDA MUNNETRAKAZHAGAM,535,994,994
2016,MLA,29,199,198,,MANOHARAN M,BHARATIYA JANATHAPARTY,15,994,994
2016,MLA,29,199,198,,SIVARANJINI B,NAAM TAMILARKATCHI,16,994,994
2016,MLA,29,199,198,,MUTHURAMAN C,PATTALI MAKKALKATCHI,10,994,994
2016,MLA,29,199,198,,LOK JAN SHAKTI PARTYRAVI M,,0,994,994
2016,MLA,29,199,198,,RAJESH V,COMMUNIST PARTYOF INDIA (MARXISTLENINIST) LIBERATION,3,994,994
2016,MLA,29,199,198,,VIDUTHALAIVEERAKUMAR MCHIRUTHAIGAL KATCHI,,64,994,994
2016,MLA,29,199,198,,SELVAM S,INDEPENDENT,0,994,994
2016,MLA,29,199,198,,DILLI A,INDEPENDENT,0,994,994
2016,MLA,29,199,198,,NIRMAL E,INDEPENDENT,0,994,994
2016,MLA,29,199,198,,PALANI C,INDEPENDENT,2,994,994
2016,MLA,29,199,198,,PALANI M,INDEPENDENT,4,994,994
2016,MLA,29,199,198,,PRAKASH R,INDEPENDENT,2,994,994
2016,MLA,29,199,198,,NOTA,0,8,994,994
2016,MLA,29,200,199,,CHANDRAN N,BAHUJAN SAMAJPARTY,1,509,509
2016,MLA,29,200,199,,SELVAPERUNTHAGAI K,INDIAN NATIONALCONGRESS,169,509,509
2016,MLA,29,200,199,,PALANI K,ALL INDIA ANNADRAVIDA MUNNETRAKAZHAGAM,283,509,509
2016,MLA,29,200,199,,MANOHARAN M,BHARATIYA JANATHAPARTY,9,509,509
2016,MLA,29,200,199,,SIVARANJINI B,NAAM TAMILARKATCHI,5,509,509
2016,MLA,29,200,199,,MUTHURAMAN C,PATTALI MAKKALKATCHI,9,509,509
2016,MLA,29,200,199,,LOK JAN SHAKTI PARTYRAVI M,,0,509,509
2016,MLA,29,200,199,,RAJESH V,COMMUNIST PARTYOF INDIA (MARXISTLENINIST) LIBERATION,0,509,509
2016,MLA,29,200,199,,VIDUTHALAIVEERAKUMAR MCHIRUTHAIGAL KATCHI,,18,509,509
2016,MLA,29,200,199,,SELVAM S,INDEPENDENT,0,509,509
2016,MLA,29,200,199,,DILLI A,INDEPENDENT,0,509,509
2016,MLA,29,200,199,,NIRMAL E,INDEPENDENT,0,509,509
2016,MLA,29,200,199,,PALANI C,INDEPENDENT,0,509,509
2016,MLA,29,200,199,,PALANI M,INDEPENDENT,1,509,509
2016,MLA,29,200,199,,PRAKASH R,INDEPENDENT,0,509,509
2016,MLA,29,200,199,,NOTA,0,14,509,509
2016,MLA,29,201,200,,CHANDRAN N,BAHUJAN SAMAJPARTY,3,783,783
2016,MLA,29,201,200,,SELVAPERUNTHAGAI K,INDIAN NATIONALCONGRESS,210,783,783
2016,MLA,29,201,200,,PALANI K,ALL INDIA ANNADRAVIDA MUNNETRAKAZHAGAM,460,783,783
2016,MLA,29,201,200,,MANOHARAN M,BHARATIYA JANATHAPARTY,6,783,783
2016,MLA,29,201,200,,SIVARANJINI B,NAAM TAMILARKATCHI,20,783,783
2016,MLA,29,201,200,,MUTHURAMAN C,PATTALI MAKKALKATCHI,26,783,783
2016,MLA,29,201,200,,LOK JAN SHAKTI PARTYRAVI M,,0,783,783
2016,MLA,29,201,200,,RAJESH V,COMMUNIST PARTYOF INDIA (MARXISTLENINIST) LIBERATION,1,783,783
2016,MLA,29,201,200,,VIDUTHALAIVEERAKUMAR MCHIRUTHAIGAL KATCHI,,40,783,783
2016,MLA,29,201,200,,SELVAM S,INDEPENDENT,2,783,783
2016,MLA,29,201,200,,DILLI A,INDEPENDENT,0,783,783
2016,MLA,29,201,200,,NIRMAL E,INDEPENDENT,1,783,783
2016,MLA,29,201,200,,PALANI C,INDEPENDENT,0,783,783
2016,MLA,29,201,200,,PALANI M,INDEPENDENT,0,783,783
2016,MLA,29,201,200,,PRAKASH R,INDEPENDENT,0,783,783
2016,MLA,29,201,200,,NOTA,0,14,783,783
2016,MLA,29,202,201,,CHANDRAN N,BAHUJAN SAMAJPARTY,1,725,725
2016,MLA,29,202,201,,SELVAPERUNTHAGAI K,INDIAN NATIONALCONGRESS,284,725,725
2016,MLA,29,202,201,,PALANI K,ALL INDIA ANNADRAVIDA MUNNETRAKAZHAGAM,366,725,725
2016,MLA,29,202,201,,MANOHARAN M,BHARATIYA JANATHAPARTY,12,725,725
2016,MLA,29,202,201,,SIVARANJINI B,NAAM TAMILARKATCHI,14,725,725
2016,MLA,29,202,201,,MUTHURAMAN C,PATTALI MAKKALKATCHI,14,725,725
2016,MLA,29,202,201,,LOK JAN SHAKTI PARTYRAVI M,,0,725,725
2016,MLA,29,202,201,,RAJESH V,COMMUNIST PARTYOF INDIA (MARXISTLENINIST) LIBERATION,0,725,725
2016,MLA,29,202,201,,VIDUTHALAIVEERAKUMAR MCHIRUTHAIGAL KATCHI,,20,725,725
2016,MLA,29,202,201,,SELVAM S,INDEPENDENT,1,725,725
2016,MLA,29,202,201,,DILLI A,INDEPENDENT,0,725,725
2016,MLA,29,202,201,,NIRMAL E,INDEPENDENT,0,725,725
2016,MLA,29,202,201,,PALANI C,INDEPENDENT,0,725,725
2016,MLA,29,202,201,,PALANI M,INDEPENDENT,1,725,725
2016,MLA,29,202,201,,PRAKASH R,INDEPENDENT,1,725,725
2016,MLA,29,202,201,,NOTA,0,11,725,725
2016,MLA,29,203,202,,CHANDRAN N,BAHUJAN SAMAJPARTY,3,705,705
2016,MLA,29,203,202,,SELVAPERUNTHAGAI K,INDIAN NATIONALCONGRESS,232,705,705
2016,MLA,29,203,202,,PALANI K,ALL INDIA ANNADRAVIDA MUNNETRAKAZHAGAM,383,705,705
2016,MLA,29,203,202,,MANOHARAN M,BHARATIYA JANATHAPARTY,23,705,705
2016,MLA,29,203,202,,SIVARANJINI B,NAAM TAMILARKATCHI,16,705,705
2016,MLA,29,203,202,,MUTHURAMAN C,PATTALI MAKKALKATCHI,16,705,705
2016,MLA,29,203,202,,LOK JAN SHAKTI PARTYRAVI M,,1,705,705
2016,MLA,29,203,202,,RAJESH V,COMMUNIST PARTYOF INDIA (MARXISTLENINIST) LIBERATION,0,705,705
2016,MLA,29,203,202,,VIDUTHALAIVEERAKUMAR MCHIRUTHAIGAL KATCHI,,21,705,705
2016,MLA,29,203,202,,SELVAM S,INDEPENDENT,1,705,705
2016,MLA,29,203,202,,DILLI A,INDEPENDENT,0,705,705
2016,MLA,29,203,202,,NIRMAL E,INDEPENDENT,0,705,705
2016,MLA,29,203,202,,PALANI C,INDEPENDENT,0,705,705
2016,MLA,29,203,202,,PALANI M,INDEPENDENT,0,705,705
2016,MLA,29,203,202,,PRAKASH R,INDEPENDENT,0,705,705
2016,MLA,29,203,202,,NOTA,0,9,705,705
2016,MLA,29,204,203,,CHANDRAN N,BAHUJAN SAMAJPARTY,4,623,623
2016,MLA,29,204,203,,SELVAPERUNTHAGAI K,INDIAN NATIONALCONGRESS,226,623,623
2016,MLA,29,204,203,,PALANI K,ALL INDIA ANNADRAVIDA MUNNETRAKAZHAGAM,310,623,623
2016,MLA,29,204,203,,MANOHARAN M,BHARATIYA JANATHAPARTY,10,623,623
2016,MLA,29,204,203,,SIVARANJINI B,NAAM TAMILARKATCHI,14,623,623
2016,MLA,29,204,203,,MUTHURAMAN C,PATTALI MAKKALKATCHI,20,623,623
2016,MLA,29,204,203,,LOK JAN SHAKTI PARTYRAVI M,,0,623,623
2016,MLA,29,204,203,,RAJESH V,COMMUNIST PARTYOF INDIA (MARXISTLENINIST) LIBERATION,1,623,623
2016,MLA,29,204,203,,VIDUTHALAIVEERAKUMAR MCHIRUTHAIGAL KATCHI,,21,623,623
2016,MLA,29,204,203,,SELVAM S,INDEPENDENT,0,623,623
2016,MLA,29,204,203,,DILLI A,INDEPENDENT,0,623,623
2016,MLA,29,204,203,,NIRMAL E,INDEPENDENT,1,623,623
2016,MLA,29,204,203,,PALANI C,INDEPENDENT,0,623,623
2016,MLA,29,204,203,,PALANI M,INDEPENDENT,2,623,623
2016,MLA,29,204,203,,PRAKASH R,INDEPENDENT,0,623,623
2016,MLA,29,204,203,,NOTA,0,14,623,623
2016,MLA,29,205,204,,CHANDRAN N,BAHUJAN SAMAJPARTY,0,682,682
2016,MLA,29,205,204,,SELVAPERUNTHAGAI K,INDIAN NATIONALCONGRESS,240,682,682
2016,MLA,29,205,204,,PALANI K,ALL INDIA ANNADRAVIDA MUNNETRAKAZHAGAM,335,682,682
2016,MLA,29,205,204,,MANOHARAN M,BHARATIYA JANATHAPARTY,13,682,682
2016,MLA,29,205,204,,SIVARANJINI B,NAAM TAMILARKATCHI,12,682,682
2016,MLA,29,205,204,,MUTHURAMAN C,PATTALI MAKKALKATCHI,9,682,682
2016,MLA,29,205,204,,LOK JAN SHAKTI PARTYRAVI M,,1,682,682
2016,MLA,29,205,204,,RAJESH V,COMMUNIST PARTYOF INDIA (MARXISTLENINIST) LIBERATION,2,682,682
2016,MLA,29,205,204,,VIDUTHALAIVEERAKUMAR MCHIRUTHAIGAL KATCHI,,42,682,682
2016,MLA,29,205,204,,SELVAM S,INDEPENDENT,0,682,682
2016,MLA,29,205,204,,DILLI A,INDEPENDENT,0,682,682
2016,MLA,29,205,204,,NIRMAL E,INDEPENDENT,0,682,682
2016,MLA,29,205,204,,PALANI C,INDEPENDENT,1,682,682
2016,MLA,29,205,204,,PALANI M,INDEPENDENT,2,682,682
2016,MLA,29,205,204,,PRAKASH R,INDEPENDENT,2,682,682
2016,MLA,29,205,204,,NOTA,0,23,682,682
2016,MLA,29,206,205,,CHANDRAN N,BAHUJAN SAMAJPARTY,1,729,729
2016,MLA,29,206,205,,SELVAPERUNTHAGAI K,INDIAN NATIONALCONGRESS,290,729,729
2016,MLA,29,206,205,,PALANI K,ALL INDIA ANNADRAVIDA MUNNETRAKAZHAGAM,309,729,729
2016,MLA,29,206,205,,MANOHARAN M,BHARATIYA JANATHAPARTY,32,729,729
2016,MLA,29,206,205,,SIVARANJINI B,NAAM TAMILARKATCHI,27,729,729
2016,MLA,29,206,205,,MUTHURAMAN C,PATTALI MAKKALKATCHI,20,729,729
2016,MLA,29,206,205,,LOK JAN SHAKTI PARTYRAVI M,,0,729,729
2016,MLA,29,206,205,,RAJESH V,COMMUNIST PARTYOF INDIA (MARXISTLENINIST) LIBERATION,0,729,729
2016,MLA,29,206,205,,VIDUTHALAIVEERAKUMAR MCHIRUTHAIGAL KATCHI,,25,729,729
2016,MLA,29,206,205,,SELVAM S,INDEPENDENT,1,729,729
2016,MLA,29,206,205,,DILLI A,INDEPENDENT,0,729,729
2016,MLA,29,206,205,,NIRMAL E,INDEPENDENT,0,729,729
2016,MLA,29,206,205,,PALANI C,INDEPENDENT,0,729,729
2016,MLA,29,206,205,,PALANI M,INDEPENDENT,0,729,729
2016,MLA,29,206,205,,PRAKASH R,INDEPENDENT,0,729,729
2016,MLA,29,206,205,,NOTA,0,24,729,729
2016,MLA,29,207,206,,CHANDRAN N,BAHUJAN SAMAJPARTY,0,749,749
2016,MLA,29,207,206,,SELVAPERUNTHAGAI K,INDIAN NATIONALCONGRESS,330,749,749
2016,MLA,29,207,206,,PALANI K,ALL INDIA ANNADRAVIDA MUNNETRAKAZHAGAM,290,749,749
2016,MLA,29,207,206,,MANOHARAN M,BHARATIYA JANATHAPARTY,17,749,749
2016,MLA,29,207,206,,SIVARANJINI B,NAAM TAMILARKATCHI,29,749,749
2016,MLA,29,207,206,,MUTHURAMAN C,PATTALI MAKKALKATCHI,34,749,749
2016,MLA,29,207,206,,LOK JAN SHAKTI PARTYRAVI M,,0,749,749
2016,MLA,29,207,206,,RAJESH V,COMMUNIST PARTYOF INDIA (MARXISTLENINIST) LIBERATION,2,749,749
2016,MLA,29,207,206,,VIDUTHALAIVEERAKUMAR MCHIRUTHAIGAL KATCHI,,36,749,749
2016,MLA,29,207,206,,SELVAM S,INDEPENDENT,1,749,749
2016,MLA,29,207,206,,DILLI A,INDEPENDENT,1,749,749
2016,MLA,29,207,206,,NIRMAL E,INDEPENDENT,0,749,749
2016,MLA,29,207,206,,PALANI C,INDEPENDENT,0,749,749
2016,MLA,29,207,206,,PALANI M,INDEPENDENT,0,749,749
2016,MLA,29,207,206,,PRAKASH R,INDEPENDENT,0,749,749
2016,MLA,29,207,206,,NOTA,0,9,749,749
2016,MLA,29,208,207,,CHANDRAN N,BAHUJAN SAMAJPARTY,1,715,715
2016,MLA,29,208,207,,SELVAPERUNTHAGAI K,INDIAN NATIONALCONGRESS,272,715,715
2016,MLA,29,208,207,,PALANI K,ALL INDIA ANNADRAVIDA MUNNETRAKAZHAGAM,288,715,715
2016,MLA,29,208,207,,MANOHARAN M,BHARATIYA JANATHAPARTY,11,715,715
2016,MLA,29,208,207,,SIVARANJINI B,NAAM TAMILARKATCHI,33,715,715
2016,MLA,29,208,207,,MUTHURAMAN C,PATTALI MAKKALKATCHI,39,715,715
2016,MLA,29,208,207,,LOK JAN SHAKTI PARTYRAVI M,,1,715,715
2016,MLA,29,208,207,,RAJESH V,COMMUNIST PARTYOF INDIA (MARXISTLENINIST) LIBERATION,2,715,715
2016,MLA,29,208,207,,VIDUTHALAIVEERAKUMAR MCHIRUTHAIGAL KATCHI,,52,715,715
2016,MLA,29,208,207,,SELVAM S,INDEPENDENT,0,715,715
2016,MLA,29,208,207,,DILLI A,INDEPENDENT,0,715,715
2016,MLA,29,208,207,,NIRMAL E,INDEPENDENT,0,715,715
2016,MLA,29,208,207,,PALANI C,INDEPENDENT,0,715,715
2016,MLA,29,208,207,,PALANI M,INDEPENDENT,0,715,715
2016,MLA,29,208,207,,PRAKASH R,INDEPENDENT,1,715,715
2016,MLA,29,208,207,,NOTA,0,15,715,715
2016,MLA,29,209,208,,CHANDRAN N,BAHUJAN SAMAJPARTY,0,746,746
2016,MLA,29,209,208,,SELVAPERUNTHAGAI K,INDIAN NATIONALCONGRESS,315,746,746
2016,MLA,29,209,208,,PALANI K,ALL INDIA ANNADRAVIDA MUNNETRAKAZHAGAM,298,746,746
2016,MLA,29,209,208,,MANOHARAN M,BHARATIYA JANATHAPARTY,13,746,746
2016,MLA,29,209,208,,SIVARANJINI B,NAAM TAMILARKATCHI,30,746,746
2016,MLA,29,209,208,,MUTHURAMAN C,PATTALI MAKKALKATCHI,38,746,746
2016,MLA,29,209,208,,LOK JAN SHAKTI PARTYRAVI M,,0,746,746
2016,MLA,29,209,208,,RAJESH V,COMMUNIST PARTYOF INDIA (MARXISTLENINIST) LIBERATION,1,746,746
2016,MLA,29,209,208,,VIDUTHALAIVEERAKUMAR MCHIRUTHAIGAL KATCHI,,25,746,746
2016,MLA,29,209,208,,SELVAM S,INDEPENDENT,3,746,746
2016,MLA,29,209,208,,DILLI A,INDEPENDENT,1,746,746
2016,MLA,29,209,208,,NIRMAL E,INDEPENDENT,2,746,746
2016,MLA,29,209,208,,PALANI C,INDEPENDENT,0,746,746
2016,MLA,29,209,208,,PALANI M,INDEPENDENT,2,746,746
2016,MLA,29,209,208,,PRAKASH R,INDEPENDENT,2,746,746
2016,MLA,29,209,208,,NOTA,0,16,746,746
2016,MLA,29,210,209,,CHANDRAN N,BAHUJAN SAMAJPARTY,0,937,937
2016,MLA,29,210,209,,SELVAPERUNTHAGAI K,INDIAN NATIONALCONGRESS,430,937,937
2016,MLA,29,210,209,,PALANI K,ALL INDIA ANNADRAVIDA MUNNETRAKAZHAGAM,443,937,937
2016,MLA,29,210,209,,MANOHARAN M,BHARATIYA JANATHAPARTY,12,937,937
2016,MLA,29,210,209,,SIVARANJINI B,NAAM TAMILARKATCHI,5,937,937
2016,MLA,29,210,209,,MUTHURAMAN C,PATTALI MAKKALKATCHI,7,937,937
2016,MLA,29,210,209,,LOK JAN SHAKTI PARTYRAVI M,,0,937,937
2016,MLA,29,210,209,,RAJESH V,COMMUNIST PARTYOF INDIA (MARXISTLENINIST) LIBERATION,1,937,937
2016,MLA,29,210,209,,VIDUTHALAIVEERAKUMAR MCHIRUTHAIGAL KATCHI,,34,937,937
2016,MLA,29,210,209,,SELVAM S,INDEPENDENT,0,937,937
2016,MLA,29,210,209,,DILLI A,INDEPENDENT,0,937,937
2016,MLA,29,210,209,,NIRMAL E,INDEPENDENT,1,937,937
2016,MLA,29,210,209,,PALANI C,INDEPENDENT,0,937,937
2016,MLA,29,210,209,,PALANI M,INDEPENDENT,2,937,937
2016,MLA,29,210,209,,PRAKASH R,INDEPENDENT,0,937,937
2016,MLA,29,210,209,,NOTA,0,2,937,937
2016,MLA,29,211,210,,CHANDRAN N,BAHUJAN SAMAJPARTY,1,666,666
2016,MLA,29,211,210,,SELVAPERUNTHAGAI K,INDIAN NATIONALCONGRESS,307,666,666
2016,MLA,29,211,210,,PALANI K,ALL INDIA ANNADRAVIDA MUNNETRAKAZHAGAM,297,666,666
2016,MLA,29,211,210,,MANOHARAN M,BHARATIYA JANATHAPARTY,8,666,666
2016,MLA,29,211,210,,SIVARANJINI B,NAAM TAMILARKATCHI,13,666,666
2016,MLA,29,211,210,,MUTHURAMAN C,PATTALI MAKKALKATCHI,7,666,666
2016,MLA,29,211,210,,LOK JAN SHAKTI PARTYRAVI M,,0,666,666
2016,MLA,29,211,210,,RAJESH V,COMMUNIST PARTYOF INDIA (MARXISTLENINIST) LIBERATION,0,666,666
2016,MLA,29,211,210,,VIDUTHALAIVEERAKUMAR MCHIRUTHAIGAL KATCHI,,21,666,666
2016,MLA,29,211,210,,SELVAM S,INDEPENDENT,0,666,666
2016,MLA,29,211,210,,DILLI A,INDEPENDENT,1,666,666
2016,MLA,29,211,210,,NIRMAL E,INDEPENDENT,0,666,666
2016,MLA,29,211,210,,PALANI C,INDEPENDENT,0,666,666
2016,MLA,29,211,210,,PALANI M,INDEPENDENT,6,666,666
2016,MLA,29,211,210,,PRAKASH R,INDEPENDENT,1,666,666
2016,MLA,29,211,210,,NOTA,0,4,666,666
2016,MLA,29,212,211,,CHANDRAN N,BAHUJAN SAMAJPARTY,4,952,952
2016,MLA,29,212,211,,SELVAPERUNTHAGAI K,INDIAN NATIONALCONGRESS,398,952,952
2016,MLA,29,212,211,,PALANI K,ALL INDIA ANNADRAVIDA MUNNETRAKAZHAGAM,434,952,952
2016,MLA,29,212,211,,MANOHARAN M,BHARATIYA JANATHAPARTY,14,952,952
2016,MLA,29,212,211,,SIVARANJINI B,NAAM TAMILARKATCHI,12,952,952
2016,MLA,29,212,211,,MUTHURAMAN C,PATTALI MAKKALKATCHI,6,952,952
2016,MLA,29,212,211,,LOK JAN SHAKTI PARTYRAVI M,,0,952,952
2016,MLA,29,212,211,,RAJESH V,COMMUNIST PARTYOF INDIA (MARXISTLENINIST) LIBERATION,2,952,952
2016,MLA,29,212,211,,VIDUTHALAIVEERAKUMAR MCHIRUTHAIGAL KATCHI,,67,952,952
2016,MLA,29,212,211,,SELVAM S,INDEPENDENT,1,952,952
2016,MLA,29,212,211,,DILLI A,INDEPENDENT,0,952,952
2016,MLA,29,212,211,,NIRMAL E,INDEPENDENT,2,952,952
2016,MLA,29,212,211,,PALANI C,INDEPENDENT,0,952,952
2016,MLA,29,212,211,,PALANI M,INDEPENDENT,3,952,952
2016,MLA,29,212,211,,PRAKASH R,INDEPENDENT,0,952,952
2016,MLA,29,212,211,,NOTA,0,9,952,952
2016,MLA,29,213,212,,CHANDRAN N,BAHUJAN SAMAJPARTY,2,975,975
2016,MLA,29,213,212,,SELVAPERUNTHAGAI K,INDIAN NATIONALCONGRESS,301,975,975
2016,MLA,29,213,212,,PALANI K,ALL INDIA ANNADRAVIDA MUNNETRAKAZHAGAM,569,975,975
2016,MLA,29,213,212,,MANOHARAN M,BHARATIYA JANATHAPARTY,14,975,975
2016,MLA,29,213,212,,SIVARANJINI B,NAAM TAMILARKATCHI,10,975,975
2016,MLA,29,213,212,,MUTHURAMAN C,PATTALI MAKKALKATCHI,35,975,975
2016,MLA,29,213,212,,LOK JAN SHAKTI PARTYRAVI M,,0,975,975
2016,MLA,29,213,212,,RAJESH V,COMMUNIST PARTYOF INDIA (MARXISTLENINIST) LIBERATION,1,975,975
2016,MLA,29,213,212,,VIDUTHALAIVEERAKUMAR MCHIRUTHAIGAL KATCHI,,23,975,975
2016,MLA,29,213,212,,SELVAM S,INDEPENDENT,1,975,975
2016,MLA,29,213,212,,DILLI A,INDEPENDENT,1,975,975
2016,MLA,29,213,212,,NIRMAL E,INDEPENDENT,1,975,975
2016,MLA,29,213,212,,PALANI C,INDEPENDENT,1,975,975
2016,MLA,29,213,212,,PALANI M,INDEPENDENT,3,975,975
2016,MLA,29,213,212,,PRAKASH R,INDEPENDENT,1,975,975
2016,MLA,29,213,212,,NOTA,0,12,975,975
2016,MLA,29,214,213,,CHANDRAN N,BAHUJAN SAMAJPARTY,1,888,888
2016,MLA,29,214,213,,SELVAPERUNTHAGAI K,INDIAN NATIONALCONGRESS,353,888,888
2016,MLA,29,214,213,,PALANI K,ALL INDIA ANNADRAVIDA MUNNETRAKAZHAGAM,478,888,888
2016,MLA,29,214,213,,MANOHARAN M,BHARATIYA JANATHAPARTY,3,888,888
2016,MLA,29,214,213,,SIVARANJINI B,NAAM TAMILARKATCHI,8,888,888
2016,MLA,29,214,213,,MUTHURAMAN C,PATTALI MAKKALKATCHI,5,888,888
2016,MLA,29,214,213,,LOK JAN SHAKTI PARTYRAVI M,,0,888,888
2016,MLA,29,214,213,,RAJESH V,COMMUNIST PARTYOF INDIA (MARXISTLENINIST) LIBERATION,0,888,888
2016,MLA,29,214,213,,VIDUTHALAIVEERAKUMAR MCHIRUTHAIGAL KATCHI,,27,888,888
2016,MLA,29,214,213,,SELVAM S,INDEPENDENT,1,888,888
2016,MLA,29,214,213,,DILLI A,INDEPENDENT,0,888,888
2016,MLA,29,214,213,,NIRMAL E,INDEPENDENT,0,888,888
2016,MLA,29,214,213,,PALANI C,INDEPENDENT,0,888,888
2016,MLA,29,214,213,,PALANI M,INDEPENDENT,0,888,888
2016,MLA,29,214,213,,PRAKASH R,INDEPENDENT,2,888,888
2016,MLA,29,214,213,,NOTA,0,10,888,888
2016,MLA,29,215,214,,CHANDRAN N,BAHUJAN SAMAJPARTY,6,903,903
2016,MLA,29,215,214,,SELVAPERUNTHAGAI K,INDIAN NATIONALCONGRESS,416,903,903
2016,MLA,29,215,214,,PALANI K,ALL INDIA ANNADRAVIDA MUNNETRAKAZHAGAM,417,903,903
2016,MLA,29,215,214,,MANOHARAN M,BHARATIYA JANATHAPARTY,5,903,903
2016,MLA,29,215,214,,SIVARANJINI B,NAAM TAMILARKATCHI,4,903,903
2016,MLA,29,215,214,,MUTHURAMAN C,PATTALI MAKKALKATCHI,10,903,903
2016,MLA,29,215,214,,LOK JAN SHAKTI PARTYRAVI M,,0,903,903
2016,MLA,29,215,214,,RAJESH V,COMMUNIST PARTYOF INDIA (MARXISTLENINIST) LIBERATION,1,903,903
2016,MLA,29,215,214,,VIDUTHALAIVEERAKUMAR MCHIRUTHAIGAL KATCHI,,28,903,903
2016,MLA,29,215,214,,SELVAM S,INDEPENDENT,0,903,903
2016,MLA,29,215,214,,DILLI A,INDEPENDENT,0,903,903
2016,MLA,29,215,214,,NIRMAL E,INDEPENDENT,0,903,903
2016,MLA,29,215,214,,PALANI C,INDEPENDENT,1,903,903
2016,MLA,29,215,214,,PALANI M,INDEPENDENT,1,903,903
2016,MLA,29,215,214,,PRAKASH R,INDEPENDENT,5,903,903
2016,MLA,29,215,214,,NOTA,0,9,903,903
2016,MLA,29,216,215,,CHANDRAN N,BAHUJAN SAMAJPARTY,1,537,537
2016,MLA,29,216,215,,SELVAPERUNTHAGAI K,INDIAN NATIONALCONGRESS,204,537,537
2016,MLA,29,216,215,,PALANI K,ALL INDIA ANNADRAVIDA MUNNETRAKAZHAGAM,273,537,537
2016,MLA,29,216,215,,MANOHARAN M,BHARATIYA JANATHAPARTY,8,537,537
2016,MLA,29,216,215,,SIVARANJINI B,NAAM TAMILARKATCHI,13,537,537
2016,MLA,29,216,215,,MUTHURAMAN C,PATTALI MAKKALKATCHI,6,537,537
2016,MLA,29,216,215,,LOK JAN SHAKTI PARTYRAVI M,,0,537,537
2016,MLA,29,216,215,,RAJESH V,COMMUNIST PARTYOF INDIA (MARXISTLENINIST) LIBERATION,1,537,537
2016,MLA,29,216,215,,VIDUTHALAIVEERAKUMAR MCHIRUTHAIGAL KATCHI,,19,537,537
2016,MLA,29,216,215,,SELVAM S,INDEPENDENT,2,537,537
2016,MLA,29,216,215,,DILLI A,INDEPENDENT,1,537,537
2016,MLA,29,216,215,,NIRMAL E,INDEPENDENT,1,537,537
2016,MLA,29,216,215,,PALANI C,INDEPENDENT,1,537,537
2016,MLA,29,216,215,,PALANI M,INDEPENDENT,0,537,537
2016,MLA,29,216,215,,PRAKASH R,INDEPENDENT,0,537,537
2016,MLA,29,216,215,,NOTA,0,7,537,537
2016,MLA,29,217,216,,CHANDRAN N,BAHUJAN SAMAJPARTY,1,829,829
2016,MLA,29,217,216,,SELVAPERUNTHAGAI K,INDIAN NATIONALCONGRESS,400,829,829
2016,MLA,29,217,216,,PALANI K,ALL INDIA ANNADRAVIDA MUNNETRAKAZHAGAM,309,829,829
2016,MLA,29,217,216,,MANOHARAN M,BHARATIYA JANATHAPARTY,15,829,829
2016,MLA,29,217,216,,SIVARANJINI B,NAAM TAMILARKATCHI,14,829,829
2016,MLA,29,217,216,,MUTHURAMAN C,PATTALI MAKKALKATCHI,4,829,829
2016,MLA,29,217,216,,LOK JAN SHAKTI PARTYRAVI M,,1,829,829
2016,MLA,29,217,216,,RAJESH V,COMMUNIST PARTYOF INDIA (MARXISTLENINIST) LIBERATION,0,829,829
2016,MLA,29,217,216,,VIDUTHALAIVEERAKUMAR MCHIRUTHAIGAL KATCHI,,78,829,829
2016,MLA,29,217,216,,SELVAM S,INDEPENDENT,0,829,829
2016,MLA,29,217,216,,DILLI A,INDEPENDENT,0,829,829
2016,MLA,29,217,216,,NIRMAL E,INDEPENDENT,0,829,829
2016,MLA,29,217,216,,PALANI C,INDEPENDENT,0,829,829
2016,MLA,29,217,216,,PALANI M,INDEPENDENT,0,829,829
2016,MLA,29,217,216,,PRAKASH R,INDEPENDENT,1,829,829
2016,MLA,29,217,216,,NOTA,0,6,829,829
2016,MLA,29,218,217,,CHANDRAN N,BAHUJAN SAMAJPARTY,2,817,817
2016,MLA,29,218,217,,SELVAPERUNTHAGAI K,INDIAN NATIONALCONGRESS,210,817,817
2016,MLA,29,218,217,,PALANI K,ALL INDIA ANNADRAVIDA MUNNETRAKAZHAGAM,457,817,817
2016,MLA,29,218,217,,MANOHARAN M,BHARATIYA JANATHAPARTY,15,817,817
2016,MLA,29,218,217,,SIVARANJINI B,NAAM TAMILARKATCHI,3,817,817
2016,MLA,29,218,217,,MUTHURAMAN C,PATTALI MAKKALKATCHI,44,817,817
2016,MLA,29,218,217,,LOK JAN SHAKTI PARTYRAVI M,,0,817,817
2016,MLA,29,218,217,,RAJESH V,COMMUNIST PARTYOF INDIA (MARXISTLENINIST) LIBERATION,1,817,817
2016,MLA,29,218,217,,VIDUTHALAIVEERAKUMAR MCHIRUTHAIGAL KATCHI,,71,817,817
2016,MLA,29,218,217,,SELVAM S,INDEPENDENT,0,817,817
2016,MLA,29,218,217,,DILLI A,INDEPENDENT,1,817,817
2016,MLA,29,218,217,,NIRMAL E,INDEPENDENT,0,817,817
2016,MLA,29,218,217,,PALANI C,INDEPENDENT,0,817,817
2016,MLA,29,218,217,,PALANI M,INDEPENDENT,3,817,817
2016,MLA,29,218,217,,PRAKASH R,INDEPENDENT,0,817,817
2016,MLA,29,218,217,,NOTA,0,10,817,817
2016,MLA,29,219,218,,CHANDRAN N,BAHUJAN SAMAJPARTY,0,846,846
2016,MLA,29,219,218,,SELVAPERUNTHAGAI K,INDIAN NATIONALCONGRESS,234,846,846
2016,MLA,29,219,218,,PALANI K,ALL INDIA ANNADRAVIDA MUNNETRAKAZHAGAM,501,846,846
2016,MLA,29,219,218,,MANOHARAN M,BHARATIYA JANATHAPARTY,11,846,846
2016,MLA,29,219,218,,SIVARANJINI B,NAAM TAMILARKATCHI,7,846,846
2016,MLA,29,219,218,,MUTHURAMAN C,PATTALI MAKKALKATCHI,34,846,846
2016,MLA,29,219,218,,LOK JAN SHAKTI PARTYRAVI M,,0,846,846
2016,MLA,29,219,218,,RAJESH V,COMMUNIST PARTYOF INDIA (MARXISTLENINIST) LIBERATION,0,846,846
2016,MLA,29,219,218,,VIDUTHALAIVEERAKUMAR MCHIRUTHAIGAL KATCHI,,44,846,846
2016,MLA,29,219,218,,SELVAM S,INDEPENDENT,1,846,846
2016,MLA,29,219,218,,DILLI A,INDEPENDENT,0,846,846
2016,MLA,29,219,218,,NIRMAL E,INDEPENDENT,0,846,846
2016,MLA,29,219,218,,PALANI C,INDEPENDENT,0,846,846
2016,MLA,29,219,218,,PALANI M,INDEPENDENT,2,846,846
2016,MLA,29,219,218,,PRAKASH R,INDEPENDENT,1,846,846
2016,MLA,29,219,218,,NOTA,0,11,846,846
2016,MLA,29,220,219,,CHANDRAN N,BAHUJAN SAMAJPARTY,1,611,611
2016,MLA,29,220,219,,SELVAPERUNTHAGAI K,INDIAN NATIONALCONGRESS,198,611,611
2016,MLA,29,220,219,,PALANI K,ALL INDIA ANNADRAVIDA MUNNETRAKAZHAGAM,336,611,611
2016,MLA,29,220,219,,MANOHARAN M,BHARATIYA JANATHAPARTY,5,611,611
2016,MLA,29,220,219,,SIVARANJINI B,NAAM TAMILARKATCHI,2,611,611
2016,MLA,29,220,219,,MUTHURAMAN C,PATTALI MAKKALKATCHI,23,611,611
2016,MLA,29,220,219,,LOK JAN SHAKTI PARTYRAVI M,,0,611,611
2016,MLA,29,220,219,,RAJESH V,COMMUNIST PARTYOF INDIA (MARXISTLENINIST) LIBERATION,0,611,611
2016,MLA,29,220,219,,VIDUTHALAIVEERAKUMAR MCHIRUTHAIGAL KATCHI,,35,611,611
2016,MLA,29,220,219,,SELVAM S,INDEPENDENT,0,611,611
2016,MLA,29,220,219,,DILLI A,INDEPENDENT,0,611,611
2016,MLA,29,220,219,,NIRMAL E,INDEPENDENT,0,611,611
2016,MLA,29,220,219,,PALANI C,INDEPENDENT,0,611,611
2016,MLA,29,220,219,,PALANI M,INDEPENDENT,0,611,611
2016,MLA,29,220,219,,PRAKASH R,INDEPENDENT,1,611,611
2016,MLA,29,220,219,,NOTA,0,10,611,611
2016,MLA,29,221,220,,CHANDRAN N,BAHUJAN SAMAJPARTY,2,598,598
2016,MLA,29,221,220,,SELVAPERUNTHAGAI K,INDIAN NATIONALCONGRESS,218,598,598
2016,MLA,29,221,220,,PALANI K,ALL INDIA ANNADRAVIDA MUNNETRAKAZHAGAM,294,598,598
2016,MLA,29,221,220,,MANOHARAN M,BHARATIYA JANATHAPARTY,5,598,598
2016,MLA,29,221,220,,SIVARANJINI B,NAAM TAMILARKATCHI,5,598,598
2016,MLA,29,221,220,,MUTHURAMAN C,PATTALI MAKKALKATCHI,47,598,598
2016,MLA,29,221,220,,LOK JAN SHAKTI PARTYRAVI M,,0,598,598
2016,MLA,29,221,220,,RAJESH V,COMMUNIST PARTYOF INDIA (MARXISTLENINIST) LIBERATION,0,598,598
2016,MLA,29,221,220,,VIDUTHALAIVEERAKUMAR MCHIRUTHAIGAL KATCHI,,19,598,598
2016,MLA,29,221,220,,SELVAM S,INDEPENDENT,0,598,598
2016,MLA,29,221,220,,DILLI A,INDEPENDENT,1,598,598
2016,MLA,29,221,220,,NIRMAL E,INDEPENDENT,0,598,598
2016,MLA,29,221,220,,PALANI C,INDEPENDENT,0,598,598
2016,MLA,29,221,220,,PALANI M,INDEPENDENT,1,598,598
2016,MLA,29,221,220,,PRAKASH R,INDEPENDENT,0,598,598
2016,MLA,29,221,220,,NOTA,0,6,598,598
2016,MLA,29,222,221,,CHANDRAN N,BAHUJAN SAMAJPARTY,3,958,958
2016,MLA,29,222,221,,SELVAPERUNTHAGAI K,INDIAN NATIONALCONGRESS,438,958,958
2016,MLA,29,222,221,,PALANI K,ALL INDIA ANNADRAVIDA MUNNETRAKAZHAGAM,400,958,958
2016,MLA,29,222,221,,MANOHARAN M,BHARATIYA JANATHAPARTY,8,958,958
2016,MLA,29,222,221,,SIVARANJINI B,NAAM TAMILARKATCHI,19,958,958
2016,MLA,29,222,221,,MUTHURAMAN C,PATTALI MAKKALKATCHI,27,958,958
2016,MLA,29,222,221,,LOK JAN SHAKTI PARTYRAVI M,,1,958,958
2016,MLA,29,222,221,,RAJESH V,COMMUNIST PARTYOF INDIA (MARXISTLENINIST) LIBERATION,1,958,958
2016,MLA,29,222,221,,VIDUTHALAIVEERAKUMAR MCHIRUTHAIGAL KATCHI,,44,958,958
2016,MLA,29,222,221,,SELVAM S,INDEPENDENT,0,958,958
2016,MLA,29,222,221,,DILLI A,INDEPENDENT,1,958,958
2016,MLA,29,222,221,,NIRMAL E,INDEPENDENT,0,958,958
2016,MLA,29,222,221,,PALANI C,INDEPENDENT,2,958,958
2016,MLA,29,222,221,,PALANI M,INDEPENDENT,1,958,958
2016,MLA,29,222,221,,PRAKASH R,INDEPENDENT,4,958,958
2016,MLA,29,222,221,,NOTA,0,9,958,958
2016,MLA,29,223,222,,CHANDRAN N,BAHUJAN SAMAJPARTY,1,514,514
2016,MLA,29,223,222,,SELVAPERUNTHAGAI K,INDIAN NATIONALCONGRESS,238,514,514
2016,MLA,29,223,222,,PALANI K,ALL INDIA ANNADRAVIDA MUNNETRAKAZHAGAM,225,514,514
2016,MLA,29,223,222,,MANOHARAN M,BHARATIYA JANATHAPARTY,8,514,514
2016,MLA,29,223,222,,SIVARANJINI B,NAAM TAMILARKATCHI,4,514,514
2016,MLA,29,223,222,,MUTHURAMAN C,PATTALI MAKKALKATCHI,8,514,514
2016,MLA,29,223,222,,LOK JAN SHAKTI PARTYRAVI M,,0,514,514
2016,MLA,29,223,222,,RAJESH V,COMMUNIST PARTYOF INDIA (MARXISTLENINIST) LIBERATION,0,514,514
2016,MLA,29,223,222,,VIDUTHALAIVEERAKUMAR MCHIRUTHAIGAL KATCHI,,26,514,514
2016,MLA,29,223,222,,SELVAM S,INDEPENDENT,1,514,514
2016,MLA,29,223,222,,DILLI A,INDEPENDENT,0,514,514
2016,MLA,29,223,222,,NIRMAL E,INDEPENDENT,0,514,514
2016,MLA,29,223,222,,PALANI C,INDEPENDENT,0,514,514
2016,MLA,29,223,222,,PALANI M,INDEPENDENT,0,514,514
2016,MLA,29,223,222,,PRAKASH R,INDEPENDENT,0,514,514
2016,MLA,29,223,222,,NOTA,0,3,514,514
2016,MLA,29,224,223,,CHANDRAN N,BAHUJAN SAMAJPARTY,2,725,725
2016,MLA,29,224,223,,SELVAPERUNTHAGAI K,INDIAN NATIONALCONGRESS,331,725,725
2016,MLA,29,224,223,,PALANI K,ALL INDIA ANNADRAVIDA MUNNETRAKAZHAGAM,312,725,725
2016,MLA,29,224,223,,MANOHARAN M,BHARATIYA JANATHAPARTY,8,725,725
2016,MLA,29,224,223,,SIVARANJINI B,NAAM TAMILARKATCHI,5,725,725
2016,MLA,29,224,223,,MUTHURAMAN C,PATTALI MAKKALKATCHI,41,725,725
2016,MLA,29,224,223,,LOK JAN SHAKTI PARTYRAVI M,,0,725,725
2016,MLA,29,224,223,,RAJESH V,COMMUNIST PARTYOF INDIA (MARXISTLENINIST) LIBERATION,0,725,725
2016,MLA,29,224,223,,VIDUTHALAIVEERAKUMAR MCHIRUTHAIGAL KATCHI,,20,725,725
2016,MLA,29,224,223,,SELVAM S,INDEPENDENT,0,725,725
2016,MLA,29,224,223,,DILLI A,INDEPENDENT,0,725,725
2016,MLA,29,224,223,,NIRMAL E,INDEPENDENT,0,725,725
2016,MLA,29,224,223,,PALANI C,INDEPENDENT,1,725,725
2016,MLA,29,224,223,,PALANI M,INDEPENDENT,1,725,725
2016,MLA,29,224,223,,PRAKASH R,INDEPENDENT,1,725,725
2016,MLA,29,224,223,,NOTA,0,3,725,725
2016,MLA,29,225,224,,CHANDRAN N,BAHUJAN SAMAJPARTY,1,356,356
2016,MLA,29,225,224,,SELVAPERUNTHAGAI K,INDIAN NATIONALCONGRESS,114,356,356
2016,MLA,29,225,224,,PALANI K,ALL INDIA ANNADRAVIDA MUNNETRAKAZHAGAM,173,356,356
2016,MLA,29,225,224,,MANOHARAN M,BHARATIYA JANATHAPARTY,8,356,356
2016,MLA,29,225,224,,SIVARANJINI B,NAAM TAMILARKATCHI,5,356,356
2016,MLA,29,225,224,,MUTHURAMAN C,PATTALI MAKKALKATCHI,23,356,356
2016,MLA,29,225,224,,LOK JAN SHAKTI PARTYRAVI M,,0,356,356
2016,MLA,29,225,224,,RAJESH V,COMMUNIST PARTYOF INDIA (MARXISTLENINIST) LIBERATION,0,356,356
2016,MLA,29,225,224,,VIDUTHALAIVEERAKUMAR MCHIRUTHAIGAL KATCHI,,27,356,356
2016,MLA,29,225,224,,SELVAM S,INDEPENDENT,0,356,356
2016,MLA,29,225,224,,DILLI A,INDEPENDENT,0,356,356
2016,MLA,29,225,224,,NIRMAL E,INDEPENDENT,1,356,356
2016,MLA,29,225,224,,PALANI C,INDEPENDENT,0,356,356
2016,MLA,29,225,224,,PALANI M,INDEPENDENT,0,356,356
2016,MLA,29,225,224,,PRAKASH R,INDEPENDENT,0,356,356
2016,MLA,29,225,224,,NOTA,0,4,356,356
2016,MLA,29,226,225,,CHANDRAN N,BAHUJAN SAMAJPARTY,0,834,834
2016,MLA,29,226,225,,SELVAPERUNTHAGAI K,INDIAN NATIONALCONGRESS,262,834,834
2016,MLA,29,226,225,,PALANI K,ALL INDIA ANNADRAVIDA MUNNETRAKAZHAGAM,408,834,834
2016,MLA,29,226,225,,MANOHARAN M,BHARATIYA JANATHAPARTY,13,834,834
2016,MLA,29,226,225,,SIVARANJINI B,NAAM TAMILARKATCHI,13,834,834
2016,MLA,29,226,225,,MUTHURAMAN C,PATTALI MAKKALKATCHI,96,834,834
2016,MLA,29,226,225,,LOK JAN SHAKTI PARTYRAVI M,,0,834,834
2016,MLA,29,226,225,,RAJESH V,COMMUNIST PARTYOF INDIA (MARXISTLENINIST) LIBERATION,0,834,834
2016,MLA,29,226,225,,VIDUTHALAIVEERAKUMAR MCHIRUTHAIGAL KATCHI,,36,834,834
2016,MLA,29,226,225,,SELVAM S,INDEPENDENT,0,834,834
2016,MLA,29,226,225,,DILLI A,INDEPENDENT,0,834,834
2016,MLA,29,226,225,,NIRMAL E,INDEPENDENT,1,834,834
2016,MLA,29,226,225,,PALANI C,INDEPENDENT,1,834,834
2016,MLA,29,226,225,,PALANI M,INDEPENDENT,1,834,834
2016,MLA,29,226,225,,PRAKASH R,INDEPENDENT,0,834,834
2016,MLA,29,226,225,,NOTA,0,3,834,834
2016,MLA,29,227,226,,CHANDRAN N,BAHUJAN SAMAJPARTY,0,804,804
2016,MLA,29,227,226,,SELVAPERUNTHAGAI K,INDIAN NATIONALCONGRESS,302,804,804
2016,MLA,29,227,226,,PALANI K,ALL INDIA ANNADRAVIDA MUNNETRAKAZHAGAM,353,804,804
2016,MLA,29,227,226,,MANOHARAN M,BHARATIYA JANATHAPARTY,1,804,804
2016,MLA,29,227,226,,SIVARANJINI B,NAAM TAMILARKATCHI,10,804,804
2016,MLA,29,227,226,,MUTHURAMAN C,PATTALI MAKKALKATCHI,65,804,804
2016,MLA,29,227,226,,LOK JAN SHAKTI PARTYRAVI M,,0,804,804
2016,MLA,29,227,226,,RAJESH V,COMMUNIST PARTYOF INDIA (MARXISTLENINIST) LIBERATION,0,804,804
2016,MLA,29,227,226,,VIDUTHALAIVEERAKUMAR MCHIRUTHAIGAL KATCHI,,62,804,804
2016,MLA,29,227,226,,SELVAM S,INDEPENDENT,1,804,804
2016,MLA,29,227,226,,DILLI A,INDEPENDENT,0,804,804
2016,MLA,29,227,226,,NIRMAL E,INDEPENDENT,0,804,804
2016,MLA,29,227,226,,PALANI C,INDEPENDENT,1,804,804
2016,MLA,29,227,226,,PALANI M,INDEPENDENT,0,804,804
2016,MLA,29,227,226,,PRAKASH R,INDEPENDENT,0,804,804
2016,MLA,29,227,226,,NOTA,0,9,804,804
2016,MLA,29,228,227,,CHANDRAN N,BAHUJAN SAMAJPARTY,5,745,745
2016,MLA,29,228,227,,SELVAPERUNTHAGAI K,INDIAN NATIONALCONGRESS,270,745,745
2016,MLA,29,228,227,,PALANI K,ALL INDIA ANNADRAVIDA MUNNETRAKAZHAGAM,335,745,745
2016,MLA,29,228,227,,MANOHARAN M,BHARATIYA JANATHAPARTY,10,745,745
2016,MLA,29,228,227,,SIVARANJINI B,NAAM TAMILARKATCHI,12,745,745
2016,MLA,29,228,227,,MUTHURAMAN C,PATTALI MAKKALKATCHI,61,745,745
2016,MLA,29,228,227,,LOK JAN SHAKTI PARTYRAVI M,,0,745,745
2016,MLA,29,228,227,,RAJESH V,COMMUNIST PARTYOF INDIA (MARXISTLENINIST) LIBERATION,1,745,745
2016,MLA,29,228,227,,VIDUTHALAIVEERAKUMAR MCHIRUTHAIGAL KATCHI,,40,745,745
2016,MLA,29,228,227,,SELVAM S,INDEPENDENT,0,745,745
2016,MLA,29,228,227,,DILLI A,INDEPENDENT,1,745,745
2016,MLA,29,228,227,,NIRMAL E,INDEPENDENT,0,745,745
2016,MLA,29,228,227,,PALANI C,INDEPENDENT,0,745,745
2016,MLA,29,228,227,,PALANI M,INDEPENDENT,2,745,745
2016,MLA,29,228,227,,PRAKASH R,INDEPENDENT,2,745,745
2016,MLA,29,228,227,,NOTA,0,6,745,745
2016,MLA,29,229,228,,CHANDRAN N,BAHUJAN SAMAJPARTY,5,924,924
2016,MLA,29,229,228,,SELVAPERUNTHAGAI K,INDIAN NATIONALCONGRESS,512,924,924
2016,MLA,29,229,228,,PALANI K,ALL INDIA ANNADRAVIDA MUNNETRAKAZHAGAM,314,924,924
2016,MLA,29,229,228,,MANOHARAN M,BHARATIYA JANATHAPARTY,4,924,924
2016,MLA,29,229,228,,SIVARANJINI B,NAAM TAMILARKATCHI,8,924,924
2016,MLA,29,229,228,,MUTHURAMAN C,PATTALI MAKKALKATCHI,1,924,924
2016,MLA,29,229,228,,LOK JAN SHAKTI PARTYRAVI M,,0,924,924
2016,MLA,29,229,228,,RAJESH V,COMMUNIST PARTYOF INDIA (MARXISTLENINIST) LIBERATION,0,924,924
2016,MLA,29,229,228,,VIDUTHALAIVEERAKUMAR MCHIRUTHAIGAL KATCHI,,66,924,924
2016,MLA,29,229,228,,SELVAM S,INDEPENDENT,0,924,924
2016,MLA,29,229,228,,DILLI A,INDEPENDENT,0,924,924
2016,MLA,29,229,228,,NIRMAL E,INDEPENDENT,0,924,924
2016,MLA,29,229,228,,PALANI C,INDEPENDENT,1,924,924
2016,MLA,29,229,228,,PALANI M,INDEPENDENT,1,924,924
2016,MLA,29,229,228,,PRAKASH R,INDEPENDENT,0,924,924
2016,MLA,29,229,228,,NOTA,0,12,924,924
2016,MLA,29,230,229,,CHANDRAN N,BAHUJAN SAMAJPARTY,3,686,686
2016,MLA,29,230,229,,SELVAPERUNTHAGAI K,INDIAN NATIONALCONGRESS,359,686,686
2016,MLA,29,230,229,,PALANI K,ALL INDIA ANNADRAVIDA MUNNETRAKAZHAGAM,280,686,686
2016,MLA,29,230,229,,MANOHARAN M,BHARATIYA JANATHAPARTY,1,686,686
2016,MLA,29,230,229,,SIVARANJINI B,NAAM TAMILARKATCHI,6,686,686
2016,MLA,29,230,229,,MUTHURAMAN C,PATTALI MAKKALKATCHI,2,686,686
2016,MLA,29,230,229,,LOK JAN SHAKTI PARTYRAVI M,,0,686,686
2016,MLA,29,230,229,,RAJESH V,COMMUNIST PARTYOF INDIA (MARXISTLENINIST) LIBERATION,0,686,686
2016,MLA,29,230,229,,VIDUTHALAIVEERAKUMAR MCHIRUTHAIGAL KATCHI,,28,686,686
2016,MLA,29,230,229,,SELVAM S,INDEPENDENT,1,686,686
2016,MLA,29,230,229,,DILLI A,INDEPENDENT,1,686,686
2016,MLA,29,230,229,,NIRMAL E,INDEPENDENT,0,686,686
2016,MLA,29,230,229,,PALANI C,INDEPENDENT,0,686,686
2016,MLA,29,230,229,,PALANI M,INDEPENDENT,0,686,686
2016,MLA,29,230,229,,PRAKASH R,INDEPENDENT,2,686,686
2016,MLA,29,230,229,,NOTA,0,3,686,686
2016,MLA,29,231,230,,CHANDRAN N,BAHUJAN SAMAJPARTY,2,682,682
2016,MLA,29,231,230,,SELVAPERUNTHAGAI K,INDIAN NATIONALCONGRESS,276,682,682
2016,MLA,29,231,230,,PALANI K,ALL INDIA ANNADRAVIDA MUNNETRAKAZHAGAM,293,682,682
2016,MLA,29,231,230,,MANOHARAN M,BHARATIYA JANATHAPARTY,11,682,682
2016,MLA,29,231,230,,SIVARANJINI B,NAAM TAMILARKATCHI,6,682,682
2016,MLA,29,231,230,,MUTHURAMAN C,PATTALI MAKKALKATCHI,10,682,682
2016,MLA,29,231,230,,LOK JAN SHAKTI PARTYRAVI M,,1,682,682
2016,MLA,29,231,230,,RAJESH V,COMMUNIST PARTYOF INDIA (MARXISTLENINIST) LIBERATION,0,682,682
2016,MLA,29,231,230,,VIDUTHALAIVEERAKUMAR MCHIRUTHAIGAL KATCHI,,68,682,682
2016,MLA,29,231,230,,SELVAM S,INDEPENDENT,0,682,682
2016,MLA,29,231,230,,DILLI A,INDEPENDENT,0,682,682
2016,MLA,29,231,230,,NIRMAL E,INDEPENDENT,0,682,682
2016,MLA,29,231,230,,PALANI C,INDEPENDENT,0,682,682
2016,MLA,29,231,230,,PALANI M,INDEPENDENT,0,682,682
2016,MLA,29,231,230,,PRAKASH R,INDEPENDENT,2,682,682
2016,MLA,29,231,230,,NOTA,0,13,682,682
2016,MLA,29,232,231,,CHANDRAN N,BAHUJAN SAMAJPARTY,0,542,542
2016,MLA,29,232,231,,SELVAPERUNTHAGAI K,INDIAN NATIONALCONGRESS,164,542,542
2016,MLA,29,232,231,,PALANI K,ALL INDIA ANNADRAVIDA MUNNETRAKAZHAGAM,312,542,542
2016,MLA,29,232,231,,MANOHARAN M,BHARATIYA JANATHAPARTY,4,542,542
2016,MLA,29,232,231,,SIVARANJINI B,NAAM TAMILARKATCHI,3,542,542
2016,MLA,29,232,231,,MUTHURAMAN C,PATTALI MAKKALKATCHI,0,542,542
2016,MLA,29,232,231,,LOK JAN SHAKTI PARTYRAVI M,,1,542,542
2016,MLA,29,232,231,,RAJESH V,COMMUNIST PARTYOF INDIA (MARXISTLENINIST) LIBERATION,0,542,542
2016,MLA,29,232,231,,VIDUTHALAIVEERAKUMAR MCHIRUTHAIGAL KATCHI,,52,542,542
2016,MLA,29,232,231,,SELVAM S,INDEPENDENT,0,542,542
2016,MLA,29,232,231,,DILLI A,INDEPENDENT,0,542,542
2016,MLA,29,232,231,,NIRMAL E,INDEPENDENT,0,542,542
2016,MLA,29,232,231,,PALANI C,INDEPENDENT,1,542,542
2016,MLA,29,232,231,,PALANI M,INDEPENDENT,2,542,542
2016,MLA,29,232,231,,PRAKASH R,INDEPENDENT,0,542,542
2016,MLA,29,232,231,,NOTA,0,3,542,542
2016,MLA,29,233,232,,CHANDRAN N,BAHUJAN SAMAJPARTY,2,751,751
2016,MLA,29,233,232,,SELVAPERUNTHAGAI K,INDIAN NATIONALCONGRESS,375,751,751
2016,MLA,29,233,232,,PALANI K,ALL INDIA ANNADRAVIDA MUNNETRAKAZHAGAM,238,751,751
2016,MLA,29,233,232,,MANOHARAN M,BHARATIYA JANATHAPARTY,13,751,751
2016,MLA,29,233,232,,SIVARANJINI B,NAAM TAMILARKATCHI,17,751,751
2016,MLA,29,233,232,,MUTHURAMAN C,PATTALI MAKKALKATCHI,14,751,751
2016,MLA,29,233,232,,LOK JAN SHAKTI PARTYRAVI M,,0,751,751
2016,MLA,29,233,232,,RAJESH V,COMMUNIST PARTYOF INDIA (MARXISTLENINIST) LIBERATION,0,751,751
2016,MLA,29,233,232,,VIDUTHALAIVEERAKUMAR MCHIRUTHAIGAL KATCHI,,82,751,751
2016,MLA,29,233,232,,SELVAM S,INDEPENDENT,0,751,751
2016,MLA,29,233,232,,DILLI A,INDEPENDENT,0,751,751
2016,MLA,29,233,232,,NIRMAL E,INDEPENDENT,0,751,751
2016,MLA,29,233,232,,PALANI C,INDEPENDENT,0,751,751
2016,MLA,29,233,232,,PALANI M,INDEPENDENT,0,751,751
2016,MLA,29,233,232,,PRAKASH R,INDEPENDENT,0,751,751
2016,MLA,29,233,232,,NOTA,0,10,751,751
2016,MLA,29,234,233,,CHANDRAN N,BAHUJAN SAMAJPARTY,3,924,924
2016,MLA,29,234,233,,SELVAPERUNTHAGAI K,INDIAN NATIONALCONGRESS,490,924,924
2016,MLA,29,234,233,,PALANI K,ALL INDIA ANNADRAVIDA MUNNETRAKAZHAGAM,293,924,924
2016,MLA,29,234,233,,MANOHARAN M,BHARATIYA JANATHAPARTY,12,924,924
2016,MLA,29,234,233,,SIVARANJINI B,NAAM TAMILARKATCHI,9,924,924
2016,MLA,29,234,233,,MUTHURAMAN C,PATTALI MAKKALKATCHI,19,924,924
2016,MLA,29,234,233,,LOK JAN SHAKTI PARTYRAVI M,,1,924,924
2016,MLA,29,234,233,,RAJESH V,COMMUNIST PARTYOF INDIA (MARXISTLENINIST) LIBERATION,1,924,924
2016,MLA,29,234,233,,VIDUTHALAIVEERAKUMAR MCHIRUTHAIGAL KATCHI,,80,924,924
2016,MLA,29,234,233,,SELVAM S,INDEPENDENT,0,924,924
2016,MLA,29,234,233,,DILLI A,INDEPENDENT,0,924,924
2016,MLA,29,234,233,,NIRMAL E,INDEPENDENT,0,924,924
2016,MLA,29,234,233,,PALANI C,INDEPENDENT,1,924,924
2016,MLA,29,234,233,,PALANI M,INDEPENDENT,1,924,924
2016,MLA,29,234,233,,PRAKASH R,INDEPENDENT,0,924,924
2016,MLA,29,234,233,,NOTA,0,14,924,924
2016,MLA,29,235,234,,CHANDRAN N,BAHUJAN SAMAJPARTY,0,935,935
2016,MLA,29,235,234,,SELVAPERUNTHAGAI K,INDIAN NATIONALCONGRESS,415,935,935
2016,MLA,29,235,234,,PALANI K,ALL INDIA ANNADRAVIDA MUNNETRAKAZHAGAM,424,935,935
2016,MLA,29,235,234,,MANOHARAN M,BHARATIYA JANATHAPARTY,24,935,935
2016,MLA,29,235,234,,SIVARANJINI B,NAAM TAMILARKATCHI,12,935,935
2016,MLA,29,235,234,,MUTHURAMAN C,PATTALI MAKKALKATCHI,12,935,935
2016,MLA,29,235,234,,LOK JAN SHAKTI PARTYRAVI M,,0,935,935
2016,MLA,29,235,234,,RAJESH V,COMMUNIST PARTYOF INDIA (MARXISTLENINIST) LIBERATION,1,935,935
2016,MLA,29,235,234,,VIDUTHALAIVEERAKUMAR MCHIRUTHAIGAL KATCHI,,33,935,935
2016,MLA,29,235,234,,SELVAM S,INDEPENDENT,0,935,935
2016,MLA,29,235,234,,DILLI A,INDEPENDENT,0,935,935
2016,MLA,29,235,234,,NIRMAL E,INDEPENDENT,2,935,935
2016,MLA,29,235,234,,PALANI C,INDEPENDENT,0,935,935
2016,MLA,29,235,234,,PALANI M,INDEPENDENT,1,935,935
2016,MLA,29,235,234,,PRAKASH R,INDEPENDENT,0,935,935
2016,MLA,29,235,234,,NOTA,0,11,935,935
2016,MLA,29,236,235,,CHANDRAN N,BAHUJAN SAMAJPARTY,1,912,912
2016,MLA,29,236,235,,SELVAPERUNTHAGAI K,INDIAN NATIONALCONGRESS,434,912,912
2016,MLA,29,236,235,,PALANI K,ALL INDIA ANNADRAVIDA MUNNETRAKAZHAGAM,264,912,912
2016,MLA,29,236,235,,MANOHARAN M,BHARATIYA JANATHAPARTY,43,912,912
2016,MLA,29,236,235,,SIVARANJINI B,NAAM TAMILARKATCHI,32,912,912
2016,MLA,29,236,235,,MUTHURAMAN C,PATTALI MAKKALKATCHI,41,912,912
2016,MLA,29,236,235,,LOK JAN SHAKTI PARTYRAVI M,,1,912,912
2016,MLA,29,236,235,,RAJESH V,COMMUNIST PARTYOF INDIA (MARXISTLENINIST) LIBERATION,6,912,912
2016,MLA,29,236,235,,VIDUTHALAIVEERAKUMAR MCHIRUTHAIGAL KATCHI,,38,912,912
2016,MLA,29,236,235,,SELVAM S,INDEPENDENT,0,912,912
2016,MLA,29,236,235,,DILLI A,INDEPENDENT,1,912,912
2016,MLA,29,236,235,,NIRMAL E,INDEPENDENT,3,912,912
2016,MLA,29,236,235,,PALANI C,INDEPENDENT,1,912,912
2016,MLA,29,236,235,,PALANI M,INDEPENDENT,1,912,912
2016,MLA,29,236,235,,PRAKASH R,INDEPENDENT,0,912,912
2016,MLA,29,236,235,,NOTA,0,46,912,912
2016,MLA,29,237,236,,CHANDRAN N,BAHUJAN SAMAJPARTY,3,818,818
2016,MLA,29,237,236,,SELVAPERUNTHAGAI K,INDIAN NATIONALCONGRESS,321,818,818
2016,MLA,29,237,236,,PALANI K,ALL INDIA ANNADRAVIDA MUNNETRAKAZHAGAM,374,818,818
2016,MLA,29,237,236,,MANOHARAN M,BHARATIYA JANATHAPARTY,18,818,818
2016,MLA,29,237,236,,SIVARANJINI B,NAAM TAMILARKATCHI,11,818,818
2016,MLA,29,237,236,,MUTHURAMAN C,PATTALI MAKKALKATCHI,13,818,818
2016,MLA,29,237,236,,LOK JAN SHAKTI PARTYRAVI M,,0,818,818
2016,MLA,29,237,236,,RAJESH V,COMMUNIST PARTYOF INDIA (MARXISTLENINIST) LIBERATION,1,818,818
2016,MLA,29,237,236,,VIDUTHALAIVEERAKUMAR MCHIRUTHAIGAL KATCHI,,57,818,818
2016,MLA,29,237,236,,SELVAM S,INDEPENDENT,0,818,818
2016,MLA,29,237,236,,DILLI A,INDEPENDENT,0,818,818
2016,MLA,29,237,236,,NIRMAL E,INDEPENDENT,0,818,818
2016,MLA,29,237,236,,PALANI C,INDEPENDENT,0,818,818
2016,MLA,29,237,236,,PALANI M,INDEPENDENT,2,818,818
2016,MLA,29,237,236,,PRAKASH R,INDEPENDENT,8,818,818
2016,MLA,29,237,236,,NOTA,0,10,818,818
2016,MLA,29,238,237,,CHANDRAN N,BAHUJAN SAMAJPARTY,1,235,235
2016,MLA,29,238,237,,SELVAPERUNTHAGAI K,INDIAN NATIONALCONGRESS,83,235,235
2016,MLA,29,238,237,,PALANI K,ALL INDIA ANNADRAVIDA MUNNETRAKAZHAGAM,80,235,235
2016,MLA,29,238,237,,MANOHARAN M,BHARATIYA JANATHAPARTY,30,235,235
2016,MLA,29,238,237,,SIVARANJINI B,NAAM TAMILARKATCHI,14,235,235
2016,MLA,29,238,237,,MUTHURAMAN C,PATTALI MAKKALKATCHI,6,235,235
2016,MLA,29,238,237,,LOK JAN SHAKTI PARTYRAVI M,,0,235,235
2016,MLA,29,238,237,,RAJESH V,COMMUNIST PARTYOF INDIA (MARXISTLENINIST) LIBERATION,1,235,235
2016,MLA,29,238,237,,VIDUTHALAIVEERAKUMAR MCHIRUTHAIGAL KATCHI,,9,235,235
2016,MLA,29,238,237,,SELVAM S,INDEPENDENT,0,235,235
2016,MLA,29,238,237,,DILLI A,INDEPENDENT,0,235,235
2016,MLA,29,238,237,,NIRMAL E,INDEPENDENT,0,235,235
2016,MLA,29,238,237,,PALANI C,INDEPENDENT,0,235,235
2016,MLA,29,238,237,,PALANI M,INDEPENDENT,0,235,235
2016,MLA,29,238,237,,PRAKASH R,INDEPENDENT,0,235,235
2016,MLA,29,238,237,,NOTA,0,11,235,235
2016,MLA,29,239,238,,CHANDRAN N,BAHUJAN SAMAJPARTY,2,766,766
2016,MLA,29,239,238,,SELVAPERUNTHAGAI K,INDIAN NATIONALCONGRESS,318,766,766
2016,MLA,29,239,238,,PALANI K,ALL INDIA ANNADRAVIDA MUNNETRAKAZHAGAM,174,766,766
2016,MLA,29,239,238,,MANOHARAN M,BHARATIYA JANATHAPARTY,105,766,766
2016,MLA,29,239,238,,SIVARANJINI B,NAAM TAMILARKATCHI,38,766,766
2016,MLA,29,239,238,,MUTHURAMAN C,PATTALI MAKKALKATCHI,50,766,766
2016,MLA,29,239,238,,LOK JAN SHAKTI PARTYRAVI M,,0,766,766
2016,MLA,29,239,238,,RAJESH V,COMMUNIST PARTYOF INDIA (MARXISTLENINIST) LIBERATION,3,766,766
2016,MLA,29,239,238,,VIDUTHALAIVEERAKUMAR MCHIRUTHAIGAL KATCHI,,47,766,766
2016,MLA,29,239,238,,SELVAM S,INDEPENDENT,1,766,766
2016,MLA,29,239,238,,DILLI A,INDEPENDENT,0,766,766
2016,MLA,29,239,238,,NIRMAL E,INDEPENDENT,2,766,766
2016,MLA,29,239,238,,PALANI C,INDEPENDENT,1,766,766
2016,MLA,29,239,238,,PALANI M,INDEPENDENT,0,766,766
2016,MLA,29,239,238,,PRAKASH R,INDEPENDENT,1,766,766
2016,MLA,29,239,238,,NOTA,0,24,766,766
2016,MLA,29,240,239,,CHANDRAN N,BAHUJAN SAMAJPARTY,3,1112,1112
2016,MLA,29,240,239,,SELVAPERUNTHAGAI K,INDIAN NATIONALCONGRESS,329,1112,1112
2016,MLA,29,240,239,,PALANI K,ALL INDIA ANNADRAVIDA MUNNETRAKAZHAGAM,580,1112,1112
2016,MLA,29,240,239,,MANOHARAN M,BHARATIYA JANATHAPARTY,19,1112,1112
2016,MLA,29,240,239,,SIVARANJINI B,NAAM TAMILARKATCHI,20,1112,1112
2016,MLA,29,240,239,,MUTHURAMAN C,PATTALI MAKKALKATCHI,45,1112,1112
2016,MLA,29,240,239,,LOK JAN SHAKTI PARTYRAVI M,,1,1112,1112
2016,MLA,29,240,239,,RAJESH V,COMMUNIST PARTYOF INDIA (MARXISTLENINIST) LIBERATION,1,1112,1112
2016,MLA,29,240,239,,VIDUTHALAIVEERAKUMAR MCHIRUTHAIGAL KATCHI,,94,1112,1112
2016,MLA,29,240,239,,SELVAM S,INDEPENDENT,0,1112,1112
2016,MLA,29,240,239,,DILLI A,INDEPENDENT,0,1112,1112
2016,MLA,29,240,239,,NIRMAL E,INDEPENDENT,1,1112,1112
2016,MLA,29,240,239,,PALANI C,INDEPENDENT,0,1112,1112
2016,MLA,29,240,239,,PALANI M,INDEPENDENT,1,1112,1112
2016,MLA,29,240,239,,PRAKASH R,INDEPENDENT,1,1112,1112
2016,MLA,29,240,239,,NOTA,0,17,1112,1112
2016,MLA,29,241,240,,CHANDRAN N,BAHUJAN SAMAJPARTY,1,321,321
2016,MLA,29,241,240,,SELVAPERUNTHAGAI K,INDIAN NATIONALCONGRESS,141,321,321
2016,MLA,29,241,240,,PALANI K,ALL INDIA ANNADRAVIDA MUNNETRAKAZHAGAM,135,321,321
2016,MLA,29,241,240,,MANOHARAN M,BHARATIYA JANATHAPARTY,5,321,321
2016,MLA,29,241,240,,SIVARANJINI B,NAAM TAMILARKATCHI,1,321,321
2016,MLA,29,241,240,,MUTHURAMAN C,PATTALI MAKKALKATCHI,10,321,321
2016,MLA,29,241,240,,LOK JAN SHAKTI PARTYRAVI M,,0,321,321
2016,MLA,29,241,240,,RAJESH V,COMMUNIST PARTYOF INDIA (MARXISTLENINIST) LIBERATION,0,321,321
2016,MLA,29,241,240,,VIDUTHALAIVEERAKUMAR MCHIRUTHAIGAL KATCHI,,24,321,321
2016,MLA,29,241,240,,SELVAM S,INDEPENDENT,0,321,321
2016,MLA,29,241,240,,DILLI A,INDEPENDENT,0,321,321
2016,MLA,29,241,240,,NIRMAL E,INDEPENDENT,1,321,321
2016,MLA,29,241,240,,PALANI C,INDEPENDENT,1,321,321
2016,MLA,29,241,240,,PALANI M,INDEPENDENT,1,321,321
2016,MLA,29,241,240,,PRAKASH R,INDEPENDENT,0,321,321
2016,MLA,29,241,240,,NOTA,0,1,321,321
2016,MLA,29,242,241,,CHANDRAN N,BAHUJAN SAMAJPARTY,1,786,786
2016,MLA,29,242,241,,SELVAPERUNTHAGAI K,INDIAN NATIONALCONGRESS,235,786,786
2016,MLA,29,242,241,,PALANI K,ALL INDIA ANNADRAVIDA MUNNETRAKAZHAGAM,344,786,786
2016,MLA,29,242,241,,MANOHARAN M,BHARATIYA JANATHAPARTY,30,786,786
2016,MLA,29,242,241,,SIVARANJINI B,NAAM TAMILARKATCHI,6,786,786
2016,MLA,29,242,241,,MUTHURAMAN C,PATTALI MAKKALKATCHI,74,786,786
2016,MLA,29,242,241,,LOK JAN SHAKTI PARTYRAVI M,,1,786,786
2016,MLA,29,242,241,,RAJESH V,COMMUNIST PARTYOF INDIA (MARXISTLENINIST) LIBERATION,1,786,786
2016,MLA,29,242,241,,VIDUTHALAIVEERAKUMAR MCHIRUTHAIGAL KATCHI,,78,786,786
2016,MLA,29,242,241,,SELVAM S,INDEPENDENT,1,786,786
2016,MLA,29,242,241,,DILLI A,INDEPENDENT,0,786,786
2016,MLA,29,242,241,,NIRMAL E,INDEPENDENT,1,786,786
2016,MLA,29,242,241,,PALANI C,INDEPENDENT,1,786,786
2016,MLA,29,242,241,,PALANI M,INDEPENDENT,4,786,786
2016,MLA,29,242,241,,PRAKASH R,INDEPENDENT,4,786,786
2016,MLA,29,242,241,,NOTA,0,5,786,786
2016,MLA,29,243,242,,CHANDRAN N,BAHUJAN SAMAJPARTY,3,578,578
2016,MLA,29,243,242,,SELVAPERUNTHAGAI K,INDIAN NATIONALCONGRESS,241,578,578
2016,MLA,29,243,242,,PALANI K,ALL INDIA ANNADRAVIDA MUNNETRAKAZHAGAM,210,578,578
2016,MLA,29,243,242,,MANOHARAN M,BHARATIYA JANATHAPARTY,6,578,578
2016,MLA,29,243,242,,SIVARANJINI B,NAAM TAMILARKATCHI,7,578,578
2016,MLA,29,243,242,,MUTHURAMAN C,PATTALI MAKKALKATCHI,68,578,578
2016,MLA,29,243,242,,LOK JAN SHAKTI PARTYRAVI M,,0,578,578
2016,MLA,29,243,242,,RAJESH V,COMMUNIST PARTYOF INDIA (MARXISTLENINIST) LIBERATION,0,578,578
2016,MLA,29,243,242,,VIDUTHALAIVEERAKUMAR MCHIRUTHAIGAL KATCHI,,25,578,578
2016,MLA,29,243,242,,SELVAM S,INDEPENDENT,0,578,578
2016,MLA,29,243,242,,DILLI A,INDEPENDENT,0,578,578
2016,MLA,29,243,242,,NIRMAL E,INDEPENDENT,1,578,578
2016,MLA,29,243,242,,PALANI C,INDEPENDENT,0,578,578
2016,MLA,29,243,242,,PALANI M,INDEPENDENT,1,578,578
2016,MLA,29,243,242,,PRAKASH R,INDEPENDENT,4,578,578
2016,MLA,29,243,242,,NOTA,0,12,578,578
2016,MLA,29,244,243,,CHANDRAN N,BAHUJAN SAMAJPARTY,2,560,560
2016,MLA,29,244,243,,SELVAPERUNTHAGAI K,INDIAN NATIONALCONGRESS,242,560,560
2016,MLA,29,244,243,,PALANI K,ALL INDIA ANNADRAVIDA MUNNETRAKAZHAGAM,217,560,560
2016,MLA,29,244,243,,MANOHARAN M,BHARATIYA JANATHAPARTY,7,560,560
2016,MLA,29,244,243,,SIVARANJINI B,NAAM TAMILARKATCHI,11,560,560
2016,MLA,29,244,243,,MUTHURAMAN C,PATTALI MAKKALKATCHI,46,560,560
2016,MLA,29,244,243,,LOK JAN SHAKTI PARTYRAVI M,,0,560,560
2016,MLA,29,244,243,,RAJESH V,COMMUNIST PARTYOF INDIA (MARXISTLENINIST) LIBERATION,0,560,560
2016,MLA,29,244,243,,VIDUTHALAIVEERAKUMAR MCHIRUTHAIGAL KATCHI,,19,560,560
2016,MLA,29,244,243,,SELVAM S,INDEPENDENT,1,560,560
2016,MLA,29,244,243,,DILLI A,INDEPENDENT,0,560,560
2016,MLA,29,244,243,,NIRMAL E,INDEPENDENT,1,560,560
2016,MLA,29,244,243,,PALANI C,INDEPENDENT,2,560,560
2016,MLA,29,244,243,,PALANI M,INDEPENDENT,1,560,560
2016,MLA,29,244,243,,PRAKASH R,INDEPENDENT,0,560,560
2016,MLA,29,244,243,,NOTA,0,11,560,560
2016,MLA,29,245,244,,CHANDRAN N,BAHUJAN SAMAJPARTY,2,972,972
2016,MLA,29,245,244,,SELVAPERUNTHAGAI K,INDIAN NATIONALCONGRESS,297,972,972
2016,MLA,29,245,244,,PALANI K,ALL INDIA ANNADRAVIDA MUNNETRAKAZHAGAM,420,972,972
2016,MLA,29,245,244,,MANOHARAN M,BHARATIYA JANATHAPARTY,14,972,972
2016,MLA,29,245,244,,SIVARANJINI B,NAAM TAMILARKATCHI,6,972,972
2016,MLA,29,245,244,,MUTHURAMAN C,PATTALI MAKKALKATCHI,183,972,972
2016,MLA,29,245,244,,LOK JAN SHAKTI PARTYRAVI M,,1,972,972
2016,MLA,29,245,244,,RAJESH V,COMMUNIST PARTYOF INDIA (MARXISTLENINIST) LIBERATION,0,972,972
2016,MLA,29,245,244,,VIDUTHALAIVEERAKUMAR MCHIRUTHAIGAL KATCHI,,36,972,972
2016,MLA,29,245,244,,SELVAM S,INDEPENDENT,0,972,972
2016,MLA,29,245,244,,DILLI A,INDEPENDENT,1,972,972
2016,MLA,29,245,244,,NIRMAL E,INDEPENDENT,0,972,972
2016,MLA,29,245,244,,PALANI C,INDEPENDENT,0,972,972
2016,MLA,29,245,244,,PALANI M,INDEPENDENT,0,972,972
2016,MLA,29,245,244,,PRAKASH R,INDEPENDENT,1,972,972
2016,MLA,29,245,244,,NOTA,0,11,972,972
2016,MLA,29,246,245,,CHANDRAN N,BAHUJAN SAMAJPARTY,2,806,806
2016,MLA,29,246,245,,SELVAPERUNTHAGAI K,INDIAN NATIONALCONGRESS,398,806,806
2016,MLA,29,246,245,,PALANI K,ALL INDIA ANNADRAVIDA MUNNETRAKAZHAGAM,297,806,806
2016,MLA,29,246,245,,MANOHARAN M,BHARATIYA JANATHAPARTY,9,806,806
2016,MLA,29,246,245,,SIVARANJINI B,NAAM TAMILARKATCHI,7,806,806
2016,MLA,29,246,245,,MUTHURAMAN C,PATTALI MAKKALKATCHI,15,806,806
2016,MLA,29,246,245,,LOK JAN SHAKTI PARTYRAVI M,,0,806,806
2016,MLA,29,246,245,,RAJESH V,COMMUNIST PARTYOF INDIA (MARXISTLENINIST) LIBERATION,3,806,806
2016,MLA,29,246,245,,VIDUTHALAIVEERAKUMAR MCHIRUTHAIGAL KATCHI,,60,806,806
2016,MLA,29,246,245,,SELVAM S,INDEPENDENT,0,806,806
2016,MLA,29,246,245,,DILLI A,INDEPENDENT,2,806,806
2016,MLA,29,246,245,,NIRMAL E,INDEPENDENT,3,806,806
2016,MLA,29,246,245,,PALANI C,INDEPENDENT,0,806,806
2016,MLA,29,246,245,,PALANI M,INDEPENDENT,0,806,806
2016,MLA,29,246,245,,PRAKASH R,INDEPENDENT,3,806,806
2016,MLA,29,246,245,,NOTA,0,7,806,806
2016,MLA,29,247,246,,CHANDRAN N,BAHUJAN SAMAJPARTY,2,761,761
2016,MLA,29,247,246,,SELVAPERUNTHAGAI K,INDIAN NATIONALCONGRESS,493,761,761
2016,MLA,29,247,246,,PALANI K,ALL INDIA ANNADRAVIDA MUNNETRAKAZHAGAM,179,761,761
2016,MLA,29,247,246,,MANOHARAN M,BHARATIYA JANATHAPARTY,7,761,761
2016,MLA,29,247,246,,SIVARANJINI B,NAAM TAMILARKATCHI,7,761,761
2016,MLA,29,247,246,,MUTHURAMAN C,PATTALI MAKKALKATCHI,5,761,761
2016,MLA,29,247,246,,LOK JAN SHAKTI PARTYRAVI M,,0,761,761
2016,MLA,29,247,246,,RAJESH V,COMMUNIST PARTYOF INDIA (MARXISTLENINIST) LIBERATION,0,761,761
2016,MLA,29,247,246,,VIDUTHALAIVEERAKUMAR MCHIRUTHAIGAL KATCHI,,53,761,761
2016,MLA,29,247,246,,SELVAM S,INDEPENDENT,0,761,761
2016,MLA,29,247,246,,DILLI A,INDEPENDENT,0,761,761
2016,MLA,29,247,246,,NIRMAL E,INDEPENDENT,0,761,761
2016,MLA,29,247,246,,PALANI C,INDEPENDENT,0,761,761
2016,MLA,29,247,246,,PALANI M,INDEPENDENT,4,761,761
2016,MLA,29,247,246,,PRAKASH R,INDEPENDENT,0,761,761
2016,MLA,29,247,246,,NOTA,0,11,761,761
2016,MLA,29,248,247,,CHANDRAN N,BAHUJAN SAMAJPARTY,1,931,931
2016,MLA,29,248,247,,SELVAPERUNTHAGAI K,INDIAN NATIONALCONGRESS,487,931,931
2016,MLA,29,248,247,,PALANI K,ALL INDIA ANNADRAVIDA MUNNETRAKAZHAGAM,371,931,931
2016,MLA,29,248,247,,MANOHARAN M,BHARATIYA JANATHAPARTY,2,931,931
2016,MLA,29,248,247,,SIVARANJINI B,NAAM TAMILARKATCHI,10,931,931
2016,MLA,29,248,247,,MUTHURAMAN C,PATTALI MAKKALKATCHI,9,931,931
2016,MLA,29,248,247,,LOK JAN SHAKTI PARTYRAVI M,,0,931,931
2016,MLA,29,248,247,,RAJESH V,COMMUNIST PARTYOF INDIA (MARXISTLENINIST) LIBERATION,0,931,931
2016,MLA,29,248,247,,VIDUTHALAIVEERAKUMAR MCHIRUTHAIGAL KATCHI,,36,931,931
2016,MLA,29,248,247,,SELVAM S,INDEPENDENT,1,931,931
2016,MLA,29,248,247,,DILLI A,INDEPENDENT,1,931,931
2016,MLA,29,248,247,,NIRMAL E,INDEPENDENT,0,931,931
2016,MLA,29,248,247,,PALANI C,INDEPENDENT,0,931,931
2016,MLA,29,248,247,,PALANI M,INDEPENDENT,6,931,931
2016,MLA,29,248,247,,PRAKASH R,INDEPENDENT,0,931,931
2016,MLA,29,248,247,,NOTA,0,7,931,931
2016,MLA,29,249,248,,CHANDRAN N,BAHUJAN SAMAJPARTY,1,694,694
2016,MLA,29,249,248,,SELVAPERUNTHAGAI K,INDIAN NATIONALCONGRESS,386,694,694
2016,MLA,29,249,248,,PALANI K,ALL INDIA ANNADRAVIDA MUNNETRAKAZHAGAM,183,694,694
2016,MLA,29,249,248,,MANOHARAN M,BHARATIYA JANATHAPARTY,2,694,694
2016,MLA,29,249,248,,SIVARANJINI B,NAAM TAMILARKATCHI,0,694,694
2016,MLA,29,249,248,,MUTHURAMAN C,PATTALI MAKKALKATCHI,103,694,694
2016,MLA,29,249,248,,LOK JAN SHAKTI PARTYRAVI M,,1,694,694
2016,MLA,29,249,248,,RAJESH V,COMMUNIST PARTYOF INDIA (MARXISTLENINIST) LIBERATION,0,694,694
2016,MLA,29,249,248,,VIDUTHALAIVEERAKUMAR MCHIRUTHAIGAL KATCHI,,9,694,694
2016,MLA,29,249,248,,SELVAM S,INDEPENDENT,1,694,694
2016,MLA,29,249,248,,DILLI A,INDEPENDENT,0,694,694
2016,MLA,29,249,248,,NIRMAL E,INDEPENDENT,1,694,694
2016,MLA,29,249,248,,PALANI C,INDEPENDENT,0,694,694
2016,MLA,29,249,248,,PALANI M,INDEPENDENT,0,694,694
2016,MLA,29,249,248,,PRAKASH R,INDEPENDENT,3,694,694
2016,MLA,29,249,248,,NOTA,0,4,694,694
2016,MLA,29,250,249,,CHANDRAN N,BAHUJAN SAMAJPARTY,2,704,704
2016,MLA,29,250,249,,SELVAPERUNTHAGAI K,INDIAN NATIONALCONGRESS,151,704,704
2016,MLA,29,250,249,,PALANI K,ALL INDIA ANNADRAVIDA MUNNETRAKAZHAGAM,282,704,704
2016,MLA,29,250,249,,MANOHARAN M,BHARATIYA JANATHAPARTY,9,704,704
2016,MLA,29,250,249,,SIVARANJINI B,NAAM TAMILARKATCHI,9,704,704
2016,MLA,29,250,249,,MUTHURAMAN C,PATTALI MAKKALKATCHI,217,704,704
2016,MLA,29,250,249,,LOK JAN SHAKTI PARTYRAVI M,,0,704,704
2016,MLA,29,250,249,,RAJESH V,COMMUNIST PARTYOF INDIA (MARXISTLENINIST) LIBERATION,3,704,704
2016,MLA,29,250,249,,VIDUTHALAIVEERAKUMAR MCHIRUTHAIGAL KATCHI,,13,704,704
2016,MLA,29,250,249,,SELVAM S,INDEPENDENT,1,704,704
2016,MLA,29,250,249,,DILLI A,INDEPENDENT,1,704,704
2016,MLA,29,250,249,,NIRMAL E,INDEPENDENT,0,704,704
2016,MLA,29,250,249,,PALANI C,INDEPENDENT,2,704,704
2016,MLA,29,250,249,,PALANI M,INDEPENDENT,4,704,704
2016,MLA,29,250,249,,PRAKASH R,INDEPENDENT,4,704,704
2016,MLA,29,250,249,,NOTA,0,6,704,704
2016,MLA,29,251,250,,CHANDRAN N,BAHUJAN SAMAJPARTY,1,918,918
2016,MLA,29,251,250,,SELVAPERUNTHAGAI K,INDIAN NATIONALCONGRESS,367,918,918
2016,MLA,29,251,250,,PALANI K,ALL INDIA ANNADRAVIDA MUNNETRAKAZHAGAM,437,918,918
2016,MLA,29,251,250,,MANOHARAN M,BHARATIYA JANATHAPARTY,6,918,918
2016,MLA,29,251,250,,SIVARANJINI B,NAAM TAMILARKATCHI,0,918,918
2016,MLA,29,251,250,,MUTHURAMAN C,PATTALI MAKKALKATCHI,72,918,918
2016,MLA,29,251,250,,LOK JAN SHAKTI PARTYRAVI M,,1,918,918
2016,MLA,29,251,250,,RAJESH V,COMMUNIST PARTYOF INDIA (MARXISTLENINIST) LIBERATION,2,918,918
2016,MLA,29,251,250,,VIDUTHALAIVEERAKUMAR MCHIRUTHAIGAL KATCHI,,21,918,918
2016,MLA,29,251,250,,SELVAM S,INDEPENDENT,2,918,918
2016,MLA,29,251,250,,DILLI A,INDEPENDENT,1,918,918
2016,MLA,29,251,250,,NIRMAL E,INDEPENDENT,0,918,918
2016,MLA,29,251,250,,PALANI C,INDEPENDENT,1,918,918
2016,MLA,29,251,250,,PALANI M,INDEPENDENT,2,918,918
2016,MLA,29,251,250,,PRAKASH R,INDEPENDENT,1,918,918
2016,MLA,29,251,250,,NOTA,0,4,918,918
2016,MLA,29,252,251,,CHANDRAN N,BAHUJAN SAMAJPARTY,2,731,731
2016,MLA,29,252,251,,SELVAPERUNTHAGAI K,INDIAN NATIONALCONGRESS,389,731,731
2016,MLA,29,252,251,,PALANI K,ALL INDIA ANNADRAVIDA MUNNETRAKAZHAGAM,257,731,731
2016,MLA,29,252,251,,MANOHARAN M,BHARATIYA JANATHAPARTY,4,731,731
2016,MLA,29,252,251,,SIVARANJINI B,NAAM TAMILARKATCHI,1,731,731
2016,MLA,29,252,251,,MUTHURAMAN C,PATTALI MAKKALKATCHI,53,731,731
2016,MLA,29,252,251,,LOK JAN SHAKTI PARTYRAVI M,,0,731,731
2016,MLA,29,252,251,,RAJESH V,COMMUNIST PARTYOF INDIA (MARXISTLENINIST) LIBERATION,0,731,731
2016,MLA,29,252,251,,VIDUTHALAIVEERAKUMAR MCHIRUTHAIGAL KATCHI,,8,731,731
2016,MLA,29,252,251,,SELVAM S,INDEPENDENT,1,731,731
2016,MLA,29,252,251,,DILLI A,INDEPENDENT,0,731,731
2016,MLA,29,252,251,,NIRMAL E,INDEPENDENT,1,731,731
2016,MLA,29,252,251,,PALANI C,INDEPENDENT,1,731,731
2016,MLA,29,252,251,,PALANI M,INDEPENDENT,4,731,731
2016,MLA,29,252,251,,PRAKASH R,INDEPENDENT,3,731,731
2016,MLA,29,252,251,,NOTA,0,7,731,731
2016,MLA,29,253,252,,CHANDRAN N,BAHUJAN SAMAJPARTY,2,674,674
2016,MLA,29,253,252,,SELVAPERUNTHAGAI K,INDIAN NATIONALCONGRESS,211,674,674
2016,MLA,29,253,252,,PALANI K,ALL INDIA ANNADRAVIDA MUNNETRAKAZHAGAM,286,674,674
2016,MLA,29,253,252,,MANOHARAN M,BHARATIYA JANATHAPARTY,5,674,674
2016,MLA,29,253,252,,SIVARANJINI B,NAAM TAMILARKATCHI,1,674,674
2016,MLA,29,253,252,,MUTHURAMAN C,PATTALI MAKKALKATCHI,129,674,674
2016,MLA,29,253,252,,LOK JAN SHAKTI PARTYRAVI M,,0,674,674
2016,MLA,29,253,252,,RAJESH V,COMMUNIST PARTYOF INDIA (MARXISTLENINIST) LIBERATION,0,674,674
2016,MLA,29,253,252,,VIDUTHALAIVEERAKUMAR MCHIRUTHAIGAL KATCHI,,33,674,674
2016,MLA,29,253,252,,SELVAM S,INDEPENDENT,0,674,674
2016,MLA,29,253,252,,DILLI A,INDEPENDENT,0,674,674
2016,MLA,29,253,252,,NIRMAL E,INDEPENDENT,0,674,674
2016,MLA,29,253,252,,PALANI C,INDEPENDENT,1,674,674
2016,MLA,29,253,252,,PALANI M,INDEPENDENT,2,674,674
2016,MLA,29,253,252,,PRAKASH R,INDEPENDENT,1,674,674
2016,MLA,29,253,252,,NOTA,0,3,674,674
2016,MLA,29,254,253,,CHANDRAN N,BAHUJAN SAMAJPARTY,8,470,470
2016,MLA,29,254,253,,SELVAPERUNTHAGAI K,INDIAN NATIONALCONGRESS,132,470,470
2016,MLA,29,254,253,,PALANI K,ALL INDIA ANNADRAVIDA MUNNETRAKAZHAGAM,172,470,470
2016,MLA,29,254,253,,MANOHARAN M,BHARATIYA JANATHAPARTY,4,470,470
2016,MLA,29,254,253,,SIVARANJINI B,NAAM TAMILARKATCHI,3,470,470
2016,MLA,29,254,253,,MUTHURAMAN C,PATTALI MAKKALKATCHI,132,470,470
2016,MLA,29,254,253,,LOK JAN SHAKTI PARTYRAVI M,,2,470,470
2016,MLA,29,254,253,,RAJESH V,COMMUNIST PARTYOF INDIA (MARXISTLENINIST) LIBERATION,1,470,470
2016,MLA,29,254,253,,VIDUTHALAIVEERAKUMAR MCHIRUTHAIGAL KATCHI,,11,470,470
2016,MLA,29,254,253,,SELVAM S,INDEPENDENT,0,470,470
2016,MLA,29,254,253,,DILLI A,INDEPENDENT,0,470,470
2016,MLA,29,254,253,,NIRMAL E,INDEPENDENT,1,470,470
2016,MLA,29,254,253,,PALANI C,INDEPENDENT,0,470,470
2016,MLA,29,254,253,,PALANI M,INDEPENDENT,2,470,470
2016,MLA,29,254,253,,PRAKASH R,INDEPENDENT,0,470,470
2016,MLA,29,254,253,,NOTA,0,2,470,470
2016,MLA,29,255,254,,CHANDRAN N,BAHUJAN SAMAJPARTY,1,551,551
2016,MLA,29,255,254,,SELVAPERUNTHAGAI K,INDIAN NATIONALCONGRESS,273,551,551
2016,MLA,29,255,254,,PALANI K,ALL INDIA ANNADRAVIDA MUNNETRAKAZHAGAM,185,551,551
2016,MLA,29,255,254,,MANOHARAN M,BHARATIYA JANATHAPARTY,0,551,551
2016,MLA,29,255,254,,SIVARANJINI B,NAAM TAMILARKATCHI,1,551,551
2016,MLA,29,255,254,,MUTHURAMAN C,PATTALI MAKKALKATCHI,73,551,551
2016,MLA,29,255,254,,LOK JAN SHAKTI PARTYRAVI M,,0,551,551
2016,MLA,29,255,254,,RAJESH V,COMMUNIST PARTYOF INDIA (MARXISTLENINIST) LIBERATION,5,551,551
2016,MLA,29,255,254,,VIDUTHALAIVEERAKUMAR MCHIRUTHAIGAL KATCHI,,8,551,551
2016,MLA,29,255,254,,SELVAM S,INDEPENDENT,1,551,551
2016,MLA,29,255,254,,DILLI A,INDEPENDENT,0,551,551
2016,MLA,29,255,254,,NIRMAL E,INDEPENDENT,0,551,551
2016,MLA,29,255,254,,PALANI C,INDEPENDENT,0,551,551
2016,MLA,29,255,254,,PALANI M,INDEPENDENT,1,551,551
2016,MLA,29,255,254,,PRAKASH R,INDEPENDENT,0,551,551
2016,MLA,29,255,254,,NOTA,0,3,551,551
2016,MLA,29,256,255,,CHANDRAN N,BAHUJAN SAMAJPARTY,1,652,652
2016,MLA,29,256,255,,SELVAPERUNTHAGAI K,INDIAN NATIONALCONGRESS,297,652,652
2016,MLA,29,256,255,,PALANI K,ALL INDIA ANNADRAVIDA MUNNETRAKAZHAGAM,216,652,652
2016,MLA,29,256,255,,MANOHARAN M,BHARATIYA JANATHAPARTY,4,652,652
2016,MLA,29,256,255,,SIVARANJINI B,NAAM TAMILARKATCHI,2,652,652
2016,MLA,29,256,255,,MUTHURAMAN C,PATTALI MAKKALKATCHI,93,652,652
2016,MLA,29,256,255,,LOK JAN SHAKTI PARTYRAVI M,,0,652,652
2016,MLA,29,256,255,,RAJESH V,COMMUNIST PARTYOF INDIA (MARXISTLENINIST) LIBERATION,11,652,652
2016,MLA,29,256,255,,VIDUTHALAIVEERAKUMAR MCHIRUTHAIGAL KATCHI,,23,652,652
2016,MLA,29,256,255,,SELVAM S,INDEPENDENT,0,652,652
2016,MLA,29,256,255,,DILLI A,INDEPENDENT,1,652,652
2016,MLA,29,256,255,,NIRMAL E,INDEPENDENT,0,652,652
2016,MLA,29,256,255,,PALANI C,INDEPENDENT,0,652,652
2016,MLA,29,256,255,,PALANI M,INDEPENDENT,0,652,652
2016,MLA,29,256,255,,PRAKASH R,INDEPENDENT,4,652,652
2016,MLA,29,256,255,,NOTA,0,0,652,652
2016,MLA,29,257,256,,CHANDRAN N,BAHUJAN SAMAJPARTY,1,482,482
2016,MLA,29,257,256,,SELVAPERUNTHAGAI K,INDIAN NATIONALCONGRESS,158,482,482
2016,MLA,29,257,256,,PALANI K,ALL INDIA ANNADRAVIDA MUNNETRAKAZHAGAM,274,482,482
2016,MLA,29,257,256,,MANOHARAN M,BHARATIYA JANATHAPARTY,4,482,482
2016,MLA,29,257,256,,SIVARANJINI B,NAAM TAMILARKATCHI,2,482,482
2016,MLA,29,257,256,,MUTHURAMAN C,PATTALI MAKKALKATCHI,0,482,482
2016,MLA,29,257,256,,LOK JAN SHAKTI PARTYRAVI M,,0,482,482
2016,MLA,29,257,256,,RAJESH V,COMMUNIST PARTYOF INDIA (MARXISTLENINIST) LIBERATION,19,482,482
2016,MLA,29,257,256,,VIDUTHALAIVEERAKUMAR MCHIRUTHAIGAL KATCHI,,18,482,482
2016,MLA,29,257,256,,SELVAM S,INDEPENDENT,0,482,482
2016,MLA,29,257,256,,DILLI A,INDEPENDENT,0,482,482
2016,MLA,29,257,256,,NIRMAL E,INDEPENDENT,1,482,482
2016,MLA,29,257,256,,PALANI C,INDEPENDENT,0,482,482
2016,MLA,29,257,256,,PALANI M,INDEPENDENT,1,482,482
2016,MLA,29,257,256,,PRAKASH R,INDEPENDENT,0,482,482
2016,MLA,29,257,256,,NOTA,0,4,482,482
2016,MLA,29,258,257,,CHANDRAN N,BAHUJAN SAMAJPARTY,1,823,823
2016,MLA,29,258,257,,SELVAPERUNTHAGAI K,INDIAN NATIONALCONGRESS,387,823,823
2016,MLA,29,258,257,,PALANI K,ALL INDIA ANNADRAVIDA MUNNETRAKAZHAGAM,351,823,823
2016,MLA,29,258,257,,MANOHARAN M,BHARATIYA JANATHAPARTY,39,823,823
2016,MLA,29,258,257,,SIVARANJINI B,NAAM TAMILARKATCHI,1,823,823
2016,MLA,29,258,257,,MUTHURAMAN C,PATTALI MAKKALKATCHI,8,823,823
2016,MLA,29,258,257,,LOK JAN SHAKTI PARTYRAVI M,,0,823,823
2016,MLA,29,258,257,,RAJESH V,COMMUNIST PARTYOF INDIA (MARXISTLENINIST) LIBERATION,0,823,823
2016,MLA,29,258,257,,VIDUTHALAIVEERAKUMAR MCHIRUTHAIGAL KATCHI,,20,823,823
2016,MLA,29,258,257,,SELVAM S,INDEPENDENT,0,823,823
2016,MLA,29,258,257,,DILLI A,INDEPENDENT,0,823,823
2016,MLA,29,258,257,,NIRMAL E,INDEPENDENT,0,823,823
2016,MLA,29,258,257,,PALANI C,INDEPENDENT,2,823,823
2016,MLA,29,258,257,,PALANI M,INDEPENDENT,4,823,823
2016,MLA,29,258,257,,PRAKASH R,INDEPENDENT,6,823,823
2016,MLA,29,258,257,,NOTA,0,4,823,823
2016,MLA,29,259,258,,CHANDRAN N,BAHUJAN SAMAJPARTY,2,662,662
2016,MLA,29,259,258,,SELVAPERUNTHAGAI K,INDIAN NATIONALCONGRESS,340,662,662
2016,MLA,29,259,258,,PALANI K,ALL INDIA ANNADRAVIDA MUNNETRAKAZHAGAM,192,662,662
2016,MLA,29,259,258,,MANOHARAN M,BHARATIYA JANATHAPARTY,6,662,662
2016,MLA,29,259,258,,SIVARANJINI B,NAAM TAMILARKATCHI,7,662,662
2016,MLA,29,259,258,,MUTHURAMAN C,PATTALI MAKKALKATCHI,96,662,662
2016,MLA,29,259,258,,LOK JAN SHAKTI PARTYRAVI M,,0,662,662
2016,MLA,29,259,258,,RAJESH V,COMMUNIST PARTYOF INDIA (MARXISTLENINIST) LIBERATION,0,662,662
2016,MLA,29,259,258,,VIDUTHALAIVEERAKUMAR MCHIRUTHAIGAL KATCHI,,14,662,662
2016,MLA,29,259,258,,SELVAM S,INDEPENDENT,0,662,662
2016,MLA,29,259,258,,DILLI A,INDEPENDENT,0,662,662
2016,MLA,29,259,258,,NIRMAL E,INDEPENDENT,0,662,662
2016,MLA,29,259,258,,PALANI C,INDEPENDENT,1,662,662
2016,MLA,29,259,258,,PALANI M,INDEPENDENT,0,662,662
2016,MLA,29,259,258,,PRAKASH R,INDEPENDENT,2,662,662
2016,MLA,29,259,258,,NOTA,0,2,662,662
2016,MLA,29,260,259,,CHANDRAN N,BAHUJAN SAMAJPARTY,2,973,973
2016,MLA,29,260,259,,SELVAPERUNTHAGAI K,INDIAN NATIONALCONGRESS,471,973,973
2016,MLA,29,260,259,,PALANI K,ALL INDIA ANNADRAVIDA MUNNETRAKAZHAGAM,425,973,973
2016,MLA,29,260,259,,MANOHARAN M,BHARATIYA JANATHAPARTY,7,973,973
2016,MLA,29,260,259,,SIVARANJINI B,NAAM TAMILARKATCHI,4,973,973
2016,MLA,29,260,259,,MUTHURAMAN C,PATTALI MAKKALKATCHI,5,973,973
2016,MLA,29,260,259,,LOK JAN SHAKTI PARTYRAVI M,,0,973,973
2016,MLA,29,260,259,,RAJESH V,COMMUNIST PARTYOF INDIA (MARXISTLENINIST) LIBERATION,2,973,973
2016,MLA,29,260,259,,VIDUTHALAIVEERAKUMAR MCHIRUTHAIGAL KATCHI,,43,973,973
2016,MLA,29,260,259,,SELVAM S,INDEPENDENT,1,973,973
2016,MLA,29,260,259,,DILLI A,INDEPENDENT,1,973,973
2016,MLA,29,260,259,,NIRMAL E,INDEPENDENT,0,973,973
2016,MLA,29,260,259,,PALANI C,INDEPENDENT,2,973,973
2016,MLA,29,260,259,,PALANI M,INDEPENDENT,1,973,973
2016,MLA,29,260,259,,PRAKASH R,INDEPENDENT,1,973,973
2016,MLA,29,260,259,,NOTA,0,8,973,973
2016,MLA,29,261,260,,CHANDRAN N,BAHUJAN SAMAJPARTY,2,512,512
2016,MLA,29,261,260,,SELVAPERUNTHAGAI K,INDIAN NATIONALCONGRESS,196,512,512
2016,MLA,29,261,260,,PALANI K,ALL INDIA ANNADRAVIDA MUNNETRAKAZHAGAM,250,512,512
2016,MLA,29,261,260,,MANOHARAN M,BHARATIYA JANATHAPARTY,4,512,512
2016,MLA,29,261,260,,SIVARANJINI B,NAAM TAMILARKATCHI,8,512,512
2016,MLA,29,261,260,,MUTHURAMAN C,PATTALI MAKKALKATCHI,16,512,512
2016,MLA,29,261,260,,LOK JAN SHAKTI PARTYRAVI M,,0,512,512
2016,MLA,29,261,260,,RAJESH V,COMMUNIST PARTYOF INDIA (MARXISTLENINIST) LIBERATION,1,512,512
2016,MLA,29,261,260,,VIDUTHALAIVEERAKUMAR MCHIRUTHAIGAL KATCHI,,27,512,512
2016,MLA,29,261,260,,SELVAM S,INDEPENDENT,0,512,512
2016,MLA,29,261,260,,DILLI A,INDEPENDENT,0,512,512
2016,MLA,29,261,260,,NIRMAL E,INDEPENDENT,0,512,512
2016,MLA,29,261,260,,PALANI C,INDEPENDENT,0,512,512
2016,MLA,29,261,260,,PALANI M,INDEPENDENT,0,512,512
2016,MLA,29,261,260,,PRAKASH R,INDEPENDENT,1,512,512
2016,MLA,29,261,260,,NOTA,0,7,512,512
2016,MLA,29,262,261,,CHANDRAN N,BAHUJAN SAMAJPARTY,3,622,622
2016,MLA,29,262,261,,SELVAPERUNTHAGAI K,INDIAN NATIONALCONGRESS,222,622,622
2016,MLA,29,262,261,,PALANI K,ALL INDIA ANNADRAVIDA MUNNETRAKAZHAGAM,345,622,622
2016,MLA,29,262,261,,MANOHARAN M,BHARATIYA JANATHAPARTY,8,622,622
2016,MLA,29,262,261,,SIVARANJINI B,NAAM TAMILARKATCHI,3,622,622
2016,MLA,29,262,261,,MUTHURAMAN C,PATTALI MAKKALKATCHI,9,622,622
2016,MLA,29,262,261,,LOK JAN SHAKTI PARTYRAVI M,,1,622,622
2016,MLA,29,262,261,,RAJESH V,COMMUNIST PARTYOF INDIA (MARXISTLENINIST) LIBERATION,1,622,622
2016,MLA,29,262,261,,VIDUTHALAIVEERAKUMAR MCHIRUTHAIGAL KATCHI,,24,622,622
2016,MLA,29,262,261,,SELVAM S,INDEPENDENT,1,622,622
2016,MLA,29,262,261,,DILLI A,INDEPENDENT,0,622,622
2016,MLA,29,262,261,,NIRMAL E,INDEPENDENT,1,622,622
2016,MLA,29,262,261,,PALANI C,INDEPENDENT,1,622,622
2016,MLA,29,262,261,,PALANI M,INDEPENDENT,3,622,622
2016,MLA,29,262,261,,PRAKASH R,INDEPENDENT,0,622,622
2016,MLA,29,262,261,,NOTA,0,0,622,622
2016,MLA,29,263,262,,CHANDRAN N,BAHUJAN SAMAJPARTY,3,825,825
2016,MLA,29,263,262,,SELVAPERUNTHAGAI K,INDIAN NATIONALCONGRESS,340,825,825
2016,MLA,29,263,262,,PALANI K,ALL INDIA ANNADRAVIDA MUNNETRAKAZHAGAM,347,825,825
2016,MLA,29,263,262,,MANOHARAN M,BHARATIYA JANATHAPARTY,6,825,825
2016,MLA,29,263,262,,SIVARANJINI B,NAAM TAMILARKATCHI,4,825,825
2016,MLA,29,263,262,,MUTHURAMAN C,PATTALI MAKKALKATCHI,80,825,825
2016,MLA,29,263,262,,LOK JAN SHAKTI PARTYRAVI M,,0,825,825
2016,MLA,29,263,262,,RAJESH V,COMMUNIST PARTYOF INDIA (MARXISTLENINIST) LIBERATION,2,825,825
2016,MLA,29,263,262,,VIDUTHALAIVEERAKUMAR MCHIRUTHAIGAL KATCHI,,31,825,825
2016,MLA,29,263,262,,SELVAM S,INDEPENDENT,1,825,825
2016,MLA,29,263,262,,DILLI A,INDEPENDENT,1,825,825
2016,MLA,29,263,262,,NIRMAL E,INDEPENDENT,0,825,825
2016,MLA,29,263,262,,PALANI C,INDEPENDENT,2,825,825
2016,MLA,29,263,262,,PALANI M,INDEPENDENT,0,825,825
2016,MLA,29,263,262,,PRAKASH R,INDEPENDENT,4,825,825
2016,MLA,29,263,262,,NOTA,0,4,825,825
2016,MLA,29,264,263,,CHANDRAN N,BAHUJAN SAMAJPARTY,2,574,574
2016,MLA,29,264,263,,SELVAPERUNTHAGAI K,INDIAN NATIONALCONGRESS,195,574,574
2016,MLA,29,264,263,,PALANI K,ALL INDIA ANNADRAVIDA MUNNETRAKAZHAGAM,179,574,574
2016,MLA,29,264,263,,MANOHARAN M,BHARATIYA JANATHAPARTY,11,574,574
2016,MLA,29,264,263,,SIVARANJINI B,NAAM TAMILARKATCHI,9,574,574
2016,MLA,29,264,263,,MUTHURAMAN C,PATTALI MAKKALKATCHI,136,574,574
2016,MLA,29,264,263,,LOK JAN SHAKTI PARTYRAVI M,,0,574,574
2016,MLA,29,264,263,,RAJESH V,COMMUNIST PARTYOF INDIA (MARXISTLENINIST) LIBERATION,2,574,574
2016,MLA,29,264,263,,VIDUTHALAIVEERAKUMAR MCHIRUTHAIGAL KATCHI,,30,574,574
2016,MLA,29,264,263,,SELVAM S,INDEPENDENT,0,574,574
2016,MLA,29,264,263,,DILLI A,INDEPENDENT,0,574,574
2016,MLA,29,264,263,,NIRMAL E,INDEPENDENT,0,574,574
2016,MLA,29,264,263,,PALANI C,INDEPENDENT,0,574,574
2016,MLA,29,264,263,,PALANI M,INDEPENDENT,1,574,574
2016,MLA,29,264,263,,PRAKASH R,INDEPENDENT,2,574,574
2016,MLA,29,264,263,,NOTA,0,7,574,574
2016,MLA,29,265,264,,CHANDRAN N,BAHUJAN SAMAJPARTY,1,835,835
2016,MLA,29,265,264,,SELVAPERUNTHAGAI K,INDIAN NATIONALCONGRESS,285,835,835
2016,MLA,29,265,264,,PALANI K,ALL INDIA ANNADRAVIDA MUNNETRAKAZHAGAM,423,835,835
2016,MLA,29,265,264,,MANOHARAN M,BHARATIYA JANATHAPARTY,4,835,835
2016,MLA,29,265,264,,SIVARANJINI B,NAAM TAMILARKATCHI,6,835,835
2016,MLA,29,265,264,,MUTHURAMAN C,PATTALI MAKKALKATCHI,57,835,835
2016,MLA,29,265,264,,LOK JAN SHAKTI PARTYRAVI M,,0,835,835
2016,MLA,29,265,264,,RAJESH V,COMMUNIST PARTYOF INDIA (MARXISTLENINIST) LIBERATION,0,835,835
2016,MLA,29,265,264,,VIDUTHALAIVEERAKUMAR MCHIRUTHAIGAL KATCHI,,48,835,835
2016,MLA,29,265,264,,SELVAM S,INDEPENDENT,0,835,835
2016,MLA,29,265,264,,DILLI A,INDEPENDENT,0,835,835
2016,MLA,29,265,264,,NIRMAL E,INDEPENDENT,1,835,835
2016,MLA,29,265,264,,PALANI C,INDEPENDENT,1,835,835
2016,MLA,29,265,264,,PALANI M,INDEPENDENT,3,835,835
2016,MLA,29,265,264,,PRAKASH R,INDEPENDENT,2,835,835
2016,MLA,29,265,264,,NOTA,0,4,835,835
2016,MLA,29,266,265,,CHANDRAN N,BAHUJAN SAMAJPARTY,1,742,742
2016,MLA,29,266,265,,SELVAPERUNTHAGAI K,INDIAN NATIONALCONGRESS,260,742,742
2016,MLA,29,266,265,,PALANI K,ALL INDIA ANNADRAVIDA MUNNETRAKAZHAGAM,433,742,742
2016,MLA,29,266,265,,MANOHARAN M,BHARATIYA JANATHAPARTY,3,742,742
2016,MLA,29,266,265,,SIVARANJINI B,NAAM TAMILARKATCHI,11,742,742
2016,MLA,29,266,265,,MUTHURAMAN C,PATTALI MAKKALKATCHI,8,742,742
2016,MLA,29,266,265,,LOK JAN SHAKTI PARTYRAVI M,,0,742,742
2016,MLA,29,266,265,,RAJESH V,COMMUNIST PARTYOF INDIA (MARXISTLENINIST) LIBERATION,1,742,742
2016,MLA,29,266,265,,VIDUTHALAIVEERAKUMAR MCHIRUTHAIGAL KATCHI,,18,742,742
2016,MLA,29,266,265,,SELVAM S,INDEPENDENT,0,742,742
2016,MLA,29,266,265,,DILLI A,INDEPENDENT,0,742,742
2016,MLA,29,266,265,,NIRMAL E,INDEPENDENT,2,742,742
2016,MLA,29,266,265,,PALANI C,INDEPENDENT,0,742,742
2016,MLA,29,266,265,,PALANI M,INDEPENDENT,0,742,742
2016,MLA,29,266,265,,PRAKASH R,INDEPENDENT,0,742,742
2016,MLA,29,266,265,,NOTA,0,5,742,742
2016,MLA,29,267,266,,CHANDRAN N,BAHUJAN SAMAJPARTY,6,1033,1033
2016,MLA,29,267,266,,SELVAPERUNTHAGAI K,INDIAN NATIONALCONGRESS,448,1033,1033
2016,MLA,29,267,266,,PALANI K,ALL INDIA ANNADRAVIDA MUNNETRAKAZHAGAM,507,1033,1033
2016,MLA,29,267,266,,MANOHARAN M,BHARATIYA JANATHAPARTY,15,1033,1033
2016,MLA,29,267,266,,SIVARANJINI B,NAAM TAMILARKATCHI,8,1033,1033
2016,MLA,29,267,266,,MUTHURAMAN C,PATTALI MAKKALKATCHI,5,1033,1033
2016,MLA,29,267,266,,LOK JAN SHAKTI PARTYRAVI M,,0,1033,1033
2016,MLA,29,267,266,,RAJESH V,COMMUNIST PARTYOF INDIA (MARXISTLENINIST) LIBERATION,1,1033,1033
2016,MLA,29,267,266,,VIDUTHALAIVEERAKUMAR MCHIRUTHAIGAL KATCHI,,31,1033,1033
2016,MLA,29,267,266,,SELVAM S,INDEPENDENT,0,1033,1033
2016,MLA,29,267,266,,DILLI A,INDEPENDENT,0,1033,1033
2016,MLA,29,267,266,,NIRMAL E,INDEPENDENT,1,1033,1033
2016,MLA,29,267,266,,PALANI C,INDEPENDENT,3,1033,1033
2016,MLA,29,267,266,,PALANI M,INDEPENDENT,4,1033,1033
2016,MLA,29,267,266,,PRAKASH R,INDEPENDENT,3,1033,1033
2016,MLA,29,267,266,,NOTA,0,1,1033,1033
2016,MLA,29,268,267,,CHANDRAN N,BAHUJAN SAMAJPARTY,3,594,594
2016,MLA,29,268,267,,SELVAPERUNTHAGAI K,INDIAN NATIONALCONGRESS,309,594,594
2016,MLA,29,268,267,,PALANI K,ALL INDIA ANNADRAVIDA MUNNETRAKAZHAGAM,243,594,594
2016,MLA,29,268,267,,MANOHARAN M,BHARATIYA JANATHAPARTY,3,594,594
2016,MLA,29,268,267,,SIVARANJINI B,NAAM TAMILARKATCHI,3,594,594
2016,MLA,29,268,267,,MUTHURAMAN C,PATTALI MAKKALKATCHI,1,594,594
2016,MLA,29,268,267,,LOK JAN SHAKTI PARTYRAVI M,,0,594,594
2016,MLA,29,268,267,,RAJESH V,COMMUNIST PARTYOF INDIA (MARXISTLENINIST) LIBERATION,0,594,594
2016,MLA,29,268,267,,VIDUTHALAIVEERAKUMAR MCHIRUTHAIGAL KATCHI,,23,594,594
2016,MLA,29,268,267,,SELVAM S,INDEPENDENT,1,594,594
2016,MLA,29,268,267,,DILLI A,INDEPENDENT,1,594,594
2016,MLA,29,268,267,,NIRMAL E,INDEPENDENT,0,594,594
2016,MLA,29,268,267,,PALANI C,INDEPENDENT,0,594,594
2016,MLA,29,268,267,,PALANI M,INDEPENDENT,2,594,594
2016,MLA,29,268,267,,PRAKASH R,INDEPENDENT,3,594,594
2016,MLA,29,268,267,,NOTA,0,2,594,594
2016,MLA,29,269,268,,CHANDRAN N,BAHUJAN SAMAJPARTY,2,720,720
2016,MLA,29,269,268,,SELVAPERUNTHAGAI K,INDIAN NATIONALCONGRESS,318,720,720
2016,MLA,29,269,268,,PALANI K,ALL INDIA ANNADRAVIDA MUNNETRAKAZHAGAM,343,720,720
2016,MLA,29,269,268,,MANOHARAN M,BHARATIYA JANATHAPARTY,9,720,720
2016,MLA,29,269,268,,SIVARANJINI B,NAAM TAMILARKATCHI,2,720,720
2016,MLA,29,269,268,,MUTHURAMAN C,PATTALI MAKKALKATCHI,4,720,720
2016,MLA,29,269,268,,LOK JAN SHAKTI PARTYRAVI M,,0,720,720
2016,MLA,29,269,268,,RAJESH V,COMMUNIST PARTYOF INDIA (MARXISTLENINIST) LIBERATION,0,720,720
2016,MLA,29,269,268,,VIDUTHALAIVEERAKUMAR MCHIRUTHAIGAL KATCHI,,32,720,720
2016,MLA,29,269,268,,SELVAM S,INDEPENDENT,0,720,720
2016,MLA,29,269,268,,DILLI A,INDEPENDENT,0,720,720
2016,MLA,29,269,268,,NIRMAL E,INDEPENDENT,0,720,720
2016,MLA,29,269,268,,PALANI C,INDEPENDENT,1,720,720
2016,MLA,29,269,268,,PALANI M,INDEPENDENT,5,720,720
2016,MLA,29,269,268,,PRAKASH R,INDEPENDENT,1,720,720
2016,MLA,29,269,268,,NOTA,0,3,720,720
2016,MLA,29,270,269,,CHANDRAN N,BAHUJAN SAMAJPARTY,6,1092,1092
2016,MLA,29,270,269,,SELVAPERUNTHAGAI K,INDIAN NATIONALCONGRESS,437,1092,1092
2016,MLA,29,270,269,,PALANI K,ALL INDIA ANNADRAVIDA MUNNETRAKAZHAGAM,398,1092,1092
2016,MLA,29,270,269,,MANOHARAN M,BHARATIYA JANATHAPARTY,44,1092,1092
2016,MLA,29,270,269,,SIVARANJINI B,NAAM TAMILARKATCHI,12,1092,1092
2016,MLA,29,270,269,,MUTHURAMAN C,PATTALI MAKKALKATCHI,49,1092,1092
2016,MLA,29,270,269,,LOK JAN SHAKTI PARTYRAVI M,,0,1092,1092
2016,MLA,29,270,269,,RAJESH V,COMMUNIST PARTYOF INDIA (MARXISTLENINIST) LIBERATION,6,1092,1092
2016,MLA,29,270,269,,VIDUTHALAIVEERAKUMAR MCHIRUTHAIGAL KATCHI,,102,1092,1092
2016,MLA,29,270,269,,SELVAM S,INDEPENDENT,1,1092,1092
2016,MLA,29,270,269,,DILLI A,INDEPENDENT,5,1092,1092
2016,MLA,29,270,269,,NIRMAL E,INDEPENDENT,2,1092,1092
2016,MLA,29,270,269,,PALANI C,INDEPENDENT,4,1092,1092
2016,MLA,29,270,269,,PALANI M,INDEPENDENT,5,1092,1092
2016,MLA,29,270,269,,PRAKASH R,INDEPENDENT,8,1092,1092
2016,MLA,29,270,269,,NOTA,0,13,1092,1092
2016,MLA,29,271,270,,CHANDRAN N,BAHUJAN SAMAJPARTY,2,694,694
2016,MLA,29,271,270,,SELVAPERUNTHAGAI K,INDIAN NATIONALCONGRESS,253,694,694
2016,MLA,29,271,270,,PALANI K,ALL INDIA ANNADRAVIDA MUNNETRAKAZHAGAM,314,694,694
2016,MLA,29,271,270,,MANOHARAN M,BHARATIYA JANATHAPARTY,6,694,694
2016,MLA,29,271,270,,SIVARANJINI B,NAAM TAMILARKATCHI,20,694,694
2016,MLA,29,271,270,,MUTHURAMAN C,PATTALI MAKKALKATCHI,0,694,694
2016,MLA,29,271,270,,LOK JAN SHAKTI PARTYRAVI M,,0,694,694
2016,MLA,29,271,270,,RAJESH V,COMMUNIST PARTYOF INDIA (MARXISTLENINIST) LIBERATION,2,694,694
2016,MLA,29,271,270,,VIDUTHALAIVEERAKUMAR MCHIRUTHAIGAL KATCHI,,85,694,694
2016,MLA,29,271,270,,SELVAM S,INDEPENDENT,0,694,694
2016,MLA,29,271,270,,DILLI A,INDEPENDENT,1,694,694
2016,MLA,29,271,270,,NIRMAL E,INDEPENDENT,0,694,694
2016,MLA,29,271,270,,PALANI C,INDEPENDENT,0,694,694
2016,MLA,29,271,270,,PALANI M,INDEPENDENT,4,694,694
2016,MLA,29,271,270,,PRAKASH R,INDEPENDENT,1,694,694
2016,MLA,29,271,270,,NOTA,0,6,694,694
2016,MLA,29,272,271,,CHANDRAN N,BAHUJAN SAMAJPARTY,0,693,693
2016,MLA,29,272,271,,SELVAPERUNTHAGAI K,INDIAN NATIONALCONGRESS,253,693,693
2016,MLA,29,272,271,,PALANI K,ALL INDIA ANNADRAVIDA MUNNETRAKAZHAGAM,259,693,693
2016,MLA,29,272,271,,MANOHARAN M,BHARATIYA JANATHAPARTY,6,693,693
2016,MLA,29,272,271,,SIVARANJINI B,NAAM TAMILARKATCHI,4,693,693
2016,MLA,29,272,271,,MUTHURAMAN C,PATTALI MAKKALKATCHI,134,693,693
2016,MLA,29,272,271,,LOK JAN SHAKTI PARTYRAVI M,,1,693,693
2016,MLA,29,272,271,,RAJESH V,COMMUNIST PARTYOF INDIA (MARXISTLENINIST) LIBERATION,1,693,693
2016,MLA,29,272,271,,VIDUTHALAIVEERAKUMAR MCHIRUTHAIGAL KATCHI,,30,693,693
2016,MLA,29,272,271,,SELVAM S,INDEPENDENT,0,693,693
2016,MLA,29,272,271,,DILLI A,INDEPENDENT,0,693,693
2016,MLA,29,272,271,,NIRMAL E,INDEPENDENT,0,693,693
2016,MLA,29,272,271,,PALANI C,INDEPENDENT,0,693,693
2016,MLA,29,272,271,,PALANI M,INDEPENDENT,0,693,693
2016,MLA,29,272,271,,PRAKASH R,INDEPENDENT,1,693,693
2016,MLA,29,272,271,,NOTA,0,4,693,693
2016,MLA,29,273,272,,CHANDRAN N,BAHUJAN SAMAJPARTY,0,573,573
2016,MLA,29,273,272,,SELVAPERUNTHAGAI K,INDIAN NATIONALCONGRESS,242,573,573
2016,MLA,29,273,272,,PALANI K,ALL INDIA ANNADRAVIDA MUNNETRAKAZHAGAM,286,573,573
2016,MLA,29,273,272,,MANOHARAN M,BHARATIYA JANATHAPARTY,2,573,573
2016,MLA,29,273,272,,SIVARANJINI B,NAAM TAMILARKATCHI,2,573,573
2016,MLA,29,273,272,,MUTHURAMAN C,PATTALI MAKKALKATCHI,22,573,573
2016,MLA,29,273,272,,LOK JAN SHAKTI PARTYRAVI M,,0,573,573
2016,MLA,29,273,272,,RAJESH V,COMMUNIST PARTYOF INDIA (MARXISTLENINIST) LIBERATION,0,573,573
2016,MLA,29,273,272,,VIDUTHALAIVEERAKUMAR MCHIRUTHAIGAL KATCHI,,14,573,573
2016,MLA,29,273,272,,SELVAM S,INDEPENDENT,0,573,573
2016,MLA,29,273,272,,DILLI A,INDEPENDENT,0,573,573
2016,MLA,29,273,272,,NIRMAL E,INDEPENDENT,0,573,573
2016,MLA,29,273,272,,PALANI C,INDEPENDENT,0,573,573
2016,MLA,29,273,272,,PALANI M,INDEPENDENT,0,573,573
2016,MLA,29,273,272,,PRAKASH R,INDEPENDENT,2,573,573
2016,MLA,29,273,272,,NOTA,0,3,573,573
2016,MLA,29,274,273,,CHANDRAN N,BAHUJAN SAMAJPARTY,1,673,673
2016,MLA,29,274,273,,SELVAPERUNTHAGAI K,INDIAN NATIONALCONGRESS,229,673,673
2016,MLA,29,274,273,,PALANI K,ALL INDIA ANNADRAVIDA MUNNETRAKAZHAGAM,394,673,673
2016,MLA,29,274,273,,MANOHARAN M,BHARATIYA JANATHAPARTY,7,673,673
2016,MLA,29,274,273,,SIVARANJINI B,NAAM TAMILARKATCHI,1,673,673
2016,MLA,29,274,273,,MUTHURAMAN C,PATTALI MAKKALKATCHI,20,673,673
2016,MLA,29,274,273,,LOK JAN SHAKTI PARTYRAVI M,,0,673,673
2016,MLA,29,274,273,,RAJESH V,COMMUNIST PARTYOF INDIA (MARXISTLENINIST) LIBERATION,1,673,673
2016,MLA,29,274,273,,VIDUTHALAIVEERAKUMAR MCHIRUTHAIGAL KATCHI,,16,673,673
2016,MLA,29,274,273,,SELVAM S,INDEPENDENT,0,673,673
2016,MLA,29,274,273,,DILLI A,INDEPENDENT,1,673,673
2016,MLA,29,274,273,,NIRMAL E,INDEPENDENT,0,673,673
2016,MLA,29,274,273,,PALANI C,INDEPENDENT,0,673,673
2016,MLA,29,274,273,,PALANI M,INDEPENDENT,1,673,673
2016,MLA,29,274,273,,PRAKASH R,INDEPENDENT,0,673,673
2016,MLA,29,274,273,,NOTA,0,2,673,673
2016,MLA,29,275,274,,CHANDRAN N,BAHUJAN SAMAJPARTY,1,667,667
2016,MLA,29,275,274,,SELVAPERUNTHAGAI K,INDIAN NATIONALCONGRESS,280,667,667
2016,MLA,29,275,274,,PALANI K,ALL INDIA ANNADRAVIDA MUNNETRAKAZHAGAM,330,667,667
2016,MLA,29,275,274,,MANOHARAN M,BHARATIYA JANATHAPARTY,6,667,667
2016,MLA,29,275,274,,SIVARANJINI B,NAAM TAMILARKATCHI,1,667,667
2016,MLA,29,275,274,,MUTHURAMAN C,PATTALI MAKKALKATCHI,30,667,667
2016,MLA,29,275,274,,LOK JAN SHAKTI PARTYRAVI M,,0,667,667
2016,MLA,29,275,274,,RAJESH V,COMMUNIST PARTYOF INDIA (MARXISTLENINIST) LIBERATION,1,667,667
2016,MLA,29,275,274,,VIDUTHALAIVEERAKUMAR MCHIRUTHAIGAL KATCHI,,11,667,667
2016,MLA,29,275,274,,SELVAM S,INDEPENDENT,0,667,667
2016,MLA,29,275,274,,DILLI A,INDEPENDENT,0,667,667
2016,MLA,29,275,274,,NIRMAL E,INDEPENDENT,0,667,667
2016,MLA,29,275,274,,PALANI C,INDEPENDENT,0,667,667
2016,MLA,29,275,274,,PALANI M,INDEPENDENT,5,667,667
2016,MLA,29,275,274,,PRAKASH R,INDEPENDENT,1,667,667
2016,MLA,29,275,274,,NOTA,0,1,667,667
2016,MLA,29,276,275,,CHANDRAN N,BAHUJAN SAMAJPARTY,2,959,959
2016,MLA,29,276,275,,SELVAPERUNTHAGAI K,INDIAN NATIONALCONGRESS,317,959,959
2016,MLA,29,276,275,,PALANI K,ALL INDIA ANNADRAVIDA MUNNETRAKAZHAGAM,528,959,959
2016,MLA,29,276,275,,MANOHARAN M,BHARATIYA JANATHAPARTY,6,959,959
2016,MLA,29,276,275,,SIVARANJINI B,NAAM TAMILARKATCHI,3,959,959
2016,MLA,29,276,275,,MUTHURAMAN C,PATTALI MAKKALKATCHI,56,959,959
2016,MLA,29,276,275,,LOK JAN SHAKTI PARTYRAVI M,,0,959,959
2016,MLA,29,276,275,,RAJESH V,COMMUNIST PARTYOF INDIA (MARXISTLENINIST) LIBERATION,2,959,959
2016,MLA,29,276,275,,VIDUTHALAIVEERAKUMAR MCHIRUTHAIGAL KATCHI,,36,959,959
2016,MLA,29,276,275,,SELVAM S,INDEPENDENT,1,959,959
2016,MLA,29,276,275,,DILLI A,INDEPENDENT,0,959,959
2016,MLA,29,276,275,,NIRMAL E,INDEPENDENT,1,959,959
2016,MLA,29,276,275,,PALANI C,INDEPENDENT,2,959,959
2016,MLA,29,276,275,,PALANI M,INDEPENDENT,1,959,959
2016,MLA,29,276,275,,PRAKASH R,INDEPENDENT,1,959,959
2016,MLA,29,276,275,,NOTA,0,3,959,959
2016,MLA,29,277,276,,CHANDRAN N,BAHUJAN SAMAJPARTY,4,948,948
2016,MLA,29,277,276,,SELVAPERUNTHAGAI K,INDIAN NATIONALCONGRESS,321,948,948
2016,MLA,29,277,276,,PALANI K,ALL INDIA ANNADRAVIDA MUNNETRAKAZHAGAM,543,948,948
2016,MLA,29,277,276,,MANOHARAN M,BHARATIYA JANATHAPARTY,7,948,948
2016,MLA,29,277,276,,SIVARANJINI B,NAAM TAMILARKATCHI,7,948,948
2016,MLA,29,277,276,,MUTHURAMAN C,PATTALI MAKKALKATCHI,30,948,948
2016,MLA,29,277,276,,LOK JAN SHAKTI PARTYRAVI M,,1,948,948
2016,MLA,29,277,276,,RAJESH V,COMMUNIST PARTYOF INDIA (MARXISTLENINIST) LIBERATION,2,948,948
2016,MLA,29,277,276,,VIDUTHALAIVEERAKUMAR MCHIRUTHAIGAL KATCHI,,27,948,948
2016,MLA,29,277,276,,SELVAM S,INDEPENDENT,0,948,948
2016,MLA,29,277,276,,DILLI A,INDEPENDENT,0,948,948
2016,MLA,29,277,276,,NIRMAL E,INDEPENDENT,0,948,948
2016,MLA,29,277,276,,PALANI C,INDEPENDENT,1,948,948
2016,MLA,29,277,276,,PALANI M,INDEPENDENT,2,948,948
2016,MLA,29,277,276,,PRAKASH R,INDEPENDENT,0,948,948
2016,MLA,29,277,276,,NOTA,0,3,948,948
2016,MLA,29,278,277,,CHANDRAN N,BAHUJAN SAMAJPARTY,3,851,851
2016,MLA,29,278,277,,SELVAPERUNTHAGAI K,INDIAN NATIONALCONGRESS,332,851,851
2016,MLA,29,278,277,,PALANI K,ALL INDIA ANNADRAVIDA MUNNETRAKAZHAGAM,400,851,851
2016,MLA,29,278,277,,MANOHARAN M,BHARATIYA JANATHAPARTY,12,851,851
2016,MLA,29,278,277,,SIVARANJINI B,NAAM TAMILARKATCHI,2,851,851
2016,MLA,29,278,277,,MUTHURAMAN C,PATTALI MAKKALKATCHI,39,851,851
2016,MLA,29,278,277,,LOK JAN SHAKTI PARTYRAVI M,,0,851,851
2016,MLA,29,278,277,,RAJESH V,COMMUNIST PARTYOF INDIA (MARXISTLENINIST) LIBERATION,0,851,851
2016,MLA,29,278,277,,VIDUTHALAIVEERAKUMAR MCHIRUTHAIGAL KATCHI,,51,851,851
2016,MLA,29,278,277,,SELVAM S,INDEPENDENT,0,851,851
2016,MLA,29,278,277,,DILLI A,INDEPENDENT,0,851,851
2016,MLA,29,278,277,,NIRMAL E,INDEPENDENT,0,851,851
2016,MLA,29,278,277,,PALANI C,INDEPENDENT,2,851,851
2016,MLA,29,278,277,,PALANI M,INDEPENDENT,2,851,851
2016,MLA,29,278,277,,PRAKASH R,INDEPENDENT,4,851,851
2016,MLA,29,278,277,,NOTA,0,4,851,851
2016,MLA,29,279,278,,CHANDRAN N,BAHUJAN SAMAJPARTY,1,751,751
2016,MLA,29,279,278,,SELVAPERUNTHAGAI K,INDIAN NATIONALCONGRESS,304,751,751
2016,MLA,29,279,278,,PALANI K,ALL INDIA ANNADRAVIDA MUNNETRAKAZHAGAM,358,751,751
2016,MLA,29,279,278,,MANOHARAN M,BHARATIYA JANATHAPARTY,6,751,751
2016,MLA,29,279,278,,SIVARANJINI B,NAAM TAMILARKATCHI,1,751,751
2016,MLA,29,279,278,,MUTHURAMAN C,PATTALI MAKKALKATCHI,11,751,751
2016,MLA,29,279,278,,LOK JAN SHAKTI PARTYRAVI M,,0,751,751
2016,MLA,29,279,278,,RAJESH V,COMMUNIST PARTYOF INDIA (MARXISTLENINIST) LIBERATION,1,751,751
2016,MLA,29,279,278,,VIDUTHALAIVEERAKUMAR MCHIRUTHAIGAL KATCHI,,63,751,751
2016,MLA,29,279,278,,SELVAM S,INDEPENDENT,0,751,751
2016,MLA,29,279,278,,DILLI A,INDEPENDENT,1,751,751
2016,MLA,29,279,278,,NIRMAL E,INDEPENDENT,0,751,751
2016,MLA,29,279,278,,PALANI C,INDEPENDENT,0,751,751
2016,MLA,29,279,278,,PALANI M,INDEPENDENT,1,751,751
2016,MLA,29,279,278,,PRAKASH R,INDEPENDENT,1,751,751
2016,MLA,29,279,278,,NOTA,0,3,751,751
2016,MLA,29,280,279,,CHANDRAN N,BAHUJAN SAMAJPARTY,5,1317,1317
2016,MLA,29,280,279,,SELVAPERUNTHAGAI K,INDIAN NATIONALCONGRESS,615,1317,1317
2016,MLA,29,280,279,,PALANI K,ALL INDIA ANNADRAVIDA MUNNETRAKAZHAGAM,530,1317,1317
2016,MLA,29,280,279,,MANOHARAN M,BHARATIYA JANATHAPARTY,11,1317,1317
2016,MLA,29,280,279,,SIVARANJINI B,NAAM TAMILARKATCHI,5,1317,1317
2016,MLA,29,280,279,,MUTHURAMAN C,PATTALI MAKKALKATCHI,97,1317,1317
2016,MLA,29,280,279,,LOK JAN SHAKTI PARTYRAVI M,,0,1317,1317
2016,MLA,29,280,279,,RAJESH V,COMMUNIST PARTYOF INDIA (MARXISTLENINIST) LIBERATION,2,1317,1317
2016,MLA,29,280,279,,VIDUTHALAIVEERAKUMAR MCHIRUTHAIGAL KATCHI,,27,1317,1317
2016,MLA,29,280,279,,SELVAM S,INDEPENDENT,0,1317,1317
2016,MLA,29,280,279,,DILLI A,INDEPENDENT,1,1317,1317
2016,MLA,29,280,279,,NIRMAL E,INDEPENDENT,0,1317,1317
2016,MLA,29,280,279,,PALANI C,INDEPENDENT,8,1317,1317
2016,MLA,29,280,279,,PALANI M,INDEPENDENT,5,1317,1317
2016,MLA,29,280,279,,PRAKASH R,INDEPENDENT,5,1317,1317
2016,MLA,29,280,279,,NOTA,0,6,1317,1317
2016,MLA,29,281,280,,CHANDRAN N,BAHUJAN SAMAJPARTY,0,805,805
2016,MLA,29,281,280,,SELVAPERUNTHAGAI K,INDIAN NATIONALCONGRESS,391,805,805
2016,MLA,29,281,280,,PALANI K,ALL INDIA ANNADRAVIDA MUNNETRAKAZHAGAM,365,805,805
2016,MLA,29,281,280,,MANOHARAN M,BHARATIYA JANATHAPARTY,8,805,805
2016,MLA,29,281,280,,SIVARANJINI B,NAAM TAMILARKATCHI,5,805,805
2016,MLA,29,281,280,,MUTHURAMAN C,PATTALI MAKKALKATCHI,19,805,805
2016,MLA,29,281,280,,LOK JAN SHAKTI PARTYRAVI M,,1,805,805
2016,MLA,29,281,280,,RAJESH V,COMMUNIST PARTYOF INDIA (MARXISTLENINIST) LIBERATION,1,805,805
2016,MLA,29,281,280,,VIDUTHALAIVEERAKUMAR MCHIRUTHAIGAL KATCHI,,11,805,805
2016,MLA,29,281,280,,SELVAM S,INDEPENDENT,0,805,805
2016,MLA,29,281,280,,DILLI A,INDEPENDENT,0,805,805
2016,MLA,29,281,280,,NIRMAL E,INDEPENDENT,0,805,805
2016,MLA,29,281,280,,PALANI C,INDEPENDENT,1,805,805
2016,MLA,29,281,280,,PALANI M,INDEPENDENT,0,805,805
2016,MLA,29,281,280,,PRAKASH R,INDEPENDENT,2,805,805
2016,MLA,29,281,280,,NOTA,0,1,805,805
2016,MLA,29,282,281,,CHANDRAN N,BAHUJAN SAMAJPARTY,0,560,560
2016,MLA,29,282,281,,SELVAPERUNTHAGAI K,INDIAN NATIONALCONGRESS,209,560,560
2016,MLA,29,282,281,,PALANI K,ALL INDIA ANNADRAVIDA MUNNETRAKAZHAGAM,293,560,560
2016,MLA,29,282,281,,MANOHARAN M,BHARATIYA JANATHAPARTY,9,560,560
2016,MLA,29,282,281,,SIVARANJINI B,NAAM TAMILARKATCHI,0,560,560
2016,MLA,29,282,281,,MUTHURAMAN C,PATTALI MAKKALKATCHI,4,560,560
2016,MLA,29,282,281,,LOK JAN SHAKTI PARTYRAVI M,,0,560,560
2016,MLA,29,282,281,,RAJESH V,COMMUNIST PARTYOF INDIA (MARXISTLENINIST) LIBERATION,0,560,560
2016,MLA,29,282,281,,VIDUTHALAIVEERAKUMAR MCHIRUTHAIGAL KATCHI,,43,560,560
2016,MLA,29,282,281,,SELVAM S,INDEPENDENT,1,560,560
2016,MLA,29,282,281,,DILLI A,INDEPENDENT,0,560,560
2016,MLA,29,282,281,,NIRMAL E,INDEPENDENT,0,560,560
2016,MLA,29,282,281,,PALANI C,INDEPENDENT,0,560,560
2016,MLA,29,282,281,,PALANI M,INDEPENDENT,0,560,560
2016,MLA,29,282,281,,PRAKASH R,INDEPENDENT,0,560,560
2016,MLA,29,282,281,,NOTA,0,1,560,560
2016,MLA,29,283,282,,CHANDRAN N,BAHUJAN SAMAJPARTY,0,706,706
2016,MLA,29,283,282,,SELVAPERUNTHAGAI K,INDIAN NATIONALCONGRESS,249,706,706
2016,MLA,29,283,282,,PALANI K,ALL INDIA ANNADRAVIDA MUNNETRAKAZHAGAM,368,706,706
2016,MLA,29,283,282,,MANOHARAN M,BHARATIYA JANATHAPARTY,15,706,706
2016,MLA,29,283,282,,SIVARANJINI B,NAAM TAMILARKATCHI,2,706,706
2016,MLA,29,283,282,,MUTHURAMAN C,PATTALI MAKKALKATCHI,9,706,706
2016,MLA,29,283,282,,LOK JAN SHAKTI PARTYRAVI M,,1,706,706
2016,MLA,29,283,282,,RAJESH V,COMMUNIST PARTYOF INDIA (MARXISTLENINIST) LIBERATION,0,706,706
2016,MLA,29,283,282,,VIDUTHALAIVEERAKUMAR MCHIRUTHAIGAL KATCHI,,56,706,706
2016,MLA,29,283,282,,SELVAM S,INDEPENDENT,0,706,706
2016,MLA,29,283,282,,DILLI A,INDEPENDENT,0,706,706
2016,MLA,29,283,282,,NIRMAL E,INDEPENDENT,2,706,706
2016,MLA,29,283,282,,PALANI C,INDEPENDENT,0,706,706
2016,MLA,29,283,282,,PALANI M,INDEPENDENT,1,706,706
2016,MLA,29,283,282,,PRAKASH R,INDEPENDENT,1,706,706
2016,MLA,29,283,282,,NOTA,0,2,706,706
2016,MLA,29,284,283,,CHANDRAN N,BAHUJAN SAMAJPARTY,2,900,900
2016,MLA,29,284,283,,SELVAPERUNTHAGAI K,INDIAN NATIONALCONGRESS,262,900,900
2016,MLA,29,284,283,,PALANI K,ALL INDIA ANNADRAVIDA MUNNETRAKAZHAGAM,506,900,900
2016,MLA,29,284,283,,MANOHARAN M,BHARATIYA JANATHAPARTY,8,900,900
2016,MLA,29,284,283,,SIVARANJINI B,NAAM TAMILARKATCHI,8,900,900
2016,MLA,29,284,283,,MUTHURAMAN C,PATTALI MAKKALKATCHI,45,900,900
2016,MLA,29,284,283,,LOK JAN SHAKTI PARTYRAVI M,,1,900,900
2016,MLA,29,284,283,,RAJESH V,COMMUNIST PARTYOF INDIA (MARXISTLENINIST) LIBERATION,2,900,900
2016,MLA,29,284,283,,VIDUTHALAIVEERAKUMAR MCHIRUTHAIGAL KATCHI,,54,900,900
2016,MLA,29,284,283,,SELVAM S,INDEPENDENT,0,900,900
2016,MLA,29,284,283,,DILLI A,INDEPENDENT,0,900,900
2016,MLA,29,284,283,,NIRMAL E,INDEPENDENT,1,900,900
2016,MLA,29,284,283,,PALANI C,INDEPENDENT,1,900,900
2016,MLA,29,284,283,,PALANI M,INDEPENDENT,2,900,900
2016,MLA,29,284,283,,PRAKASH R,INDEPENDENT,2,900,900
2016,MLA,29,284,283,,NOTA,0,6,900,900
2016,MLA,29,285,284,,CHANDRAN N,BAHUJAN SAMAJPARTY,1,425,425
2016,MLA,29,285,284,,SELVAPERUNTHAGAI K,INDIAN NATIONALCONGRESS,198,425,425
2016,MLA,29,285,284,,PALANI K,ALL INDIA ANNADRAVIDA MUNNETRAKAZHAGAM,161,425,425
2016,MLA,29,285,284,,MANOHARAN M,BHARATIYA JANATHAPARTY,6,425,425
2016,MLA,29,285,284,,SIVARANJINI B,NAAM TAMILARKATCHI,6,425,425
2016,MLA,29,285,284,,MUTHURAMAN C,PATTALI MAKKALKATCHI,18,425,425
2016,MLA,29,285,284,,LOK JAN SHAKTI PARTYRAVI M,,0,425,425
2016,MLA,29,285,284,,RAJESH V,COMMUNIST PARTYOF INDIA (MARXISTLENINIST) LIBERATION,0,425,425
2016,MLA,29,285,284,,VIDUTHALAIVEERAKUMAR MCHIRUTHAIGAL KATCHI,,29,425,425
2016,MLA,29,285,284,,SELVAM S,INDEPENDENT,0,425,425
2016,MLA,29,285,284,,DILLI A,INDEPENDENT,0,425,425
2016,MLA,29,285,284,,NIRMAL E,INDEPENDENT,0,425,425
2016,MLA,29,285,284,,PALANI C,INDEPENDENT,1,425,425
2016,MLA,29,285,284,,PALANI M,INDEPENDENT,0,425,425
2016,MLA,29,285,284,,PRAKASH R,INDEPENDENT,0,425,425
2016,MLA,29,285,284,,NOTA,0,5,425,425
2016,MLA,29,286,285,,CHANDRAN N,BAHUJAN SAMAJPARTY,2,639,639
2016,MLA,29,286,285,,SELVAPERUNTHAGAI K,INDIAN NATIONALCONGRESS,270,639,639
2016,MLA,29,286,285,,PALANI K,ALL INDIA ANNADRAVIDA MUNNETRAKAZHAGAM,285,639,639
2016,MLA,29,286,285,,MANOHARAN M,BHARATIYA JANATHAPARTY,6,639,639
2016,MLA,29,286,285,,SIVARANJINI B,NAAM TAMILARKATCHI,6,639,639
2016,MLA,29,286,285,,MUTHURAMAN C,PATTALI MAKKALKATCHI,23,639,639
2016,MLA,29,286,285,,LOK JAN SHAKTI PARTYRAVI M,,0,639,639
2016,MLA,29,286,285,,RAJESH V,COMMUNIST PARTYOF INDIA (MARXISTLENINIST) LIBERATION,0,639,639
2016,MLA,29,286,285,,VIDUTHALAIVEERAKUMAR MCHIRUTHAIGAL KATCHI,,40,639,639
2016,MLA,29,286,285,,SELVAM S,INDEPENDENT,0,639,639
2016,MLA,29,286,285,,DILLI A,INDEPENDENT,0,639,639
2016,MLA,29,286,285,,NIRMAL E,INDEPENDENT,0,639,639
2016,MLA,29,286,285,,PALANI C,INDEPENDENT,0,639,639
2016,MLA,29,286,285,,PALANI M,INDEPENDENT,0,639,639
2016,MLA,29,286,285,,PRAKASH R,INDEPENDENT,1,639,639
2016,MLA,29,286,285,,NOTA,0,6,639,639
2016,MLA,29,287,286,,CHANDRAN N,BAHUJAN SAMAJPARTY,3,861,861
2016,MLA,29,287,286,,SELVAPERUNTHAGAI K,INDIAN NATIONALCONGRESS,408,861,861
2016,MLA,29,287,286,,PALANI K,ALL INDIA ANNADRAVIDA MUNNETRAKAZHAGAM,332,861,861
2016,MLA,29,287,286,,MANOHARAN M,BHARATIYA JANATHAPARTY,8,861,861
2016,MLA,29,287,286,,SIVARANJINI B,NAAM TAMILARKATCHI,8,861,861
2016,MLA,29,287,286,,MUTHURAMAN C,PATTALI MAKKALKATCHI,41,861,861
2016,MLA,29,287,286,,LOK JAN SHAKTI PARTYRAVI M,,1,861,861
2016,MLA,29,287,286,,RAJESH V,COMMUNIST PARTYOF INDIA (MARXISTLENINIST) LIBERATION,2,861,861
2016,MLA,29,287,286,,VIDUTHALAIVEERAKUMAR MCHIRUTHAIGAL KATCHI,,48,861,861
2016,MLA,29,287,286,,SELVAM S,INDEPENDENT,0,861,861
2016,MLA,29,287,286,,DILLI A,INDEPENDENT,0,861,861
2016,MLA,29,287,286,,NIRMAL E,INDEPENDENT,3,861,861
2016,MLA,29,287,286,,PALANI C,INDEPENDENT,0,861,861
2016,MLA,29,287,286,,PALANI M,INDEPENDENT,1,861,861
2016,MLA,29,287,286,,PRAKASH R,INDEPENDENT,3,861,861
2016,MLA,29,287,286,,NOTA,0,3,861,861
2016,MLA,29,288,287,,CHANDRAN N,BAHUJAN SAMAJPARTY,2,936,936
2016,MLA,29,288,287,,SELVAPERUNTHAGAI K,INDIAN NATIONALCONGRESS,453,936,936
2016,MLA,29,288,287,,PALANI K,ALL INDIA ANNADRAVIDA MUNNETRAKAZHAGAM,329,936,936
2016,MLA,29,288,287,,MANOHARAN M,BHARATIYA JANATHAPARTY,13,936,936
2016,MLA,29,288,287,,SIVARANJINI B,NAAM TAMILARKATCHI,15,936,936
2016,MLA,29,288,287,,MUTHURAMAN C,PATTALI MAKKALKATCHI,24,936,936
2016,MLA,29,288,287,,LOK JAN SHAKTI PARTYRAVI M,,0,936,936
2016,MLA,29,288,287,,RAJESH V,COMMUNIST PARTYOF INDIA (MARXISTLENINIST) LIBERATION,0,936,936
2016,MLA,29,288,287,,VIDUTHALAIVEERAKUMAR MCHIRUTHAIGAL KATCHI,,84,936,936
2016,MLA,29,288,287,,SELVAM S,INDEPENDENT,1,936,936
2016,MLA,29,288,287,,DILLI A,INDEPENDENT,0,936,936
2016,MLA,29,288,287,,NIRMAL E,INDEPENDENT,0,936,936
2016,MLA,29,288,287,,PALANI C,INDEPENDENT,0,936,936
2016,MLA,29,288,287,,PALANI M,INDEPENDENT,1,936,936
2016,MLA,29,288,287,,PRAKASH R,INDEPENDENT,2,936,936
2016,MLA,29,288,287,,NOTA,0,12,936,936
2016,MLA,29,289,288,,CHANDRAN N,BAHUJAN SAMAJPARTY,1,684,684
2016,MLA,29,289,288,,SELVAPERUNTHAGAI K,INDIAN NATIONALCONGRESS,269,684,684
2016,MLA,29,289,288,,PALANI K,ALL INDIA ANNADRAVIDA MUNNETRAKAZHAGAM,333,684,684
2016,MLA,29,289,288,,MANOHARAN M,BHARATIYA JANATHAPARTY,8,684,684
2016,MLA,29,289,288,,SIVARANJINI B,NAAM TAMILARKATCHI,8,684,684
2016,MLA,29,289,288,,MUTHURAMAN C,PATTALI MAKKALKATCHI,8,684,684
2016,MLA,29,289,288,,LOK JAN SHAKTI PARTYRAVI M,,0,684,684
2016,MLA,29,289,288,,RAJESH V,COMMUNIST PARTYOF INDIA (MARXISTLENINIST) LIBERATION,1,684,684
2016,MLA,29,289,288,,VIDUTHALAIVEERAKUMAR MCHIRUTHAIGAL KATCHI,,53,684,684
2016,MLA,29,289,288,,SELVAM S,INDEPENDENT,0,684,684
2016,MLA,29,289,288,,DILLI A,INDEPENDENT,0,684,684
2016,MLA,29,289,288,,NIRMAL E,INDEPENDENT,0,684,684
2016,MLA,29,289,288,,PALANI C,INDEPENDENT,0,684,684
2016,MLA,29,289,288,,PALANI M,INDEPENDENT,0,684,684
2016,MLA,29,289,288,,PRAKASH R,INDEPENDENT,0,684,684
2016,MLA,29,289,288,,NOTA,0,3,684,684
2016,MLA,29,290,289,,CHANDRAN N,BAHUJAN SAMAJPARTY,2,786,786
2016,MLA,29,290,289,,SELVAPERUNTHAGAI K,INDIAN NATIONALCONGRESS,375,786,786
2016,MLA,29,290,289,,PALANI K,ALL INDIA ANNADRAVIDA MUNNETRAKAZHAGAM,294,786,786
2016,MLA,29,290,289,,MANOHARAN M,BHARATIYA JANATHAPARTY,7,786,786
2016,MLA,29,290,289,,SIVARANJINI B,NAAM TAMILARKATCHI,15,786,786
2016,MLA,29,290,289,,MUTHURAMAN C,PATTALI MAKKALKATCHI,25,786,786
2016,MLA,29,290,289,,LOK JAN SHAKTI PARTYRAVI M,,1,786,786
2016,MLA,29,290,289,,RAJESH V,COMMUNIST PARTYOF INDIA (MARXISTLENINIST) LIBERATION,3,786,786
2016,MLA,29,290,289,,VIDUTHALAIVEERAKUMAR MCHIRUTHAIGAL KATCHI,,52,786,786
2016,MLA,29,290,289,,SELVAM S,INDEPENDENT,1,786,786
2016,MLA,29,290,289,,DILLI A,INDEPENDENT,1,786,786
2016,MLA,29,290,289,,NIRMAL E,INDEPENDENT,0,786,786
2016,MLA,29,290,289,,PALANI C,INDEPENDENT,0,786,786
2016,MLA,29,290,289,,PALANI M,INDEPENDENT,0,786,786
2016,MLA,29,290,289,,PRAKASH R,INDEPENDENT,0,786,786
2016,MLA,29,290,289,,NOTA,0,10,786,786
2016,MLA,29,291,290,,CHANDRAN N,BAHUJAN SAMAJPARTY,0,655,655
2016,MLA,29,291,290,,SELVAPERUNTHAGAI K,INDIAN NATIONALCONGRESS,345,655,655
2016,MLA,29,291,290,,PALANI K,ALL INDIA ANNADRAVIDA MUNNETRAKAZHAGAM,228,655,655
2016,MLA,29,291,290,,MANOHARAN M,BHARATIYA JANATHAPARTY,7,655,655
2016,MLA,29,291,290,,SIVARANJINI B,NAAM TAMILARKATCHI,8,655,655
2016,MLA,29,291,290,,MUTHURAMAN C,PATTALI MAKKALKATCHI,18,655,655
2016,MLA,29,291,290,,LOK JAN SHAKTI PARTYRAVI M,,0,655,655
2016,MLA,29,291,290,,RAJESH V,COMMUNIST PARTYOF INDIA (MARXISTLENINIST) LIBERATION,3,655,655
2016,MLA,29,291,290,,VIDUTHALAIVEERAKUMAR MCHIRUTHAIGAL KATCHI,,35,655,655
2016,MLA,29,291,290,,SELVAM S,INDEPENDENT,0,655,655
2016,MLA,29,291,290,,DILLI A,INDEPENDENT,0,655,655
2016,MLA,29,291,290,,NIRMAL E,INDEPENDENT,0,655,655
2016,MLA,29,291,290,,PALANI C,INDEPENDENT,0,655,655
2016,MLA,29,291,290,,PALANI M,INDEPENDENT,0,655,655
2016,MLA,29,291,290,,PRAKASH R,INDEPENDENT,2,655,655
2016,MLA,29,291,290,,NOTA,0,9,655,655
2016,MLA,29,292,291,,CHANDRAN N,BAHUJAN SAMAJPARTY,0,835,835
2016,MLA,29,292,291,,SELVAPERUNTHAGAI K,INDIAN NATIONALCONGRESS,429,835,835
2016,MLA,29,292,291,,PALANI K,ALL INDIA ANNADRAVIDA MUNNETRAKAZHAGAM,298,835,835
2016,MLA,29,292,291,,MANOHARAN M,BHARATIYA JANATHAPARTY,16,835,835
2016,MLA,29,292,291,,SIVARANJINI B,NAAM TAMILARKATCHI,20,835,835
2016,MLA,29,292,291,,MUTHURAMAN C,PATTALI MAKKALKATCHI,22,835,835
2016,MLA,29,292,291,,LOK JAN SHAKTI PARTYRAVI M,,0,835,835
2016,MLA,29,292,291,,RAJESH V,COMMUNIST PARTYOF INDIA (MARXISTLENINIST) LIBERATION,0,835,835
2016,MLA,29,292,291,,VIDUTHALAIVEERAKUMAR MCHIRUTHAIGAL KATCHI,,35,835,835
2016,MLA,29,292,291,,SELVAM S,INDEPENDENT,0,835,835
2016,MLA,29,292,291,,DILLI A,INDEPENDENT,0,835,835
2016,MLA,29,292,291,,NIRMAL E,INDEPENDENT,0,835,835
2016,MLA,29,292,291,,PALANI C,INDEPENDENT,0,835,835
2016,MLA,29,292,291,,PALANI M,INDEPENDENT,2,835,835
2016,MLA,29,292,291,,PRAKASH R,INDEPENDENT,1,835,835
2016,MLA,29,292,291,,NOTA,0,12,835,835
2016,MLA,29,293,292,,CHANDRAN N,BAHUJAN SAMAJPARTY,5,1016,1016
2016,MLA,29,293,292,,SELVAPERUNTHAGAI K,INDIAN NATIONALCONGRESS,413,1016,1016
2016,MLA,29,293,292,,PALANI K,ALL INDIA ANNADRAVIDA MUNNETRAKAZHAGAM,464,1016,1016
2016,MLA,29,293,292,,MANOHARAN M,BHARATIYA JANATHAPARTY,10,1016,1016
2016,MLA,29,293,292,,SIVARANJINI B,NAAM TAMILARKATCHI,10,1016,1016
2016,MLA,29,293,292,,MUTHURAMAN C,PATTALI MAKKALKATCHI,37,1016,1016
2016,MLA,29,293,292,,LOK JAN SHAKTI PARTYRAVI M,,0,1016,1016
2016,MLA,29,293,292,,RAJESH V,COMMUNIST PARTYOF INDIA (MARXISTLENINIST) LIBERATION,0,1016,1016
2016,MLA,29,293,292,,VIDUTHALAIVEERAKUMAR MCHIRUTHAIGAL KATCHI,,59,1016,1016
2016,MLA,29,293,292,,SELVAM S,INDEPENDENT,1,1016,1016
2016,MLA,29,293,292,,DILLI A,INDEPENDENT,0,1016,1016
2016,MLA,29,293,292,,NIRMAL E,INDEPENDENT,0,1016,1016
2016,MLA,29,293,292,,PALANI C,INDEPENDENT,1,1016,1016
2016,MLA,29,293,292,,PALANI M,INDEPENDENT,1,1016,1016
2016,MLA,29,293,292,,PRAKASH R,INDEPENDENT,1,1016,1016
2016,MLA,29,293,292,,NOTA,0,14,1016,1016
2016,MLA,29,294,293,,CHANDRAN N,BAHUJAN SAMAJPARTY,4,772,772
2016,MLA,29,294,293,,SELVAPERUNTHAGAI K,INDIAN NATIONALCONGRESS,246,772,772
2016,MLA,29,294,293,,PALANI K,ALL INDIA ANNADRAVIDA MUNNETRAKAZHAGAM,362,772,772
2016,MLA,29,294,293,,MANOHARAN M,BHARATIYA JANATHAPARTY,11,772,772
2016,MLA,29,294,293,,SIVARANJINI B,NAAM TAMILARKATCHI,5,772,772
2016,MLA,29,294,293,,MUTHURAMAN C,PATTALI MAKKALKATCHI,99,772,772
2016,MLA,29,294,293,,LOK JAN SHAKTI PARTYRAVI M,,2,772,772
2016,MLA,29,294,293,,RAJESH V,COMMUNIST PARTYOF INDIA (MARXISTLENINIST) LIBERATION,2,772,772
2016,MLA,29,294,293,,VIDUTHALAIVEERAKUMAR MCHIRUTHAIGAL KATCHI,,21,772,772
2016,MLA,29,294,293,,SELVAM S,INDEPENDENT,2,772,772
2016,MLA,29,294,293,,DILLI A,INDEPENDENT,0,772,772
2016,MLA,29,294,293,,NIRMAL E,INDEPENDENT,1,772,772
2016,MLA,29,294,293,,PALANI C,INDEPENDENT,2,772,772
2016,MLA,29,294,293,,PALANI M,INDEPENDENT,0,772,772
2016,MLA,29,294,293,,PRAKASH R,INDEPENDENT,2,772,772
2016,MLA,29,294,293,,NOTA,0,13,772,772
2016,MLA,29,295,294,,CHANDRAN N,BAHUJAN SAMAJPARTY,0,637,637
2016,MLA,29,295,294,,SELVAPERUNTHAGAI K,INDIAN NATIONALCONGRESS,216,637,637
2016,MLA,29,295,294,,PALANI K,ALL INDIA ANNADRAVIDA MUNNETRAKAZHAGAM,298,637,637
2016,MLA,29,295,294,,MANOHARAN M,BHARATIYA JANATHAPARTY,10,637,637
2016,MLA,29,295,294,,SIVARANJINI B,NAAM TAMILARKATCHI,8,637,637
2016,MLA,29,295,294,,MUTHURAMAN C,PATTALI MAKKALKATCHI,75,637,637
2016,MLA,29,295,294,,LOK JAN SHAKTI PARTYRAVI M,,0,637,637
2016,MLA,29,295,294,,RAJESH V,COMMUNIST PARTYOF INDIA (MARXISTLENINIST) LIBERATION,0,637,637
2016,MLA,29,295,294,,VIDUTHALAIVEERAKUMAR MCHIRUTHAIGAL KATCHI,,25,637,637
2016,MLA,29,295,294,,SELVAM S,INDEPENDENT,1,637,637
2016,MLA,29,295,294,,DILLI A,INDEPENDENT,0,637,637
2016,MLA,29,295,294,,NIRMAL E,INDEPENDENT,0,637,637
2016,MLA,29,295,294,,PALANI C,INDEPENDENT,0,637,637
2016,MLA,29,295,294,,PALANI M,INDEPENDENT,0,637,637
2016,MLA,29,295,294,,PRAKASH R,INDEPENDENT,1,637,637
2016,MLA,29,295,294,,NOTA,0,3,637,637
2016,MLA,29,296,295,,CHANDRAN N,BAHUJAN SAMAJPARTY,1,485,485
2016,MLA,29,296,295,,SELVAPERUNTHAGAI K,INDIAN NATIONALCONGRESS,160,485,485
2016,MLA,29,296,295,,PALANI K,ALL INDIA ANNADRAVIDA MUNNETRAKAZHAGAM,170,485,485
2016,MLA,29,296,295,,MANOHARAN M,BHARATIYA JANATHAPARTY,4,485,485
2016,MLA,29,296,295,,SIVARANJINI B,NAAM TAMILARKATCHI,4,485,485
2016,MLA,29,296,295,,MUTHURAMAN C,PATTALI MAKKALKATCHI,125,485,485
2016,MLA,29,296,295,,LOK JAN SHAKTI PARTYRAVI M,,1,485,485
2016,MLA,29,296,295,,RAJESH V,COMMUNIST PARTYOF INDIA (MARXISTLENINIST) LIBERATION,1,485,485
2016,MLA,29,296,295,,VIDUTHALAIVEERAKUMAR MCHIRUTHAIGAL KATCHI,,12,485,485
2016,MLA,29,296,295,,SELVAM S,INDEPENDENT,0,485,485
2016,MLA,29,296,295,,DILLI A,INDEPENDENT,0,485,485
2016,MLA,29,296,295,,NIRMAL E,INDEPENDENT,0,485,485
2016,MLA,29,296,295,,PALANI C,INDEPENDENT,1,485,485
2016,MLA,29,296,295,,PALANI M,INDEPENDENT,1,485,485
2016,MLA,29,296,295,,PRAKASH R,INDEPENDENT,0,485,485
2016,MLA,29,296,295,,NOTA,0,5,485,485
2016,MLA,29,297,296,,CHANDRAN N,BAHUJAN SAMAJPARTY,5,805,805
2016,MLA,29,297,296,,SELVAPERUNTHAGAI K,INDIAN NATIONALCONGRESS,290,805,805
2016,MLA,29,297,296,,PALANI K,ALL INDIA ANNADRAVIDA MUNNETRAKAZHAGAM,337,805,805
2016,MLA,29,297,296,,MANOHARAN M,BHARATIYA JANATHAPARTY,19,805,805
2016,MLA,29,297,296,,SIVARANJINI B,NAAM TAMILARKATCHI,12,805,805
2016,MLA,29,297,296,,MUTHURAMAN C,PATTALI MAKKALKATCHI,62,805,805
2016,MLA,29,297,296,,LOK JAN SHAKTI PARTYRAVI M,,0,805,805
2016,MLA,29,297,296,,RAJESH V,COMMUNIST PARTYOF INDIA (MARXISTLENINIST) LIBERATION,0,805,805
2016,MLA,29,297,296,,VIDUTHALAIVEERAKUMAR MCHIRUTHAIGAL KATCHI,,61,805,805
2016,MLA,29,297,296,,SELVAM S,INDEPENDENT,1,805,805
2016,MLA,29,297,296,,DILLI A,INDEPENDENT,0,805,805
2016,MLA,29,297,296,,NIRMAL E,INDEPENDENT,0,805,805
2016,MLA,29,297,296,,PALANI C,INDEPENDENT,3,805,805
2016,MLA,29,297,296,,PALANI M,INDEPENDENT,3,805,805
2016,MLA,29,297,296,,PRAKASH R,INDEPENDENT,1,805,805
2016,MLA,29,297,296,,NOTA,0,11,805,805
2016,MLA,29,298,297,,CHANDRAN N,BAHUJAN SAMAJPARTY,1,756,756
2016,MLA,29,298,297,,SELVAPERUNTHAGAI K,INDIAN NATIONALCONGRESS,202,756,756
2016,MLA,29,298,297,,PALANI K,ALL INDIA ANNADRAVIDA MUNNETRAKAZHAGAM,274,756,756
2016,MLA,29,298,297,,MANOHARAN M,BHARATIYA JANATHAPARTY,13,756,756
2016,MLA,29,298,297,,SIVARANJINI B,NAAM TAMILARKATCHI,21,756,756
2016,MLA,29,298,297,,MUTHURAMAN C,PATTALI MAKKALKATCHI,146,756,756
2016,MLA,29,298,297,,LOK JAN SHAKTI PARTYRAVI M,,1,756,756
2016,MLA,29,298,297,,RAJESH V,COMMUNIST PARTYOF INDIA (MARXISTLENINIST) LIBERATION,1,756,756
2016,MLA,29,298,297,,VIDUTHALAIVEERAKUMAR MCHIRUTHAIGAL KATCHI,,82,756,756
2016,MLA,29,298,297,,SELVAM S,INDEPENDENT,0,756,756
2016,MLA,29,298,297,,DILLI A,INDEPENDENT,0,756,756
2016,MLA,29,298,297,,NIRMAL E,INDEPENDENT,0,756,756
2016,MLA,29,298,297,,PALANI C,INDEPENDENT,0,756,756
2016,MLA,29,298,297,,PALANI M,INDEPENDENT,0,756,756
2016,MLA,29,298,297,,PRAKASH R,INDEPENDENT,1,756,756
2016,MLA,29,298,297,,NOTA,0,14,756,756
2016,MLA,29,299,298,,CHANDRAN N,BAHUJAN SAMAJPARTY,2,735,735
2016,MLA,29,299,298,,SELVAPERUNTHAGAI K,INDIAN NATIONALCONGRESS,286,735,735
2016,MLA,29,299,298,,PALANI K,ALL INDIA ANNADRAVIDA MUNNETRAKAZHAGAM,346,735,735
2016,MLA,29,299,298,,MANOHARAN M,BHARATIYA JANATHAPARTY,5,735,735
2016,MLA,29,299,298,,SIVARANJINI B,NAAM TAMILARKATCHI,6,735,735
2016,MLA,29,299,298,,MUTHURAMAN C,PATTALI MAKKALKATCHI,21,735,735
2016,MLA,29,299,298,,LOK JAN SHAKTI PARTYRAVI M,,1,735,735
2016,MLA,29,299,298,,RAJESH V,COMMUNIST PARTYOF INDIA (MARXISTLENINIST) LIBERATION,1,735,735
2016,MLA,29,299,298,,VIDUTHALAIVEERAKUMAR MCHIRUTHAIGAL KATCHI,,53,735,735
2016,MLA,29,299,298,,SELVAM S,INDEPENDENT,0,735,735
2016,MLA,29,299,298,,DILLI A,INDEPENDENT,0,735,735
2016,MLA,29,299,298,,NIRMAL E,INDEPENDENT,1,735,735
2016,MLA,29,299,298,,PALANI C,INDEPENDENT,2,735,735
2016,MLA,29,299,298,,PALANI M,INDEPENDENT,1,735,735
2016,MLA,29,299,298,,PRAKASH R,INDEPENDENT,1,735,735
2016,MLA,29,299,298,,NOTA,0,9,735,735
2016,MLA,29,300,299,,CHANDRAN N,BAHUJAN SAMAJPARTY,4,774,774
2016,MLA,29,300,299,,SELVAPERUNTHAGAI K,INDIAN NATIONALCONGRESS,220,774,774
2016,MLA,29,300,299,,PALANI K,ALL INDIA ANNADRAVIDA MUNNETRAKAZHAGAM,445,774,774
2016,MLA,29,300,299,,MANOHARAN M,BHARATIYA JANATHAPARTY,7,774,774
2016,MLA,29,300,299,,SIVARANJINI B,NAAM TAMILARKATCHI,10,774,774
2016,MLA,29,300,299,,MUTHURAMAN C,PATTALI MAKKALKATCHI,6,774,774
2016,MLA,29,300,299,,LOK JAN SHAKTI PARTYRAVI M,,0,774,774
2016,MLA,29,300,299,,RAJESH V,COMMUNIST PARTYOF INDIA (MARXISTLENINIST) LIBERATION,0,774,774
2016,MLA,29,300,299,,VIDUTHALAIVEERAKUMAR MCHIRUTHAIGAL KATCHI,,67,774,774
2016,MLA,29,300,299,,SELVAM S,INDEPENDENT,0,774,774
2016,MLA,29,300,299,,DILLI A,INDEPENDENT,0,774,774
2016,MLA,29,300,299,,NIRMAL E,INDEPENDENT,0,774,774
2016,MLA,29,300,299,,PALANI C,INDEPENDENT,4,774,774
2016,MLA,29,300,299,,PALANI M,INDEPENDENT,3,774,774
2016,MLA,29,300,299,,PRAKASH R,INDEPENDENT,1,774,774
2016,MLA,29,300,299,,NOTA,0,7,774,774
2016,MLA,29,301,300,,CHANDRAN N,BAHUJAN SAMAJPARTY,0,453,453
2016,MLA,29,301,300,,SELVAPERUNTHAGAI K,INDIAN NATIONALCONGRESS,204,453,453
2016,MLA,29,301,300,,PALANI K,ALL INDIA ANNADRAVIDA MUNNETRAKAZHAGAM,180,453,453
2016,MLA,29,301,300,,MANOHARAN M,BHARATIYA JANATHAPARTY,6,453,453
2016,MLA,29,301,300,,SIVARANJINI B,NAAM TAMILARKATCHI,6,453,453
2016,MLA,29,301,300,,MUTHURAMAN C,PATTALI MAKKALKATCHI,12,453,453
2016,MLA,29,301,300,,LOK JAN SHAKTI PARTYRAVI M,,0,453,453
2016,MLA,29,301,300,,RAJESH V,COMMUNIST PARTYOF INDIA (MARXISTLENINIST) LIBERATION,0,453,453
2016,MLA,29,301,300,,VIDUTHALAIVEERAKUMAR MCHIRUTHAIGAL KATCHI,,39,453,453
2016,MLA,29,301,300,,SELVAM S,INDEPENDENT,0,453,453
2016,MLA,29,301,300,,DILLI A,INDEPENDENT,0,453,453
2016,MLA,29,301,300,,NIRMAL E,INDEPENDENT,0,453,453
2016,MLA,29,301,300,,PALANI C,INDEPENDENT,0,453,453
2016,MLA,29,301,300,,PALANI M,INDEPENDENT,0,453,453
2016,MLA,29,301,300,,PRAKASH R,INDEPENDENT,0,453,453
2016,MLA,29,301,300,,NOTA,0,6,453,453
2016,MLA,29,302,301,,CHANDRAN N,BAHUJAN SAMAJPARTY,3,647,647
2016,MLA,29,302,301,,SELVAPERUNTHAGAI K,INDIAN NATIONALCONGRESS,270,647,647
2016,MLA,29,302,301,,PALANI K,ALL INDIA ANNADRAVIDA MUNNETRAKAZHAGAM,257,647,647
2016,MLA,29,302,301,,MANOHARAN M,BHARATIYA JANATHAPARTY,9,647,647
2016,MLA,29,302,301,,SIVARANJINI B,NAAM TAMILARKATCHI,11,647,647
2016,MLA,29,302,301,,MUTHURAMAN C,PATTALI MAKKALKATCHI,23,647,647
2016,MLA,29,302,301,,LOK JAN SHAKTI PARTYRAVI M,,0,647,647
2016,MLA,29,302,301,,RAJESH V,COMMUNIST PARTYOF INDIA (MARXISTLENINIST) LIBERATION,0,647,647
2016,MLA,29,302,301,,VIDUTHALAIVEERAKUMAR MCHIRUTHAIGAL KATCHI,,59,647,647
2016,MLA,29,302,301,,SELVAM S,INDEPENDENT,1,647,647
2016,MLA,29,302,301,,DILLI A,INDEPENDENT,0,647,647
2016,MLA,29,302,301,,NIRMAL E,INDEPENDENT,0,647,647
2016,MLA,29,302,301,,PALANI C,INDEPENDENT,0,647,647
2016,MLA,29,302,301,,PALANI M,INDEPENDENT,0,647,647
2016,MLA,29,302,301,,PRAKASH R,INDEPENDENT,0,647,647
2016,MLA,29,302,301,,NOTA,0,14,647,647
2016,MLA,29,303,302,,CHANDRAN N,BAHUJAN SAMAJPARTY,4,793,793
2016,MLA,29,303,302,,SELVAPERUNTHAGAI K,INDIAN NATIONALCONGRESS,394,793,793
2016,MLA,29,303,302,,PALANI K,ALL INDIA ANNADRAVIDA MUNNETRAKAZHAGAM,284,793,793
2016,MLA,29,303,302,,MANOHARAN M,BHARATIYA JANATHAPARTY,6,793,793
2016,MLA,29,303,302,,SIVARANJINI B,NAAM TAMILARKATCHI,19,793,793
2016,MLA,29,303,302,,MUTHURAMAN C,PATTALI MAKKALKATCHI,23,793,793
2016,MLA,29,303,302,,LOK JAN SHAKTI PARTYRAVI M,,0,793,793
2016,MLA,29,303,302,,RAJESH V,COMMUNIST PARTYOF INDIA (MARXISTLENINIST) LIBERATION,1,793,793
2016,MLA,29,303,302,,VIDUTHALAIVEERAKUMAR MCHIRUTHAIGAL KATCHI,,47,793,793
2016,MLA,29,303,302,,SELVAM S,INDEPENDENT,1,793,793
2016,MLA,29,303,302,,DILLI A,INDEPENDENT,0,793,793
2016,MLA,29,303,302,,NIRMAL E,INDEPENDENT,0,793,793
2016,MLA,29,303,302,,PALANI C,INDEPENDENT,0,793,793
2016,MLA,29,303,302,,PALANI M,INDEPENDENT,2,793,793
2016,MLA,29,303,302,,PRAKASH R,INDEPENDENT,0,793,793
2016,MLA,29,303,302,,NOTA,0,12,793,793
2016,MLA,29,304,303,,CHANDRAN N,BAHUJAN SAMAJPARTY,1,474,474
2016,MLA,29,304,303,,SELVAPERUNTHAGAI K,INDIAN NATIONALCONGRESS,217,474,474
2016,MLA,29,304,303,,PALANI K,ALL INDIA ANNADRAVIDA MUNNETRAKAZHAGAM,209,474,474
2016,MLA,29,304,303,,MANOHARAN M,BHARATIYA JANATHAPARTY,2,474,474
2016,MLA,29,304,303,,SIVARANJINI B,NAAM TAMILARKATCHI,1,474,474
2016,MLA,29,304,303,,MUTHURAMAN C,PATTALI MAKKALKATCHI,8,474,474
2016,MLA,29,304,303,,LOK JAN SHAKTI PARTYRAVI M,,0,474,474
2016,MLA,29,304,303,,RAJESH V,COMMUNIST PARTYOF INDIA (MARXISTLENINIST) LIBERATION,0,474,474
2016,MLA,29,304,303,,VIDUTHALAIVEERAKUMAR MCHIRUTHAIGAL KATCHI,,33,474,474
2016,MLA,29,304,303,,SELVAM S,INDEPENDENT,0,474,474
2016,MLA,29,304,303,,DILLI A,INDEPENDENT,0,474,474
2016,MLA,29,304,303,,NIRMAL E,INDEPENDENT,0,474,474
2016,MLA,29,304,303,,PALANI C,INDEPENDENT,0,474,474
2016,MLA,29,304,303,,PALANI M,INDEPENDENT,0,474,474
2016,MLA,29,304,303,,PRAKASH R,INDEPENDENT,0,474,474
2016,MLA,29,304,303,,NOTA,0,3,474,474
2016,MLA,29,305,304,,CHANDRAN N,BAHUJAN SAMAJPARTY,1,535,535
2016,MLA,29,305,304,,SELVAPERUNTHAGAI K,INDIAN NATIONALCONGRESS,249,535,535
2016,MLA,29,305,304,,PALANI K,ALL INDIA ANNADRAVIDA MUNNETRAKAZHAGAM,192,535,535
2016,MLA,29,305,304,,MANOHARAN M,BHARATIYA JANATHAPARTY,7,535,535
2016,MLA,29,305,304,,SIVARANJINI B,NAAM TAMILARKATCHI,11,535,535
2016,MLA,29,305,304,,MUTHURAMAN C,PATTALI MAKKALKATCHI,10,535,535
2016,MLA,29,305,304,,LOK JAN SHAKTI PARTYRAVI M,,2,535,535
2016,MLA,29,305,304,,RAJESH V,COMMUNIST PARTYOF INDIA (MARXISTLENINIST) LIBERATION,0,535,535
2016,MLA,29,305,304,,VIDUTHALAIVEERAKUMAR MCHIRUTHAIGAL KATCHI,,55,535,535
2016,MLA,29,305,304,,SELVAM S,INDEPENDENT,0,535,535
2016,MLA,29,305,304,,DILLI A,INDEPENDENT,0,535,535
2016,MLA,29,305,304,,NIRMAL E,INDEPENDENT,0,535,535
2016,MLA,29,305,304,,PALANI C,INDEPENDENT,0,535,535
2016,MLA,29,305,304,,PALANI M,INDEPENDENT,0,535,535
2016,MLA,29,305,304,,PRAKASH R,INDEPENDENT,0,535,535
2016,MLA,29,305,304,,NOTA,0,8,535,535
2016,MLA,29,306,305,,CHANDRAN N,BAHUJAN SAMAJPARTY,1,551,551
2016,MLA,29,306,305,,SELVAPERUNTHAGAI K,INDIAN NATIONALCONGRESS,239,551,551
2016,MLA,29,306,305,,PALANI K,ALL INDIA ANNADRAVIDA MUNNETRAKAZHAGAM,224,551,551
2016,MLA,29,306,305,,MANOHARAN M,BHARATIYA JANATHAPARTY,8,551,551
2016,MLA,29,306,305,,SIVARANJINI B,NAAM TAMILARKATCHI,15,551,551
2016,MLA,29,306,305,,MUTHURAMAN C,PATTALI MAKKALKATCHI,15,551,551
2016,MLA,29,306,305,,LOK JAN SHAKTI PARTYRAVI M,,0,551,551
2016,MLA,29,306,305,,RAJESH V,COMMUNIST PARTYOF INDIA (MARXISTLENINIST) LIBERATION,0,551,551
2016,MLA,29,306,305,,VIDUTHALAIVEERAKUMAR MCHIRUTHAIGAL KATCHI,,40,551,551
2016,MLA,29,306,305,,SELVAM S,INDEPENDENT,0,551,551
2016,MLA,29,306,305,,DILLI A,INDEPENDENT,1,551,551
2016,MLA,29,306,305,,NIRMAL E,INDEPENDENT,1,551,551
2016,MLA,29,306,305,,PALANI C,INDEPENDENT,0,551,551
2016,MLA,29,306,305,,PALANI M,INDEPENDENT,0,551,551
2016,MLA,29,306,305,,PRAKASH R,INDEPENDENT,0,551,551
2016,MLA,29,306,305,,NOTA,0,7,551,551
2016,MLA,29,307,306,,CHANDRAN N,BAHUJAN SAMAJPARTY,0,807,807
2016,MLA,29,307,306,,SELVAPERUNTHAGAI K,INDIAN NATIONALCONGRESS,327,807,807
2016,MLA,29,307,306,,PALANI K,ALL INDIA ANNADRAVIDA MUNNETRAKAZHAGAM,383,807,807
2016,MLA,29,307,306,,MANOHARAN M,BHARATIYA JANATHAPARTY,9,807,807
2016,MLA,29,307,306,,SIVARANJINI B,NAAM TAMILARKATCHI,17,807,807
2016,MLA,29,307,306,,MUTHURAMAN C,PATTALI MAKKALKATCHI,13,807,807
2016,MLA,29,307,306,,LOK JAN SHAKTI PARTYRAVI M,,0,807,807
2016,MLA,29,307,306,,RAJESH V,COMMUNIST PARTYOF INDIA (MARXISTLENINIST) LIBERATION,0,807,807
2016,MLA,29,307,306,,VIDUTHALAIVEERAKUMAR MCHIRUTHAIGAL KATCHI,,42,807,807
2016,MLA,29,307,306,,SELVAM S,INDEPENDENT,0,807,807
2016,MLA,29,307,306,,DILLI A,INDEPENDENT,0,807,807
2016,MLA,29,307,306,,NIRMAL E,INDEPENDENT,1,807,807
2016,MLA,29,307,306,,PALANI C,INDEPENDENT,2,807,807
2016,MLA,29,307,306,,PALANI M,INDEPENDENT,0,807,807
2016,MLA,29,307,306,,PRAKASH R,INDEPENDENT,2,807,807
2016,MLA,29,307,306,,NOTA,0,11,807,807
2016,MLA,29,308,307,,CHANDRAN N,BAHUJAN SAMAJPARTY,0,441,441
2016,MLA,29,308,307,,SELVAPERUNTHAGAI K,INDIAN NATIONALCONGRESS,164,441,441
2016,MLA,29,308,307,,PALANI K,ALL INDIA ANNADRAVIDA MUNNETRAKAZHAGAM,220,441,441
2016,MLA,29,308,307,,MANOHARAN M,BHARATIYA JANATHAPARTY,13,441,441
2016,MLA,29,308,307,,SIVARANJINI B,NAAM TAMILARKATCHI,6,441,441
2016,MLA,29,308,307,,MUTHURAMAN C,PATTALI MAKKALKATCHI,17,441,441
2016,MLA,29,308,307,,LOK JAN SHAKTI PARTYRAVI M,,0,441,441
2016,MLA,29,308,307,,RAJESH V,COMMUNIST PARTYOF INDIA (MARXISTLENINIST) LIBERATION,0,441,441
2016,MLA,29,308,307,,VIDUTHALAIVEERAKUMAR MCHIRUTHAIGAL KATCHI,,13,441,441
2016,MLA,29,308,307,,SELVAM S,INDEPENDENT,0,441,441
2016,MLA,29,308,307,,DILLI A,INDEPENDENT,0,441,441
2016,MLA,29,308,307,,NIRMAL E,INDEPENDENT,0,441,441
2016,MLA,29,308,307,,PALANI C,INDEPENDENT,2,441,441
2016,MLA,29,308,307,,PALANI M,INDEPENDENT,1,441,441
2016,MLA,29,308,307,,PRAKASH R,INDEPENDENT,0,441,441
2016,MLA,29,308,307,,NOTA,0,5,441,441
2016,MLA,29,309,308,,CHANDRAN N,BAHUJAN SAMAJPARTY,2,866,866
2016,MLA,29,309,308,,SELVAPERUNTHAGAI K,INDIAN NATIONALCONGRESS,387,866,866
2016,MLA,29,309,308,,PALANI K,ALL INDIA ANNADRAVIDA MUNNETRAKAZHAGAM,331,866,866
2016,MLA,29,309,308,,MANOHARAN M,BHARATIYA JANATHAPARTY,15,866,866
2016,MLA,29,309,308,,SIVARANJINI B,NAAM TAMILARKATCHI,28,866,866
2016,MLA,29,309,308,,MUTHURAMAN C,PATTALI MAKKALKATCHI,15,866,866
2016,MLA,29,309,308,,LOK JAN SHAKTI PARTYRAVI M,,0,866,866
2016,MLA,29,309,308,,RAJESH V,COMMUNIST PARTYOF INDIA (MARXISTLENINIST) LIBERATION,0,866,866
2016,MLA,29,309,308,,VIDUTHALAIVEERAKUMAR MCHIRUTHAIGAL KATCHI,,72,866,866
2016,MLA,29,309,308,,SELVAM S,INDEPENDENT,0,866,866
2016,MLA,29,309,308,,DILLI A,INDEPENDENT,1,866,866
2016,MLA,29,309,308,,NIRMAL E,INDEPENDENT,0,866,866
2016,MLA,29,309,308,,PALANI C,INDEPENDENT,0,866,866
2016,MLA,29,309,308,,PALANI M,INDEPENDENT,0,866,866
2016,MLA,29,309,308,,PRAKASH R,INDEPENDENT,0,866,866
2016,MLA,29,309,308,,NOTA,0,15,866,866
2016,MLA,29,310,309,,CHANDRAN N,BAHUJAN SAMAJPARTY,0,288,288
2016,MLA,29,310,309,,SELVAPERUNTHAGAI K,INDIAN NATIONALCONGRESS,126,288,288
2016,MLA,29,310,309,,PALANI K,ALL INDIA ANNADRAVIDA MUNNETRAKAZHAGAM,106,288,288
2016,MLA,29,310,309,,MANOHARAN M,BHARATIYA JANATHAPARTY,10,288,288
2016,MLA,29,310,309,,SIVARANJINI B,NAAM TAMILARKATCHI,9,288,288
2016,MLA,29,310,309,,MUTHURAMAN C,PATTALI MAKKALKATCHI,8,288,288
2016,MLA,29,310,309,,LOK JAN SHAKTI PARTYRAVI M,,0,288,288
2016,MLA,29,310,309,,RAJESH V,COMMUNIST PARTYOF INDIA (MARXISTLENINIST) LIBERATION,0,288,288
2016,MLA,29,310,309,,VIDUTHALAIVEERAKUMAR MCHIRUTHAIGAL KATCHI,,20,288,288
2016,MLA,29,310,309,,SELVAM S,INDEPENDENT,0,288,288
2016,MLA,29,310,309,,DILLI A,INDEPENDENT,0,288,288
2016,MLA,29,310,309,,NIRMAL E,INDEPENDENT,0,288,288
2016,MLA,29,310,309,,PALANI C,INDEPENDENT,0,288,288
2016,MLA,29,310,309,,PALANI M,INDEPENDENT,1,288,288
2016,MLA,29,310,309,,PRAKASH R,INDEPENDENT,0,288,288
2016,MLA,29,310,309,,NOTA,0,8,288,288
2016,MLA,29,311,310,,CHANDRAN N,BAHUJAN SAMAJPARTY,1,592,592
2016,MLA,29,311,310,,SELVAPERUNTHAGAI K,INDIAN NATIONALCONGRESS,284,592,592
2016,MLA,29,311,310,,PALANI K,ALL INDIA ANNADRAVIDA MUNNETRAKAZHAGAM,220,592,592
2016,MLA,29,311,310,,MANOHARAN M,BHARATIYA JANATHAPARTY,14,592,592
2016,MLA,29,311,310,,SIVARANJINI B,NAAM TAMILARKATCHI,19,592,592
2016,MLA,29,311,310,,MUTHURAMAN C,PATTALI MAKKALKATCHI,12,592,592
2016,MLA,29,311,310,,LOK JAN SHAKTI PARTYRAVI M,,0,592,592
2016,MLA,29,311,310,,RAJESH V,COMMUNIST PARTYOF INDIA (MARXISTLENINIST) LIBERATION,0,592,592
2016,MLA,29,311,310,,VIDUTHALAIVEERAKUMAR MCHIRUTHAIGAL KATCHI,,27,592,592
2016,MLA,29,311,310,,SELVAM S,INDEPENDENT,1,592,592
2016,MLA,29,311,310,,DILLI A,INDEPENDENT,0,592,592
2016,MLA,29,311,310,,NIRMAL E,INDEPENDENT,0,592,592
2016,MLA,29,311,310,,PALANI C,INDEPENDENT,0,592,592
2016,MLA,29,311,310,,PALANI M,INDEPENDENT,0,592,592
2016,MLA,29,311,310,,PRAKASH R,INDEPENDENT,0,592,592
2016,MLA,29,311,310,,NOTA,0,14,592,592
2016,MLA,29,312,311,,CHANDRAN N,BAHUJAN SAMAJPARTY,1,519,519
2016,MLA,29,312,311,,SELVAPERUNTHAGAI K,INDIAN NATIONALCONGRESS,236,519,519
2016,MLA,29,312,311,,PALANI K,ALL INDIA ANNADRAVIDA MUNNETRAKAZHAGAM,181,519,519
2016,MLA,29,312,311,,MANOHARAN M,BHARATIYA JANATHAPARTY,14,519,519
2016,MLA,29,312,311,,SIVARANJINI B,NAAM TAMILARKATCHI,21,519,519
2016,MLA,29,312,311,,MUTHURAMAN C,PATTALI MAKKALKATCHI,19,519,519
2016,MLA,29,312,311,,LOK JAN SHAKTI PARTYRAVI M,,0,519,519
2016,MLA,29,312,311,,RAJESH V,COMMUNIST PARTYOF INDIA (MARXISTLENINIST) LIBERATION,0,519,519
2016,MLA,29,312,311,,VIDUTHALAIVEERAKUMAR MCHIRUTHAIGAL KATCHI,,30,519,519
2016,MLA,29,312,311,,SELVAM S,INDEPENDENT,0,519,519
2016,MLA,29,312,311,,DILLI A,INDEPENDENT,0,519,519
2016,MLA,29,312,311,,NIRMAL E,INDEPENDENT,0,519,519
2016,MLA,29,312,311,,PALANI C,INDEPENDENT,1,519,519
2016,MLA,29,312,311,,PALANI M,INDEPENDENT,1,519,519
2016,MLA,29,312,311,,PRAKASH R,INDEPENDENT,0,519,519
2016,MLA,29,312,311,,NOTA,0,15,519,519
2016,MLA,29,313,312,,CHANDRAN N,BAHUJAN SAMAJPARTY,1,447,447
2016,MLA,29,313,312,,SELVAPERUNTHAGAI K,INDIAN NATIONALCONGRESS,191,447,447
2016,MLA,29,313,312,,PALANI K,ALL INDIA ANNADRAVIDA MUNNETRAKAZHAGAM,153,447,447
2016,MLA,29,313,312,,MANOHARAN M,BHARATIYA JANATHAPARTY,20,447,447
2016,MLA,29,313,312,,SIVARANJINI B,NAAM TAMILARKATCHI,24,447,447
2016,MLA,29,313,312,,MUTHURAMAN C,PATTALI MAKKALKATCHI,21,447,447
2016,MLA,29,313,312,,LOK JAN SHAKTI PARTYRAVI M,,0,447,447
2016,MLA,29,313,312,,RAJESH V,COMMUNIST PARTYOF INDIA (MARXISTLENINIST) LIBERATION,1,447,447
2016,MLA,29,313,312,,VIDUTHALAIVEERAKUMAR MCHIRUTHAIGAL KATCHI,,23,447,447
2016,MLA,29,313,312,,SELVAM S,INDEPENDENT,0,447,447
2016,MLA,29,313,312,,DILLI A,INDEPENDENT,0,447,447
2016,MLA,29,313,312,,NIRMAL E,INDEPENDENT,1,447,447
2016,MLA,29,313,312,,PALANI C,INDEPENDENT,0,447,447
2016,MLA,29,313,312,,PALANI M,INDEPENDENT,0,447,447
2016,MLA,29,313,312,,PRAKASH R,INDEPENDENT,0,447,447
2016,MLA,29,313,312,,NOTA,0,12,447,447
2016,MLA,29,314,313,,CHANDRAN N,BAHUJAN SAMAJPARTY,2,654,654
2016,MLA,29,314,313,,SELVAPERUNTHAGAI K,INDIAN NATIONALCONGRESS,246,654,654
2016,MLA,29,314,313,,PALANI K,ALL INDIA ANNADRAVIDA MUNNETRAKAZHAGAM,270,654,654
2016,MLA,29,314,313,,MANOHARAN M,BHARATIYA JANATHAPARTY,19,654,654
2016,MLA,29,314,313,,SIVARANJINI B,NAAM TAMILARKATCHI,26,654,654
2016,MLA,29,314,313,,MUTHURAMAN C,PATTALI MAKKALKATCHI,29,654,654
2016,MLA,29,314,313,,LOK JAN SHAKTI PARTYRAVI M,,0,654,654
2016,MLA,29,314,313,,RAJESH V,COMMUNIST PARTYOF INDIA (MARXISTLENINIST) LIBERATION,2,654,654
2016,MLA,29,314,313,,VIDUTHALAIVEERAKUMAR MCHIRUTHAIGAL KATCHI,,34,654,654
2016,MLA,29,314,313,,SELVAM S,INDEPENDENT,0,654,654
2016,MLA,29,314,313,,DILLI A,INDEPENDENT,1,654,654
2016,MLA,29,314,313,,NIRMAL E,INDEPENDENT,0,654,654
2016,MLA,29,314,313,,PALANI C,INDEPENDENT,1,654,654
2016,MLA,29,314,313,,PALANI M,INDEPENDENT,0,654,654
2016,MLA,29,314,313,,PRAKASH R,INDEPENDENT,0,654,654
2016,MLA,29,314,313,,NOTA,0,24,654,654
2016,MLA,29,315,314,,CHANDRAN N,BAHUJAN SAMAJPARTY,1,1123,1123
2016,MLA,29,315,314,,SELVAPERUNTHAGAI K,INDIAN NATIONALCONGRESS,371,1123,1123
2016,MLA,29,315,314,,PALANI K,ALL INDIA ANNADRAVIDA MUNNETRAKAZHAGAM,623,1123,1123
2016,MLA,29,315,314,,MANOHARAN M,BHARATIYA JANATHAPARTY,9,1123,1123
2016,MLA,29,315,314,,SIVARANJINI B,NAAM TAMILARKATCHI,4,1123,1123
2016,MLA,29,315,314,,MUTHURAMAN C,PATTALI MAKKALKATCHI,87,1123,1123
2016,MLA,29,315,314,,LOK JAN SHAKTI PARTYRAVI M,,0,1123,1123
2016,MLA,29,315,314,,RAJESH V,COMMUNIST PARTYOF INDIA (MARXISTLENINIST) LIBERATION,0,1123,1123
2016,MLA,29,315,314,,VIDUTHALAIVEERAKUMAR MCHIRUTHAIGAL KATCHI,,21,1123,1123
2016,MLA,29,315,314,,SELVAM S,INDEPENDENT,1,1123,1123
2016,MLA,29,315,314,,DILLI A,INDEPENDENT,0,1123,1123
2016,MLA,29,315,314,,NIRMAL E,INDEPENDENT,0,1123,1123
2016,MLA,29,315,314,,PALANI C,INDEPENDENT,1,1123,1123
2016,MLA,29,315,314,,PALANI M,INDEPENDENT,2,1123,1123
2016,MLA,29,315,314,,PRAKASH R,INDEPENDENT,0,1123,1123
2016,MLA,29,315,314,,NOTA,0,3,1123,1123
2016,MLA,29,316,315,,CHANDRAN N,BAHUJAN SAMAJPARTY,2,767,767
2016,MLA,29,316,315,,SELVAPERUNTHAGAI K,INDIAN NATIONALCONGRESS,234,767,767
2016,MLA,29,316,315,,PALANI K,ALL INDIA ANNADRAVIDA MUNNETRAKAZHAGAM,439,767,767
2016,MLA,29,316,315,,MANOHARAN M,BHARATIYA JANATHAPARTY,5,767,767
2016,MLA,29,316,315,,SIVARANJINI B,NAAM TAMILARKATCHI,11,767,767
2016,MLA,29,316,315,,MUTHURAMAN C,PATTALI MAKKALKATCHI,41,767,767
2016,MLA,29,316,315,,LOK JAN SHAKTI PARTYRAVI M,,2,767,767
2016,MLA,29,316,315,,RAJESH V,COMMUNIST PARTYOF INDIA (MARXISTLENINIST) LIBERATION,0,767,767
2016,MLA,29,316,315,,VIDUTHALAIVEERAKUMAR MCHIRUTHAIGAL KATCHI,,23,767,767
2016,MLA,29,316,315,,SELVAM S,INDEPENDENT,0,767,767
2016,MLA,29,316,315,,DILLI A,INDEPENDENT,0,767,767
2016,MLA,29,316,315,,NIRMAL E,INDEPENDENT,0,767,767
2016,MLA,29,316,315,,PALANI C,INDEPENDENT,0,767,767
2016,MLA,29,316,315,,PALANI M,INDEPENDENT,0,767,767
2016,MLA,29,316,315,,PRAKASH R,INDEPENDENT,1,767,767
2016,MLA,29,316,315,,NOTA,0,9,767,767
2016,MLA,29,317,316,,CHANDRAN N,BAHUJAN SAMAJPARTY,2,706,706
2016,MLA,29,317,316,,SELVAPERUNTHAGAI K,INDIAN NATIONALCONGRESS,195,706,706
2016,MLA,29,317,316,,PALANI K,ALL INDIA ANNADRAVIDA MUNNETRAKAZHAGAM,408,706,706
2016,MLA,29,317,316,,MANOHARAN M,BHARATIYA JANATHAPARTY,12,706,706
2016,MLA,29,317,316,,SIVARANJINI B,NAAM TAMILARKATCHI,17,706,706
2016,MLA,29,317,316,,MUTHURAMAN C,PATTALI MAKKALKATCHI,36,706,706
2016,MLA,29,317,316,,LOK JAN SHAKTI PARTYRAVI M,,1,706,706
2016,MLA,29,317,316,,RAJESH V,COMMUNIST PARTYOF INDIA (MARXISTLENINIST) LIBERATION,0,706,706
2016,MLA,29,317,316,,VIDUTHALAIVEERAKUMAR MCHIRUTHAIGAL KATCHI,,20,706,706
2016,MLA,29,317,316,,SELVAM S,INDEPENDENT,0,706,706
2016,MLA,29,317,316,,DILLI A,INDEPENDENT,0,706,706
2016,MLA,29,317,316,,NIRMAL E,INDEPENDENT,1,706,706
2016,MLA,29,317,316,,PALANI C,INDEPENDENT,1,706,706
2016,MLA,29,317,316,,PALANI M,INDEPENDENT,2,706,706
2016,MLA,29,317,316,,PRAKASH R,INDEPENDENT,0,706,706
2016,MLA,29,317,316,,NOTA,0,11,706,706
2016,MLA,29,318,317,,CHANDRAN N,BAHUJAN SAMAJPARTY,3,676,676
2016,MLA,29,318,317,,SELVAPERUNTHAGAI K,INDIAN NATIONALCONGRESS,321,676,676
2016,MLA,29,318,317,,PALANI K,ALL INDIA ANNADRAVIDA MUNNETRAKAZHAGAM,272,676,676
2016,MLA,29,318,317,,MANOHARAN M,BHARATIYA JANATHAPARTY,3,676,676
2016,MLA,29,318,317,,SIVARANJINI B,NAAM TAMILARKATCHI,5,676,676
2016,MLA,29,318,317,,MUTHURAMAN C,PATTALI MAKKALKATCHI,16,676,676
2016,MLA,29,318,317,,LOK JAN SHAKTI PARTYRAVI M,,1,676,676
2016,MLA,29,318,317,,RAJESH V,COMMUNIST PARTYOF INDIA (MARXISTLENINIST) LIBERATION,0,676,676
2016,MLA,29,318,317,,VIDUTHALAIVEERAKUMAR MCHIRUTHAIGAL KATCHI,,44,676,676
2016,MLA,29,318,317,,SELVAM S,INDEPENDENT,1,676,676
2016,MLA,29,318,317,,DILLI A,INDEPENDENT,1,676,676
2016,MLA,29,318,317,,NIRMAL E,INDEPENDENT,0,676,676
2016,MLA,29,318,317,,PALANI C,INDEPENDENT,2,676,676
2016,MLA,29,318,317,,PALANI M,INDEPENDENT,3,676,676
2016,MLA,29,318,317,,PRAKASH R,INDEPENDENT,1,676,676
2016,MLA,29,318,317,,NOTA,0,3,676,676
2016,MLA,29,319,318,,CHANDRAN N,BAHUJAN SAMAJPARTY,3,866,866
2016,MLA,29,319,318,,SELVAPERUNTHAGAI K,INDIAN NATIONALCONGRESS,402,866,866
2016,MLA,29,319,318,,PALANI K,ALL INDIA ANNADRAVIDA MUNNETRAKAZHAGAM,272,866,866
2016,MLA,29,319,318,,MANOHARAN M,BHARATIYA JANATHAPARTY,10,866,866
2016,MLA,29,319,318,,SIVARANJINI B,NAAM TAMILARKATCHI,8,866,866
2016,MLA,29,319,318,,MUTHURAMAN C,PATTALI MAKKALKATCHI,112,866,866
2016,MLA,29,319,318,,LOK JAN SHAKTI PARTYRAVI M,,0,866,866
2016,MLA,29,319,318,,RAJESH V,COMMUNIST PARTYOF INDIA (MARXISTLENINIST) LIBERATION,1,866,866
2016,MLA,29,319,318,,VIDUTHALAIVEERAKUMAR MCHIRUTHAIGAL KATCHI,,28,866,866
2016,MLA,29,319,318,,SELVAM S,INDEPENDENT,2,866,866
2016,MLA,29,319,318,,DILLI A,INDEPENDENT,3,866,866
2016,MLA,29,319,318,,NIRMAL E,INDEPENDENT,0,866,866
2016,MLA,29,319,318,,PALANI C,INDEPENDENT,1,866,866
2016,MLA,29,319,318,,PALANI M,INDEPENDENT,2,866,866
2016,MLA,29,319,318,,PRAKASH R,INDEPENDENT,2,866,866
2016,MLA,29,319,318,,NOTA,0,20,866,866
2016,MLA,29,320,319,,CHANDRAN N,BAHUJAN SAMAJPARTY,0,898,898
2016,MLA,29,320,319,,SELVAPERUNTHAGAI K,INDIAN NATIONALCONGRESS,371,898,898
2016,MLA,29,320,319,,PALANI K,ALL INDIA ANNADRAVIDA MUNNETRAKAZHAGAM,343,898,898
2016,MLA,29,320,319,,MANOHARAN M,BHARATIYA JANATHAPARTY,36,898,898
2016,MLA,29,320,319,,SIVARANJINI B,NAAM TAMILARKATCHI,44,898,898
2016,MLA,29,320,319,,MUTHURAMAN C,PATTALI MAKKALKATCHI,28,898,898
2016,MLA,29,320,319,,LOK JAN SHAKTI PARTYRAVI M,,0,898,898
2016,MLA,29,320,319,,RAJESH V,COMMUNIST PARTYOF INDIA (MARXISTLENINIST) LIBERATION,3,898,898
2016,MLA,29,320,319,,VIDUTHALAIVEERAKUMAR MCHIRUTHAIGAL KATCHI,,53,898,898
2016,MLA,29,320,319,,SELVAM S,INDEPENDENT,1,898,898
2016,MLA,29,320,319,,DILLI A,INDEPENDENT,2,898,898
2016,MLA,29,320,319,,NIRMAL E,INDEPENDENT,2,898,898
2016,MLA,29,320,319,,PALANI C,INDEPENDENT,0,898,898
2016,MLA,29,320,319,,PALANI M,INDEPENDENT,2,898,898
2016,MLA,29,320,319,,PRAKASH R,INDEPENDENT,0,898,898
2016,MLA,29,320,319,,NOTA,0,13,898,898
2016,MLA,29,321,320,,CHANDRAN N,BAHUJAN SAMAJPARTY,1,920,920
2016,MLA,29,321,320,,SELVAPERUNTHAGAI K,INDIAN NATIONALCONGRESS,347,920,920
2016,MLA,29,321,320,,PALANI K,ALL INDIA ANNADRAVIDA MUNNETRAKAZHAGAM,377,920,920
2016,MLA,29,321,320,,MANOHARAN M,BHARATIYA JANATHAPARTY,25,920,920
2016,MLA,29,321,320,,SIVARANJINI B,NAAM TAMILARKATCHI,47,920,920
2016,MLA,29,321,320,,MUTHURAMAN C,PATTALI MAKKALKATCHI,34,920,920
2016,MLA,29,321,320,,LOK JAN SHAKTI PARTYRAVI M,,0,920,920
2016,MLA,29,321,320,,RAJESH V,COMMUNIST PARTYOF INDIA (MARXISTLENINIST) LIBERATION,2,920,920
2016,MLA,29,321,320,,VIDUTHALAIVEERAKUMAR MCHIRUTHAIGAL KATCHI,,46,920,920
2016,MLA,29,321,320,,SELVAM S,INDEPENDENT,1,920,920
2016,MLA,29,321,320,,DILLI A,INDEPENDENT,3,920,920
2016,MLA,29,321,320,,NIRMAL E,INDEPENDENT,2,920,920
2016,MLA,29,321,320,,PALANI C,INDEPENDENT,2,920,920
2016,MLA,29,321,320,,PALANI M,INDEPENDENT,2,920,920
2016,MLA,29,321,320,,PRAKASH R,INDEPENDENT,0,920,920
2016,MLA,29,321,320,,NOTA,0,31,920,920
2016,MLA,29,322,321,,CHANDRAN N,BAHUJAN SAMAJPARTY,0,740,740
2016,MLA,29,322,321,,SELVAPERUNTHAGAI K,INDIAN NATIONALCONGRESS,312,740,740
2016,MLA,29,322,321,,PALANI K,ALL INDIA ANNADRAVIDA MUNNETRAKAZHAGAM,336,740,740
2016,MLA,29,322,321,,MANOHARAN M,BHARATIYA JANATHAPARTY,14,740,740
2016,MLA,29,322,321,,SIVARANJINI B,NAAM TAMILARKATCHI,12,740,740
2016,MLA,29,322,321,,MUTHURAMAN C,PATTALI MAKKALKATCHI,35,740,740
2016,MLA,29,322,321,,LOK JAN SHAKTI PARTYRAVI M,,1,740,740
2016,MLA,29,322,321,,RAJESH V,COMMUNIST PARTYOF INDIA (MARXISTLENINIST) LIBERATION,0,740,740
2016,MLA,29,322,321,,VIDUTHALAIVEERAKUMAR MCHIRUTHAIGAL KATCHI,,20,740,740
2016,MLA,29,322,321,,SELVAM S,INDEPENDENT,0,740,740
2016,MLA,29,322,321,,DILLI A,INDEPENDENT,0,740,740
2016,MLA,29,322,321,,NIRMAL E,INDEPENDENT,0,740,740
2016,MLA,29,322,321,,PALANI C,INDEPENDENT,0,740,740
2016,MLA,29,322,321,,PALANI M,INDEPENDENT,0,740,740
2016,MLA,29,322,321,,PRAKASH R,INDEPENDENT,0,740,740
2016,MLA,29,322,321,,NOTA,0,10,740,740
2016,MLA,29,323,322,,CHANDRAN N,BAHUJAN SAMAJPARTY,1,465,465
2016,MLA,29,323,322,,SELVAPERUNTHAGAI K,INDIAN NATIONALCONGRESS,203,465,465
2016,MLA,29,323,322,,PALANI K,ALL INDIA ANNADRAVIDA MUNNETRAKAZHAGAM,174,465,465
2016,MLA,29,323,322,,MANOHARAN M,BHARATIYA JANATHAPARTY,5,465,465
2016,MLA,29,323,322,,SIVARANJINI B,NAAM TAMILARKATCHI,4,465,465
2016,MLA,29,323,322,,MUTHURAMAN C,PATTALI MAKKALKATCHI,57,465,465
2016,MLA,29,323,322,,LOK JAN SHAKTI PARTYRAVI M,,0,465,465
2016,MLA,29,323,322,,RAJESH V,COMMUNIST PARTYOF INDIA (MARXISTLENINIST) LIBERATION,1,465,465
2016,MLA,29,323,322,,VIDUTHALAIVEERAKUMAR MCHIRUTHAIGAL KATCHI,,11,465,465
2016,MLA,29,323,322,,SELVAM S,INDEPENDENT,0,465,465
2016,MLA,29,323,322,,DILLI A,INDEPENDENT,1,465,465
2016,MLA,29,323,322,,NIRMAL E,INDEPENDENT,0,465,465
2016,MLA,29,323,322,,PALANI C,INDEPENDENT,0,465,465
2016,MLA,29,323,322,,PALANI M,INDEPENDENT,0,465,465
2016,MLA,29,323,322,,PRAKASH R,INDEPENDENT,0,465,465
2016,MLA,29,323,322,,NOTA,0,8,465,465
2016,MLA,29,324,323,,CHANDRAN N,BAHUJAN SAMAJPARTY,0,909,909
2016,MLA,29,324,323,,SELVAPERUNTHAGAI K,INDIAN NATIONALCONGRESS,313,909,909
2016,MLA,29,324,323,,PALANI K,ALL INDIA ANNADRAVIDA MUNNETRAKAZHAGAM,433,909,909
2016,MLA,29,324,323,,MANOHARAN M,BHARATIYA JANATHAPARTY,12,909,909
2016,MLA,29,324,323,,SIVARANJINI B,NAAM TAMILARKATCHI,14,909,909
2016,MLA,29,324,323,,MUTHURAMAN C,PATTALI MAKKALKATCHI,23,909,909
2016,MLA,29,324,323,,LOK JAN SHAKTI PARTYRAVI M,,0,909,909
2016,MLA,29,324,323,,RAJESH V,COMMUNIST PARTYOF INDIA (MARXISTLENINIST) LIBERATION,1,909,909
2016,MLA,29,324,323,,VIDUTHALAIVEERAKUMAR MCHIRUTHAIGAL KATCHI,,96,909,909
2016,MLA,29,324,323,,SELVAM S,INDEPENDENT,1,909,909
2016,MLA,29,324,323,,DILLI A,INDEPENDENT,1,909,909
2016,MLA,29,324,323,,NIRMAL E,INDEPENDENT,0,909,909
2016,MLA,29,324,323,,PALANI C,INDEPENDENT,1,909,909
2016,MLA,29,324,323,,PALANI M,INDEPENDENT,1,909,909
2016,MLA,29,324,323,,PRAKASH R,INDEPENDENT,3,909,909
2016,MLA,29,324,323,,NOTA,0,10,909,909
2016,MLA,29,325,324,,CHANDRAN N,BAHUJAN SAMAJPARTY,1,780,780
2016,MLA,29,325,324,,SELVAPERUNTHAGAI K,INDIAN NATIONALCONGRESS,366,780,780
2016,MLA,29,325,324,,PALANI K,ALL INDIA ANNADRAVIDA MUNNETRAKAZHAGAM,260,780,780
2016,MLA,29,325,324,,MANOHARAN M,BHARATIYA JANATHAPARTY,21,780,780
2016,MLA,29,325,324,,SIVARANJINI B,NAAM TAMILARKATCHI,14,780,780
2016,MLA,29,325,324,,MUTHURAMAN C,PATTALI MAKKALKATCHI,40,780,780
2016,MLA,29,325,324,,LOK JAN SHAKTI PARTYRAVI M,,1,780,780
2016,MLA,29,325,324,,RAJESH V,COMMUNIST PARTYOF INDIA (MARXISTLENINIST) LIBERATION,1,780,780
2016,MLA,29,325,324,,VIDUTHALAIVEERAKUMAR MCHIRUTHAIGAL KATCHI,,53,780,780
2016,MLA,29,325,324,,SELVAM S,INDEPENDENT,0,780,780
2016,MLA,29,325,324,,DILLI A,INDEPENDENT,0,780,780
2016,MLA,29,325,324,,NIRMAL E,INDEPENDENT,1,780,780
2016,MLA,29,325,324,,PALANI C,INDEPENDENT,0,780,780
2016,MLA,29,325,324,,PALANI M,INDEPENDENT,1,780,780
2016,MLA,29,325,324,,PRAKASH R,INDEPENDENT,0,780,780
2016,MLA,29,325,324,,NOTA,0,21,780,780
2016,MLA,29,326,325,,CHANDRAN N,BAHUJAN SAMAJPARTY,0,551,551
2016,MLA,29,326,325,,SELVAPERUNTHAGAI K,INDIAN NATIONALCONGRESS,190,551,551
2016,MLA,29,326,325,,PALANI K,ALL INDIA ANNADRAVIDA MUNNETRAKAZHAGAM,257,551,551
2016,MLA,29,326,325,,MANOHARAN M,BHARATIYA JANATHAPARTY,5,551,551
2016,MLA,29,326,325,,SIVARANJINI B,NAAM TAMILARKATCHI,6,551,551
2016,MLA,29,326,325,,MUTHURAMAN C,PATTALI MAKKALKATCHI,22,551,551
2016,MLA,29,326,325,,LOK JAN SHAKTI PARTYRAVI M,,1,551,551
2016,MLA,29,326,325,,RAJESH V,COMMUNIST PARTYOF INDIA (MARXISTLENINIST) LIBERATION,0,551,551
2016,MLA,29,326,325,,VIDUTHALAIVEERAKUMAR MCHIRUTHAIGAL KATCHI,,51,551,551
2016,MLA,29,326,325,,SELVAM S,INDEPENDENT,1,551,551
2016,MLA,29,326,325,,DILLI A,INDEPENDENT,0,551,551
2016,MLA,29,326,325,,NIRMAL E,INDEPENDENT,0,551,551
2016,MLA,29,326,325,,PALANI C,INDEPENDENT,0,551,551
2016,MLA,29,326,325,,PALANI M,INDEPENDENT,2,551,551
2016,MLA,29,326,325,,PRAKASH R,INDEPENDENT,2,551,551
2016,MLA,29,326,325,,NOTA,0,14,551,551
2016,MLA,29,327,326,,CHANDRAN N,BAHUJAN SAMAJPARTY,1,764,764
2016,MLA,29,327,326,,SELVAPERUNTHAGAI K,INDIAN NATIONALCONGRESS,260,764,764
2016,MLA,29,327,326,,PALANI K,ALL INDIA ANNADRAVIDA MUNNETRAKAZHAGAM,323,764,764
2016,MLA,29,327,326,,MANOHARAN M,BHARATIYA JANATHAPARTY,10,764,764
2016,MLA,29,327,326,,SIVARANJINI B,NAAM TAMILARKATCHI,15,764,764
2016,MLA,29,327,326,,MUTHURAMAN C,PATTALI MAKKALKATCHI,61,764,764
2016,MLA,29,327,326,,LOK JAN SHAKTI PARTYRAVI M,,0,764,764
2016,MLA,29,327,326,,RAJESH V,COMMUNIST PARTYOF INDIA (MARXISTLENINIST) LIBERATION,1,764,764
2016,MLA,29,327,326,,VIDUTHALAIVEERAKUMAR MCHIRUTHAIGAL KATCHI,,85,764,764
2016,MLA,29,327,326,,SELVAM S,INDEPENDENT,0,764,764
2016,MLA,29,327,326,,DILLI A,INDEPENDENT,0,764,764
2016,MLA,29,327,326,,NIRMAL E,INDEPENDENT,1,764,764
2016,MLA,29,327,326,,PALANI C,INDEPENDENT,0,764,764
2016,MLA,29,327,326,,PALANI M,INDEPENDENT,1,764,764
2016,MLA,29,327,326,,PRAKASH R,INDEPENDENT,0,764,764
2016,MLA,29,327,326,,NOTA,0,6,764,764
2016,MLA,29,328,327,,CHANDRAN N,BAHUJAN SAMAJPARTY,0,763,763
2016,MLA,29,328,327,,SELVAPERUNTHAGAI K,INDIAN NATIONALCONGRESS,289,763,763
2016,MLA,29,328,327,,PALANI K,ALL INDIA ANNADRAVIDA MUNNETRAKAZHAGAM,292,763,763
2016,MLA,29,328,327,,MANOHARAN M,BHARATIYA JANATHAPARTY,20,763,763
2016,MLA,29,328,327,,SIVARANJINI B,NAAM TAMILARKATCHI,40,763,763
2016,MLA,29,328,327,,MUTHURAMAN C,PATTALI MAKKALKATCHI,46,763,763
2016,MLA,29,328,327,,LOK JAN SHAKTI PARTYRAVI M,,1,763,763
2016,MLA,29,328,327,,RAJESH V,COMMUNIST PARTYOF INDIA (MARXISTLENINIST) LIBERATION,3,763,763
2016,MLA,29,328,327,,VIDUTHALAIVEERAKUMAR MCHIRUTHAIGAL KATCHI,,51,763,763
2016,MLA,29,328,327,,SELVAM S,INDEPENDENT,0,763,763
2016,MLA,29,328,327,,DILLI A,INDEPENDENT,0,763,763
2016,MLA,29,328,327,,NIRMAL E,INDEPENDENT,0,763,763
2016,MLA,29,328,327,,PALANI C,INDEPENDENT,0,763,763
2016,MLA,29,328,327,,PALANI M,INDEPENDENT,0,763,763
2016,MLA,29,328,327,,PRAKASH R,INDEPENDENT,0,763,763
2016,MLA,29,328,327,,NOTA,0,21,763,763
2016,MLA,29,329,328,,CHANDRAN N,BAHUJAN SAMAJPARTY,1,829,829
2016,MLA,29,329,328,,SELVAPERUNTHAGAI K,INDIAN NATIONALCONGRESS,316,829,829
2016,MLA,29,329,328,,PALANI K,ALL INDIA ANNADRAVIDA MUNNETRAKAZHAGAM,264,829,829
2016,MLA,29,329,328,,MANOHARAN M,BHARATIYA JANATHAPARTY,40,829,829
2016,MLA,29,329,328,,SIVARANJINI B,NAAM TAMILARKATCHI,53,829,829
2016,MLA,29,329,328,,MUTHURAMAN C,PATTALI MAKKALKATCHI,44,829,829
2016,MLA,29,329,328,,LOK JAN SHAKTI PARTYRAVI M,,0,829,829
2016,MLA,29,329,328,,RAJESH V,COMMUNIST PARTYOF INDIA (MARXISTLENINIST) LIBERATION,0,829,829
2016,MLA,29,329,328,,VIDUTHALAIVEERAKUMAR MCHIRUTHAIGAL KATCHI,,74,829,829
2016,MLA,29,329,328,,SELVAM S,INDEPENDENT,0,829,829
2016,MLA,29,329,328,,DILLI A,INDEPENDENT,0,829,829
2016,MLA,29,329,328,,NIRMAL E,INDEPENDENT,0,829,829
2016,MLA,29,329,328,,PALANI C,INDEPENDENT,1,829,829
2016,MLA,29,329,328,,PALANI M,INDEPENDENT,0,829,829
2016,MLA,29,329,328,,PRAKASH R,INDEPENDENT,2,829,829
2016,MLA,29,329,328,,NOTA,0,34,829,829
2016,MLA,29,330,329,,CHANDRAN N,BAHUJAN SAMAJPARTY,4,850,850
2016,MLA,29,330,329,,SELVAPERUNTHAGAI K,INDIAN NATIONALCONGRESS,351,850,850
2016,MLA,29,330,329,,PALANI K,ALL INDIA ANNADRAVIDA MUNNETRAKAZHAGAM,313,850,850
2016,MLA,29,330,329,,MANOHARAN M,BHARATIYA JANATHAPARTY,24,850,850
2016,MLA,29,330,329,,SIVARANJINI B,NAAM TAMILARKATCHI,17,850,850
2016,MLA,29,330,329,,MUTHURAMAN C,PATTALI MAKKALKATCHI,47,850,850
2016,MLA,29,330,329,,LOK JAN SHAKTI PARTYRAVI M,,0,850,850
2016,MLA,29,330,329,,RAJESH V,COMMUNIST PARTYOF INDIA (MARXISTLENINIST) LIBERATION,3,850,850
2016,MLA,29,330,329,,VIDUTHALAIVEERAKUMAR MCHIRUTHAIGAL KATCHI,,79,850,850
2016,MLA,29,330,329,,SELVAM S,INDEPENDENT,0,850,850
2016,MLA,29,330,329,,DILLI A,INDEPENDENT,0,850,850
2016,MLA,29,330,329,,NIRMAL E,INDEPENDENT,0,850,850
2016,MLA,29,330,329,,PALANI C,INDEPENDENT,0,850,850
2016,MLA,29,330,329,,PALANI M,INDEPENDENT,0,850,850
2016,MLA,29,330,329,,PRAKASH R,INDEPENDENT,2,850,850
2016,MLA,29,330,329,,NOTA,0,10,850,850
2016,MLA,29,331,330,,CHANDRAN N,BAHUJAN SAMAJPARTY,2,637,637
2016,MLA,29,331,330,,SELVAPERUNTHAGAI K,INDIAN NATIONALCONGRESS,275,637,637
2016,MLA,29,331,330,,PALANI K,ALL INDIA ANNADRAVIDA MUNNETRAKAZHAGAM,205,637,637
2016,MLA,29,331,330,,MANOHARAN M,BHARATIYA JANATHAPARTY,9,637,637
2016,MLA,29,331,330,,SIVARANJINI B,NAAM TAMILARKATCHI,12,637,637
2016,MLA,29,331,330,,MUTHURAMAN C,PATTALI MAKKALKATCHI,58,637,637
2016,MLA,29,331,330,,LOK JAN SHAKTI PARTYRAVI M,,0,637,637
2016,MLA,29,331,330,,RAJESH V,COMMUNIST PARTYOF INDIA (MARXISTLENINIST) LIBERATION,0,637,637
2016,MLA,29,331,330,,VIDUTHALAIVEERAKUMAR MCHIRUTHAIGAL KATCHI,,68,637,637
2016,MLA,29,331,330,,SELVAM S,INDEPENDENT,0,637,637
2016,MLA,29,331,330,,DILLI A,INDEPENDENT,0,637,637
2016,MLA,29,331,330,,NIRMAL E,INDEPENDENT,0,637,637
2016,MLA,29,331,330,,PALANI C,INDEPENDENT,1,637,637
2016,MLA,29,331,330,,PALANI M,INDEPENDENT,1,637,637
2016,MLA,29,331,330,,PRAKASH R,INDEPENDENT,2,637,637
2016,MLA,29,331,330,,NOTA,0,4,637,637
2016,MLA,29,332,331,,CHANDRAN N,BAHUJAN SAMAJPARTY,2,646,646
2016,MLA,29,332,331,,SELVAPERUNTHAGAI K,INDIAN NATIONALCONGRESS,261,646,646
2016,MLA,29,332,331,,PALANI K,ALL INDIA ANNADRAVIDA MUNNETRAKAZHAGAM,210,646,646
2016,MLA,29,332,331,,MANOHARAN M,BHARATIYA JANATHAPARTY,18,646,646
2016,MLA,29,332,331,,SIVARANJINI B,NAAM TAMILARKATCHI,12,646,646
2016,MLA,29,332,331,,MUTHURAMAN C,PATTALI MAKKALKATCHI,70,646,646
2016,MLA,29,332,331,,LOK JAN SHAKTI PARTYRAVI M,,0,646,646
2016,MLA,29,332,331,,RAJESH V,COMMUNIST PARTYOF INDIA (MARXISTLENINIST) LIBERATION,1,646,646
2016,MLA,29,332,331,,VIDUTHALAIVEERAKUMAR MCHIRUTHAIGAL KATCHI,,58,646,646
2016,MLA,29,332,331,,SELVAM S,INDEPENDENT,0,646,646
2016,MLA,29,332,331,,DILLI A,INDEPENDENT,0,646,646
2016,MLA,29,332,331,,NIRMAL E,INDEPENDENT,0,646,646
2016,MLA,29,332,331,,PALANI C,INDEPENDENT,0,646,646
2016,MLA,29,332,331,,PALANI M,INDEPENDENT,2,646,646
2016,MLA,29,332,331,,PRAKASH R,INDEPENDENT,1,646,646
2016,MLA,29,332,331,,NOTA,0,11,646,646
