year,election,ac_no,sl_no,ps_no,ps_suffix,candidate,party,votes,valid_votes,total_votes
2021,MLA,29,1,1,M,"SELVAPERUNTHAGAI, K",INDIAN NATIONAL CONGRESS,248,458,458
2021,MLA,29,1,1,M,"PALANI, K",ALL INDIA ANNA DRAVIDA MUNNETRA KAZHAGAM,130,458,458
2021,MLA,29,1,1,M,"VINOTH, E",BAHUJAN SAMAJ PARTY,2,458,458
2021,MLA,29,1,1,M,"THANIGAIVEL, M",MAKKAL NEEDHI MAIAM,2,458,458
2021,MLA,29,1,1,M,"PUSHPARAJ, D",NAAM TAMILAR KATCHI,48,458,458
2021,MLA,29,1,1,M,"PERUMAL, R",AMMA MAKKAL MUNNETTRA KAZAGAM,3,458,458
2021,MLA,29,1,1,M,"LOKESH, E",DESIYA MAKKAL SAKTHI KATCHI,0,458,458
2021,MLA,29,1,1,M,"SAROJA, S",INDEPENDENT,1,458,458
2021,MLA,29,1,1,M,"SUDHAKAR, P",INDEPENDENT,0,458,458
2021,MLA,29,1,1,M,"DEVARAJAN, K",INDEPENDENT,11,458,458
2021,MLA,29,1,1,M,"PARTHIBAN, M",INDEPENDENT,0,458,458
2021,MLA,29,1,1,M,"LEENA, V",INDEPENDENT,0,458,458
2021,MLA,29,1,1,M,"VASANTHI, E",INDEPENDENT,0,458,458
2021,MLA,29,1,1,M,"VEDHAGIRI, R",INDEPENDENT,0,458,458
2021,MLA,29,1,1,M,"VAIRAMUTHU, D",INDEPENDENT,10,458,458
2021,MLA,29,1,1,M,NOTA,,3,458,458
2021,MLA,29,2,1,A(W),"SELVAPERUNTHAGAI, K",INDIAN NATIONAL CONGRESS,210,415,415
2021,MLA,29,2,1,A(W),"PALANI, K",ALL INDIA ANNA DRAVIDA MUNNETRA KAZHAGAM,150,415,415
2021,MLA,29,2,1,A(W),"VINOTH, E",BAHUJAN SAMAJ PARTY,1,415,415
2021,MLA,29,2,1,A(W),"THANIGAIVEL, M",MAKKAL NEEDHI MAIAM,3,415,415
2021,MLA,29,2,1,A(W),"PUSHPARAJ, D",NAAM TAMILAR KATCHI,16,415,415
2021,MLA,29,2,1,A(W),"PERUMAL, R",AMMA MAKKAL MUNNETTRA KAZAGAM,2,415,415
2021,MLA,29,2,1,A(W),"LOKESH, E",DESIYA MAKKAL SAKTHI KATCHI,0,415,415
2021,MLA,29,2,1,A(W),"SAROJA, S",INDEPENDENT,2,415,415
2021,MLA,29,2,1,A(W),"SUDHAKAR, P",INDEPENDENT,0,415,415
2021,MLA,29,2,1,A(W),"DEVARAJAN, K",INDEPENDENT,4,415,415
2021,MLA,29,2,1,A(W),"PARTHIBAN, M",INDEPENDENT,0,415,415
2021,MLA,29,2,1,A(W),"LEENA, V",INDEPENDENT,0,415,415
2021,MLA,29,2,1,A(W),"VASANTHI, E",INDEPENDENT,0,415,415
2021,MLA,29,2,1,A(W),"VEDHAGIRI, R",INDEPENDENT,3,415,415
2021,MLA,29,2,1,A(W),"VAIRAMUTHU, D",INDEPENDENT,9,415,415
2021,MLA,29,2,1,A(W),NOTA,,15,415,415
2021,MLA,29,3,2,,"SELVAPERUNTHAGAI, K",INDIAN NATIONAL CONGRESS,310,636,636
2021,MLA,29,3,2,,"PALANI, K",ALL INDIA ANNA DRAVIDA MUNNETRA KAZHAGAM,257,636,636
2021,MLA,29,3,2,,"VINOTH, E",BAHUJAN SAMAJ PARTY,4,636,636
2021,MLA,29,3,2,,"THANIGAIVEL, M",MAKKAL NEEDHI MAIAM,2,636,636
2021,MLA,29,3,2,,"PUSHPARAJ, D",NAAM TAMILAR KATCHI,42,636,636
2021,MLA,29,3,2,,"PERUMAL, R",AMMA MAKKAL MUNNETTRA KAZAGAM,3,636,636
2021,MLA,29,3,2,,"LOKESH, E",DESIYA MAKKAL SAKTHI KATCHI,0,636,636
2021,MLA,29,3,2,,"SAROJA, S",INDEPENDENT,1,636,636
2021,MLA,29,3,2,,"SUDHAKAR, P",INDEPENDENT,1,636,636
2021,MLA,29,3,2,,"DEVARAJAN, K",INDEPENDENT,1,636,636
2021,MLA,29,3,2,,"PARTHIBAN, M",INDEPENDENT,1,636,636
2021,MLA,29,3,2,,"LEENA, V",INDEPENDENT,0,636,636
2021,MLA,29,3,2,,"VASANTHI, E",INDEPENDENT,1,636,636
2021,MLA,29,3,2,,"VEDHAGIRI, R",INDEPENDENT,1,636,636
2021,MLA,29,3,2,,"VAIRAMUTHU, D",INDEPENDENT,8,636,636
2021,MLA,29,3,2,,NOTA,,4,636,636
2021,MLA,29,4,3,,"SELVAPERUNTHAGAI, K",INDIAN NATIONAL CONGRESS,183,569,569
2021,MLA,29,4,3,,"PALANI, K",ALL INDIA ANNA DRAVIDA MUNNETRA KAZHAGAM,335,569,569
2021,MLA,29,4,3,,"VINOTH, E",BAHUJAN SAMAJ PARTY,2,569,569
2021,MLA,29,4,3,,"THANIGAIVEL, M",MAKKAL NEEDHI MAIAM,4,569,569
2021,MLA,29,4,3,,"PUSHPARAJ, D",NAAM TAMILAR KATCHI,27,569,569
2021,MLA,29,4,3,,"PERUMAL, R",AMMA MAKKAL MUNNETTRA KAZAGAM,5,569,569
2021,MLA,29,4,3,,"LOKESH, E",DESIYA MAKKAL SAKTHI KATCHI,0,569,569
2021,MLA,29,4,3,,"SAROJA, S",INDEPENDENT,0,569,569
2021,MLA,29,4,3,,"SUDHAKAR, P",INDEPENDENT,0,569,569
2021,MLA,29,4,3,,"DEVARAJAN, K",INDEPENDENT,1,569,569
2021,MLA,29,4,3,,"PARTHIBAN, M",INDEPENDENT,0,569,569
2021,MLA,29,4,3,,"LEENA, V",INDEPENDENT,0,569,569
2021,MLA,29,4,3,,"VASANTHI, E",INDEPENDENT,1,569,569
2021,MLA,29,4,3,,"VEDHAGIRI, R",INDEPENDENT,0,569,569
2021,MLA,29,4,3,,"VAIRAMUTHU, D",INDEPENDENT,5,569,569
2021,MLA,29,4,3,,NOTA,,6,569,569
2021,MLA,29,5,4,M,"SELVAPERUNTHAGAI, K",INDIAN NATIONAL CONGRESS,137,434,434
2021,MLA,29,5,4,M,"PALANI, K",ALL INDIA ANNA DRAVIDA MUNNETRA KAZHAGAM,234,434,434
2021,MLA,29,5,4,M,"VINOTH, E",BAHUJAN SAMAJ PARTY,5,434,434
2021,MLA,29,5,4,M,"THANIGAIVEL, M",MAKKAL NEEDHI MAIAM,0,434,434
2021,MLA,29,5,4,M,"PUSHPARAJ, D",NAAM TAMILAR KATCHI,43,434,434
2021,MLA,29,5,4,M,"PERUMAL, R",AMMA MAKKAL MUNNETTRA KAZAGAM,9,434,434
2021,MLA,29,5,4,M,"LOKESH, E",DESIYA MAKKAL SAKTHI KATCHI,0,434,434
2021,MLA,29,5,4,M,"SAROJA, S",INDEPENDENT,0,434,434
2021,MLA,29,5,4,M,"SUDHAKAR, P",INDEPENDENT,0,434,434
2021,MLA,29,5,4,M,"DEVARAJAN, K",INDEPENDENT,0,434,434
2021,MLA,29,5,4,M,"PARTHIBAN, M",INDEPENDENT,0,434,434
2021,MLA,29,5,4,M,"LEENA, V",INDEPENDENT,0,434,434
2021,MLA,29,5,4,M,"VASANTHI, E",INDEPENDENT,0,434,434
2021,MLA,29,5,4,M,"VEDHAGIRI, R",INDEPENDENT,0,434,434
2021,MLA,29,5,4,M,"VAIRAMUTHU, D",INDEPENDENT,5,434,434
2021,MLA,29,5,4,M,NOTA,,1,434,434
2021,MLA,29,6,4,A(W),"SELVAPERUNTHAGAI, K",INDIAN NATIONAL CONGRESS,147,440,440
2021,MLA,29,6,4,A(W),"PALANI, K",ALL INDIA ANNA DRAVIDA MUNNETRA KAZHAGAM,265,440,440
2021,MLA,29,6,4,A(W),"VINOTH, E",BAHUJAN SAMAJ PARTY,4,440,440
2021,MLA,29,6,4,A(W),"THANIGAIVEL, M",MAKKAL NEEDHI MAIAM,3,440,440
2021,MLA,29,6,4,A(W),"PUSHPARAJ, D",NAAM TAMILAR KATCHI,7,440,440
2021,MLA,29,6,4,A(W),"PERUMAL, R",AMMA MAKKAL MUNNETTRA KAZAGAM,6,440,440
2021,MLA,29,6,4,A(W),"LOKESH, E",DESIYA MAKKAL SAKTHI KATCHI,0,440,440
2021,MLA,29,6,4,A(W),"SAROJA, S",INDEPENDENT,1,440,440
2021,MLA,29,6,4,A(W),"SUDHAKAR, P",INDEPENDENT,0,440,440
2021,MLA,29,6,4,A(W),"DEVARAJAN, K",INDEPENDENT,0,440,440
2021,MLA,29,6,4,A(W),"PARTHIBAN, M",INDEPENDENT,0,440,440
2021,MLA,29,6,4,A(W),"LEENA, V",INDEPENDENT,0,440,440
2021,MLA,29,6,4,A(W),"VASANTHI, E",INDEPENDENT,0,440,440
2021,MLA,29,6,4,A(W),"VEDHAGIRI, R",INDEPENDENT,1,440,440
2021,MLA,29,6,4,A(W),"VAIRAMUTHU, D",INDEPENDENT,2,440,440
2021,MLA,29,6,4,A(W),NOTA,,4,440,440
2021,MLA,29,7,5,M,"SELVAPERUNTHAGAI, K",INDIAN NATIONAL CONGRESS,164,428,428
2021,MLA,29,7,5,M,"PALANI, K",ALL INDIA ANNA DRAVIDA MUNNETRA KAZHAGAM,205,428,428
2021,MLA,29,7,5,M,"VINOTH, E",BAHUJAN SAMAJ PARTY,8,428,428
2021,MLA,29,7,5,M,"THANIGAIVEL, M",MAKKAL NEEDHI MAIAM,4,428,428
2021,MLA,29,7,5,M,"PUSHPARAJ, D",NAAM TAMILAR KATCHI,31,428,428
2021,MLA,29,7,5,M,"PERUMAL, R",AMMA MAKKAL MUNNETTRA KAZAGAM,6,428,428
2021,MLA,29,7,5,M,"LOKESH, E",DESIYA MAKKAL SAKTHI KATCHI,0,428,428
2021,MLA,29,7,5,M,"SAROJA, S",INDEPENDENT,1,428,428
2021,MLA,29,7,5,M,"SUDHAKAR, P",INDEPENDENT,0,428,428
2021,MLA,29,7,5,M,"DEVARAJAN, K",INDEPENDENT,3,428,428
2021,MLA,29,7,5,M,"PARTHIBAN, M",INDEPENDENT,0,428,428
2021,MLA,29,7,5,M,"LEENA, V",INDEPENDENT,0,428,428
2021,MLA,29,7,5,M,"VASANTHI, E",INDEPENDENT,0,428,428
2021,MLA,29,7,5,M,"VEDHAGIRI, R",INDEPENDENT,0,428,428
2021,MLA,29,7,5,M,"VAIRAMUTHU, D",INDEPENDENT,2,428,428
2021,MLA,29,7,5,M,NOTA,,4,428,428
2021,MLA,29,8,5,A(W),"SELVAPERUNTHAGAI, K",INDIAN NATIONAL CONGRESS,181,428,428
2021,MLA,29,8,5,A(W),"PALANI, K",ALL INDIA ANNA DRAVIDA MUNNETRA KAZHAGAM,208,428,428
2021,MLA,29,8,5,A(W),"VINOTH, E",BAHUJAN SAMAJ PARTY,2,428,428
2021,MLA,29,8,5,A(W),"THANIGAIVEL, M",MAKKAL NEEDHI MAIAM,2,428,428
2021,MLA,29,8,5,A(W),"PUSHPARAJ, D",NAAM TAMILAR KATCHI,17,428,428
2021,MLA,29,8,5,A(W),"PERUMAL, R",AMMA MAKKAL MUNNETTRA KAZAGAM,4,428,428
2021,MLA,29,8,5,A(W),"LOKESH, E",DESIYA MAKKAL SAKTHI KATCHI,0,428,428
2021,MLA,29,8,5,A(W),"SAROJA, S",INDEPENDENT,0,428,428
2021,MLA,29,8,5,A(W),"SUDHAKAR, P",INDEPENDENT,0,428,428
2021,MLA,29,8,5,A(W),"DEVARAJAN, K",INDEPENDENT,0,428,428
2021,MLA,29,8,5,A(W),"PARTHIBAN, M",INDEPENDENT,0,428,428
2021,MLA,29,8,5,A(W),"LEENA, V",INDEPENDENT,0,428,428
2021,MLA,29,8,5,A(W),"VASANTHI, E",INDEPENDENT,0,428,428
2021,MLA,29,8,5,A(W),"VEDHAGIRI, R",INDEPENDENT,0,428,428
2021,MLA,29,8,5,A(W),"VAIRAMUTHU, D",INDEPENDENT,8,428,428
2021,MLA,29,8,5,A(W),NOTA,,6,428,428
2021,MLA,29,9,6,,"SELVAPERUNTHAGAI, K",INDIAN NATIONAL CONGRESS,144,458,458
2021,MLA,29,9,6,,"PALANI, K",ALL INDIA ANNA DRAVIDA MUNNETRA KAZHAGAM,267,458,458
2021,MLA,29,9,6,,"VINOTH, E",BAHUJAN SAMAJ PARTY,4,458,458
2021,MLA,29,9,6,,"THANIGAIVEL, M",MAKKAL NEEDHI MAIAM,6,458,458
2021,MLA,29,9,6,,"PUSHPARAJ, D",NAAM TAMILAR KATCHI,30,458,458
2021,MLA,29,9,6,,"PERUMAL, R",AMMA MAKKAL MUNNETTRA KAZAGAM,5,458,458
2021,MLA,29,9,6,,"LOKESH, E",DESIYA MAKKAL SAKTHI KATCHI,0,458,458
2021,MLA,29,9,6,,"SAROJA, S",INDEPENDENT,0,458,458
2021,MLA,29,9,6,,"SUDHAKAR, P",INDEPENDENT,0,458,458
2021,MLA,29,9,6,,"DEVARAJAN, K",INDEPENDENT,0,458,458
2021,MLA,29,9,6,,"PARTHIBAN, M",INDEPENDENT,0,458,458
2021,MLA,29,9,6,,"LEENA, V",INDEPENDENT,0,458,458
2021,MLA,29,9,6,,"VASANTHI, E",INDEPENDENT,0,458,458
2021,MLA,29,9,6,,"VEDHAGIRI, R",INDEPENDENT,1,458,458
2021,MLA,29,9,6,,"VAIRAMUTHU, D",INDEPENDENT,0,458,458
2021,MLA,29,9,6,,NOTA,,1,458,458
2021,MLA,29,10,7,,"SELVAPERUNTHAGAI, K",INDIAN NATIONAL CONGRESS,177,712,712
2021,MLA,29,10,7,,"PALANI, K",ALL INDIA ANNA DRAVIDA MUNNETRA KAZHAGAM,443,712,712
2021,MLA,29,10,7,,"VINOTH, E",BAHUJAN SAMAJ PARTY,19,712,712
2021,MLA,29,10,7,,"THANIGAIVEL, M",MAKKAL NEEDHI MAIAM,2,712,712
2021,MLA,29,10,7,,"PUSHPARAJ, D",NAAM TAMILAR KATCHI,40,712,712
2021,MLA,29,10,7,,"PERUMAL, R",AMMA MAKKAL MUNNETTRA KAZAGAM,10,712,712
2021,MLA,29,10,7,,"LOKESH, E",DESIYA MAKKAL SAKTHI KATCHI,0,712,712
2021,MLA,29,10,7,,"SAROJA, S",INDEPENDENT,1,712,712
2021,MLA,29,10,7,,"SUDHAKAR, P",INDEPENDENT,0,712,712
2021,MLA,29,10,7,,"DEVARAJAN, K",INDEPENDENT,2,712,712
2021,MLA,29,10,7,,"PARTHIBAN, M",INDEPENDENT,0,712,712
2021,MLA,29,10,7,,"LEENA, V",INDEPENDENT,1,712,712
2021,MLA,29,10,7,,"VASANTHI, E",INDEPENDENT,0,712,712
2021,MLA,29,10,7,,"VEDHAGIRI, R",INDEPENDENT,1,712,712
2021,MLA,29,10,7,,"VAIRAMUTHU, D",INDEPENDENT,13,712,712
2021,MLA,29,10,7,,NOTA,,3,712,712
2021,MLA,29,11,8,,"SELVAPERUNTHAGAI, K",INDIAN NATIONAL CONGRESS,386,594,594
2021,MLA,29,11,8,,"PALANI, K",ALL INDIA ANNA DRAVIDA MUNNETRA KAZHAGAM,128,594,594
2021,MLA,29,11,8,,"VINOTH, E",BAHUJAN SAMAJ PARTY,3,594,594
2021,MLA,29,11,8,,"THANIGAIVEL, M",MAKKAL NEEDHI MAIAM,8,594,594
2021,MLA,29,11,8,,"PUSHPARAJ, D",NAAM TAMILAR KATCHI,51,594,594
2021,MLA,29,11,8,,"PERUMAL, R",AMMA MAKKAL MUNNETTRA KAZAGAM,11,594,594
2021,MLA,29,11,8,,"LOKESH, E",DESIYA MAKKAL SAKTHI KATCHI,0,594,594
2021,MLA,29,11,8,,"SAROJA, S",INDEPENDENT,0,594,594
2021,MLA,29,11,8,,"SUDHAKAR, P",INDEPENDENT,0,594,594
2021,MLA,29,11,8,,"DEVARAJAN, K",INDEPENDENT,1,594,594
2021,MLA,29,11,8,,"PARTHIBAN, M",INDEPENDENT,0,594,594
2021,MLA,29,11,8,,"LEENA, V",INDEPENDENT,0,594,594
2021,MLA,29,11,8,,"VASANTHI, E",INDEPENDENT,1,594,594
2021,MLA,29,11,8,,"VEDHAGIRI, R",INDEPENDENT,0,594,594
2021,MLA,29,11,8,,"VAIRAMUTHU, D",INDEPENDENT,1,594,594
2021,MLA,29,11,8,,NOTA,,4,594,594
2021,MLA,29,12,9,,"SELVAPERUNTHAGAI, K",INDIAN NATIONAL CONGRESS,161,419,419
2021,MLA,29,12,9,,"PALANI, K",ALL INDIA ANNA DRAVIDA MUNNETRA KAZHAGAM,182,419,419
2021,MLA,29,12,9,,"VINOTH, E",BAHUJAN SAMAJ PARTY,2,419,419
2021,MLA,29,12,9,,"THANIGAIVEL, M",MAKKAL NEEDHI MAIAM,2,419,419
2021,MLA,29,12,9,,"PUSHPARAJ, D",NAAM TAMILAR KATCHI,45,419,419
2021,MLA,29,12,9,,"PERUMAL, R",AMMA MAKKAL MUNNETTRA KAZAGAM,11,419,419
2021,MLA,29,12,9,,"LOKESH, E",DESIYA MAKKAL SAKTHI KATCHI,0,419,419
2021,MLA,29,12,9,,"SAROJA, S",INDEPENDENT,0,419,419
2021,MLA,29,12,9,,"SUDHAKAR, P",INDEPENDENT,0,419,419
2021,MLA,29,12,9,,"DEVARAJAN, K",INDEPENDENT,1,419,419
2021,MLA,29,12,9,,"PARTHIBAN, M",INDEPENDENT,0,419,419
2021,MLA,29,12,9,,"LEENA, V",INDEPENDENT,0,419,419
2021,MLA,29,12,9,,"VASANTHI, E",INDEPENDENT,0,419,419
2021,MLA,29,12,9,,"VEDHAGIRI, R",INDEPENDENT,1,419,419
2021,MLA,29,12,9,,"VAIRAMUTHU, D",INDEPENDENT,7,419,419
2021,MLA,29,12,9,,NOTA,,7,419,419
2021,MLA,29,13,10,M,"SELVAPERUNTHAGAI, K",INDIAN NATIONAL CONGRESS,209,428,428
2021,MLA,29,13,10,M,"PALANI, K",ALL INDIA ANNA DRAVIDA MUNNETRA KAZHAGAM,134,428,428
2021,MLA,29,13,10,M,"VINOTH, E",BAHUJAN SAMAJ PARTY,3,428,428
2021,MLA,29,13,10,M,"THANIGAIVEL, M",MAKKAL NEEDHI MAIAM,2,428,428
2021,MLA,29,13,10,M,"PUSHPARAJ, D",NAAM TAMILAR KATCHI,70,428,428
2021,MLA,29,13,10,M,"PERUMAL, R",AMMA MAKKAL MUNNETTRA KAZAGAM,2,428,428
2021,MLA,29,13,10,M,"LOKESH, E",DESIYA MAKKAL SAKTHI KATCHI,0,428,428
2021,MLA,29,13,10,M,"SAROJA, S",INDEPENDENT,0,428,428
2021,MLA,29,13,10,M,"SUDHAKAR, P",INDEPENDENT,0,428,428
2021,MLA,29,13,10,M,"DEVARAJAN, K",INDEPENDENT,0,428,428
2021,MLA,29,13,10,M,"PARTHIBAN, M",INDEPENDENT,0,428,428
2021,MLA,29,13,10,M,"LEENA, V",INDEPENDENT,0,428,428
2021,MLA,29,13,10,M,"VASANTHI, E",INDEPENDENT,0,428,428
2021,MLA,29,13,10,M,"VEDHAGIRI, R",INDEPENDENT,0,428,428
2021,MLA,29,13,10,M,"VAIRAMUTHU, D",INDEPENDENT,6,428,428
2021,MLA,29,13,10,M,NOTA,,2,428,428
2021,MLA,29,14,10,A(W),"SELVAPERUNTHAGAI, K",INDIAN NATIONAL CONGRESS,189,439,439
2021,MLA,29,14,10,A(W),"PALANI, K",ALL INDIA ANNA DRAVIDA MUNNETRA KAZHAGAM,215,439,439
2021,MLA,29,14,10,A(W),"VINOTH, E",BAHUJAN SAMAJ PARTY,3,439,439
2021,MLA,29,14,10,A(W),"THANIGAIVEL, M",MAKKAL NEEDHI MAIAM,1,439,439
2021,MLA,29,14,10,A(W),"PUSHPARAJ, D",NAAM TAMILAR KATCHI,23,439,439
2021,MLA,29,14,10,A(W),"PERUMAL, R",AMMA MAKKAL MUNNETTRA KAZAGAM,1,439,439
2021,MLA,29,14,10,A(W),"LOKESH, E",DESIYA MAKKAL SAKTHI KATCHI,0,439,439
2021,MLA,29,14,10,A(W),"SAROJA, S",INDEPENDENT,1,439,439
2021,MLA,29,14,10,A(W),"SUDHAKAR, P",INDEPENDENT,0,439,439
2021,MLA,29,14,10,A(W),"DEVARAJAN, K",INDEPENDENT,0,439,439
2021,MLA,29,14,10,A(W),"PARTHIBAN, M",INDEPENDENT,0,439,439
2021,MLA,29,14,10,A(W),"LEENA, V",INDEPENDENT,1,439,439
2021,MLA,29,14,10,A(W),"VASANTHI, E",INDEPENDENT,0,439,439
2021,MLA,29,14,10,A(W),"VEDHAGIRI, R",INDEPENDENT,0,439,439
2021,MLA,29,14,10,A(W),"VAIRAMUTHU, D",INDEPENDENT,3,439,439
2021,MLA,29,14,10,A(W),NOTA,,2,439,439
2021,MLA,29,15,11,,"SELVAPERUNTHAGAI, K",INDIAN NATIONAL CONGRESS,407,858,858
2021,MLA,29,15,11,,"PALANI, K",ALL INDIA ANNA DRAVIDA MUNNETRA KAZHAGAM,313,858,858
2021,MLA,29,15,11,,"VINOTH, E",BAHUJAN SAMAJ PARTY,7,858,858
2021,MLA,29,15,11,,"THANIGAIVEL, M",MAKKAL NEEDHI MAIAM,5,858,858
2021,MLA,29,15,11,,"PUSHPARAJ, D",NAAM TAMILAR KATCHI,105,858,858
2021,MLA,29,15,11,,"PERUMAL, R",AMMA MAKKAL MUNNETTRA KAZAGAM,4,858,858
2021,MLA,29,15,11,,"LOKESH, E",DESIYA MAKKAL SAKTHI KATCHI,0,858,858
2021,MLA,29,15,11,,"SAROJA, S",INDEPENDENT,0,858,858
2021,MLA,29,15,11,,"SUDHAKAR, P",INDEPENDENT,0,858,858
2021,MLA,29,15,11,,"DEVARAJAN, K",INDEPENDENT,1,858,858
2021,MLA,29,15,11,,"PARTHIBAN, M",INDEPENDENT,1,858,858
2021,MLA,29,15,11,,"LEENA, V",INDEPENDENT,0,858,858
2021,MLA,29,15,11,,"VASANTHI, E",INDEPENDENT,1,858,858
2021,MLA,29,15,11,,"VEDHAGIRI, R",INDEPENDENT,0,858,858
2021,MLA,29,15,11,,"VAIRAMUTHU, D",INDEPENDENT,6,858,858
2021,MLA,29,15,11,,NOTA,,8,858,858
2021,MLA,29,16,12,,"SELVAPERUNTHAGAI, K",INDIAN NATIONAL CONGRESS,116,607,607
2021,MLA,29,16,12,,"PALANI, K",ALL INDIA ANNA DRAVIDA MUNNETRA KAZHAGAM,439,607,607
2021,MLA,29,16,12,,"VINOTH, E",BAHUJAN SAMAJ PARTY,1,607,607
2021,MLA,29,16,12,,"THANIGAIVEL, M",MAKKAL NEEDHI MAIAM,5,607,607
2021,MLA,29,16,12,,"PUSHPARAJ, D",NAAM TAMILAR KATCHI,37,607,607
2021,MLA,29,16,12,,"PERUMAL, R",AMMA MAKKAL MUNNETTRA KAZAGAM,5,607,607
2021,MLA,29,16,12,,"LOKESH, E",DESIYA MAKKAL SAKTHI KATCHI,0,607,607
2021,MLA,29,16,12,,"SAROJA, S",INDEPENDENT,0,607,607
2021,MLA,29,16,12,,"SUDHAKAR, P",INDEPENDENT,0,607,607
2021,MLA,29,16,12,,"DEVARAJAN, K",INDEPENDENT,0,607,607
2021,MLA,29,16,12,,"PARTHIBAN, M",INDEPENDENT,0,607,607
2021,MLA,29,16,12,,"LEENA, V",INDEPENDENT,0,607,607
2021,MLA,29,16,12,,"VASANTHI, E",INDEPENDENT,1,607,607
2021,MLA,29,16,12,,"VEDHAGIRI, R",INDEPENDENT,0,607,607
2021,MLA,29,16,12,,"VAIRAMUTHU, D",INDEPENDENT,1,607,607
2021,MLA,29,16,12,,NOTA,,2,607,607
2021,MLA,29,17,13,,"SELVAPERUNTHAGAI, K",INDIAN NATIONAL CONGRESS,221,735,735
2021,MLA,29,17,13,,"PALANI, K",ALL INDIA ANNA DRAVIDA MUNNETRA KAZHAGAM,412,735,735
2021,MLA,29,17,13,,"VINOTH, E",BAHUJAN SAMAJ PARTY,0,735,735
2021,MLA,29,17,13,,"THANIGAIVEL, M",MAKKAL NEEDHI MAIAM,4,735,735
2021,MLA,29,17,13,,"PUSHPARAJ, D",NAAM TAMILAR KATCHI,71,735,735
2021,MLA,29,17,13,,"PERUMAL, R",AMMA MAKKAL MUNNETTRA KAZAGAM,8,735,735
2021,MLA,29,17,13,,"LOKESH, E",DESIYA MAKKAL SAKTHI KATCHI,0,735,735
2021,MLA,29,17,13,,"SAROJA, S",INDEPENDENT,0,735,735
2021,MLA,29,17,13,,"SUDHAKAR, P",INDEPENDENT,0,735,735
2021,MLA,29,17,13,,"DEVARAJAN, K",INDEPENDENT,1,735,735
2021,MLA,29,17,13,,"PARTHIBAN, M",INDEPENDENT,0,735,735
2021,MLA,29,17,13,,"LEENA, V",INDEPENDENT,0,735,735
2021,MLA,29,17,13,,"VASANTHI, E",INDEPENDENT,0,735,735
2021,MLA,29,17,13,,"VEDHAGIRI, R",INDEPENDENT,1,735,735
2021,MLA,29,17,13,,"VAIRAMUTHU, D",INDEPENDENT,9,735,735
2021,MLA,29,17,13,,NOTA,,8,735,735
2021,MLA,29,18,14,,"SELVAPERUNTHAGAI, K",INDIAN NATIONAL CONGRESS,129,462,462
2021,MLA,29,18,14,,"PALANI, K",ALL INDIA ANNA DRAVIDA MUNNETRA KAZHAGAM,308,462,462
2021,MLA,29,18,14,,"VINOTH, E",BAHUJAN SAMAJ PARTY,0,462,462
2021,MLA,29,18,14,,"THANIGAIVEL, M",MAKKAL NEEDHI MAIAM,0,462,462
2021,MLA,29,18,14,,"PUSHPARAJ, D",NAAM TAMILAR KATCHI,10,462,462
2021,MLA,29,18,14,,"PERUMAL, R",AMMA MAKKAL MUNNETTRA KAZAGAM,5,462,462
2021,MLA,29,18,14,,"LOKESH, E",DESIYA MAKKAL SAKTHI KATCHI,0,462,462
2021,MLA,29,18,14,,"SAROJA, S",INDEPENDENT,0,462,462
2021,MLA,29,18,14,,"SUDHAKAR, P",INDEPENDENT,0,462,462
2021,MLA,29,18,14,,"DEVARAJAN, K",INDEPENDENT,0,462,462
2021,MLA,29,18,14,,"PARTHIBAN, M",INDEPENDENT,0,462,462
2021,MLA,29,18,14,,"LEENA, V",INDEPENDENT,0,462,462
2021,MLA,29,18,14,,"VASANTHI, E",INDEPENDENT,0,462,462
2021,MLA,29,18,14,,"VEDHAGIRI, R",INDEPENDENT,0,462,462
2021,MLA,29,18,14,,"VAIRAMUTHU, D",INDEPENDENT,9,462,462
2021,MLA,29,18,14,,NOTA,,1,462,462
2021,MLA,29,19,15,,"SELVAPERUNTHAGAI, K",INDIAN NATIONAL CONGRESS,254,505,505
2021,MLA,29,19,15,,"PALANI, K",ALL INDIA ANNA DRAVIDA MUNNETRA KAZHAGAM,177,505,505
2021,MLA,29,19,15,,"VINOTH, E",BAHUJAN SAMAJ PARTY,5,505,505
2021,MLA,29,19,15,,"THANIGAIVEL, M",MAKKAL NEEDHI MAIAM,0,505,505
2021,MLA,29,19,15,,"PUSHPARAJ, D",NAAM TAMILAR KATCHI,31,505,505
2021,MLA,29,19,15,,"PERUMAL, R",AMMA MAKKAL MUNNETTRA KAZAGAM,11,505,505
2021,MLA,29,19,15,,"LOKESH, E",DESIYA MAKKAL SAKTHI KATCHI,0,505,505
2021,MLA,29,19,15,,"SAROJA, S",INDEPENDENT,4,505,505
2021,MLA,29,19,15,,"SUDHAKAR, P",INDEPENDENT,0,505,505
2021,MLA,29,19,15,,"DEVARAJAN, K",INDEPENDENT,0,505,505
2021,MLA,29,19,15,,"PARTHIBAN, M",INDEPENDENT,0,505,505
2021,MLA,29,19,15,,"LEENA, V",INDEPENDENT,0,505,505
2021,MLA,29,19,15,,"VASANTHI, E",INDEPENDENT,1,505,505
2021,MLA,29,19,15,,"VEDHAGIRI, R",INDEPENDENT,0,505,505
2021,MLA,29,19,15,,"VAIRAMUTHU, D",INDEPENDENT,18,505,505
2021,MLA,29,19,15,,NOTA,,4,505,505
2021,MLA,29,20,16,,"SELVAPERUNTHAGAI, K",INDIAN NATIONAL CONGRESS,81,263,263
2021,MLA,29,20,16,,"PALANI, K",ALL INDIA ANNA DRAVIDA MUNNETRA KAZHAGAM,164,263,263
2021,MLA,29,20,16,,"VINOTH, E",BAHUJAN SAMAJ PARTY,1,263,263
2021,MLA,29,20,16,,"THANIGAIVEL, M",MAKKAL NEEDHI MAIAM,6,263,263
2021,MLA,29,20,16,,"PUSHPARAJ, D",NAAM TAMILAR KATCHI,6,263,263
2021,MLA,29,20,16,,"PERUMAL, R",AMMA MAKKAL MUNNETTRA KAZAGAM,4,263,263
2021,MLA,29,20,16,,"LOKESH, E",DESIYA MAKKAL SAKTHI KATCHI,0,263,263
2021,MLA,29,20,16,,"SAROJA, S",INDEPENDENT,0,263,263
2021,MLA,29,20,16,,"SUDHAKAR, P",INDEPENDENT,0,263,263
2021,MLA,29,20,16,,"DEVARAJAN, K",INDEPENDENT,0,263,263
2021,MLA,29,20,16,,"PARTHIBAN, M",INDEPENDENT,0,263,263
2021,MLA,29,20,16,,"LEENA, V",INDEPENDENT,0,263,263
2021,MLA,29,20,16,,"VASANTHI, E",INDEPENDENT,0,263,263
2021,MLA,29,20,16,,"VEDHAGIRI, R",INDEPENDENT,0,263,263
2021,MLA,29,20,16,,"VAIRAMUTHU, D",INDEPENDENT,0,263,263
2021,MLA,29,20,16,,NOTA,,1,263,263
2021,MLA,29,21,17,,"SELVAPERUNTHAGAI, K",INDIAN NATIONAL CONGRESS,243,519,519
2021,MLA,29,21,17,,"PALANI, K",ALL INDIA ANNA DRAVIDA MUNNETRA KAZHAGAM,252,519,519
2021,MLA,29,21,17,,"VINOTH, E",BAHUJAN SAMAJ PARTY,2,519,519
2021,MLA,29,21,17,,"THANIGAIVEL, M",MAKKAL NEEDHI MAIAM,0,519,519
2021,MLA,29,21,17,,"PUSHPARAJ, D",NAAM TAMILAR KATCHI,16,519,519
2021,MLA,29,21,17,,"PERUMAL, R",AMMA MAKKAL MUNNETTRA KAZAGAM,3,519,519
2021,MLA,29,21,17,,"LOKESH, E",DESIYA MAKKAL SAKTHI KATCHI,0,519,519
2021,MLA,29,21,17,,"SAROJA, S",INDEPENDENT,0,519,519
2021,MLA,29,21,17,,"SUDHAKAR, P",INDEPENDENT,0,519,519
2021,MLA,29,21,17,,"DEVARAJAN, K",INDEPENDENT,0,519,519
2021,MLA,29,21,17,,"PARTHIBAN, M",INDEPENDENT,0,519,519
2021,MLA,29,21,17,,"LEENA, V",INDEPENDENT,1,519,519
2021,MLA,29,21,17,,"VASANTHI, E",INDEPENDENT,0,519,519
2021,MLA,29,21,17,,"VEDHAGIRI, R",INDEPENDENT,0,519,519
2021,MLA,29,21,17,,"VAIRAMUTHU, D",INDEPENDENT,0,519,519
2021,MLA,29,21,17,,NOTA,,2,519,519
2021,MLA,29,22,18,,"SELVAPERUNTHAGAI, K",INDIAN NATIONAL CONGRESS,197,447,447
2021,MLA,29,22,18,,"PALANI, K",ALL INDIA ANNA DRAVIDA MUNNETRA KAZHAGAM,205,447,447
2021,MLA,29,22,18,,"VINOTH, E",BAHUJAN SAMAJ PARTY,2,447,447
2021,MLA,29,22,18,,"THANIGAIVEL, M",MAKKAL NEEDHI MAIAM,2,447,447
2021,MLA,29,22,18,,"PUSHPARAJ, D",NAAM TAMILAR KATCHI,30,447,447
2021,MLA,29,22,18,,"PERUMAL, R",AMMA MAKKAL MUNNETTRA KAZAGAM,2,447,447
2021,MLA,29,22,18,,"LOKESH, E",DESIYA MAKKAL SAKTHI KATCHI,0,447,447
2021,MLA,29,22,18,,"SAROJA, S",INDEPENDENT,0,447,447
2021,MLA,29,22,18,,"SUDHAKAR, P",INDEPENDENT,0,447,447
2021,MLA,29,22,18,,"DEVARAJAN, K",INDEPENDENT,0,447,447
2021,MLA,29,22,18,,"PARTHIBAN, M",INDEPENDENT,0,447,447
2021,MLA,29,22,18,,"LEENA, V",INDEPENDENT,1,447,447
2021,MLA,29,22,18,,"VASANTHI, E",INDEPENDENT,0,447,447
2021,MLA,29,22,18,,"VEDHAGIRI, R",INDEPENDENT,1,447,447
2021,MLA,29,22,18,,"VAIRAMUTHU, D",INDEPENDENT,3,447,447
2021,MLA,29,22,18,,NOTA,,4,447,447
2021,MLA,29,23,19,,"SELVAPERUNTHAGAI, K",INDIAN NATIONAL CONGRESS,234,660,660
2021,MLA,29,23,19,,"PALANI, K",ALL INDIA ANNA DRAVIDA MUNNETRA KAZHAGAM,361,660,660
2021,MLA,29,23,19,,"VINOTH, E",BAHUJAN SAMAJ PARTY,2,660,660
2021,MLA,29,23,19,,"THANIGAIVEL, M",MAKKAL NEEDHI MAIAM,4,660,660
2021,MLA,29,23,19,,"PUSHPARAJ, D",NAAM TAMILAR KATCHI,33,660,660
2021,MLA,29,23,19,,"PERUMAL, R",AMMA MAKKAL MUNNETTRA KAZAGAM,15,660,660
2021,MLA,29,23,19,,"LOKESH, E",DESIYA MAKKAL SAKTHI KATCHI,0,660,660
2021,MLA,29,23,19,,"SAROJA, S",INDEPENDENT,0,660,660
2021,MLA,29,23,19,,"SUDHAKAR, P",INDEPENDENT,0,660,660
2021,MLA,29,23,19,,"DEVARAJAN, K",INDEPENDENT,0,660,660
2021,MLA,29,23,19,,"PARTHIBAN, M",INDEPENDENT,0,660,660
2021,MLA,29,23,19,,"LEENA, V",INDEPENDENT,3,660,660
2021,MLA,29,23,19,,"VASANTHI, E",INDEPENDENT,0,660,660
2021,MLA,29,23,19,,"VEDHAGIRI, R",INDEPENDENT,0,660,660
2021,MLA,29,23,19,,"VAIRAMUTHU, D",INDEPENDENT,2,660,660
2021,MLA,29,23,19,,NOTA,,6,660,660
2021,MLA,29,24,20,,"SELVAPERUNTHAGAI, K",INDIAN NATIONAL CONGRESS,203,684,684
2021,MLA,29,24,20,,"PALANI, K",ALL INDIA ANNA DRAVIDA MUNNETRA KAZHAGAM,452,684,684
2021,MLA,29,24,20,,"VINOTH, E",BAHUJAN SAMAJ PARTY,4,684,684
2021,MLA,29,24,20,,"THANIGAIVEL, M",MAKKAL NEEDHI MAIAM,1,684,684
2021,MLA,29,24,20,,"PUSHPARAJ, D",NAAM TAMILAR KATCHI,16,684,684
2021,MLA,29,24,20,,"PERUMAL, R",AMMA MAKKAL MUNNETTRA KAZAGAM,4,684,684
2021,MLA,29,24,20,,"LOKESH, E",DESIYA MAKKAL SAKTHI KATCHI,0,684,684
2021,MLA,29,24,20,,"SAROJA, S",INDEPENDENT,0,684,684
2021,MLA,29,24,20,,"SUDHAKAR, P",INDEPENDENT,0,684,684
2021,MLA,29,24,20,,"DEVARAJAN, K",INDEPENDENT,0,684,684
2021,MLA,29,24,20,,"PARTHIBAN, M",INDEPENDENT,0,684,684
2021,MLA,29,24,20,,"LEENA, V",INDEPENDENT,0,684,684
2021,MLA,29,24,20,,"VASANTHI, E",INDEPENDENT,1,684,684
2021,MLA,29,24,20,,"VEDHAGIRI, R",INDEPENDENT,0,684,684
2021,MLA,29,24,20,,"VAIRAMUTHU, D",INDEPENDENT,1,684,684
2021,MLA,29,24,20,,NOTA,,2,684,684
2021,MLA,29,25,21,,"SELVAPERUNTHAGAI, K",INDIAN NATIONAL CONGRESS,166,623,623
2021,MLA,29,25,21,,"PALANI, K",ALL INDIA ANNA DRAVIDA MUNNETRA KAZHAGAM,385,623,623
2021,MLA,29,25,21,,"VINOTH, E",BAHUJAN SAMAJ PARTY,2,623,623
2021,MLA,29,25,21,,"THANIGAIVEL, M",MAKKAL NEEDHI MAIAM,6,623,623
2021,MLA,29,25,21,,"PUSHPARAJ, D",NAAM TAMILAR KATCHI,38,623,623
2021,MLA,29,25,21,,"PERUMAL, R",AMMA MAKKAL MUNNETTRA KAZAGAM,7,623,623
2021,MLA,29,25,21,,"LOKESH, E",DESIYA MAKKAL SAKTHI KATCHI,5,623,623
2021,MLA,29,25,21,,"SAROJA, S",INDEPENDENT,1,623,623
2021,MLA,29,25,21,,"SUDHAKAR, P",INDEPENDENT,0,623,623
2021,MLA,29,25,21,,"DEVARAJAN, K",INDEPENDENT,2,623,623
2021,MLA,29,25,21,,"PARTHIBAN, M",INDEPENDENT,0,623,623
2021,MLA,29,25,21,,"LEENA, V",INDEPENDENT,0,623,623
2021,MLA,29,25,21,,"VASANTHI, E",INDEPENDENT,1,623,623
2021,MLA,29,25,21,,"VEDHAGIRI, R",INDEPENDENT,0,623,623
2021,MLA,29,25,21,,"VAIRAMUTHU, D",INDEPENDENT,0,623,623
2021,MLA,29,25,21,,NOTA,,10,623,623
2021,MLA,29,26,22,,"SELVAPERUNTHAGAI, K",INDIAN NATIONAL CONGRESS,252,792,792
2021,MLA,29,26,22,,"PALANI, K",ALL INDIA ANNA DRAVIDA MUNNETRA KAZHAGAM,430,792,792
2021,MLA,29,26,22,,"VINOTH, E",BAHUJAN SAMAJ PARTY,4,792,792
2021,MLA,29,26,22,,"THANIGAIVEL, M",MAKKAL NEEDHI MAIAM,3,792,792
2021,MLA,29,26,22,,"PUSHPARAJ, D",NAAM TAMILAR KATCHI,73,792,792
2021,MLA,29,26,22,,"PERUMAL, R",AMMA MAKKAL MUNNETTRA KAZAGAM,15,792,792
2021,MLA,29,26,22,,"LOKESH, E",DESIYA MAKKAL SAKTHI KATCHI,0,792,792
2021,MLA,29,26,22,,"SAROJA, S",INDEPENDENT,1,792,792
2021,MLA,29,26,22,,"SUDHAKAR, P",INDEPENDENT,0,792,792
2021,MLA,29,26,22,,"DEVARAJAN, K",INDEPENDENT,0,792,792
2021,MLA,29,26,22,,"PARTHIBAN, M",INDEPENDENT,0,792,792
2021,MLA,29,26,22,,"LEENA, V",INDEPENDENT,0,792,792
2021,MLA,29,26,22,,"VASANTHI, E",INDEPENDENT,1,792,792
2021,MLA,29,26,22,,"VEDHAGIRI, R",INDEPENDENT,0,792,792
2021,MLA,29,26,22,,"VAIRAMUTHU, D",INDEPENDENT,11,792,792
2021,MLA,29,26,22,,NOTA,,2,792,792
2021,MLA,29,27,23,M,"SELVAPERUNTHAGAI, K",INDIAN NATIONAL CONGRESS,275,537,537
2021,MLA,29,27,23,M,"PALANI, K",ALL INDIA ANNA DRAVIDA MUNNETRA KAZHAGAM,201,537,537
2021,MLA,29,27,23,M,"VINOTH, E",BAHUJAN SAMAJ PARTY,0,537,537
2021,MLA,29,27,23,M,"THANIGAIVEL, M",MAKKAL NEEDHI MAIAM,4,537,537
2021,MLA,29,27,23,M,"PUSHPARAJ, D",NAAM TAMILAR KATCHI,46,537,537
2021,MLA,29,27,23,M,"PERUMAL, R",AMMA MAKKAL MUNNETTRA KAZAGAM,3,537,537
2021,MLA,29,27,23,M,"LOKESH, E",DESIYA MAKKAL SAKTHI KATCHI,0,537,537
2021,MLA,29,27,23,M,"SAROJA, S",INDEPENDENT,1,537,537
2021,MLA,29,27,23,M,"SUDHAKAR, P",INDEPENDENT,0,537,537
2021,MLA,29,27,23,M,"DEVARAJAN, K",INDEPENDENT,0,537,537
2021,MLA,29,27,23,M,"PARTHIBAN, M",INDEPENDENT,2,537,537
2021,MLA,29,27,23,M,"LEENA, V",INDEPENDENT,0,537,537
2021,MLA,29,27,23,M,"VASANTHI, E",INDEPENDENT,0,537,537
2021,MLA,29,27,23,M,"VEDHAGIRI, R",INDEPENDENT,0,537,537
2021,MLA,29,27,23,M,"VAIRAMUTHU, D",INDEPENDENT,4,537,537
2021,MLA,29,27,23,M,NOTA,,1,537,537
2021,MLA,29,28,23,A(W),"SELVAPERUNTHAGAI, K",INDIAN NATIONAL CONGRESS,263,517,517
2021,MLA,29,28,23,A(W),"PALANI, K",ALL INDIA ANNA DRAVIDA MUNNETRA KAZHAGAM,217,517,517
2021,MLA,29,28,23,A(W),"VINOTH, E",BAHUJAN SAMAJ PARTY,1,517,517
2021,MLA,29,28,23,A(W),"THANIGAIVEL, M",MAKKAL NEEDHI MAIAM,5,517,517
2021,MLA,29,28,23,A(W),"PUSHPARAJ, D",NAAM TAMILAR KATCHI,13,517,517
2021,MLA,29,28,23,A(W),"PERUMAL, R",AMMA MAKKAL MUNNETTRA KAZAGAM,4,517,517
2021,MLA,29,28,23,A(W),"LOKESH, E",DESIYA MAKKAL SAKTHI KATCHI,0,517,517
2021,MLA,29,28,23,A(W),"SAROJA, S",INDEPENDENT,0,517,517
2021,MLA,29,28,23,A(W),"SUDHAKAR, P",INDEPENDENT,0,517,517
2021,MLA,29,28,23,A(W),"DEVARAJAN, K",INDEPENDENT,1,517,517
2021,MLA,29,28,23,A(W),"PARTHIBAN, M",INDEPENDENT,3,517,517
2021,MLA,29,28,23,A(W),"LEENA, V",INDEPENDENT,0,517,517
2021,MLA,29,28,23,A(W),"VASANTHI, E",INDEPENDENT,1,517,517
2021,MLA,29,28,23,A(W),"VEDHAGIRI, R",INDEPENDENT,1,517,517
2021,MLA,29,28,23,A(W),"VAIRAMUTHU, D",INDEPENDENT,5,517,517
2021,MLA,29,28,23,A(W),NOTA,,3,517,517
2021,MLA,29,29,24,M,"SELVAPERUNTHAGAI, K",INDIAN NATIONAL CONGRESS,178,514,514
2021,MLA,29,29,24,M,"PALANI, K",ALL INDIA ANNA DRAVIDA MUNNETRA KAZHAGAM,291,514,514
2021,MLA,29,29,24,M,"VINOTH, E",BAHUJAN SAMAJ PARTY,0,514,514
2021,MLA,29,29,24,M,"THANIGAIVEL, M",MAKKAL NEEDHI MAIAM,2,514,514
2021,MLA,29,29,24,M,"PUSHPARAJ, D",NAAM TAMILAR KATCHI,22,514,514
2021,MLA,29,29,24,M,"PERUMAL, R",AMMA MAKKAL MUNNETTRA KAZAGAM,14,514,514
2021,MLA,29,29,24,M,"LOKESH, E",DESIYA MAKKAL SAKTHI KATCHI,0,514,514
2021,MLA,29,29,24,M,"SAROJA, S",INDEPENDENT,0,514,514
2021,MLA,29,29,24,M,"SUDHAKAR, P",INDEPENDENT,1,514,514
2021,MLA,29,29,24,M,"DEVARAJAN, K",INDEPENDENT,0,514,514
2021,MLA,29,29,24,M,"PARTHIBAN, M",INDEPENDENT,0,514,514
2021,MLA,29,29,24,M,"LEENA, V",INDEPENDENT,0,514,514
2021,MLA,29,29,24,M,"VASANTHI, E",INDEPENDENT,0,514,514
2021,MLA,29,29,24,M,"VEDHAGIRI, R",INDEPENDENT,0,514,514
2021,MLA,29,29,24,M,"VAIRAMUTHU, D",INDEPENDENT,2,514,514
2021,MLA,29,29,24,M,NOTA,,4,514,514
2021,MLA,29,30,24,A(W),"SELVAPERUNTHAGAI, K",INDIAN NATIONAL CONGRESS,175,521,521
2021,MLA,29,30,24,A(W),"PALANI, K",ALL INDIA ANNA DRAVIDA MUNNETRA KAZHAGAM,315,521,521
2021,MLA,29,30,24,A(W),"VINOTH, E",BAHUJAN SAMAJ PARTY,1,521,521
2021,MLA,29,30,24,A(W),"THANIGAIVEL, M",MAKKAL NEEDHI MAIAM,1,521,521
2021,MLA,29,30,24,A(W),"PUSHPARAJ, D",NAAM TAMILAR KATCHI,9,521,521
2021,MLA,29,30,24,A(W),"PERUMAL, R",AMMA MAKKAL MUNNETTRA KAZAGAM,11,521,521
2021,MLA,29,30,24,A(W),"LOKESH, E",DESIYA MAKKAL SAKTHI KATCHI,0,521,521
2021,MLA,29,30,24,A(W),"SAROJA, S",INDEPENDENT,0,521,521
2021,MLA,29,30,24,A(W),"SUDHAKAR, P",INDEPENDENT,0,521,521
2021,MLA,29,30,24,A(W),"DEVARAJAN, K",INDEPENDENT,1,521,521
2021,MLA,29,30,24,A(W),"PARTHIBAN, M",INDEPENDENT,0,521,521
2021,MLA,29,30,24,A(W),"LEENA, V",INDEPENDENT,0,521,521
2021,MLA,29,30,24,A(W),"VASANTHI, E",INDEPENDENT,0,521,521
2021,MLA,29,30,24,A(W),"VEDHAGIRI, R",INDEPENDENT,1,521,521
2021,MLA,29,30,24,A(W),"VAIRAMUTHU, D",INDEPENDENT,3,521,521
2021,MLA,29,30,24,A(W),NOTA,,4,521,521
2021,MLA,29,31,25,,"SELVAPERUNTHAGAI, K",INDIAN NATIONAL CONGRESS,213,638,638
2021,MLA,29,31,25,,"PALANI, K",ALL INDIA ANNA DRAVIDA MUNNETRA KAZHAGAM,397,638,638
2021,MLA,29,31,25,,"VINOTH, E",BAHUJAN SAMAJ PARTY,0,638,638
2021,MLA,29,31,25,,"THANIGAIVEL, M",MAKKAL NEEDHI MAIAM,1,638,638
2021,MLA,29,31,25,,"PUSHPARAJ, D",NAAM TAMILAR KATCHI,13,638,638
2021,MLA,29,31,25,,"PERUMAL, R",AMMA MAKKAL MUNNETTRA KAZAGAM,9,638,638
2021,MLA,29,31,25,,"LOKESH, E",DESIYA MAKKAL SAKTHI KATCHI,0,638,638
2021,MLA,29,31,25,,"SAROJA, S",INDEPENDENT,0,638,638
2021,MLA,29,31,25,,"SUDHAKAR, P",INDEPENDENT,0,638,638
2021,MLA,29,31,25,,"DEVARAJAN, K",INDEPENDENT,0,638,638
2021,MLA,29,31,25,,"PARTHIBAN, M",INDEPENDENT,0,638,638
2021,MLA,29,31,25,,"LEENA, V",INDEPENDENT,0,638,638
2021,MLA,29,31,25,,"VASANTHI, E",INDEPENDENT,0,638,638
2021,MLA,29,31,25,,"VEDHAGIRI, R",INDEPENDENT,0,638,638
2021,MLA,29,31,25,,"VAIRAMUTHU, D",INDEPENDENT,2,638,638
2021,MLA,29,31,25,,NOTA,,3,638,638
2021,MLA,29,32,26,,"SELVAPERUNTHAGAI, K",INDIAN NATIONAL CONGRESS,353,836,836
2021,MLA,29,32,26,,"PALANI, K",ALL INDIA ANNA DRAVIDA MUNNETRA KAZHAGAM,435,836,836
2021,MLA,29,32,26,,"VINOTH, E",BAHUJAN SAMAJ PARTY,1,836,836
2021,MLA,29,32,26,,"THANIGAIVEL, M",MAKKAL NEEDHI MAIAM,2,836,836
2021,MLA,29,32,26,,"PUSHPARAJ, D",NAAM TAMILAR KATCHI,25,836,836
2021,MLA,29,32,26,,"PERUMAL, R",AMMA MAKKAL MUNNETTRA KAZAGAM,7,836,836
2021,MLA,29,32,26,,"LOKESH, E",DESIYA MAKKAL SAKTHI KATCHI,0,836,836
2021,MLA,29,32,26,,"SAROJA, S",INDEPENDENT,0,836,836
2021,MLA,29,32,26,,"SUDHAKAR, P",INDEPENDENT,0,836,836
2021,MLA,29,32,26,,"DEVARAJAN, K",INDEPENDENT,0,836,836
2021,MLA,29,32,26,,"PARTHIBAN, M",INDEPENDENT,0,836,836
2021,MLA,29,32,26,,"LEENA, V",INDEPENDENT,0,836,836
2021,MLA,29,32,26,,"VASANTHI, E",INDEPENDENT,1,836,836
2021,MLA,29,32,26,,"VEDHAGIRI, R",INDEPENDENT,0,836,836
2021,MLA,29,32,26,,"VAIRAMUTHU, D",INDEPENDENT,4,836,836
2021,MLA,29,32,26,,NOTA,,8,836,836
2021,MLA,29,33,27,,"SELVAPERUNTHAGAI, K",INDIAN NATIONAL CONGRESS,293,747,747
2021,MLA,29,33,27,,"PALANI, K",ALL INDIA ANNA DRAVIDA MUNNETRA KAZHAGAM,369,747,747
2021,MLA,29,33,27,,"VINOTH, E",BAHUJAN SAMAJ PARTY,5,747,747
2021,MLA,29,33,27,,"THANIGAIVEL, M",MAKKAL NEEDHI MAIAM,5,747,747
2021,MLA,29,33,27,,"PUSHPARAJ, D",NAAM TAMILAR KATCHI,42,747,747
2021,MLA,29,33,27,,"PERUMAL, R",AMMA MAKKAL MUNNETTRA KAZAGAM,20,747,747
2021,MLA,29,33,27,,"LOKESH, E",DESIYA MAKKAL SAKTHI KATCHI,0,747,747
2021,MLA,29,33,27,,"SAROJA, S",INDEPENDENT,0,747,747
2021,MLA,29,33,27,,"SUDHAKAR, P",INDEPENDENT,0,747,747
2021,MLA,29,33,27,,"DEVARAJAN, K",INDEPENDENT,6,747,747
2021,MLA,29,33,27,,"PARTHIBAN, M",INDEPENDENT,0,747,747
2021,MLA,29,33,27,,"LEENA, V",INDEPENDENT,2,747,747
2021,MLA,29,33,27,,"VASANTHI, E",INDEPENDENT,0,747,747
2021,MLA,29,33,27,,"VEDHAGIRI, R",INDEPENDENT,0,747,747
2021,MLA,29,33,27,,"VAIRAMUTHU, D",INDEPENDENT,2,747,747
2021,MLA,29,33,27,,NOTA,,3,747,747
2021,MLA,29,34,28,,"SELVAPERUNTHAGAI, K",INDIAN NATIONAL CONGRESS,225,502,502
2021,MLA,29,34,28,,"PALANI, K",ALL INDIA ANNA DRAVIDA MUNNETRA KAZHAGAM,232,502,502
2021,MLA,29,34,28,,"VINOTH, E",BAHUJAN SAMAJ PARTY,0,502,502
2021,MLA,29,34,28,,"THANIGAIVEL, M",MAKKAL NEEDHI MAIAM,5,502,502
2021,MLA,29,34,28,,"PUSHPARAJ, D",NAAM TAMILAR KATCHI,23,502,502
2021,MLA,29,34,28,,"PERUMAL, R",AMMA MAKKAL MUNNETTRA KAZAGAM,10,502,502
2021,MLA,29,34,28,,"LOKESH, E",DESIYA MAKKAL SAKTHI KATCHI,0,502,502
2021,MLA,29,34,28,,"SAROJA, S",INDEPENDENT,1,502,502
2021,MLA,29,34,28,,"SUDHAKAR, P",INDEPENDENT,0,502,502
2021,MLA,29,34,28,,"DEVARAJAN, K",INDEPENDENT,0,502,502
2021,MLA,29,34,28,,"PARTHIBAN, M",INDEPENDENT,0,502,502
2021,MLA,29,34,28,,"LEENA, V",INDEPENDENT,0,502,502
2021,MLA,29,34,28,,"VASANTHI, E",INDEPENDENT,0,502,502
2021,MLA,29,34,28,,"VEDHAGIRI, R",INDEPENDENT,0,502,502
2021,MLA,29,34,28,,"VAIRAMUTHU, D",INDEPENDENT,3,502,502
2021,MLA,29,34,28,,NOTA,,3,502,502
2021,MLA,29,35,29,M,"SELVAPERUNTHAGAI, K",INDIAN NATIONAL CONGRESS,198,491,491
2021,MLA,29,35,29,M,"PALANI, K",ALL INDIA ANNA DRAVIDA MUNNETRA KAZHAGAM,237,491,491
2021,MLA,29,35,29,M,"VINOTH, E",BAHUJAN SAMAJ PARTY,0,491,491
2021,MLA,29,35,29,M,"THANIGAIVEL, M",MAKKAL NEEDHI MAIAM,3,491,491
2021,MLA,29,35,29,M,"PUSHPARAJ, D",NAAM TAMILAR KATCHI,46,491,491
2021,MLA,29,35,29,M,"PERUMAL, R",AMMA MAKKAL MUNNETTRA KAZAGAM,4,491,491
2021,MLA,29,35,29,M,"LOKESH, E",DESIYA MAKKAL SAKTHI KATCHI,0,491,491
2021,MLA,29,35,29,M,"SAROJA, S",INDEPENDENT,0,491,491
2021,MLA,29,35,29,M,"SUDHAKAR, P",INDEPENDENT,0,491,491
2021,MLA,29,35,29,M,"DEVARAJAN, K",INDEPENDENT,0,491,491
2021,MLA,29,35,29,M,"PARTHIBAN, M",INDEPENDENT,0,491,491
2021,MLA,29,35,29,M,"LEENA, V",INDEPENDENT,0,491,491
2021,MLA,29,35,29,M,"VASANTHI, E",INDEPENDENT,0,491,491
2021,MLA,29,35,29,M,"VEDHAGIRI, R",INDEPENDENT,0,491,491
2021,MLA,29,35,29,M,"VAIRAMUTHU, D",INDEPENDENT,2,491,491
2021,MLA,29,35,29,M,NOTA,,1,491,491
2021,MLA,29,36,29,A(W),"SELVAPERUNTHAGAI, K",INDIAN NATIONAL CONGRESS,268,546,546
2021,MLA,29,36,29,A(W),"PALANI, K",ALL INDIA ANNA DRAVIDA MUNNETRA KAZHAGAM,241,546,546
2021,MLA,29,36,29,A(W),"VINOTH, E",BAHUJAN SAMAJ PARTY,1,546,546
2021,MLA,29,36,29,A(W),"THANIGAIVEL, M",MAKKAL NEEDHI MAIAM,5,546,546
2021,MLA,29,36,29,A(W),"PUSHPARAJ, D",NAAM TAMILAR KATCHI,22,546,546
2021,MLA,29,36,29,A(W),"PERUMAL, R",AMMA MAKKAL MUNNETTRA KAZAGAM,0,546,546
2021,MLA,29,36,29,A(W),"LOKESH, E",DESIYA MAKKAL SAKTHI KATCHI,0,546,546
2021,MLA,29,36,29,A(W),"SAROJA, S",INDEPENDENT,0,546,546
2021,MLA,29,36,29,A(W),"SUDHAKAR, P",INDEPENDENT,0,546,546
2021,MLA,29,36,29,A(W),"DEVARAJAN, K",INDEPENDENT,0,546,546
2021,MLA,29,36,29,A(W),"PARTHIBAN, M",INDEPENDENT,1,546,546
2021,MLA,29,36,29,A(W),"LEENA, V",INDEPENDENT,0,546,546
2021,MLA,29,36,29,A(W),"VASANTHI, E",INDEPENDENT,0,546,546
2021,MLA,29,36,29,A(W),"VEDHAGIRI, R",INDEPENDENT,0,546,546
2021,MLA,29,36,29,A(W),"VAIRAMUTHU, D",INDEPENDENT,3,546,546
2021,MLA,29,36,29,A(W),NOTA,,5,546,546
2021,MLA,29,37,30,,"SELVAPERUNTHAGAI, K",INDIAN NATIONAL CONGRESS,76,221,221
2021,MLA,29,37,30,,"PALANI, K",ALL INDIA ANNA DRAVIDA MUNNETRA KAZHAGAM,105,221,221
2021,MLA,29,37,30,,"VINOTH, E",BAHUJAN SAMAJ PARTY,0,221,221
2021,MLA,29,37,30,,"THANIGAIVEL, M",MAKKAL NEEDHI MAIAM,6,221,221
2021,MLA,29,37,30,,"PUSHPARAJ, D",NAAM TAMILAR KATCHI,20,221,221
2021,MLA,29,37,30,,"PERUMAL, R",AMMA MAKKAL MUNNETTRA KAZAGAM,9,221,221
2021,MLA,29,37,30,,"LOKESH, E",DESIYA MAKKAL SAKTHI KATCHI,0,221,221
2021,MLA,29,37,30,,"SAROJA, S",INDEPENDENT,0,221,221
2021,MLA,29,37,30,,"SUDHAKAR, P",INDEPENDENT,0,221,221
2021,MLA,29,37,30,,"DEVARAJAN, K",INDEPENDENT,0,221,221
2021,MLA,29,37,30,,"PARTHIBAN, M",INDEPENDENT,0,221,221
2021,MLA,29,37,30,,"LEENA, V",INDEPENDENT,1,221,221
2021,MLA,29,37,30,,"VASANTHI, E",INDEPENDENT,0,221,221
2021,MLA,29,37,30,,"VEDHAGIRI, R",INDEPENDENT,0,221,221
2021,MLA,29,37,30,,"VAIRAMUTHU, D",INDEPENDENT,1,221,221
2021,MLA,29,37,30,,NOTA,,3,221,221
2021,MLA,29,38,31,,"SELVAPERUNTHAGAI, K",INDIAN NATIONAL CONGRESS,346,567,567
2021,MLA,29,38,31,,"PALANI, K",ALL INDIA ANNA DRAVIDA MUNNETRA KAZHAGAM,105,567,567
2021,MLA,29,38,31,,"VINOTH, E",BAHUJAN SAMAJ PARTY,0,567,567
2021,MLA,29,38,31,,"THANIGAIVEL, M",MAKKAL NEEDHI MAIAM,17,567,567
2021,MLA,29,38,31,,"PUSHPARAJ, D",NAAM TAMILAR KATCHI,33,567,567
2021,MLA,29,38,31,,"PERUMAL, R",AMMA MAKKAL MUNNETTRA KAZAGAM,59,567,567
2021,MLA,29,38,31,,"LOKESH, E",DESIYA MAKKAL SAKTHI KATCHI,0,567,567
2021,MLA,29,38,31,,"SAROJA, S",INDEPENDENT,0,567,567
2021,MLA,29,38,31,,"SUDHAKAR, P",INDEPENDENT,0,567,567
2021,MLA,29,38,31,,"DEVARAJAN, K",INDEPENDENT,0,567,567
2021,MLA,29,38,31,,"PARTHIBAN, M",INDEPENDENT,0,567,567
2021,MLA,29,38,31,,"LEENA, V",INDEPENDENT,1,567,567
2021,MLA,29,38,31,,"VASANTHI, E",INDEPENDENT,0,567,567
2021,MLA,29,38,31,,"VEDHAGIRI, R",INDEPENDENT,1,567,567
2021,MLA,29,38,31,,"VAIRAMUTHU, D",INDEPENDENT,2,567,567
2021,MLA,29,38,31,,NOTA,,3,567,567
2021,MLA,29,39,32,,"SELVAPERUNTHAGAI, K",INDIAN NATIONAL CONGRESS,327,634,634
2021,MLA,29,39,32,,"PALANI, K",ALL INDIA ANNA DRAVIDA MUNNETRA KAZHAGAM,157,634,634
2021,MLA,29,39,32,,"VINOTH, E",BAHUJAN SAMAJ PARTY,4,634,634
2021,MLA,29,39,32,,"THANIGAIVEL, M",MAKKAL NEEDHI MAIAM,21,634,634
2021,MLA,29,39,32,,"PUSHPARAJ, D",NAAM TAMILAR KATCHI,61,634,634
2021,MLA,29,39,32,,"PERUMAL, R",AMMA MAKKAL MUNNETTRA KAZAGAM,52,634,634
2021,MLA,29,39,32,,"LOKESH, E",DESIYA MAKKAL SAKTHI KATCHI,1,634,634
2021,MLA,29,39,32,,"SAROJA, S",INDEPENDENT,1,634,634
2021,MLA,29,39,32,,"SUDHAKAR, P",INDEPENDENT,1,634,634
2021,MLA,29,39,32,,"DEVARAJAN, K",INDEPENDENT,0,634,634
2021,MLA,29,39,32,,"PARTHIBAN, M",INDEPENDENT,0,634,634
2021,MLA,29,39,32,,"LEENA, V",INDEPENDENT,0,634,634
2021,MLA,29,39,32,,"VASANTHI, E",INDEPENDENT,0,634,634
2021,MLA,29,39,32,,"VEDHAGIRI, R",INDEPENDENT,1,634,634
2021,MLA,29,39,32,,"VAIRAMUTHU, D",INDEPENDENT,2,634,634
2021,MLA,29,39,32,,NOTA,,6,634,634
2021,MLA,29,40,33,,"SELVAPERUNTHAGAI, K",INDIAN NATIONAL CONGRESS,266,557,557
2021,MLA,29,40,33,,"PALANI, K",ALL INDIA ANNA DRAVIDA MUNNETRA KAZHAGAM,170,557,557
2021,MLA,29,40,33,,"VINOTH, E",BAHUJAN SAMAJ PARTY,1,557,557
2021,MLA,29,40,33,,"THANIGAIVEL, M",MAKKAL NEEDHI MAIAM,20,557,557
2021,MLA,29,40,33,,"PUSHPARAJ, D",NAAM TAMILAR KATCHI,55,557,557
2021,MLA,29,40,33,,"PERUMAL, R",AMMA MAKKAL MUNNETTRA KAZAGAM,41,557,557
2021,MLA,29,40,33,,"LOKESH, E",DESIYA MAKKAL SAKTHI KATCHI,0,557,557
2021,MLA,29,40,33,,"SAROJA, S",INDEPENDENT,0,557,557
2021,MLA,29,40,33,,"SUDHAKAR, P",INDEPENDENT,0,557,557
2021,MLA,29,40,33,,"DEVARAJAN, K",INDEPENDENT,0,557,557
2021,MLA,29,40,33,,"PARTHIBAN, M",INDEPENDENT,0,557,557
2021,MLA,29,40,33,,"LEENA, V",INDEPENDENT,0,557,557
2021,MLA,29,40,33,,"VASANTHI, E",INDEPENDENT,0,557,557
2021,MLA,29,40,33,,"VEDHAGIRI, R",INDEPENDENT,0,557,557
2021,MLA,29,40,33,,"VAIRAMUTHU, D",INDEPENDENT,0,557,557
2021,MLA,29,40,33,,NOTA,,4,557,557
2021,MLA,29,41,34,,"SELVAPERUNTHAGAI, K",INDIAN NATIONAL CONGRESS,300,760,760
2021,MLA,29,41,34,,"PALANI, K",ALL INDIA ANNA DRAVIDA MUNNETRA KAZHAGAM,230,760,760
2021,MLA,29,41,34,,"VINOTH, E",BAHUJAN SAMAJ PARTY,2,760,760
2021,MLA,29,41,34,,"THANIGAIVEL, M",MAKKAL NEEDHI MAIAM,8,760,760
2021,MLA,29,41,34,,"PUSHPARAJ, D",NAAM TAMILAR KATCHI,65,760,760
2021,MLA,29,41,34,,"PERUMAL, R",AMMA MAKKAL MUNNETTRA KAZAGAM,136,760,760
2021,MLA,29,41,34,,"LOKESH, E",DESIYA MAKKAL SAKTHI KATCHI,0,760,760
2021,MLA,29,41,34,,"SAROJA, S",INDEPENDENT,1,760,760
2021,MLA,29,41,34,,"SUDHAKAR, P",INDEPENDENT,1,760,760
2021,MLA,29,41,34,,"DEVARAJAN, K",INDEPENDENT,1,760,760
2021,MLA,29,41,34,,"PARTHIBAN, M",INDEPENDENT,0,760,760
2021,MLA,29,41,34,,"LEENA, V",INDEPENDENT,1,760,760
2021,MLA,29,41,34,,"VASANTHI, E",INDEPENDENT,1,760,760
2021,MLA,29,41,34,,"VEDHAGIRI, R",INDEPENDENT,0,760,760
2021,MLA,29,41,34,,"VAIRAMUTHU, D",INDEPENDENT,7,760,760
2021,MLA,29,41,34,,NOTA,,7,760,760
2021,MLA,29,42,35,M,"SELVAPERUNTHAGAI, K",INDIAN NATIONAL CONGRESS,218,490,490
2021,MLA,29,42,35,M,"PALANI, K",ALL INDIA ANNA DRAVIDA MUNNETRA KAZHAGAM,110,490,490
2021,MLA,29,42,35,M,"VINOTH, E",BAHUJAN SAMAJ PARTY,1,490,490
2021,MLA,29,42,35,M,"THANIGAIVEL, M",MAKKAL NEEDHI MAIAM,5,490,490
2021,MLA,29,42,35,M,"PUSHPARAJ, D",NAAM TAMILAR KATCHI,57,490,490
2021,MLA,29,42,35,M,"PERUMAL, R",AMMA MAKKAL MUNNETTRA KAZAGAM,95,490,490
2021,MLA,29,42,35,M,"LOKESH, E",DESIYA MAKKAL SAKTHI KATCHI,0,490,490
2021,MLA,29,42,35,M,"SAROJA, S",INDEPENDENT,0,490,490
2021,MLA,29,42,35,M,"SUDHAKAR, P",INDEPENDENT,0,490,490
2021,MLA,29,42,35,M,"DEVARAJAN, K",INDEPENDENT,0,490,490
2021,MLA,29,42,35,M,"PARTHIBAN, M",INDEPENDENT,1,490,490
2021,MLA,29,42,35,M,"LEENA, V",INDEPENDENT,0,490,490
2021,MLA,29,42,35,M,"VASANTHI, E",INDEPENDENT,0,490,490
2021,MLA,29,42,35,M,"VEDHAGIRI, R",INDEPENDENT,0,490,490
2021,MLA,29,42,35,M,"VAIRAMUTHU, D",INDEPENDENT,2,490,490
2021,MLA,29,42,35,M,NOTA,,1,490,490
2021,MLA,29,43,35,A(W),"SELVAPERUNTHAGAI, K",INDIAN NATIONAL CONGRESS,241,495,495
2021,MLA,29,43,35,A(W),"PALANI, K",ALL INDIA ANNA DRAVIDA MUNNETRA KAZHAGAM,148,495,495
2021,MLA,29,43,35,A(W),"VINOTH, E",BAHUJAN SAMAJ PARTY,1,495,495
2021,MLA,29,43,35,A(W),"THANIGAIVEL, M",MAKKAL NEEDHI MAIAM,5,495,495
2021,MLA,29,43,35,A(W),"PUSHPARAJ, D",NAAM TAMILAR KATCHI,30,495,495
2021,MLA,29,43,35,A(W),"PERUMAL, R",AMMA MAKKAL MUNNETTRA KAZAGAM,58,495,495
2021,MLA,29,43,35,A(W),"LOKESH, E",DESIYA MAKKAL SAKTHI KATCHI,0,495,495
2021,MLA,29,43,35,A(W),"SAROJA, S",INDEPENDENT,0,495,495
2021,MLA,29,43,35,A(W),"SUDHAKAR, P",INDEPENDENT,0,495,495
2021,MLA,29,43,35,A(W),"DEVARAJAN, K",INDEPENDENT,0,495,495
2021,MLA,29,43,35,A(W),"PARTHIBAN, M",INDEPENDENT,0,495,495
2021,MLA,29,43,35,A(W),"LEENA, V",INDEPENDENT,0,495,495
2021,MLA,29,43,35,A(W),"VASANTHI, E",INDEPENDENT,1,495,495
2021,MLA,29,43,35,A(W),"VEDHAGIRI, R",INDEPENDENT,1,495,495
2021,MLA,29,43,35,A(W),"VAIRAMUTHU, D",INDEPENDENT,4,495,495
2021,MLA,29,43,35,A(W),NOTA,,6,495,495
2021,MLA,29,44,36,,"SELVAPERUNTHAGAI, K",INDIAN NATIONAL CONGRESS,224,423,423
2021,MLA,29,44,36,,"PALANI, K",ALL INDIA ANNA DRAVIDA MUNNETRA KAZHAGAM,105,423,423
2021,MLA,29,44,36,,"VINOTH, E",BAHUJAN SAMAJ PARTY,1,423,423
2021,MLA,29,44,36,,"THANIGAIVEL, M",MAKKAL NEEDHI MAIAM,8,423,423
2021,MLA,29,44,36,,"PUSHPARAJ, D",NAAM TAMILAR KATCHI,40,423,423
2021,MLA,29,44,36,,"PERUMAL, R",AMMA MAKKAL MUNNETTRA KAZAGAM,41,423,423
2021,MLA,29,44,36,,"LOKESH, E",DESIYA MAKKAL SAKTHI KATCHI,1,423,423
2021,MLA,29,44,36,,"SAROJA, S",INDEPENDENT,0,423,423
2021,MLA,29,44,36,,"SUDHAKAR, P",INDEPENDENT,0,423,423
2021,MLA,29,44,36,,"DEVARAJAN, K",INDEPENDENT,0,423,423
2021,MLA,29,44,36,,"PARTHIBAN, M",INDEPENDENT,0,423,423
2021,MLA,29,44,36,,"LEENA, V",INDEPENDENT,1,423,423
2021,MLA,29,44,36,,"VASANTHI, E",INDEPENDENT,0,423,423
2021,MLA,29,44,36,,"VEDHAGIRI, R",INDEPENDENT,0,423,423
2021,MLA,29,44,36,,"VAIRAMUTHU, D",INDEPENDENT,1,423,423
2021,MLA,29,44,36,,NOTA,,1,423,423
2021,MLA,29,45,37,,"SELVAPERUNTHAGAI, K",INDIAN NATIONAL CONGRESS,262,561,561
2021,MLA,29,45,37,,"PALANI, K",ALL INDIA ANNA DRAVIDA MUNNETRA KAZHAGAM,210,561,561
2021,MLA,29,45,37,,"VINOTH, E",BAHUJAN SAMAJ PARTY,0,561,561
2021,MLA,29,45,37,,"THANIGAIVEL, M",MAKKAL NEEDHI MAIAM,14,561,561
2021,MLA,29,45,37,,"PUSHPARAJ, D",NAAM TAMILAR KATCHI,41,561,561
2021,MLA,29,45,37,,"PERUMAL, R",AMMA MAKKAL MUNNETTRA KAZAGAM,31,561,561
2021,MLA,29,45,37,,"LOKESH, E",DESIYA MAKKAL SAKTHI KATCHI,1,561,561
2021,MLA,29,45,37,,"SAROJA, S",INDEPENDENT,0,561,561
2021,MLA,29,45,37,,"SUDHAKAR, P",INDEPENDENT,0,561,561
2021,MLA,29,45,37,,"DEVARAJAN, K",INDEPENDENT,0,561,561
2021,MLA,29,45,37,,"PARTHIBAN, M",INDEPENDENT,0,561,561
2021,MLA,29,45,37,,"LEENA, V",INDEPENDENT,0,561,561
2021,MLA,29,45,37,,"VASANTHI, E",INDEPENDENT,0,561,561
2021,MLA,29,45,37,,"VEDHAGIRI, R",INDEPENDENT,0,561,561
2021,MLA,29,45,37,,"VAIRAMUTHU, D",INDEPENDENT,0,561,561
2021,MLA,29,45,37,,NOTA,,2,561,561
2021,MLA,29,46,38,,"SELVAPERUNTHAGAI, K",INDIAN NATIONAL CONGRESS,297,608,608
2021,MLA,29,46,38,,"PALANI, K",ALL INDIA ANNA DRAVIDA MUNNETRA KAZHAGAM,230,608,608
2021,MLA,29,46,38,,"VINOTH, E",BAHUJAN SAMAJ PARTY,0,608,608
2021,MLA,29,46,38,,"THANIGAIVEL, M",MAKKAL NEEDHI MAIAM,13,608,608
2021,MLA,29,46,38,,"PUSHPARAJ, D",NAAM TAMILAR KATCHI,56,608,608
2021,MLA,29,46,38,,"PERUMAL, R",AMMA MAKKAL MUNNETTRA KAZAGAM,5,608,608
2021,MLA,29,46,38,,"LOKESH, E",DESIYA MAKKAL SAKTHI KATCHI,0,608,608
2021,MLA,29,46,38,,"SAROJA, S",INDEPENDENT,0,608,608
2021,MLA,29,46,38,,"SUDHAKAR, P",INDEPENDENT,0,608,608
2021,MLA,29,46,38,,"DEVARAJAN, K",INDEPENDENT,0,608,608
2021,MLA,29,46,38,,"PARTHIBAN, M",INDEPENDENT,0,608,608
2021,MLA,29,46,38,,"LEENA, V",INDEPENDENT,0,608,608
2021,MLA,29,46,38,,"VASANTHI, E",INDEPENDENT,1,608,608
2021,MLA,29,46,38,,"VEDHAGIRI, R",INDEPENDENT,0,608,608
2021,MLA,29,46,38,,"VAIRAMUTHU, D",INDEPENDENT,3,608,608
2021,MLA,29,46,38,,NOTA,,3,608,608
2021,MLA,29,47,39,,"SELVAPERUNTHAGAI, K",INDIAN NATIONAL CONGRESS,363,755,755
2021,MLA,29,47,39,,"PALANI, K",ALL INDIA ANNA DRAVIDA MUNNETRA KAZHAGAM,273,755,755
2021,MLA,29,47,39,,"VINOTH, E",BAHUJAN SAMAJ PARTY,1,755,755
2021,MLA,29,47,39,,"THANIGAIVEL, M",MAKKAL NEEDHI MAIAM,8,755,755
2021,MLA,29,47,39,,"PUSHPARAJ, D",NAAM TAMILAR KATCHI,74,755,755
2021,MLA,29,47,39,,"PERUMAL, R",AMMA MAKKAL MUNNETTRA KAZAGAM,27,755,755
2021,MLA,29,47,39,,"LOKESH, E",DESIYA MAKKAL SAKTHI KATCHI,0,755,755
2021,MLA,29,47,39,,"SAROJA, S",INDEPENDENT,2,755,755
2021,MLA,29,47,39,,"SUDHAKAR, P",INDEPENDENT,0,755,755
2021,MLA,29,47,39,,"DEVARAJAN, K",INDEPENDENT,1,755,755
2021,MLA,29,47,39,,"PARTHIBAN, M",INDEPENDENT,0,755,755
2021,MLA,29,47,39,,"LEENA, V",INDEPENDENT,0,755,755
2021,MLA,29,47,39,,"VASANTHI, E",INDEPENDENT,0,755,755
2021,MLA,29,47,39,,"VEDHAGIRI, R",INDEPENDENT,0,755,755
2021,MLA,29,47,39,,"VAIRAMUTHU, D",INDEPENDENT,2,755,755
2021,MLA,29,47,39,,NOTA,,4,755,755
2021,MLA,29,48,40,M,"SELVAPERUNTHAGAI, K",INDIAN NATIONAL CONGRESS,132,564,564
2021,MLA,29,48,40,M,"PALANI, K",ALL INDIA ANNA DRAVIDA MUNNETRA KAZHAGAM,377,564,564
2021,MLA,29,48,40,M,"VINOTH, E",BAHUJAN SAMAJ PARTY,2,564,564
2021,MLA,29,48,40,M,"THANIGAIVEL, M",MAKKAL NEEDHI MAIAM,1,564,564
2021,MLA,29,48,40,M,"PUSHPARAJ, D",NAAM TAMILAR KATCHI,27,564,564
2021,MLA,29,48,40,M,"PERUMAL, R",AMMA MAKKAL MUNNETTRA KAZAGAM,15,564,564
2021,MLA,29,48,40,M,"LOKESH, E",DESIYA MAKKAL SAKTHI KATCHI,0,564,564
2021,MLA,29,48,40,M,"SAROJA, S",INDEPENDENT,0,564,564
2021,MLA,29,48,40,M,"SUDHAKAR, P",INDEPENDENT,0,564,564
2021,MLA,29,48,40,M,"DEVARAJAN, K",INDEPENDENT,1,564,564
2021,MLA,29,48,40,M,"PARTHIBAN, M",INDEPENDENT,0,564,564
2021,MLA,29,48,40,M,"LEENA, V",INDEPENDENT,0,564,564
2021,MLA,29,48,40,M,"VASANTHI, E",INDEPENDENT,0,564,564
2021,MLA,29,48,40,M,"VEDHAGIRI, R",INDEPENDENT,1,564,564
2021,MLA,29,48,40,M,"VAIRAMUTHU, D",INDEPENDENT,1,564,564
2021,MLA,29,48,40,M,NOTA,,7,564,564
2021,MLA,29,49,40,A(W),"SELVAPERUNTHAGAI, K",INDIAN NATIONAL CONGRESS,151,540,540
2021,MLA,29,49,40,A(W),"PALANI, K",ALL INDIA ANNA DRAVIDA MUNNETRA KAZHAGAM,349,540,540
2021,MLA,29,49,40,A(W),"VINOTH, E",BAHUJAN SAMAJ PARTY,4,540,540
2021,MLA,29,49,40,A(W),"THANIGAIVEL, M",MAKKAL NEEDHI MAIAM,2,540,540
2021,MLA,29,49,40,A(W),"PUSHPARAJ, D",NAAM TAMILAR KATCHI,16,540,540
2021,MLA,29,49,40,A(W),"PERUMAL, R",AMMA MAKKAL MUNNETTRA KAZAGAM,6,540,540
2021,MLA,29,49,40,A(W),"LOKESH, E",DESIYA MAKKAL SAKTHI KATCHI,0,540,540
2021,MLA,29,49,40,A(W),"SAROJA, S",INDEPENDENT,0,540,540
2021,MLA,29,49,40,A(W),"SUDHAKAR, P",INDEPENDENT,0,540,540
2021,MLA,29,49,40,A(W),"DEVARAJAN, K",INDEPENDENT,0,540,540
2021,MLA,29,49,40,A(W),"PARTHIBAN, M",INDEPENDENT,0,540,540
2021,MLA,29,49,40,A(W),"LEENA, V",INDEPENDENT,0,540,540
2021,MLA,29,49,40,A(W),"VASANTHI, E",INDEPENDENT,1,540,540
2021,MLA,29,49,40,A(W),"VEDHAGIRI, R",INDEPENDENT,2,540,540
2021,MLA,29,49,40,A(W),"VAIRAMUTHU, D",INDEPENDENT,2,540,540
2021,MLA,29,49,40,A(W),NOTA,,7,540,540
2021,MLA,29,50,41,,"SELVAPERUNTHAGAI, K",INDIAN NATIONAL CONGRESS,93,236,236
2021,MLA,29,50,41,,"PALANI, K",ALL INDIA ANNA DRAVIDA MUNNETRA KAZHAGAM,76,236,236
2021,MLA,29,50,41,,"VINOTH, E",BAHUJAN SAMAJ PARTY,0,236,236
2021,MLA,29,50,41,,"THANIGAIVEL, M",MAKKAL NEEDHI MAIAM,1,236,236
2021,MLA,29,50,41,,"PUSHPARAJ, D",NAAM TAMILAR KATCHI,28,236,236
2021,MLA,29,50,41,,"PERUMAL, R",AMMA MAKKAL MUNNETTRA KAZAGAM,12,236,236
2021,MLA,29,50,41,,"LOKESH, E",DESIYA MAKKAL SAKTHI KATCHI,0,236,236
2021,MLA,29,50,41,,"SAROJA, S",INDEPENDENT,0,236,236
2021,MLA,29,50,41,,"SUDHAKAR, P",INDEPENDENT,0,236,236
2021,MLA,29,50,41,,"DEVARAJAN, K",INDEPENDENT,0,236,236
2021,MLA,29,50,41,,"PARTHIBAN, M",INDEPENDENT,0,236,236
2021,MLA,29,50,41,,"LEENA, V",INDEPENDENT,0,236,236
2021,MLA,29,50,41,,"VASANTHI, E",INDEPENDENT,0,236,236
2021,MLA,29,50,41,,"VEDHAGIRI, R",INDEPENDENT,1,236,236
2021,MLA,29,50,41,,"VAIRAMUTHU, D",INDEPENDENT,24,236,236
2021,MLA,29,50,41,,NOTA,,1,236,236
2021,MLA,29,51,42,,"SELVAPERUNTHAGAI, K",INDIAN NATIONAL CONGRESS,273,815,815
2021,MLA,29,51,42,,"PALANI, K",ALL INDIA ANNA DRAVIDA MUNNETRA KAZHAGAM,481,815,815
2021,MLA,29,51,42,,"VINOTH, E",BAHUJAN SAMAJ PARTY,1,815,815
2021,MLA,29,51,42,,"THANIGAIVEL, M",MAKKAL NEEDHI MAIAM,3,815,815
2021,MLA,29,51,42,,"PUSHPARAJ, D",NAAM TAMILAR KATCHI,41,815,815
2021,MLA,29,51,42,,"PERUMAL, R",AMMA MAKKAL MUNNETTRA KAZAGAM,9,815,815
2021,MLA,29,51,42,,"LOKESH, E",DESIYA MAKKAL SAKTHI KATCHI,1,815,815
2021,MLA,29,51,42,,"SAROJA, S",INDEPENDENT,0,815,815
2021,MLA,29,51,42,,"SUDHAKAR, P",INDEPENDENT,0,815,815
2021,MLA,29,51,42,,"DEVARAJAN, K",INDEPENDENT,0,815,815
2021,MLA,29,51,42,,"PARTHIBAN, M",INDEPENDENT,0,815,815
2021,MLA,29,51,42,,"LEENA, V",INDEPENDENT,1,815,815
2021,MLA,29,51,42,,"VASANTHI, E",INDEPENDENT,1,815,815
2021,MLA,29,51,42,,"VEDHAGIRI, R",INDEPENDENT,0,815,815
2021,MLA,29,51,42,,"VAIRAMUTHU, D",INDEPENDENT,1,815,815
2021,MLA,29,51,42,,NOTA,,3,815,815
2021,MLA,29,52,43,M,"SELVAPERUNTHAGAI, K",INDIAN NATIONAL CONGRESS,277,524,524
2021,MLA,29,52,43,M,"PALANI, K",ALL INDIA ANNA DRAVIDA MUNNETRA KAZHAGAM,155,524,524
2021,MLA,29,52,43,M,"VINOTH, E",BAHUJAN SAMAJ PARTY,3,524,524
2021,MLA,29,52,43,M,"THANIGAIVEL, M",MAKKAL NEEDHI MAIAM,11,524,524
2021,MLA,29,52,43,M,"PUSHPARAJ, D",NAAM TAMILAR KATCHI,55,524,524
2021,MLA,29,52,43,M,"PERUMAL, R",AMMA MAKKAL MUNNETTRA KAZAGAM,16,524,524
2021,MLA,29,52,43,M,"LOKESH, E",DESIYA MAKKAL SAKTHI KATCHI,0,524,524
2021,MLA,29,52,43,M,"SAROJA, S",INDEPENDENT,0,524,524
2021,MLA,29,52,43,M,"SUDHAKAR, P",INDEPENDENT,0,524,524
2021,MLA,29,52,43,M,"DEVARAJAN, K",INDEPENDENT,0,524,524
2021,MLA,29,52,43,M,"PARTHIBAN, M",INDEPENDENT,0,524,524
2021,MLA,29,52,43,M,"LEENA, V",INDEPENDENT,0,524,524
2021,MLA,29,52,43,M,"VASANTHI, E",INDEPENDENT,1,524,524
2021,MLA,29,52,43,M,"VEDHAGIRI, R",INDEPENDENT,0,524,524
2021,MLA,29,52,43,M,"VAIRAMUTHU, D",INDEPENDENT,2,524,524
2021,MLA,29,52,43,M,NOTA,,4,524,524
2021,MLA,29,53,43,A(W),"SELVAPERUNTHAGAI, K",INDIAN NATIONAL CONGRESS,283,542,542
2021,MLA,29,53,43,A(W),"PALANI, K",ALL INDIA ANNA DRAVIDA MUNNETRA KAZHAGAM,190,542,542
2021,MLA,29,53,43,A(W),"VINOTH, E",BAHUJAN SAMAJ PARTY,1,542,542
2021,MLA,29,53,43,A(W),"THANIGAIVEL, M",MAKKAL NEEDHI MAIAM,12,542,542
2021,MLA,29,53,43,A(W),"PUSHPARAJ, D",NAAM TAMILAR KATCHI,37,542,542
2021,MLA,29,53,43,A(W),"PERUMAL, R",AMMA MAKKAL MUNNETTRA KAZAGAM,8,542,542
2021,MLA,29,53,43,A(W),"LOKESH, E",DESIYA MAKKAL SAKTHI KATCHI,0,542,542
2021,MLA,29,53,43,A(W),"SAROJA, S",INDEPENDENT,0,542,542
2021,MLA,29,53,43,A(W),"SUDHAKAR, P",INDEPENDENT,0,542,542
2021,MLA,29,53,43,A(W),"DEVARAJAN, K",INDEPENDENT,0,542,542
2021,MLA,29,53,43,A(W),"PARTHIBAN, M",INDEPENDENT,0,542,542
2021,MLA,29,53,43,A(W),"LEENA, V",INDEPENDENT,0,542,542
2021,MLA,29,53,43,A(W),"VASANTHI, E",INDEPENDENT,1,542,542
2021,MLA,29,53,43,A(W),"VEDHAGIRI, R",INDEPENDENT,0,542,542
2021,MLA,29,53,43,A(W),"VAIRAMUTHU, D",INDEPENDENT,4,542,542
2021,MLA,29,53,43,A(W),NOTA,,6,542,542
2021,MLA,29,54,44,,"SELVAPERUNTHAGAI, K",INDIAN NATIONAL CONGRESS,281,697,697
2021,MLA,29,54,44,,"PALANI, K",ALL INDIA ANNA DRAVIDA MUNNETRA KAZHAGAM,336,697,697
2021,MLA,29,54,44,,"VINOTH, E",BAHUJAN SAMAJ PARTY,2,697,697
2021,MLA,29,54,44,,"THANIGAIVEL, M",MAKKAL NEEDHI MAIAM,9,697,697
2021,MLA,29,54,44,,"PUSHPARAJ, D",NAAM TAMILAR KATCHI,37,697,697
2021,MLA,29,54,44,,"PERUMAL, R",AMMA MAKKAL MUNNETTRA KAZAGAM,7,697,697
2021,MLA,29,54,44,,"LOKESH, E",DESIYA MAKKAL SAKTHI KATCHI,0,697,697
2021,MLA,29,54,44,,"SAROJA, S",INDEPENDENT,1,697,697
2021,MLA,29,54,44,,"SUDHAKAR, P",INDEPENDENT,0,697,697
2021,MLA,29,54,44,,"DEVARAJAN, K",INDEPENDENT,0,697,697
2021,MLA,29,54,44,,"PARTHIBAN, M",INDEPENDENT,0,697,697
2021,MLA,29,54,44,,"LEENA, V",INDEPENDENT,0,697,697
2021,MLA,29,54,44,,"VASANTHI, E",INDEPENDENT,1,697,697
2021,MLA,29,54,44,,"VEDHAGIRI, R",INDEPENDENT,0,697,697
2021,MLA,29,54,44,,"VAIRAMUTHU, D",INDEPENDENT,11,697,697
2021,MLA,29,54,44,,NOTA,,12,697,697
2021,MLA,29,55,45,,"SELVAPERUNTHAGAI, K",INDIAN NATIONAL CONGRESS,271,800,800
2021,MLA,29,55,45,,"PALANI, K",ALL INDIA ANNA DRAVIDA MUNNETRA KAZHAGAM,463,800,800
2021,MLA,29,55,45,,"VINOTH, E",BAHUJAN SAMAJ PARTY,4,800,800
2021,MLA,29,55,45,,"THANIGAIVEL, M",MAKKAL NEEDHI MAIAM,7,800,800
2021,MLA,29,55,45,,"PUSHPARAJ, D",NAAM TAMILAR KATCHI,37,800,800
2021,MLA,29,55,45,,"PERUMAL, R",AMMA MAKKAL MUNNETTRA KAZAGAM,5,800,800
2021,MLA,29,55,45,,"LOKESH, E",DESIYA MAKKAL SAKTHI KATCHI,0,800,800
2021,MLA,29,55,45,,"SAROJA, S",INDEPENDENT,1,800,800
2021,MLA,29,55,45,,"SUDHAKAR, P",INDEPENDENT,0,800,800
2021,MLA,29,55,45,,"DEVARAJAN, K",INDEPENDENT,0,800,800
2021,MLA,29,55,45,,"PARTHIBAN, M",INDEPENDENT,0,800,800
2021,MLA,29,55,45,,"LEENA, V",INDEPENDENT,0,800,800
2021,MLA,29,55,45,,"VASANTHI, E",INDEPENDENT,1,800,800
2021,MLA,29,55,45,,"VEDHAGIRI, R",INDEPENDENT,1,800,800
2021,MLA,29,55,45,,"VAIRAMUTHU, D",INDEPENDENT,7,800,800
2021,MLA,29,55,45,,NOTA,,3,800,800
2021,MLA,29,56,46,M,"SELVAPERUNTHAGAI, K",INDIAN NATIONAL CONGRESS,151,465,465
2021,MLA,29,56,46,M,"PALANI, K",ALL INDIA ANNA DRAVIDA MUNNETRA KAZHAGAM,244,465,465
2021,MLA,29,56,46,M,"VINOTH, E",BAHUJAN SAMAJ PARTY,0,465,465
2021,MLA,29,56,46,M,"THANIGAIVEL, M",MAKKAL NEEDHI MAIAM,1,465,465
2021,MLA,29,56,46,M,"PUSHPARAJ, D",NAAM TAMILAR KATCHI,53,465,465
2021,MLA,29,56,46,M,"PERUMAL, R",AMMA MAKKAL MUNNETTRA KAZAGAM,6,465,465
2021,MLA,29,56,46,M,"LOKESH, E",DESIYA MAKKAL SAKTHI KATCHI,0,465,465
2021,MLA,29,56,46,M,"SAROJA, S",INDEPENDENT,0,465,465
2021,MLA,29,56,46,M,"SUDHAKAR, P",INDEPENDENT,0,465,465
2021,MLA,29,56,46,M,"DEVARAJAN, K",INDEPENDENT,0,465,465
2021,MLA,29,56,46,M,"PARTHIBAN, M",INDEPENDENT,1,465,465
2021,MLA,29,56,46,M,"LEENA, V",INDEPENDENT,0,465,465
2021,MLA,29,56,46,M,"VASANTHI, E",INDEPENDENT,0,465,465
2021,MLA,29,56,46,M,"VEDHAGIRI, R",INDEPENDENT,0,465,465
2021,MLA,29,56,46,M,"VAIRAMUTHU, D",INDEPENDENT,5,465,465
2021,MLA,29,56,46,M,NOTA,,4,465,465
2021,MLA,29,57,46,A(W),"SELVAPERUNTHAGAI, K",INDIAN NATIONAL CONGRESS,177,459,459
2021,MLA,29,57,46,A(W),"PALANI, K",ALL INDIA ANNA DRAVIDA MUNNETRA KAZHAGAM,246,459,459
2021,MLA,29,57,46,A(W),"VINOTH, E",BAHUJAN SAMAJ PARTY,0,459,459
2021,MLA,29,57,46,A(W),"THANIGAIVEL, M",MAKKAL NEEDHI MAIAM,1,459,459
2021,MLA,29,57,46,A(W),"PUSHPARAJ, D",NAAM TAMILAR KATCHI,27,459,459
2021,MLA,29,57,46,A(W),"PERUMAL, R",AMMA MAKKAL MUNNETTRA KAZAGAM,0,459,459
2021,MLA,29,57,46,A(W),"LOKESH, E",DESIYA MAKKAL SAKTHI KATCHI,0,459,459
2021,MLA,29,57,46,A(W),"SAROJA, S",INDEPENDENT,0,459,459
2021,MLA,29,57,46,A(W),"SUDHAKAR, P",INDEPENDENT,0,459,459
2021,MLA,29,57,46,A(W),"DEVARAJAN, K",INDEPENDENT,0,459,459
2021,MLA,29,57,46,A(W),"PARTHIBAN, M",INDEPENDENT,0,459,459
2021,MLA,29,57,46,A(W),"LEENA, V",INDEPENDENT,0,459,459
2021,MLA,29,57,46,A(W),"VASANTHI, E",INDEPENDENT,1,459,459
2021,MLA,29,57,46,A(W),"VEDHAGIRI, R",INDEPENDENT,0,459,459
2021,MLA,29,57,46,A(W),"VAIRAMUTHU, D",INDEPENDENT,4,459,459
2021,MLA,29,57,46,A(W),NOTA,,3,459,459
2021,MLA,29,58,47,,"SELVAPERUNTHAGAI, K",INDIAN NATIONAL CONGRESS,423,880,880
2021,MLA,29,58,47,,"PALANI, K",ALL INDIA ANNA DRAVIDA MUNNETRA KAZHAGAM,333,880,880
2021,MLA,29,58,47,,"VINOTH, E",BAHUJAN SAMAJ PARTY,3,880,880
2021,MLA,29,58,47,,"THANIGAIVEL, M",MAKKAL NEEDHI MAIAM,5,880,880
2021,MLA,29,58,47,,"PUSHPARAJ, D",NAAM TAMILAR KATCHI,65,880,880
2021,MLA,29,58,47,,"PERUMAL, R",AMMA MAKKAL MUNNETTRA KAZAGAM,8,880,880
2021,MLA,29,58,47,,"LOKESH, E",DESIYA MAKKAL SAKTHI KATCHI,0,880,880
2021,MLA,29,58,47,,"SAROJA, S",INDEPENDENT,1,880,880
2021,MLA,29,58,47,,"SUDHAKAR, P",INDEPENDENT,0,880,880
2021,MLA,29,58,47,,"DEVARAJAN, K",INDEPENDENT,0,880,880
2021,MLA,29,58,47,,"PARTHIBAN, M",INDEPENDENT,0,880,880
2021,MLA,29,58,47,,"LEENA, V",INDEPENDENT,0,880,880
2021,MLA,29,58,47,,"VASANTHI, E",INDEPENDENT,1,880,880
2021,MLA,29,58,47,,"VEDHAGIRI, R",INDEPENDENT,0,880,880
2021,MLA,29,58,47,,"VAIRAMUTHU, D",INDEPENDENT,32,880,880
2021,MLA,29,58,47,,NOTA,,9,880,880
2021,MLA,29,59,48,,"SELVAPERUNTHAGAI, K",INDIAN NATIONAL CONGRESS,390,854,854
2021,MLA,29,59,48,,"PALANI, K",ALL INDIA ANNA DRAVIDA MUNNETRA KAZHAGAM,378,854,854
2021,MLA,29,59,48,,"VINOTH, E",BAHUJAN SAMAJ PARTY,2,854,854
2021,MLA,29,59,48,,"THANIGAIVEL, M",MAKKAL NEEDHI MAIAM,7,854,854
2021,MLA,29,59,48,,"PUSHPARAJ, D",NAAM TAMILAR KATCHI,48,854,854
2021,MLA,29,59,48,,"PERUMAL, R",AMMA MAKKAL MUNNETTRA KAZAGAM,10,854,854
2021,MLA,29,59,48,,"LOKESH, E",DESIYA MAKKAL SAKTHI KATCHI,0,854,854
2021,MLA,29,59,48,,"SAROJA, S",INDEPENDENT,0,854,854
2021,MLA,29,59,48,,"SUDHAKAR, P",INDEPENDENT,0,854,854
2021,MLA,29,59,48,,"DEVARAJAN, K",INDEPENDENT,0,854,854
2021,MLA,29,59,48,,"PARTHIBAN, M",INDEPENDENT,0,854,854
2021,MLA,29,59,48,,"LEENA, V",INDEPENDENT,0,854,854
2021,MLA,29,59,48,,"VASANTHI, E",INDEPENDENT,0,854,854
2021,MLA,29,59,48,,"VEDHAGIRI, R",INDEPENDENT,2,854,854
2021,MLA,29,59,48,,"VAIRAMUTHU, D",INDEPENDENT,5,854,854
2021,MLA,29,59,48,,NOTA,,12,854,854
2021,MLA,29,60,49,M,"SELVAPERUNTHAGAI, K",INDIAN NATIONAL CONGRESS,201,496,496
2021,MLA,29,60,49,M,"PALANI, K",ALL INDIA ANNA DRAVIDA MUNNETRA KAZHAGAM,216,496,496
2021,MLA,29,60,49,M,"VINOTH, E",BAHUJAN SAMAJ PARTY,1,496,496
2021,MLA,29,60,49,M,"THANIGAIVEL, M",MAKKAL NEEDHI MAIAM,4,496,496
2021,MLA,29,60,49,M,"PUSHPARAJ, D",NAAM TAMILAR KATCHI,53,496,496
2021,MLA,29,60,49,M,"PERUMAL, R",AMMA MAKKAL MUNNETTRA KAZAGAM,12,496,496
2021,MLA,29,60,49,M,"LOKESH, E",DESIYA MAKKAL SAKTHI KATCHI,1,496,496
2021,MLA,29,60,49,M,"SAROJA, S",INDEPENDENT,0,496,496
2021,MLA,29,60,49,M,"SUDHAKAR, P",INDEPENDENT,0,496,496
2021,MLA,29,60,49,M,"DEVARAJAN, K",INDEPENDENT,0,496,496
2021,MLA,29,60,49,M,"PARTHIBAN, M",INDEPENDENT,0,496,496
2021,MLA,29,60,49,M,"LEENA, V",INDEPENDENT,1,496,496
2021,MLA,29,60,49,M,"VASANTHI, E",INDEPENDENT,0,496,496
2021,MLA,29,60,49,M,"VEDHAGIRI, R",INDEPENDENT,0,496,496
2021,MLA,29,60,49,M,"VAIRAMUTHU, D",INDEPENDENT,4,496,496
2021,MLA,29,60,49,M,NOTA,,3,496,496
2021,MLA,29,61,49,A(W),"SELVAPERUNTHAGAI, K",INDIAN NATIONAL CONGRESS,230,497,497
2021,MLA,29,61,49,A(W),"PALANI, K",ALL INDIA ANNA DRAVIDA MUNNETRA KAZHAGAM,222,497,497
2021,MLA,29,61,49,A(W),"VINOTH, E",BAHUJAN SAMAJ PARTY,1,497,497
2021,MLA,29,61,49,A(W),"THANIGAIVEL, M",MAKKAL NEEDHI MAIAM,6,497,497
2021,MLA,29,61,49,A(W),"PUSHPARAJ, D",NAAM TAMILAR KATCHI,26,497,497
2021,MLA,29,61,49,A(W),"PERUMAL, R",AMMA MAKKAL MUNNETTRA KAZAGAM,6,497,497
2021,MLA,29,61,49,A(W),"LOKESH, E",DESIYA MAKKAL SAKTHI KATCHI,0,497,497
2021,MLA,29,61,49,A(W),"SAROJA, S",INDEPENDENT,1,497,497
2021,MLA,29,61,49,A(W),"SUDHAKAR, P",INDEPENDENT,0,497,497
2021,MLA,29,61,49,A(W),"DEVARAJAN, K",INDEPENDENT,0,497,497
2021,MLA,29,61,49,A(W),"PARTHIBAN, M",INDEPENDENT,0,497,497
2021,MLA,29,61,49,A(W),"LEENA, V",INDEPENDENT,0,497,497
2021,MLA,29,61,49,A(W),"VASANTHI, E",INDEPENDENT,0,497,497
2021,MLA,29,61,49,A(W),"VEDHAGIRI, R",INDEPENDENT,0,497,497
2021,MLA,29,61,49,A(W),"VAIRAMUTHU, D",INDEPENDENT,1,497,497
2021,MLA,29,61,49,A(W),NOTA,,4,497,497
2021,MLA,29,62,50,M,"SELVAPERUNTHAGAI, K",INDIAN NATIONAL CONGRESS,189,433,433
2021,MLA,29,62,50,M,"PALANI, K",ALL INDIA ANNA DRAVIDA MUNNETRA KAZHAGAM,177,433,433
2021,MLA,29,62,50,M,"VINOTH, E",BAHUJAN SAMAJ PARTY,4,433,433
2021,MLA,29,62,50,M,"THANIGAIVEL, M",MAKKAL NEEDHI MAIAM,4,433,433
2021,MLA,29,62,50,M,"PUSHPARAJ, D",NAAM TAMILAR KATCHI,49,433,433
2021,MLA,29,62,50,M,"PERUMAL, R",AMMA MAKKAL MUNNETTRA KAZAGAM,5,433,433
2021,MLA,29,62,50,M,"LOKESH, E",DESIYA MAKKAL SAKTHI KATCHI,0,433,433
2021,MLA,29,62,50,M,"SAROJA, S",INDEPENDENT,1,433,433
2021,MLA,29,62,50,M,"SUDHAKAR, P",INDEPENDENT,0,433,433
2021,MLA,29,62,50,M,"DEVARAJAN, K",INDEPENDENT,0,433,433
2021,MLA,29,62,50,M,"PARTHIBAN, M",INDEPENDENT,0,433,433
2021,MLA,29,62,50,M,"LEENA, V",INDEPENDENT,1,433,433
2021,MLA,29,62,50,M,"VASANTHI, E",INDEPENDENT,0,433,433
2021,MLA,29,62,50,M,"VEDHAGIRI, R",INDEPENDENT,0,433,433
2021,MLA,29,62,50,M,"VAIRAMUTHU, D",INDEPENDENT,3,433,433
2021,MLA,29,62,50,M,NOTA,,0,433,433
2021,MLA,29,63,50,A(W),"SELVAPERUNTHAGAI, K",INDIAN NATIONAL CONGRESS,216,458,458
2021,MLA,29,63,50,A(W),"PALANI, K",ALL INDIA ANNA DRAVIDA MUNNETRA KAZHAGAM,206,458,458
2021,MLA,29,63,50,A(W),"VINOTH, E",BAHUJAN SAMAJ PARTY,1,458,458
2021,MLA,29,63,50,A(W),"THANIGAIVEL, M",MAKKAL NEEDHI MAIAM,3,458,458
2021,MLA,29,63,50,A(W),"PUSHPARAJ, D",NAAM TAMILAR KATCHI,21,458,458
2021,MLA,29,63,50,A(W),"PERUMAL, R",AMMA MAKKAL MUNNETTRA KAZAGAM,4,458,458
2021,MLA,29,63,50,A(W),"LOKESH, E",DESIYA MAKKAL SAKTHI KATCHI,0,458,458
2021,MLA,29,63,50,A(W),"SAROJA, S",INDEPENDENT,0,458,458
2021,MLA,29,63,50,A(W),"SUDHAKAR, P",INDEPENDENT,0,458,458
2021,MLA,29,63,50,A(W),"DEVARAJAN, K",INDEPENDENT,0,458,458
2021,MLA,29,63,50,A(W),"PARTHIBAN, M",INDEPENDENT,0,458,458
2021,MLA,29,63,50,A(W),"LEENA, V",INDEPENDENT,2,458,458
2021,MLA,29,63,50,A(W),"VASANTHI, E",INDEPENDENT,1,458,458
2021,MLA,29,63,50,A(W),"VEDHAGIRI, R",INDEPENDENT,0,458,458
2021,MLA,29,63,50,A(W),"VAIRAMUTHU, D",INDEPENDENT,0,458,458
2021,MLA,29,63,50,A(W),NOTA,,4,458,458
2021,MLA,29,64,51,,"SELVAPERUNTHAGAI, K",INDIAN NATIONAL CONGRESS,361,790,790
2021,MLA,29,64,51,,"PALANI, K",ALL INDIA ANNA DRAVIDA MUNNETRA KAZHAGAM,342,790,790
2021,MLA,29,64,51,,"VINOTH, E",BAHUJAN SAMAJ PARTY,4,790,790
2021,MLA,29,64,51,,"THANIGAIVEL, M",MAKKAL NEEDHI MAIAM,14,790,790
2021,MLA,29,64,51,,"PUSHPARAJ, D",NAAM TAMILAR KATCHI,49,790,790
2021,MLA,29,64,51,,"PERUMAL, R",AMMA MAKKAL MUNNETTRA KAZAGAM,12,790,790
2021,MLA,29,64,51,,"LOKESH, E",DESIYA MAKKAL SAKTHI KATCHI,1,790,790
2021,MLA,29,64,51,,"SAROJA, S",INDEPENDENT,0,790,790
2021,MLA,29,64,51,,"SUDHAKAR, P",INDEPENDENT,0,790,790
2021,MLA,29,64,51,,"DEVARAJAN, K",INDEPENDENT,0,790,790
2021,MLA,29,64,51,,"PARTHIBAN, M",INDEPENDENT,0,790,790
2021,MLA,29,64,51,,"LEENA, V",INDEPENDENT,1,790,790
2021,MLA,29,64,51,,"VASANTHI, E",INDEPENDENT,0,790,790
2021,MLA,29,64,51,,"VEDHAGIRI, R",INDEPENDENT,0,790,790
2021,MLA,29,64,51,,"VAIRAMUTHU, D",INDEPENDENT,1,790,790
2021,MLA,29,64,51,,NOTA,,5,790,790
2021,MLA,29,65,52,M,"SELVAPERUNTHAGAI, K",INDIAN NATIONAL CONGRESS,256,522,522
2021,MLA,29,65,52,M,"PALANI, K",ALL INDIA ANNA DRAVIDA MUNNETRA KAZHAGAM,167,522,522
2021,MLA,29,65,52,M,"VINOTH, E",BAHUJAN SAMAJ PARTY,2,522,522
2021,MLA,29,65,52,M,"THANIGAIVEL, M",MAKKAL NEEDHI MAIAM,5,522,522
2021,MLA,29,65,52,M,"PUSHPARAJ, D",NAAM TAMILAR KATCHI,51,522,522
2021,MLA,29,65,52,M,"PERUMAL, R",AMMA MAKKAL MUNNETTRA KAZAGAM,22,522,522
2021,MLA,29,65,52,M,"LOKESH, E",DESIYA MAKKAL SAKTHI KATCHI,0,522,522
2021,MLA,29,65,52,M,"SAROJA, S",INDEPENDENT,1,522,522
2021,MLA,29,65,52,M,"SUDHAKAR, P",INDEPENDENT,0,522,522
2021,MLA,29,65,52,M,"DEVARAJAN, K",INDEPENDENT,0,522,522
2021,MLA,29,65,52,M,"PARTHIBAN, M",INDEPENDENT,0,522,522
2021,MLA,29,65,52,M,"LEENA, V",INDEPENDENT,0,522,522
2021,MLA,29,65,52,M,"VASANTHI, E",INDEPENDENT,0,522,522
2021,MLA,29,65,52,M,"VEDHAGIRI, R",INDEPENDENT,0,522,522
2021,MLA,29,65,52,M,"VAIRAMUTHU, D",INDEPENDENT,15,522,522
2021,MLA,29,65,52,M,NOTA,,3,522,522
2021,MLA,29,66,52,A(W),"SELVAPERUNTHAGAI, K",INDIAN NATIONAL CONGRESS,264,510,510
2021,MLA,29,66,52,A(W),"PALANI, K",ALL INDIA ANNA DRAVIDA MUNNETRA KAZHAGAM,186,510,510
2021,MLA,29,66,52,A(W),"VINOTH, E",BAHUJAN SAMAJ PARTY,0,510,510
2021,MLA,29,66,52,A(W),"THANIGAIVEL, M",MAKKAL NEEDHI MAIAM,5,510,510
2021,MLA,29,66,52,A(W),"PUSHPARAJ, D",NAAM TAMILAR KATCHI,26,510,510
2021,MLA,29,66,52,A(W),"PERUMAL, R",AMMA MAKKAL MUNNETTRA KAZAGAM,8,510,510
2021,MLA,29,66,52,A(W),"LOKESH, E",DESIYA MAKKAL SAKTHI KATCHI,1,510,510
2021,MLA,29,66,52,A(W),"SAROJA, S",INDEPENDENT,0,510,510
2021,MLA,29,66,52,A(W),"SUDHAKAR, P",INDEPENDENT,1,510,510
2021,MLA,29,66,52,A(W),"DEVARAJAN, K",INDEPENDENT,1,510,510
2021,MLA,29,66,52,A(W),"PARTHIBAN, M",INDEPENDENT,1,510,510
2021,MLA,29,66,52,A(W),"LEENA, V",INDEPENDENT,0,510,510
2021,MLA,29,66,52,A(W),"VASANTHI, E",INDEPENDENT,0,510,510
2021,MLA,29,66,52,A(W),"VEDHAGIRI, R",INDEPENDENT,1,510,510
2021,MLA,29,66,52,A(W),"VAIRAMUTHU, D",INDEPENDENT,6,510,510
2021,MLA,29,66,52,A(W),NOTA,,10,510,510
2021,MLA,29,67,53,,"SELVAPERUNTHAGAI, K",INDIAN NATIONAL CONGRESS,234,475,475
2021,MLA,29,67,53,,"PALANI, K",ALL INDIA ANNA DRAVIDA MUNNETRA KAZHAGAM,190,475,475
2021,MLA,29,67,53,,"VINOTH, E",BAHUJAN SAMAJ PARTY,2,475,475
2021,MLA,29,67,53,,"THANIGAIVEL, M",MAKKAL NEEDHI MAIAM,1,475,475
2021,MLA,29,67,53,,"PUSHPARAJ, D",NAAM TAMILAR KATCHI,36,475,475
2021,MLA,29,67,53,,"PERUMAL, R",AMMA MAKKAL MUNNETTRA KAZAGAM,1,475,475
2021,MLA,29,67,53,,"LOKESH, E",DESIYA MAKKAL SAKTHI KATCHI,0,475,475
2021,MLA,29,67,53,,"SAROJA, S",INDEPENDENT,0,475,475
2021,MLA,29,67,53,,"SUDHAKAR, P",INDEPENDENT,0,475,475
2021,MLA,29,67,53,,"DEVARAJAN, K",INDEPENDENT,1,475,475
2021,MLA,29,67,53,,"PARTHIBAN, M",INDEPENDENT,0,475,475
2021,MLA,29,67,53,,"LEENA, V",INDEPENDENT,0,475,475
2021,MLA,29,67,53,,"VASANTHI, E",INDEPENDENT,0,475,475
2021,MLA,29,67,53,,"VEDHAGIRI, R",INDEPENDENT,0,475,475
2021,MLA,29,67,53,,"VAIRAMUTHU, D",INDEPENDENT,7,475,475
2021,MLA,29,67,53,,NOTA,,3,475,475
2021,MLA,29,68,54,,"SELVAPERUNTHAGAI, K",INDIAN NATIONAL CONGRESS,231,705,705
2021,MLA,29,68,54,,"PALANI, K",ALL INDIA ANNA DRAVIDA MUNNETRA KAZHAGAM,343,705,705
2021,MLA,29,68,54,,"VINOTH, E",BAHUJAN SAMAJ PARTY,2,705,705
2021,MLA,29,68,54,,"THANIGAIVEL, M",MAKKAL NEEDHI MAIAM,22,705,705
2021,MLA,29,68,54,,"PUSHPARAJ, D",NAAM TAMILAR KATCHI,70,705,705
2021,MLA,29,68,54,,"PERUMAL, R",AMMA MAKKAL MUNNETTRA KAZAGAM,4,705,705
2021,MLA,29,68,54,,"LOKESH, E",DESIYA MAKKAL SAKTHI KATCHI,1,705,705
2021,MLA,29,68,54,,"SAROJA, S",INDEPENDENT,0,705,705
2021,MLA,29,68,54,,"SUDHAKAR, P",INDEPENDENT,0,705,705
2021,MLA,29,68,54,,"DEVARAJAN, K",INDEPENDENT,0,705,705
2021,MLA,29,68,54,,"PARTHIBAN, M",INDEPENDENT,0,705,705
2021,MLA,29,68,54,,"LEENA, V",INDEPENDENT,0,705,705
2021,MLA,29,68,54,,"VASANTHI, E",INDEPENDENT,0,705,705
2021,MLA,29,68,54,,"VEDHAGIRI, R",INDEPENDENT,0,705,705
2021,MLA,29,68,54,,"VAIRAMUTHU, D",INDEPENDENT,23,705,705
2021,MLA,29,68,54,,NOTA,,9,705,705
2021,MLA,29,69,55,,"SELVAPERUNTHAGAI, K",INDIAN NATIONAL CONGRESS,238,532,532
2021,MLA,29,69,55,,"PALANI, K",ALL INDIA ANNA DRAVIDA MUNNETRA KAZHAGAM,223,532,532
2021,MLA,29,69,55,,"VINOTH, E",BAHUJAN SAMAJ PARTY,0,532,532
2021,MLA,29,69,55,,"THANIGAIVEL, M",MAKKAL NEEDHI MAIAM,7,532,532
2021,MLA,29,69,55,,"PUSHPARAJ, D",NAAM TAMILAR KATCHI,49,532,532
2021,MLA,29,69,55,,"PERUMAL, R",AMMA MAKKAL MUNNETTRA KAZAGAM,5,532,532
2021,MLA,29,69,55,,"LOKESH, E",DESIYA MAKKAL SAKTHI KATCHI,0,532,532
2021,MLA,29,69,55,,"SAROJA, S",INDEPENDENT,0,532,532
2021,MLA,29,69,55,,"SUDHAKAR, P",INDEPENDENT,0,532,532
2021,MLA,29,69,55,,"DEVARAJAN, K",INDEPENDENT,0,532,532
2021,MLA,29,69,55,,"PARTHIBAN, M",INDEPENDENT,0,532,532
2021,MLA,29,69,55,,"LEENA, V",INDEPENDENT,0,532,532
2021,MLA,29,69,55,,"VASANTHI, E",INDEPENDENT,0,532,532
2021,MLA,29,69,55,,"VEDHAGIRI, R",INDEPENDENT,0,532,532
2021,MLA,29,69,55,,"VAIRAMUTHU, D",INDEPENDENT,5,532,532
2021,MLA,29,69,55,,NOTA,,5,532,532
2021,MLA,29,70,56,,"SELVAPERUNTHAGAI, K",INDIAN NATIONAL CONGRESS,258,746,746
2021,MLA,29,70,56,,"PALANI, K",ALL INDIA ANNA DRAVIDA MUNNETRA KAZHAGAM,412,746,746
2021,MLA,29,70,56,,"VINOTH, E",BAHUJAN SAMAJ PARTY,3,746,746
2021,MLA,29,70,56,,"THANIGAIVEL, M",MAKKAL NEEDHI MAIAM,10,746,746
2021,MLA,29,70,56,,"PUSHPARAJ, D",NAAM TAMILAR KATCHI,53,746,746
2021,MLA,29,70,56,,"PERUMAL, R",AMMA MAKKAL MUNNETTRA KAZAGAM,2,746,746
2021,MLA,29,70,56,,"LOKESH, E",DESIYA MAKKAL SAKTHI KATCHI,0,746,746
2021,MLA,29,70,56,,"SAROJA, S",INDEPENDENT,0,746,746
2021,MLA,29,70,56,,"SUDHAKAR, P",INDEPENDENT,0,746,746
2021,MLA,29,70,56,,"DEVARAJAN, K",INDEPENDENT,1,746,746
2021,MLA,29,70,56,,"PARTHIBAN, M",INDEPENDENT,0,746,746
2021,MLA,29,70,56,,"LEENA, V",INDEPENDENT,0,746,746
2021,MLA,29,70,56,,"VASANTHI, E",INDEPENDENT,0,746,746
2021,MLA,29,70,56,,"VEDHAGIRI, R",INDEPENDENT,0,746,746
2021,MLA,29,70,56,,"VAIRAMUTHU, D",INDEPENDENT,2,746,746
2021,MLA,29,70,56,,NOTA,,5,746,746
2021,MLA,29,71,57,M,"SELVAPERUNTHAGAI, K",INDIAN NATIONAL CONGRESS,160,487,487
2021,MLA,29,71,57,M,"PALANI, K",ALL INDIA ANNA DRAVIDA MUNNETRA KAZHAGAM,239,487,487
2021,MLA,29,71,57,M,"VINOTH, E",BAHUJAN SAMAJ PARTY,6,487,487
2021,MLA,29,71,57,M,"THANIGAIVEL, M",MAKKAL NEEDHI MAIAM,5,487,487
2021,MLA,29,71,57,M,"PUSHPARAJ, D",NAAM TAMILAR KATCHI,64,487,487
2021,MLA,29,71,57,M,"PERUMAL, R",AMMA MAKKAL MUNNETTRA KAZAGAM,4,487,487
2021,MLA,29,71,57,M,"LOKESH, E",DESIYA MAKKAL SAKTHI KATCHI,0,487,487
2021,MLA,29,71,57,M,"SAROJA, S",INDEPENDENT,1,487,487
2021,MLA,29,71,57,M,"SUDHAKAR, P",INDEPENDENT,0,487,487
2021,MLA,29,71,57,M,"DEVARAJAN, K",INDEPENDENT,0,487,487
2021,MLA,29,71,57,M,"PARTHIBAN, M",INDEPENDENT,0,487,487
2021,MLA,29,71,57,M,"LEENA, V",INDEPENDENT,0,487,487
2021,MLA,29,71,57,M,"VASANTHI, E",INDEPENDENT,0,487,487
2021,MLA,29,71,57,M,"VEDHAGIRI, R",INDEPENDENT,1,487,487
2021,MLA,29,71,57,M,"VAIRAMUTHU, D",INDEPENDENT,4,487,487
2021,MLA,29,71,57,M,NOTA,,3,487,487
2021,MLA,29,72,57,A(W),"SELVAPERUNTHAGAI, K",INDIAN NATIONAL CONGRESS,158,520,520
2021,MLA,29,72,57,A(W),"PALANI, K",ALL INDIA ANNA DRAVIDA MUNNETRA KAZHAGAM,311,520,520
2021,MLA,29,72,57,A(W),"VINOTH, E",BAHUJAN SAMAJ PARTY,3,520,520
2021,MLA,29,72,57,A(W),"THANIGAIVEL, M",MAKKAL NEEDHI MAIAM,6,520,520
2021,MLA,29,72,57,A(W),"PUSHPARAJ, D",NAAM TAMILAR KATCHI,28,520,520
2021,MLA,29,72,57,A(W),"PERUMAL, R",AMMA MAKKAL MUNNETTRA KAZAGAM,2,520,520
2021,MLA,29,72,57,A(W),"LOKESH, E",DESIYA MAKKAL SAKTHI KATCHI,0,520,520
2021,MLA,29,72,57,A(W),"SAROJA, S",INDEPENDENT,1,520,520
2021,MLA,29,72,57,A(W),"SUDHAKAR, P",INDEPENDENT,0,520,520
2021,MLA,29,72,57,A(W),"DEVARAJAN, K",INDEPENDENT,1,520,520
2021,MLA,29,72,57,A(W),"PARTHIBAN, M",INDEPENDENT,0,520,520
2021,MLA,29,72,57,A(W),"LEENA, V",INDEPENDENT,1,520,520
2021,MLA,29,72,57,A(W),"VASANTHI, E",INDEPENDENT,0,520,520
2021,MLA,29,72,57,A(W),"VEDHAGIRI, R",INDEPENDENT,0,520,520
2021,MLA,29,72,57,A(W),"VAIRAMUTHU, D",INDEPENDENT,4,520,520
2021,MLA,29,72,57,A(W),NOTA,,5,520,520
2021,MLA,29,73,58,,"SELVAPERUNTHAGAI, K",INDIAN NATIONAL CONGRESS,196,538,538
2021,MLA,29,73,58,,"PALANI, K",ALL INDIA ANNA DRAVIDA MUNNETRA KAZHAGAM,258,538,538
2021,MLA,29,73,58,,"VINOTH, E",BAHUJAN SAMAJ PARTY,2,538,538
2021,MLA,29,73,58,,"THANIGAIVEL, M",MAKKAL NEEDHI MAIAM,34,538,538
2021,MLA,29,73,58,,"PUSHPARAJ, D",NAAM TAMILAR KATCHI,37,538,538
2021,MLA,29,73,58,,"PERUMAL, R",AMMA MAKKAL MUNNETTRA KAZAGAM,5,538,538
2021,MLA,29,73,58,,"LOKESH, E",DESIYA MAKKAL SAKTHI KATCHI,0,538,538
2021,MLA,29,73,58,,"SAROJA, S",INDEPENDENT,0,538,538
2021,MLA,29,73,58,,"SUDHAKAR, P",INDEPENDENT,0,538,538
2021,MLA,29,73,58,,"DEVARAJAN, K",INDEPENDENT,0,538,538
2021,MLA,29,73,58,,"PARTHIBAN, M",INDEPENDENT,0,538,538
2021,MLA,29,73,58,,"LEENA, V",INDEPENDENT,0,538,538
2021,MLA,29,73,58,,"VASANTHI, E",INDEPENDENT,0,538,538
2021,MLA,29,73,58,,"VEDHAGIRI, R",INDEPENDENT,0,538,538
2021,MLA,29,73,58,,"VAIRAMUTHU, D",INDEPENDENT,1,538,538
2021,MLA,29,73,58,,NOTA,,5,538,538
2021,MLA,29,74,59,M,"SELVAPERUNTHAGAI, K",INDIAN NATIONAL CONGRESS,218,433,433
2021,MLA,29,74,59,M,"PALANI, K",ALL INDIA ANNA DRAVIDA MUNNETRA KAZHAGAM,115,433,433
2021,MLA,29,74,59,M,"VINOTH, E",BAHUJAN SAMAJ PARTY,0,433,433
2021,MLA,29,74,59,M,"THANIGAIVEL, M",MAKKAL NEEDHI MAIAM,6,433,433
2021,MLA,29,74,59,M,"PUSHPARAJ, D",NAAM TAMILAR KATCHI,52,433,433
2021,MLA,29,74,59,M,"PERUMAL, R",AMMA MAKKAL MUNNETTRA KAZAGAM,6,433,433
2021,MLA,29,74,59,M,"LOKESH, E",DESIYA MAKKAL SAKTHI KATCHI,1,433,433
2021,MLA,29,74,59,M,"SAROJA, S",INDEPENDENT,0,433,433
2021,MLA,29,74,59,M,"SUDHAKAR, P",INDEPENDENT,0,433,433
2021,MLA,29,74,59,M,"DEVARAJAN, K",INDEPENDENT,0,433,433
2021,MLA,29,74,59,M,"PARTHIBAN, M",INDEPENDENT,1,433,433
2021,MLA,29,74,59,M,"LEENA, V",INDEPENDENT,0,433,433
2021,MLA,29,74,59,M,"VASANTHI, E",INDEPENDENT,0,433,433
2021,MLA,29,74,59,M,"VEDHAGIRI, R",INDEPENDENT,0,433,433
2021,MLA,29,74,59,M,"VAIRAMUTHU, D",INDEPENDENT,31,433,433
2021,MLA,29,74,59,M,NOTA,,3,433,433
2021,MLA,29,75,59,A(W),"SELVAPERUNTHAGAI, K",INDIAN NATIONAL CONGRESS,199,426,426
2021,MLA,29,75,59,A(W),"PALANI, K",ALL INDIA ANNA DRAVIDA MUNNETRA KAZHAGAM,160,426,426
2021,MLA,29,75,59,A(W),"VINOTH, E",BAHUJAN SAMAJ PARTY,2,426,426
2021,MLA,29,75,59,A(W),"THANIGAIVEL, M",MAKKAL NEEDHI MAIAM,8,426,426
2021,MLA,29,75,59,A(W),"PUSHPARAJ, D",NAAM TAMILAR KATCHI,26,426,426
2021,MLA,29,75,59,A(W),"PERUMAL, R",AMMA MAKKAL MUNNETTRA KAZAGAM,5,426,426
2021,MLA,29,75,59,A(W),"LOKESH, E",DESIYA MAKKAL SAKTHI KATCHI,0,426,426
2021,MLA,29,75,59,A(W),"SAROJA, S",INDEPENDENT,0,426,426
2021,MLA,29,75,59,A(W),"SUDHAKAR, P",INDEPENDENT,0,426,426
2021,MLA,29,75,59,A(W),"DEVARAJAN, K",INDEPENDENT,0,426,426
2021,MLA,29,75,59,A(W),"PARTHIBAN, M",INDEPENDENT,2,426,426
2021,MLA,29,75,59,A(W),"LEENA, V",INDEPENDENT,1,426,426
2021,MLA,29,75,59,A(W),"VASANTHI, E",INDEPENDENT,0,426,426
2021,MLA,29,75,59,A(W),"VEDHAGIRI, R",INDEPENDENT,2,426,426
2021,MLA,29,75,59,A(W),"VAIRAMUTHU, D",INDEPENDENT,17,426,426
2021,MLA,29,75,59,A(W),NOTA,,4,426,426
2021,MLA,29,76,60,,"SELVAPERUNTHAGAI, K",INDIAN NATIONAL CONGRESS,297,666,666
2021,MLA,29,76,60,,"PALANI, K",ALL INDIA ANNA DRAVIDA MUNNETRA KAZHAGAM,287,666,666
2021,MLA,29,76,60,,"VINOTH, E",BAHUJAN SAMAJ PARTY,3,666,666
2021,MLA,29,76,60,,"THANIGAIVEL, M",MAKKAL NEEDHI MAIAM,22,666,666
2021,MLA,29,76,60,,"PUSHPARAJ, D",NAAM TAMILAR KATCHI,36,666,666
2021,MLA,29,76,60,,"PERUMAL, R",AMMA MAKKAL MUNNETTRA KAZAGAM,9,666,666
2021,MLA,29,76,60,,"LOKESH, E",DESIYA MAKKAL SAKTHI KATCHI,3,666,666
2021,MLA,29,76,60,,"SAROJA, S",INDEPENDENT,0,666,666
2021,MLA,29,76,60,,"SUDHAKAR, P",INDEPENDENT,0,666,666
2021,MLA,29,76,60,,"DEVARAJAN, K",INDEPENDENT,0,666,666
2021,MLA,29,76,60,,"PARTHIBAN, M",INDEPENDENT,0,666,666
2021,MLA,29,76,60,,"LEENA, V",INDEPENDENT,0,666,666
2021,MLA,29,76,60,,"VASANTHI, E",INDEPENDENT,2,666,666
2021,MLA,29,76,60,,"VEDHAGIRI, R",INDEPENDENT,0,666,666
2021,MLA,29,76,60,,"VAIRAMUTHU, D",INDEPENDENT,0,666,666
2021,MLA,29,76,60,,NOTA,,7,666,666
2021,MLA,29,77,61,,"SELVAPERUNTHAGAI, K",INDIAN NATIONAL CONGRESS,235,632,632
2021,MLA,29,77,61,,"PALANI, K",ALL INDIA ANNA DRAVIDA MUNNETRA KAZHAGAM,306,632,632
2021,MLA,29,77,61,,"VINOTH, E",BAHUJAN SAMAJ PARTY,5,632,632
2021,MLA,29,77,61,,"THANIGAIVEL, M",MAKKAL NEEDHI MAIAM,29,632,632
2021,MLA,29,77,61,,"PUSHPARAJ, D",NAAM TAMILAR KATCHI,36,632,632
2021,MLA,29,77,61,,"PERUMAL, R",AMMA MAKKAL MUNNETTRA KAZAGAM,12,632,632
2021,MLA,29,77,61,,"LOKESH, E",DESIYA MAKKAL SAKTHI KATCHI,0,632,632
2021,MLA,29,77,61,,"SAROJA, S",INDEPENDENT,0,632,632
2021,MLA,29,77,61,,"SUDHAKAR, P",INDEPENDENT,1,632,632
2021,MLA,29,77,61,,"DEVARAJAN, K",INDEPENDENT,0,632,632
2021,MLA,29,77,61,,"PARTHIBAN, M",INDEPENDENT,0,632,632
2021,MLA,29,77,61,,"LEENA, V",INDEPENDENT,1,632,632
2021,MLA,29,77,61,,"VASANTHI, E",INDEPENDENT,1,632,632
2021,MLA,29,77,61,,"VEDHAGIRI, R",INDEPENDENT,1,632,632
2021,MLA,29,77,61,,"VAIRAMUTHU, D",INDEPENDENT,0,632,632
2021,MLA,29,77,61,,NOTA,,5,632,632
2021,MLA,29,78,62,,"SELVAPERUNTHAGAI, K",INDIAN NATIONAL CONGRESS,183,430,430
2021,MLA,29,78,62,,"PALANI, K",ALL INDIA ANNA DRAVIDA MUNNETRA KAZHAGAM,171,430,430
2021,MLA,29,78,62,,"VINOTH, E",BAHUJAN SAMAJ PARTY,0,430,430
2021,MLA,29,78,62,,"THANIGAIVEL, M",MAKKAL NEEDHI MAIAM,29,430,430
2021,MLA,29,78,62,,"PUSHPARAJ, D",NAAM TAMILAR KATCHI,34,430,430
2021,MLA,29,78,62,,"PERUMAL, R",AMMA MAKKAL MUNNETTRA KAZAGAM,3,430,430
2021,MLA,29,78,62,,"LOKESH, E",DESIYA MAKKAL SAKTHI KATCHI,0,430,430
2021,MLA,29,78,62,,"SAROJA, S",INDEPENDENT,0,430,430
2021,MLA,29,78,62,,"SUDHAKAR, P",INDEPENDENT,0,430,430
2021,MLA,29,78,62,,"DEVARAJAN, K",INDEPENDENT,0,430,430
2021,MLA,29,78,62,,"PARTHIBAN, M",INDEPENDENT,0,430,430
2021,MLA,29,78,62,,"LEENA, V",INDEPENDENT,1,430,430
2021,MLA,29,78,62,,"VASANTHI, E",INDEPENDENT,0,430,430
2021,MLA,29,78,62,,"VEDHAGIRI, R",INDEPENDENT,0,430,430
2021,MLA,29,78,62,,"VAIRAMUTHU, D",INDEPENDENT,0,430,430
2021,MLA,29,78,62,,NOTA,,9,430,430
2021,MLA,29,79,63,,"SELVAPERUNTHAGAI, K",INDIAN NATIONAL CONGRESS,194,470,470
2021,MLA,29,79,63,,"PALANI, K",ALL INDIA ANNA DRAVIDA MUNNETRA KAZHAGAM,177,470,470
2021,MLA,29,79,63,,"VINOTH, E",BAHUJAN SAMAJ PARTY,0,470,470
2021,MLA,29,79,63,,"THANIGAIVEL, M",MAKKAL NEEDHI MAIAM,53,470,470
2021,MLA,29,79,63,,"PUSHPARAJ, D",NAAM TAMILAR KATCHI,32,470,470
2021,MLA,29,79,63,,"PERUMAL, R",AMMA MAKKAL MUNNETTRA KAZAGAM,2,470,470
2021,MLA,29,79,63,,"LOKESH, E",DESIYA MAKKAL SAKTHI KATCHI,0,470,470
2021,MLA,29,79,63,,"SAROJA, S",INDEPENDENT,0,470,470
2021,MLA,29,79,63,,"SUDHAKAR, P",INDEPENDENT,0,470,470
2021,MLA,29,79,63,,"DEVARAJAN, K",INDEPENDENT,0,470,470
2021,MLA,29,79,63,,"PARTHIBAN, M",INDEPENDENT,0,470,470
2021,MLA,29,79,63,,"LEENA, V",INDEPENDENT,0,470,470
2021,MLA,29,79,63,,"VASANTHI, E",INDEPENDENT,0,470,470
2021,MLA,29,79,63,,"VEDHAGIRI, R",INDEPENDENT,0,470,470
2021,MLA,29,79,63,,"VAIRAMUTHU, D",INDEPENDENT,1,470,470
2021,MLA,29,79,63,,NOTA,,11,470,470
2021,MLA,29,80,64,,"SELVAPERUNTHAGAI, K",INDIAN NATIONAL CONGRESS,176,472,472
2021,MLA,29,80,64,,"PALANI, K",ALL INDIA ANNA DRAVIDA MUNNETRA KAZHAGAM,230,472,472
2021,MLA,29,80,64,,"VINOTH, E",BAHUJAN SAMAJ PARTY,2,472,472
2021,MLA,29,80,64,,"THANIGAIVEL, M",MAKKAL NEEDHI MAIAM,28,472,472
2021,MLA,29,80,64,,"PUSHPARAJ, D",NAAM TAMILAR KATCHI,27,472,472
2021,MLA,29,80,64,,"PERUMAL, R",AMMA MAKKAL MUNNETTRA KAZAGAM,3,472,472
2021,MLA,29,80,64,,"LOKESH, E",DESIYA MAKKAL SAKTHI KATCHI,0,472,472
2021,MLA,29,80,64,,"SAROJA, S",INDEPENDENT,1,472,472
2021,MLA,29,80,64,,"SUDHAKAR, P",INDEPENDENT,0,472,472
2021,MLA,29,80,64,,"DEVARAJAN, K",INDEPENDENT,0,472,472
2021,MLA,29,80,64,,"PARTHIBAN, M",INDEPENDENT,0,472,472
2021,MLA,29,80,64,,"LEENA, V",INDEPENDENT,0,472,472
2021,MLA,29,80,64,,"VASANTHI, E",INDEPENDENT,0,472,472
2021,MLA,29,80,64,,"VEDHAGIRI, R",INDEPENDENT,0,472,472
2021,MLA,29,80,64,,"VAIRAMUTHU, D",INDEPENDENT,0,472,472
2021,MLA,29,80,64,,NOTA,,5,472,472
2021,MLA,29,81,65,,"SELVAPERUNTHAGAI, K",INDIAN NATIONAL CONGRESS,171,439,439
2021,MLA,29,81,65,,"PALANI, K",ALL INDIA ANNA DRAVIDA MUNNETRA KAZHAGAM,189,439,439
2021,MLA,29,81,65,,"VINOTH, E",BAHUJAN SAMAJ PARTY,0,439,439
2021,MLA,29,81,65,,"THANIGAIVEL, M",MAKKAL NEEDHI MAIAM,17,439,439
2021,MLA,29,81,65,,"PUSHPARAJ, D",NAAM TAMILAR KATCHI,48,439,439
2021,MLA,29,81,65,,"PERUMAL, R",AMMA MAKKAL MUNNETTRA KAZAGAM,5,439,439
2021,MLA,29,81,65,,"LOKESH, E",DESIYA MAKKAL SAKTHI KATCHI,0,439,439
2021,MLA,29,81,65,,"SAROJA, S",INDEPENDENT,0,439,439
2021,MLA,29,81,65,,"SUDHAKAR, P",INDEPENDENT,0,439,439
2021,MLA,29,81,65,,"DEVARAJAN, K",INDEPENDENT,0,439,439
2021,MLA,29,81,65,,"PARTHIBAN, M",INDEPENDENT,1,439,439
2021,MLA,29,81,65,,"LEENA, V",INDEPENDENT,0,439,439
2021,MLA,29,81,65,,"VASANTHI, E",INDEPENDENT,2,439,439
2021,MLA,29,81,65,,"VEDHAGIRI, R",INDEPENDENT,0,439,439
2021,MLA,29,81,65,,"VAIRAMUTHU, D",INDEPENDENT,4,439,439
2021,MLA,29,81,65,,NOTA,,2,439,439
2021,MLA,29,82,66,,"SELVAPERUNTHAGAI, K",INDIAN NATIONAL CONGRESS,262,655,655
2021,MLA,29,82,66,,"PALANI, K",ALL INDIA ANNA DRAVIDA MUNNETRA KAZHAGAM,277,655,655
2021,MLA,29,82,66,,"VINOTH, E",BAHUJAN SAMAJ PARTY,2,655,655
2021,MLA,29,82,66,,"THANIGAIVEL, M",MAKKAL NEEDHI MAIAM,35,655,655
2021,MLA,29,82,66,,"PUSHPARAJ, D",NAAM TAMILAR KATCHI,64,655,655
2021,MLA,29,82,66,,"PERUMAL, R",AMMA MAKKAL MUNNETTRA KAZAGAM,8,655,655
2021,MLA,29,82,66,,"LOKESH, E",DESIYA MAKKAL SAKTHI KATCHI,0,655,655
2021,MLA,29,82,66,,"SAROJA, S",INDEPENDENT,0,655,655
2021,MLA,29,82,66,,"SUDHAKAR, P",INDEPENDENT,0,655,655
2021,MLA,29,82,66,,"DEVARAJAN, K",INDEPENDENT,0,655,655
2021,MLA,29,82,66,,"PARTHIBAN, M",INDEPENDENT,0,655,655
2021,MLA,29,82,66,,"LEENA, V",INDEPENDENT,0,655,655
2021,MLA,29,82,66,,"VASANTHI, E",INDEPENDENT,0,655,655
2021,MLA,29,82,66,,"VEDHAGIRI, R",INDEPENDENT,0,655,655
2021,MLA,29,82,66,,"VAIRAMUTHU, D",INDEPENDENT,1,655,655
2021,MLA,29,82,66,,NOTA,,6,655,655
2021,MLA,29,83,67,,"SELVAPERUNTHAGAI, K",INDIAN NATIONAL CONGRESS,196,552,552
2021,MLA,29,83,67,,"PALANI, K",ALL INDIA ANNA DRAVIDA MUNNETRA KAZHAGAM,262,552,552
2021,MLA,29,83,67,,"VINOTH, E",BAHUJAN SAMAJ PARTY,3,552,552
2021,MLA,29,83,67,,"THANIGAIVEL, M",MAKKAL NEEDHI MAIAM,17,552,552
2021,MLA,29,83,67,,"PUSHPARAJ, D",NAAM TAMILAR KATCHI,49,552,552
2021,MLA,29,83,67,,"PERUMAL, R",AMMA MAKKAL MUNNETTRA KAZAGAM,13,552,552
2021,MLA,29,83,67,,"LOKESH, E",DESIYA MAKKAL SAKTHI KATCHI,0,552,552
2021,MLA,29,83,67,,"SAROJA, S",INDEPENDENT,0,552,552
2021,MLA,29,83,67,,"SUDHAKAR, P",INDEPENDENT,0,552,552
2021,MLA,29,83,67,,"DEVARAJAN, K",INDEPENDENT,0,552,552
2021,MLA,29,83,67,,"PARTHIBAN, M",INDEPENDENT,0,552,552
2021,MLA,29,83,67,,"LEENA, V",INDEPENDENT,1,552,552
2021,MLA,29,83,67,,"VASANTHI, E",INDEPENDENT,0,552,552
2021,MLA,29,83,67,,"VEDHAGIRI, R",INDEPENDENT,1,552,552
2021,MLA,29,83,67,,"VAIRAMUTHU, D",INDEPENDENT,1,552,552
2021,MLA,29,83,67,,NOTA,,9,552,552
2021,MLA,29,84,68,,"SELVAPERUNTHAGAI, K",INDIAN NATIONAL CONGRESS,187,519,519
2021,MLA,29,84,68,,"PALANI, K",ALL INDIA ANNA DRAVIDA MUNNETRA KAZHAGAM,254,519,519
2021,MLA,29,84,68,,"VINOTH, E",BAHUJAN SAMAJ PARTY,0,519,519
2021,MLA,29,84,68,,"THANIGAIVEL, M",MAKKAL NEEDHI MAIAM,30,519,519
2021,MLA,29,84,68,,"PUSHPARAJ, D",NAAM TAMILAR KATCHI,43,519,519
2021,MLA,29,84,68,,"PERUMAL, R",AMMA MAKKAL MUNNETTRA KAZAGAM,1,519,519
2021,MLA,29,84,68,,"LOKESH, E",DESIYA MAKKAL SAKTHI KATCHI,0,519,519
2021,MLA,29,84,68,,"SAROJA, S",INDEPENDENT,0,519,519
2021,MLA,29,84,68,,"SUDHAKAR, P",INDEPENDENT,0,519,519
2021,MLA,29,84,68,,"DEVARAJAN, K",INDEPENDENT,0,519,519
2021,MLA,29,84,68,,"PARTHIBAN, M",INDEPENDENT,0,519,519
2021,MLA,29,84,68,,"LEENA, V",INDEPENDENT,0,519,519
2021,MLA,29,84,68,,"VASANTHI, E",INDEPENDENT,0,519,519
2021,MLA,29,84,68,,"VEDHAGIRI, R",INDEPENDENT,0,519,519
2021,MLA,29,84,68,,"VAIRAMUTHU, D",INDEPENDENT,0,519,519
2021,MLA,29,84,68,,NOTA,,4,519,519
2021,MLA,29,85,69,,"SELVAPERUNTHAGAI, K",INDIAN NATIONAL CONGRESS,225,476,476
2021,MLA,29,85,69,,"PALANI, K",ALL INDIA ANNA DRAVIDA MUNNETRA KAZHAGAM,174,476,476
2021,MLA,29,85,69,,"VINOTH, E",BAHUJAN SAMAJ PARTY,0,476,476
2021,MLA,29,85,69,,"THANIGAIVEL, M",MAKKAL NEEDHI MAIAM,14,476,476
2021,MLA,29,85,69,,"PUSHPARAJ, D",NAAM TAMILAR KATCHI,35,476,476
2021,MLA,29,85,69,,"PERUMAL, R",AMMA MAKKAL MUNNETTRA KAZAGAM,10,476,476
2021,MLA,29,85,69,,"LOKESH, E",DESIYA MAKKAL SAKTHI KATCHI,0,476,476
2021,MLA,29,85,69,,"SAROJA, S",INDEPENDENT,0,476,476
2021,MLA,29,85,69,,"SUDHAKAR, P",INDEPENDENT,0,476,476
2021,MLA,29,85,69,,"DEVARAJAN, K",INDEPENDENT,0,476,476
2021,MLA,29,85,69,,"PARTHIBAN, M",INDEPENDENT,0,476,476
2021,MLA,29,85,69,,"LEENA, V",INDEPENDENT,0,476,476
2021,MLA,29,85,69,,"VASANTHI, E",INDEPENDENT,0,476,476
2021,MLA,29,85,69,,"VEDHAGIRI, R",INDEPENDENT,1,476,476
2021,MLA,29,85,69,,"VAIRAMUTHU, D",INDEPENDENT,12,476,476
2021,MLA,29,85,69,,NOTA,,5,476,476
2021,MLA,29,86,70,M,"SELVAPERUNTHAGAI, K",INDIAN NATIONAL CONGRESS,120,296,296
2021,MLA,29,86,70,M,"PALANI, K",ALL INDIA ANNA DRAVIDA MUNNETRA KAZHAGAM,104,296,296
2021,MLA,29,86,70,M,"VINOTH, E",BAHUJAN SAMAJ PARTY,1,296,296
2021,MLA,29,86,70,M,"THANIGAIVEL, M",MAKKAL NEEDHI MAIAM,22,296,296
2021,MLA,29,86,70,M,"PUSHPARAJ, D",NAAM TAMILAR KATCHI,40,296,296
2021,MLA,29,86,70,M,"PERUMAL, R",AMMA MAKKAL MUNNETTRA KAZAGAM,5,296,296
2021,MLA,29,86,70,M,"LOKESH, E",DESIYA MAKKAL SAKTHI KATCHI,0,296,296
2021,MLA,29,86,70,M,"SAROJA, S",INDEPENDENT,0,296,296
2021,MLA,29,86,70,M,"SUDHAKAR, P",INDEPENDENT,0,296,296
2021,MLA,29,86,70,M,"DEVARAJAN, K",INDEPENDENT,0,296,296
2021,MLA,29,86,70,M,"PARTHIBAN, M",INDEPENDENT,0,296,296
2021,MLA,29,86,70,M,"LEENA, V",INDEPENDENT,0,296,296
2021,MLA,29,86,70,M,"VASANTHI, E",INDEPENDENT,0,296,296
2021,MLA,29,86,70,M,"VEDHAGIRI, R",INDEPENDENT,0,296,296
2021,MLA,29,86,70,M,"VAIRAMUTHU, D",INDEPENDENT,1,296,296
2021,MLA,29,86,70,M,NOTA,,3,296,296
2021,MLA,29,87,70,A(W),"SELVAPERUNTHAGAI, K",INDIAN NATIONAL CONGRESS,109,264,264
2021,MLA,29,87,70,A(W),"PALANI, K",ALL INDIA ANNA DRAVIDA MUNNETRA KAZHAGAM,106,264,264
2021,MLA,29,87,70,A(W),"VINOTH, E",BAHUJAN SAMAJ PARTY,0,264,264
2021,MLA,29,87,70,A(W),"THANIGAIVEL, M",MAKKAL NEEDHI MAIAM,22,264,264
2021,MLA,29,87,70,A(W),"PUSHPARAJ, D",NAAM TAMILAR KATCHI,19,264,264
2021,MLA,29,87,70,A(W),"PERUMAL, R",AMMA MAKKAL MUNNETTRA KAZAGAM,2,264,264
2021,MLA,29,87,70,A(W),"LOKESH, E",DESIYA MAKKAL SAKTHI KATCHI,0,264,264
2021,MLA,29,87,70,A(W),"SAROJA, S",INDEPENDENT,0,264,264
2021,MLA,29,87,70,A(W),"SUDHAKAR, P",INDEPENDENT,0,264,264
2021,MLA,29,87,70,A(W),"DEVARAJAN, K",INDEPENDENT,1,264,264
2021,MLA,29,87,70,A(W),"PARTHIBAN, M",INDEPENDENT,0,264,264
2021,MLA,29,87,70,A(W),"LEENA, V",INDEPENDENT,1,264,264
2021,MLA,29,87,70,A(W),"VASANTHI, E",INDEPENDENT,0,264,264
2021,MLA,29,87,70,A(W),"VEDHAGIRI, R",INDEPENDENT,0,264,264
2021,MLA,29,87,70,A(W),"VAIRAMUTHU, D",INDEPENDENT,0,264,264
2021,MLA,29,87,70,A(W),NOTA,,4,264,264
2021,MLA,29,88,71,M,"SELVAPERUNTHAGAI, K",INDIAN NATIONAL CONGRESS,143,437,437
2021,MLA,29,88,71,M,"PALANI, K",ALL INDIA ANNA DRAVIDA MUNNETRA KAZHAGAM,215,437,437
2021,MLA,29,88,71,M,"VINOTH, E",BAHUJAN SAMAJ PARTY,2,437,437
2021,MLA,29,88,71,M,"THANIGAIVEL, M",MAKKAL NEEDHI MAIAM,20,437,437
2021,MLA,29,88,71,M,"PUSHPARAJ, D",NAAM TAMILAR KATCHI,48,437,437
2021,MLA,29,88,71,M,"PERUMAL, R",AMMA MAKKAL MUNNETTRA KAZAGAM,2,437,437
2021,MLA,29,88,71,M,"LOKESH, E",DESIYA MAKKAL SAKTHI KATCHI,0,437,437
2021,MLA,29,88,71,M,"SAROJA, S",INDEPENDENT,0,437,437
2021,MLA,29,88,71,M,"SUDHAKAR, P",INDEPENDENT,0,437,437
2021,MLA,29,88,71,M,"DEVARAJAN, K",INDEPENDENT,0,437,437
2021,MLA,29,88,71,M,"PARTHIBAN, M",INDEPENDENT,0,437,437
2021,MLA,29,88,71,M,"LEENA, V",INDEPENDENT,0,437,437
2021,MLA,29,88,71,M,"VASANTHI, E",INDEPENDENT,0,437,437
2021,MLA,29,88,71,M,"VEDHAGIRI, R",INDEPENDENT,1,437,437
2021,MLA,29,88,71,M,"VAIRAMUTHU, D",INDEPENDENT,1,437,437
2021,MLA,29,88,71,M,NOTA,,5,437,437
2021,MLA,29,89,71,A(W),"SELVAPERUNTHAGAI, K",INDIAN NATIONAL CONGRESS,127,395,395
2021,MLA,29,89,71,A(W),"PALANI, K",ALL INDIA ANNA DRAVIDA MUNNETRA KAZHAGAM,217,395,395
2021,MLA,29,89,71,A(W),"VINOTH, E",BAHUJAN SAMAJ PARTY,1,395,395
2021,MLA,29,89,71,A(W),"THANIGAIVEL, M",MAKKAL NEEDHI MAIAM,16,395,395
2021,MLA,29,89,71,A(W),"PUSHPARAJ, D",NAAM TAMILAR KATCHI,20,395,395
2021,MLA,29,89,71,A(W),"PERUMAL, R",AMMA MAKKAL MUNNETTRA KAZAGAM,1,395,395
2021,MLA,29,89,71,A(W),"LOKESH, E",DESIYA MAKKAL SAKTHI KATCHI,0,395,395
2021,MLA,29,89,71,A(W),"SAROJA, S",INDEPENDENT,0,395,395
2021,MLA,29,89,71,A(W),"SUDHAKAR, P",INDEPENDENT,0,395,395
2021,MLA,29,89,71,A(W),"DEVARAJAN, K",INDEPENDENT,1,395,395
2021,MLA,29,89,71,A(W),"PARTHIBAN, M",INDEPENDENT,1,395,395
2021,MLA,29,89,71,A(W),"LEENA, V",INDEPENDENT,0,395,395
2021,MLA,29,89,71,A(W),"VASANTHI, E",INDEPENDENT,1,395,395
2021,MLA,29,89,71,A(W),"VEDHAGIRI, R",INDEPENDENT,1,395,395
2021,MLA,29,89,71,A(W),"VAIRAMUTHU, D",INDEPENDENT,1,395,395
2021,MLA,29,89,71,A(W),NOTA,,8,395,395
2021,MLA,29,90,72,,"SELVAPERUNTHAGAI, K",INDIAN NATIONAL CONGRESS,293,677,677
2021,MLA,29,90,72,,"PALANI, K",ALL INDIA ANNA DRAVIDA MUNNETRA KAZHAGAM,262,677,677
2021,MLA,29,90,72,,"VINOTH, E",BAHUJAN SAMAJ PARTY,2,677,677
2021,MLA,29,90,72,,"THANIGAIVEL, M",MAKKAL NEEDHI MAIAM,36,677,677
2021,MLA,29,90,72,,"PUSHPARAJ, D",NAAM TAMILAR KATCHI,63,677,677
2021,MLA,29,90,72,,"PERUMAL, R",AMMA MAKKAL MUNNETTRA KAZAGAM,8,677,677
2021,MLA,29,90,72,,"LOKESH, E",DESIYA MAKKAL SAKTHI KATCHI,0,677,677
2021,MLA,29,90,72,,"SAROJA, S",INDEPENDENT,1,677,677
2021,MLA,29,90,72,,"SUDHAKAR, P",INDEPENDENT,0,677,677
2021,MLA,29,90,72,,"DEVARAJAN, K",INDEPENDENT,0,677,677
2021,MLA,29,90,72,,"PARTHIBAN, M",INDEPENDENT,0,677,677
2021,MLA,29,90,72,,"LEENA, V",INDEPENDENT,0,677,677
2021,MLA,29,90,72,,"VASANTHI, E",INDEPENDENT,1,677,677
2021,MLA,29,90,72,,"VEDHAGIRI, R",INDEPENDENT,1,677,677
2021,MLA,29,90,72,,"VAIRAMUTHU, D",INDEPENDENT,3,677,677
2021,MLA,29,90,72,,NOTA,,7,677,677
2021,MLA,29,91,73,,"SELVAPERUNTHAGAI, K",INDIAN NATIONAL CONGRESS,241,631,631
2021,MLA,29,91,73,,"PALANI, K",ALL INDIA ANNA DRAVIDA MUNNETRA KAZHAGAM,256,631,631
2021,MLA,29,91,73,,"VINOTH, E",BAHUJAN SAMAJ PARTY,1,631,631
2021,MLA,29,91,73,,"THANIGAIVEL, M",MAKKAL NEEDHI MAIAM,42,631,631
2021,MLA,29,91,73,,"PUSHPARAJ, D",NAAM TAMILAR KATCHI,76,631,631
2021,MLA,29,91,73,,"PERUMAL, R",AMMA MAKKAL MUNNETTRA KAZAGAM,6,631,631
2021,MLA,29,91,73,,"LOKESH, E",DESIYA MAKKAL SAKTHI KATCHI,0,631,631
2021,MLA,29,91,73,,"SAROJA, S",INDEPENDENT,0,631,631
2021,MLA,29,91,73,,"SUDHAKAR, P",INDEPENDENT,0,631,631
2021,MLA,29,91,73,,"DEVARAJAN, K",INDEPENDENT,0,631,631
2021,MLA,29,91,73,,"PARTHIBAN, M",INDEPENDENT,0,631,631
2021,MLA,29,91,73,,"LEENA, V",INDEPENDENT,0,631,631
2021,MLA,29,91,73,,"VASANTHI, E",INDEPENDENT,1,631,631
2021,MLA,29,91,73,,"VEDHAGIRI, R",INDEPENDENT,0,631,631
2021,MLA,29,91,73,,"VAIRAMUTHU, D",INDEPENDENT,3,631,631
2021,MLA,29,91,73,,NOTA,,5,631,631
2021,MLA,29,92,74,,"SELVAPERUNTHAGAI, K",INDIAN NATIONAL CONGRESS,279,638,638
2021,MLA,29,92,74,,"PALANI, K",ALL INDIA ANNA DRAVIDA MUNNETRA KAZHAGAM,210,638,638
2021,MLA,29,92,74,,"VINOTH, E",BAHUJAN SAMAJ PARTY,4,638,638
2021,MLA,29,92,74,,"THANIGAIVEL, M",MAKKAL NEEDHI MAIAM,17,638,638
2021,MLA,29,92,74,,"PUSHPARAJ, D",NAAM TAMILAR KATCHI,57,638,638
2021,MLA,29,92,74,,"PERUMAL, R",AMMA MAKKAL MUNNETTRA KAZAGAM,8,638,638
2021,MLA,29,92,74,,"LOKESH, E",DESIYA MAKKAL SAKTHI KATCHI,0,638,638
2021,MLA,29,92,74,,"SAROJA, S",INDEPENDENT,3,638,638
2021,MLA,29,92,74,,"SUDHAKAR, P",INDEPENDENT,0,638,638
2021,MLA,29,92,74,,"DEVARAJAN, K",INDEPENDENT,0,638,638
2021,MLA,29,92,74,,"PARTHIBAN, M",INDEPENDENT,1,638,638
2021,MLA,29,92,74,,"LEENA, V",INDEPENDENT,0,638,638
2021,MLA,29,92,74,,"VASANTHI, E",INDEPENDENT,0,638,638
2021,MLA,29,92,74,,"VEDHAGIRI, R",INDEPENDENT,0,638,638
2021,MLA,29,92,74,,"VAIRAMUTHU, D",INDEPENDENT,51,638,638
2021,MLA,29,92,74,,NOTA,,8,638,638
2021,MLA,29,93,75,,"SELVAPERUNTHAGAI, K",INDIAN NATIONAL CONGRESS,262,497,497
2021,MLA,29,93,75,,"PALANI, K",ALL INDIA ANNA DRAVIDA MUNNETRA KAZHAGAM,163,497,497
2021,MLA,29,93,75,,"VINOTH, E",BAHUJAN SAMAJ PARTY,0,497,497
2021,MLA,29,93,75,,"THANIGAIVEL, M",MAKKAL NEEDHI MAIAM,6,497,497
2021,MLA,29,93,75,,"PUSHPARAJ, D",NAAM TAMILAR KATCHI,40,497,497
2021,MLA,29,93,75,,"PERUMAL, R",AMMA MAKKAL MUNNETTRA KAZAGAM,2,497,497
2021,MLA,29,93,75,,"LOKESH, E",DESIYA MAKKAL SAKTHI KATCHI,0,497,497
2021,MLA,29,93,75,,"SAROJA, S",INDEPENDENT,0,497,497
2021,MLA,29,93,75,,"SUDHAKAR, P",INDEPENDENT,0,497,497
2021,MLA,29,93,75,,"DEVARAJAN, K",INDEPENDENT,0,497,497
2021,MLA,29,93,75,,"PARTHIBAN, M",INDEPENDENT,1,497,497
2021,MLA,29,93,75,,"LEENA, V",INDEPENDENT,0,497,497
2021,MLA,29,93,75,,"VASANTHI, E",INDEPENDENT,0,497,497
2021,MLA,29,93,75,,"VEDHAGIRI, R",INDEPENDENT,1,497,497
2021,MLA,29,93,75,,"VAIRAMUTHU, D",INDEPENDENT,18,497,497
2021,MLA,29,93,75,,NOTA,,4,497,497
2021,MLA,29,94,76,,"SELVAPERUNTHAGAI, K",INDIAN NATIONAL CONGRESS,225,516,516
2021,MLA,29,94,76,,"PALANI, K",ALL INDIA ANNA DRAVIDA MUNNETRA KAZHAGAM,197,516,516
2021,MLA,29,94,76,,"VINOTH, E",BAHUJAN SAMAJ PARTY,1,516,516
2021,MLA,29,94,76,,"THANIGAIVEL, M",MAKKAL NEEDHI MAIAM,22,516,516
2021,MLA,29,94,76,,"PUSHPARAJ, D",NAAM TAMILAR KATCHI,53,516,516
2021,MLA,29,94,76,,"PERUMAL, R",AMMA MAKKAL MUNNETTRA KAZAGAM,9,516,516
2021,MLA,29,94,76,,"LOKESH, E",DESIYA MAKKAL SAKTHI KATCHI,0,516,516
2021,MLA,29,94,76,,"SAROJA, S",INDEPENDENT,0,516,516
2021,MLA,29,94,76,,"SUDHAKAR, P",INDEPENDENT,0,516,516
2021,MLA,29,94,76,,"DEVARAJAN, K",INDEPENDENT,1,516,516
2021,MLA,29,94,76,,"PARTHIBAN, M",INDEPENDENT,1,516,516
2021,MLA,29,94,76,,"LEENA, V",INDEPENDENT,0,516,516
2021,MLA,29,94,76,,"VASANTHI, E",INDEPENDENT,0,516,516
2021,MLA,29,94,76,,"VEDHAGIRI, R",INDEPENDENT,0,516,516
2021,MLA,29,94,76,,"VAIRAMUTHU, D",INDEPENDENT,1,516,516
2021,MLA,29,94,76,,NOTA,,6,516,516
2021,MLA,29,95,77,,"SELVAPERUNTHAGAI, K",INDIAN NATIONAL CONGRESS,242,618,618
2021,MLA,29,95,77,,"PALANI, K",ALL INDIA ANNA DRAVIDA MUNNETRA KAZHAGAM,236,618,618
2021,MLA,29,95,77,,"VINOTH, E",BAHUJAN SAMAJ PARTY,0,618,618
2021,MLA,29,95,77,,"THANIGAIVEL, M",MAKKAL NEEDHI MAIAM,50,618,618
2021,MLA,29,95,77,,"PUSHPARAJ, D",NAAM TAMILAR KATCHI,70,618,618
2021,MLA,29,95,77,,"PERUMAL, R",AMMA MAKKAL MUNNETTRA KAZAGAM,13,618,618
2021,MLA,29,95,77,,"LOKESH, E",DESIYA MAKKAL SAKTHI KATCHI,0,618,618
2021,MLA,29,95,77,,"SAROJA, S",INDEPENDENT,0,618,618
2021,MLA,29,95,77,,"SUDHAKAR, P",INDEPENDENT,0,618,618
2021,MLA,29,95,77,,"DEVARAJAN, K",INDEPENDENT,1,618,618
2021,MLA,29,95,77,,"PARTHIBAN, M",INDEPENDENT,0,618,618
2021,MLA,29,95,77,,"LEENA, V",INDEPENDENT,0,618,618
2021,MLA,29,95,77,,"VASANTHI, E",INDEPENDENT,0,618,618
2021,MLA,29,95,77,,"VEDHAGIRI, R",INDEPENDENT,0,618,618
2021,MLA,29,95,77,,"VAIRAMUTHU, D",INDEPENDENT,1,618,618
2021,MLA,29,95,77,,NOTA,,5,618,618
2021,MLA,29,96,78,M,"SELVAPERUNTHAGAI, K",INDIAN NATIONAL CONGRESS,165,384,384
2021,MLA,29,96,78,M,"PALANI, K",ALL INDIA ANNA DRAVIDA MUNNETRA KAZHAGAM,137,384,384
2021,MLA,29,96,78,M,"VINOTH, E",BAHUJAN SAMAJ PARTY,1,384,384
2021,MLA,29,96,78,M,"THANIGAIVEL, M",MAKKAL NEEDHI MAIAM,10,384,384
2021,MLA,29,96,78,M,"PUSHPARAJ, D",NAAM TAMILAR KATCHI,53,384,384
2021,MLA,29,96,78,M,"PERUMAL, R",AMMA MAKKAL MUNNETTRA KAZAGAM,7,384,384
2021,MLA,29,96,78,M,"LOKESH, E",DESIYA MAKKAL SAKTHI KATCHI,0,384,384
2021,MLA,29,96,78,M,"SAROJA, S",INDEPENDENT,1,384,384
2021,MLA,29,96,78,M,"SUDHAKAR, P",INDEPENDENT,0,384,384
2021,MLA,29,96,78,M,"DEVARAJAN, K",INDEPENDENT,2,384,384
2021,MLA,29,96,78,M,"PARTHIBAN, M",INDEPENDENT,0,384,384
2021,MLA,29,96,78,M,"LEENA, V",INDEPENDENT,1,384,384
2021,MLA,29,96,78,M,"VASANTHI, E",INDEPENDENT,0,384,384
2021,MLA,29,96,78,M,"VEDHAGIRI, R",INDEPENDENT,0,384,384
2021,MLA,29,96,78,M,"VAIRAMUTHU, D",INDEPENDENT,5,384,384
2021,MLA,29,96,78,M,NOTA,,2,384,384
2021,MLA,29,97,78,A(W),"SELVAPERUNTHAGAI, K",INDIAN NATIONAL CONGRESS,155,342,342
2021,MLA,29,97,78,A(W),"PALANI, K",ALL INDIA ANNA DRAVIDA MUNNETRA KAZHAGAM,136,342,342
2021,MLA,29,97,78,A(W),"VINOTH, E",BAHUJAN SAMAJ PARTY,0,342,342
2021,MLA,29,97,78,A(W),"THANIGAIVEL, M",MAKKAL NEEDHI MAIAM,11,342,342
2021,MLA,29,97,78,A(W),"PUSHPARAJ, D",NAAM TAMILAR KATCHI,23,342,342
2021,MLA,29,97,78,A(W),"PERUMAL, R",AMMA MAKKAL MUNNETTRA KAZAGAM,5,342,342
2021,MLA,29,97,78,A(W),"LOKESH, E",DESIYA MAKKAL SAKTHI KATCHI,0,342,342
2021,MLA,29,97,78,A(W),"SAROJA, S",INDEPENDENT,0,342,342
2021,MLA,29,97,78,A(W),"SUDHAKAR, P",INDEPENDENT,0,342,342
2021,MLA,29,97,78,A(W),"DEVARAJAN, K",INDEPENDENT,3,342,342
2021,MLA,29,97,78,A(W),"PARTHIBAN, M",INDEPENDENT,1,342,342
2021,MLA,29,97,78,A(W),"LEENA, V",INDEPENDENT,0,342,342
2021,MLA,29,97,78,A(W),"VASANTHI, E",INDEPENDENT,1,342,342
2021,MLA,29,97,78,A(W),"VEDHAGIRI, R",INDEPENDENT,0,342,342
2021,MLA,29,97,78,A(W),"VAIRAMUTHU, D",INDEPENDENT,4,342,342
2021,MLA,29,97,78,A(W),NOTA,,3,342,342
2021,MLA,29,98,79,M,"SELVAPERUNTHAGAI, K",INDIAN NATIONAL CONGRESS,170,449,449
2021,MLA,29,98,79,M,"PALANI, K",ALL INDIA ANNA DRAVIDA MUNNETRA KAZHAGAM,196,449,449
2021,MLA,29,98,79,M,"VINOTH, E",BAHUJAN SAMAJ PARTY,14,449,449
2021,MLA,29,98,79,M,"THANIGAIVEL, M",MAKKAL NEEDHI MAIAM,6,449,449
2021,MLA,29,98,79,M,"PUSHPARAJ, D",NAAM TAMILAR KATCHI,47,449,449
2021,MLA,29,98,79,M,"PERUMAL, R",AMMA MAKKAL MUNNETTRA KAZAGAM,7,449,449
2021,MLA,29,98,79,M,"LOKESH, E",DESIYA MAKKAL SAKTHI KATCHI,0,449,449
2021,MLA,29,98,79,M,"SAROJA, S",INDEPENDENT,0,449,449
2021,MLA,29,98,79,M,"SUDHAKAR, P",INDEPENDENT,0,449,449
2021,MLA,29,98,79,M,"DEVARAJAN, K",INDEPENDENT,0,449,449
2021,MLA,29,98,79,M,"PARTHIBAN, M",INDEPENDENT,1,449,449
2021,MLA,29,98,79,M,"LEENA, V",INDEPENDENT,0,449,449
2021,MLA,29,98,79,M,"VASANTHI, E",INDEPENDENT,0,449,449
2021,MLA,29,98,79,M,"VEDHAGIRI, R",INDEPENDENT,0,449,449
2021,MLA,29,98,79,M,"VAIRAMUTHU, D",INDEPENDENT,4,449,449
2021,MLA,29,98,79,M,NOTA,,4,449,449
2021,MLA,29,99,79,A(W),"SELVAPERUNTHAGAI, K",INDIAN NATIONAL CONGRESS,151,454,454
2021,MLA,29,99,79,A(W),"PALANI, K",ALL INDIA ANNA DRAVIDA MUNNETRA KAZHAGAM,268,454,454
2021,MLA,29,99,79,A(W),"VINOTH, E",BAHUJAN SAMAJ PARTY,8,454,454
2021,MLA,29,99,79,A(W),"THANIGAIVEL, M",MAKKAL NEEDHI MAIAM,5,454,454
2021,MLA,29,99,79,A(W),"PUSHPARAJ, D",NAAM TAMILAR KATCHI,8,454,454
2021,MLA,29,99,79,A(W),"PERUMAL, R",AMMA MAKKAL MUNNETTRA KAZAGAM,6,454,454
2021,MLA,29,99,79,A(W),"LOKESH, E",DESIYA MAKKAL SAKTHI KATCHI,0,454,454
2021,MLA,29,99,79,A(W),"SAROJA, S",INDEPENDENT,0,454,454
2021,MLA,29,99,79,A(W),"SUDHAKAR, P",INDEPENDENT,0,454,454
2021,MLA,29,99,79,A(W),"DEVARAJAN, K",INDEPENDENT,0,454,454
2021,MLA,29,99,79,A(W),"PARTHIBAN, M",INDEPENDENT,0,454,454
2021,MLA,29,99,79,A(W),"LEENA, V",INDEPENDENT,2,454,454
2021,MLA,29,99,79,A(W),"VASANTHI, E",INDEPENDENT,0,454,454
2021,MLA,29,99,79,A(W),"VEDHAGIRI, R",INDEPENDENT,0,454,454
2021,MLA,29,99,79,A(W),"VAIRAMUTHU, D",INDEPENDENT,5,454,454
2021,MLA,29,99,79,A(W),NOTA,,1,454,454
2021,MLA,29,100,80,M,"SELVAPERUNTHAGAI, K",INDIAN NATIONAL CONGRESS,206,463,463
2021,MLA,29,100,80,M,"PALANI, K",ALL INDIA ANNA DRAVIDA MUNNETRA KAZHAGAM,175,463,463
2021,MLA,29,100,80,M,"VINOTH, E",BAHUJAN SAMAJ PARTY,0,463,463
2021,MLA,29,100,80,M,"THANIGAIVEL, M",MAKKAL NEEDHI MAIAM,1,463,463
2021,MLA,29,100,80,M,"PUSHPARAJ, D",NAAM TAMILAR KATCHI,57,463,463
2021,MLA,29,100,80,M,"PERUMAL, R",AMMA MAKKAL MUNNETTRA KAZAGAM,4,463,463
2021,MLA,29,100,80,M,"LOKESH, E",DESIYA MAKKAL SAKTHI KATCHI,0,463,463
2021,MLA,29,100,80,M,"SAROJA, S",INDEPENDENT,0,463,463
2021,MLA,29,100,80,M,"SUDHAKAR, P",INDEPENDENT,0,463,463
2021,MLA,29,100,80,M,"DEVARAJAN, K",INDEPENDENT,1,463,463
2021,MLA,29,100,80,M,"PARTHIBAN, M",INDEPENDENT,0,463,463
2021,MLA,29,100,80,M,"LEENA, V",INDEPENDENT,0,463,463
2021,MLA,29,100,80,M,"VASANTHI, E",INDEPENDENT,0,463,463
2021,MLA,29,100,80,M,"VEDHAGIRI, R",INDEPENDENT,2,463,463
2021,MLA,29,100,80,M,"VAIRAMUTHU, D",INDEPENDENT,15,463,463
2021,MLA,29,100,80,M,NOTA,,2,463,463
2021,MLA,29,101,80,A(W),"SELVAPERUNTHAGAI, K",INDIAN NATIONAL CONGRESS,202,463,463
2021,MLA,29,101,80,A(W),"PALANI, K",ALL INDIA ANNA DRAVIDA MUNNETRA KAZHAGAM,211,463,463
2021,MLA,29,101,80,A(W),"VINOTH, E",BAHUJAN SAMAJ PARTY,2,463,463
2021,MLA,29,101,80,A(W),"THANIGAIVEL, M",MAKKAL NEEDHI MAIAM,2,463,463
2021,MLA,29,101,80,A(W),"PUSHPARAJ, D",NAAM TAMILAR KATCHI,23,463,463
2021,MLA,29,101,80,A(W),"PERUMAL, R",AMMA MAKKAL MUNNETTRA KAZAGAM,0,463,463
2021,MLA,29,101,80,A(W),"LOKESH, E",DESIYA MAKKAL SAKTHI KATCHI,2,463,463
2021,MLA,29,101,80,A(W),"SAROJA, S",INDEPENDENT,1,463,463
2021,MLA,29,101,80,A(W),"SUDHAKAR, P",INDEPENDENT,0,463,463
2021,MLA,29,101,80,A(W),"DEVARAJAN, K",INDEPENDENT,1,463,463
2021,MLA,29,101,80,A(W),"PARTHIBAN, M",INDEPENDENT,0,463,463
2021,MLA,29,101,80,A(W),"LEENA, V",INDEPENDENT,1,463,463
2021,MLA,29,101,80,A(W),"VASANTHI, E",INDEPENDENT,1,463,463
2021,MLA,29,101,80,A(W),"VEDHAGIRI, R",INDEPENDENT,2,463,463
2021,MLA,29,101,80,A(W),"VAIRAMUTHU, D",INDEPENDENT,7,463,463
2021,MLA,29,101,80,A(W),NOTA,,8,463,463
2021,MLA,29,102,81,M,"SELVAPERUNTHAGAI, K",INDIAN NATIONAL CONGRESS,206,459,459
2021,MLA,29,102,81,M,"PALANI, K",ALL INDIA ANNA DRAVIDA MUNNETRA KAZHAGAM,167,459,459
2021,MLA,29,102,81,M,"VINOTH, E",BAHUJAN SAMAJ PARTY,0,459,459
2021,MLA,29,102,81,M,"THANIGAIVEL, M",MAKKAL NEEDHI MAIAM,7,459,459
2021,MLA,29,102,81,M,"PUSHPARAJ, D",NAAM TAMILAR KATCHI,48,459,459
2021,MLA,29,102,81,M,"PERUMAL, R",AMMA MAKKAL MUNNETTRA KAZAGAM,7,459,459
2021,MLA,29,102,81,M,"LOKESH, E",DESIYA MAKKAL SAKTHI KATCHI,0,459,459
2021,MLA,29,102,81,M,"SAROJA, S",INDEPENDENT,0,459,459
2021,MLA,29,102,81,M,"SUDHAKAR, P",INDEPENDENT,0,459,459
2021,MLA,29,102,81,M,"DEVARAJAN, K",INDEPENDENT,0,459,459
2021,MLA,29,102,81,M,"PARTHIBAN, M",INDEPENDENT,0,459,459
2021,MLA,29,102,81,M,"LEENA, V",INDEPENDENT,0,459,459
2021,MLA,29,102,81,M,"VASANTHI, E",INDEPENDENT,0,459,459
2021,MLA,29,102,81,M,"VEDHAGIRI, R",INDEPENDENT,0,459,459
2021,MLA,29,102,81,M,"VAIRAMUTHU, D",INDEPENDENT,20,459,459
2021,MLA,29,102,81,M,NOTA,,4,459,459
2021,MLA,29,103,81,A(W),"SELVAPERUNTHAGAI, K",INDIAN NATIONAL CONGRESS,210,455,455
2021,MLA,29,103,81,A(W),"PALANI, K",ALL INDIA ANNA DRAVIDA MUNNETRA KAZHAGAM,189,455,455
2021,MLA,29,103,81,A(W),"VINOTH, E",BAHUJAN SAMAJ PARTY,0,455,455
2021,MLA,29,103,81,A(W),"THANIGAIVEL, M",MAKKAL NEEDHI MAIAM,3,455,455
2021,MLA,29,103,81,A(W),"PUSHPARAJ, D",NAAM TAMILAR KATCHI,25,455,455
2021,MLA,29,103,81,A(W),"PERUMAL, R",AMMA MAKKAL MUNNETTRA KAZAGAM,10,455,455
2021,MLA,29,103,81,A(W),"LOKESH, E",DESIYA MAKKAL SAKTHI KATCHI,0,455,455
2021,MLA,29,103,81,A(W),"SAROJA, S",INDEPENDENT,2,455,455
2021,MLA,29,103,81,A(W),"SUDHAKAR, P",INDEPENDENT,0,455,455
2021,MLA,29,103,81,A(W),"DEVARAJAN, K",INDEPENDENT,0,455,455
2021,MLA,29,103,81,A(W),"PARTHIBAN, M",INDEPENDENT,0,455,455
2021,MLA,29,103,81,A(W),"LEENA, V",INDEPENDENT,1,455,455
2021,MLA,29,103,81,A(W),"VASANTHI, E",INDEPENDENT,0,455,455
2021,MLA,29,103,81,A(W),"VEDHAGIRI, R",INDEPENDENT,0,455,455
2021,MLA,29,103,81,A(W),"VAIRAMUTHU, D",INDEPENDENT,13,455,455
2021,MLA,29,103,81,A(W),NOTA,,2,455,455
2021,MLA,29,104,82,,"SELVAPERUNTHAGAI, K",INDIAN NATIONAL CONGRESS,386,835,835
2021,MLA,29,104,82,,"PALANI, K",ALL INDIA ANNA DRAVIDA MUNNETRA KAZHAGAM,266,835,835
2021,MLA,29,104,82,,"VINOTH, E",BAHUJAN SAMAJ PARTY,3,835,835
2021,MLA,29,104,82,,"THANIGAIVEL, M",MAKKAL NEEDHI MAIAM,14,835,835
2021,MLA,29,104,82,,"PUSHPARAJ, D",NAAM TAMILAR KATCHI,128,835,835
2021,MLA,29,104,82,,"PERUMAL, R",AMMA MAKKAL MUNNETTRA KAZAGAM,13,835,835
2021,MLA,29,104,82,,"LOKESH, E",DESIYA MAKKAL SAKTHI KATCHI,0,835,835
2021,MLA,29,104,82,,"SAROJA, S",INDEPENDENT,3,835,835
2021,MLA,29,104,82,,"SUDHAKAR, P",INDEPENDENT,2,835,835
2021,MLA,29,104,82,,"DEVARAJAN, K",INDEPENDENT,0,835,835
2021,MLA,29,104,82,,"PARTHIBAN, M",INDEPENDENT,0,835,835
2021,MLA,29,104,82,,"LEENA, V",INDEPENDENT,1,835,835
2021,MLA,29,104,82,,"VASANTHI, E",INDEPENDENT,0,835,835
2021,MLA,29,104,82,,"VEDHAGIRI, R",INDEPENDENT,0,835,835
2021,MLA,29,104,82,,"VAIRAMUTHU, D",INDEPENDENT,12,835,835
2021,MLA,29,104,82,,NOTA,,7,835,835
2021,MLA,29,105,83,M,"SELVAPERUNTHAGAI, K",INDIAN NATIONAL CONGRESS,174,432,432
2021,MLA,29,105,83,M,"PALANI, K",ALL INDIA ANNA DRAVIDA MUNNETRA KAZHAGAM,195,432,432
2021,MLA,29,105,83,M,"VINOTH, E",BAHUJAN SAMAJ PARTY,0,432,432
2021,MLA,29,105,83,M,"THANIGAIVEL, M",MAKKAL NEEDHI MAIAM,5,432,432
2021,MLA,29,105,83,M,"PUSHPARAJ, D",NAAM TAMILAR KATCHI,41,432,432
2021,MLA,29,105,83,M,"PERUMAL, R",AMMA MAKKAL MUNNETTRA KAZAGAM,7,432,432
2021,MLA,29,105,83,M,"LOKESH, E",DESIYA MAKKAL SAKTHI KATCHI,0,432,432
2021,MLA,29,105,83,M,"SAROJA, S",INDEPENDENT,0,432,432
2021,MLA,29,105,83,M,"SUDHAKAR, P",INDEPENDENT,0,432,432
2021,MLA,29,105,83,M,"DEVARAJAN, K",INDEPENDENT,0,432,432
2021,MLA,29,105,83,M,"PARTHIBAN, M",INDEPENDENT,0,432,432
2021,MLA,29,105,83,M,"LEENA, V",INDEPENDENT,0,432,432
2021,MLA,29,105,83,M,"VASANTHI, E",INDEPENDENT,0,432,432
2021,MLA,29,105,83,M,"VEDHAGIRI, R",INDEPENDENT,0,432,432
2021,MLA,29,105,83,M,"VAIRAMUTHU, D",INDEPENDENT,4,432,432
2021,MLA,29,105,83,M,NOTA,,6,432,432
2021,MLA,29,106,83,A(W),"SELVAPERUNTHAGAI, K",INDIAN NATIONAL CONGRESS,181,416,416
2021,MLA,29,106,83,A(W),"PALANI, K",ALL INDIA ANNA DRAVIDA MUNNETRA KAZHAGAM,203,416,416
2021,MLA,29,106,83,A(W),"VINOTH, E",BAHUJAN SAMAJ PARTY,1,416,416
2021,MLA,29,106,83,A(W),"THANIGAIVEL, M",MAKKAL NEEDHI MAIAM,7,416,416
2021,MLA,29,106,83,A(W),"PUSHPARAJ, D",NAAM TAMILAR KATCHI,16,416,416
2021,MLA,29,106,83,A(W),"PERUMAL, R",AMMA MAKKAL MUNNETTRA KAZAGAM,2,416,416
2021,MLA,29,106,83,A(W),"LOKESH, E",DESIYA MAKKAL SAKTHI KATCHI,0,416,416
2021,MLA,29,106,83,A(W),"SAROJA, S",INDEPENDENT,0,416,416
2021,MLA,29,106,83,A(W),"SUDHAKAR, P",INDEPENDENT,1,416,416
2021,MLA,29,106,83,A(W),"DEVARAJAN, K",INDEPENDENT,0,416,416
2021,MLA,29,106,83,A(W),"PARTHIBAN, M",INDEPENDENT,0,416,416
2021,MLA,29,106,83,A(W),"LEENA, V",INDEPENDENT,1,416,416
2021,MLA,29,106,83,A(W),"VASANTHI, E",INDEPENDENT,0,416,416
2021,MLA,29,106,83,A(W),"VEDHAGIRI, R",INDEPENDENT,0,416,416
2021,MLA,29,106,83,A(W),"VAIRAMUTHU, D",INDEPENDENT,1,416,416
2021,MLA,29,106,83,A(W),NOTA,,3,416,416
2021,MLA,29,107,84,,"SELVAPERUNTHAGAI, K",INDIAN NATIONAL CONGRESS,366,588,588
2021,MLA,29,107,84,,"PALANI, K",ALL INDIA ANNA DRAVIDA MUNNETRA KAZHAGAM,164,588,588
2021,MLA,29,107,84,,"VINOTH, E",BAHUJAN SAMAJ PARTY,2,588,588
2021,MLA,29,107,84,,"THANIGAIVEL, M",MAKKAL NEEDHI MAIAM,4,588,588
2021,MLA,29,107,84,,"PUSHPARAJ, D",NAAM TAMILAR KATCHI,32,588,588
2021,MLA,29,107,84,,"PERUMAL, R",AMMA MAKKAL MUNNETTRA KAZAGAM,4,588,588
2021,MLA,29,107,84,,"LOKESH, E",DESIYA MAKKAL SAKTHI KATCHI,2,588,588
2021,MLA,29,107,84,,"SAROJA, S",INDEPENDENT,0,588,588
2021,MLA,29,107,84,,"SUDHAKAR, P",INDEPENDENT,0,588,588
2021,MLA,29,107,84,,"DEVARAJAN, K",INDEPENDENT,0,588,588
2021,MLA,29,107,84,,"PARTHIBAN, M",INDEPENDENT,0,588,588
2021,MLA,29,107,84,,"LEENA, V",INDEPENDENT,1,588,588
2021,MLA,29,107,84,,"VASANTHI, E",INDEPENDENT,0,588,588
2021,MLA,29,107,84,,"VEDHAGIRI, R",INDEPENDENT,1,588,588
2021,MLA,29,107,84,,"VAIRAMUTHU, D",INDEPENDENT,7,588,588
2021,MLA,29,107,84,,NOTA,,5,588,588
2021,MLA,29,108,85,,"SELVAPERUNTHAGAI, K",INDIAN NATIONAL CONGRESS,313,667,667
2021,MLA,29,108,85,,"PALANI, K",ALL INDIA ANNA DRAVIDA MUNNETRA KAZHAGAM,279,667,667
2021,MLA,29,108,85,,"VINOTH, E",BAHUJAN SAMAJ PARTY,19,667,667
2021,MLA,29,108,85,,"THANIGAIVEL, M",MAKKAL NEEDHI MAIAM,9,667,667
2021,MLA,29,108,85,,"PUSHPARAJ, D",NAAM TAMILAR KATCHI,33,667,667
2021,MLA,29,108,85,,"PERUMAL, R",AMMA MAKKAL MUNNETTRA KAZAGAM,5,667,667
2021,MLA,29,108,85,,"LOKESH, E",DESIYA MAKKAL SAKTHI KATCHI,0,667,667
2021,MLA,29,108,85,,"SAROJA, S",INDEPENDENT,0,667,667
2021,MLA,29,108,85,,"SUDHAKAR, P",INDEPENDENT,0,667,667
2021,MLA,29,108,85,,"DEVARAJAN, K",INDEPENDENT,1,667,667
2021,MLA,29,108,85,,"PARTHIBAN, M",INDEPENDENT,0,667,667
2021,MLA,29,108,85,,"LEENA, V",INDEPENDENT,0,667,667
2021,MLA,29,108,85,,"VASANTHI, E",INDEPENDENT,2,667,667
2021,MLA,29,108,85,,"VEDHAGIRI, R",INDEPENDENT,0,667,667
2021,MLA,29,108,85,,"VAIRAMUTHU, D",INDEPENDENT,2,667,667
2021,MLA,29,108,85,,NOTA,,4,667,667
2021,MLA,29,109,86,,"SELVAPERUNTHAGAI, K",INDIAN NATIONAL CONGRESS,254,577,577
2021,MLA,29,109,86,,"PALANI, K",ALL INDIA ANNA DRAVIDA MUNNETRA KAZHAGAM,218,577,577
2021,MLA,29,109,86,,"VINOTH, E",BAHUJAN SAMAJ PARTY,40,577,577
2021,MLA,29,109,86,,"THANIGAIVEL, M",MAKKAL NEEDHI MAIAM,0,577,577
2021,MLA,29,109,86,,"PUSHPARAJ, D",NAAM TAMILAR KATCHI,55,577,577
2021,MLA,29,109,86,,"PERUMAL, R",AMMA MAKKAL MUNNETTRA KAZAGAM,4,577,577
2021,MLA,29,109,86,,"LOKESH, E",DESIYA MAKKAL SAKTHI KATCHI,0,577,577
2021,MLA,29,109,86,,"SAROJA, S",INDEPENDENT,0,577,577
2021,MLA,29,109,86,,"SUDHAKAR, P",INDEPENDENT,0,577,577
2021,MLA,29,109,86,,"DEVARAJAN, K",INDEPENDENT,0,577,577
2021,MLA,29,109,86,,"PARTHIBAN, M",INDEPENDENT,1,577,577
2021,MLA,29,109,86,,"LEENA, V",INDEPENDENT,0,577,577
2021,MLA,29,109,86,,"VASANTHI, E",INDEPENDENT,0,577,577
2021,MLA,29,109,86,,"VEDHAGIRI, R",INDEPENDENT,0,577,577
2021,MLA,29,109,86,,"VAIRAMUTHU, D",INDEPENDENT,2,577,577
2021,MLA,29,109,86,,NOTA,,3,577,577
2021,MLA,29,110,87,,"SELVAPERUNTHAGAI, K",INDIAN NATIONAL CONGRESS,332,556,556
2021,MLA,29,110,87,,"PALANI, K",ALL INDIA ANNA DRAVIDA MUNNETRA KAZHAGAM,154,556,556
2021,MLA,29,110,87,,"VINOTH, E",BAHUJAN SAMAJ PARTY,1,556,556
2021,MLA,29,110,87,,"THANIGAIVEL, M",MAKKAL NEEDHI MAIAM,7,556,556
2021,MLA,29,110,87,,"PUSHPARAJ, D",NAAM TAMILAR KATCHI,45,556,556
2021,MLA,29,110,87,,"PERUMAL, R",AMMA MAKKAL MUNNETTRA KAZAGAM,3,556,556
2021,MLA,29,110,87,,"LOKESH, E",DESIYA MAKKAL SAKTHI KATCHI,0,556,556
2021,MLA,29,110,87,,"SAROJA, S",INDEPENDENT,0,556,556
2021,MLA,29,110,87,,"SUDHAKAR, P",INDEPENDENT,1,556,556
2021,MLA,29,110,87,,"DEVARAJAN, K",INDEPENDENT,0,556,556
2021,MLA,29,110,87,,"PARTHIBAN, M",INDEPENDENT,1,556,556
2021,MLA,29,110,87,,"LEENA, V",INDEPENDENT,1,556,556
2021,MLA,29,110,87,,"VASANTHI, E",INDEPENDENT,0,556,556
2021,MLA,29,110,87,,"VEDHAGIRI, R",INDEPENDENT,0,556,556
2021,MLA,29,110,87,,"VAIRAMUTHU, D",INDEPENDENT,10,556,556
2021,MLA,29,110,87,,NOTA,,1,556,556
2021,MLA,29,111,88,,"SELVAPERUNTHAGAI, K",INDIAN NATIONAL CONGRESS,303,641,641
2021,MLA,29,111,88,,"PALANI, K",ALL INDIA ANNA DRAVIDA MUNNETRA KAZHAGAM,219,641,641
2021,MLA,29,111,88,,"VINOTH, E",BAHUJAN SAMAJ PARTY,3,641,641
2021,MLA,29,111,88,,"THANIGAIVEL, M",MAKKAL NEEDHI MAIAM,5,641,641
2021,MLA,29,111,88,,"PUSHPARAJ, D",NAAM TAMILAR KATCHI,81,641,641
2021,MLA,29,111,88,,"PERUMAL, R",AMMA MAKKAL MUNNETTRA KAZAGAM,7,641,641
2021,MLA,29,111,88,,"LOKESH, E",DESIYA MAKKAL SAKTHI KATCHI,1,641,641
2021,MLA,29,111,88,,"SAROJA, S",INDEPENDENT,0,641,641
2021,MLA,29,111,88,,"SUDHAKAR, P",INDEPENDENT,0,641,641
2021,MLA,29,111,88,,"DEVARAJAN, K",INDEPENDENT,0,641,641
2021,MLA,29,111,88,,"PARTHIBAN, M",INDEPENDENT,0,641,641
2021,MLA,29,111,88,,"LEENA, V",INDEPENDENT,1,641,641
2021,MLA,29,111,88,,"VASANTHI, E",INDEPENDENT,1,641,641
2021,MLA,29,111,88,,"VEDHAGIRI, R",INDEPENDENT,0,641,641
2021,MLA,29,111,88,,"VAIRAMUTHU, D",INDEPENDENT,18,641,641
2021,MLA,29,111,88,,NOTA,,2,641,641
2021,MLA,29,112,89,M,"SELVAPERUNTHAGAI, K",INDIAN NATIONAL CONGRESS,192,447,447
2021,MLA,29,112,89,M,"PALANI, K",ALL INDIA ANNA DRAVIDA MUNNETRA KAZHAGAM,143,447,447
2021,MLA,29,112,89,M,"VINOTH, E",BAHUJAN SAMAJ PARTY,4,447,447
2021,MLA,29,112,89,M,"THANIGAIVEL, M",MAKKAL NEEDHI MAIAM,9,447,447
2021,MLA,29,112,89,M,"PUSHPARAJ, D",NAAM TAMILAR KATCHI,73,447,447
2021,MLA,29,112,89,M,"PERUMAL, R",AMMA MAKKAL MUNNETTRA KAZAGAM,5,447,447
2021,MLA,29,112,89,M,"LOKESH, E",DESIYA MAKKAL SAKTHI KATCHI,0,447,447
2021,MLA,29,112,89,M,"SAROJA, S",INDEPENDENT,0,447,447
2021,MLA,29,112,89,M,"SUDHAKAR, P",INDEPENDENT,0,447,447
2021,MLA,29,112,89,M,"DEVARAJAN, K",INDEPENDENT,0,447,447
2021,MLA,29,112,89,M,"PARTHIBAN, M",INDEPENDENT,0,447,447
2021,MLA,29,112,89,M,"LEENA, V",INDEPENDENT,0,447,447
2021,MLA,29,112,89,M,"VASANTHI, E",INDEPENDENT,1,447,447
2021,MLA,29,112,89,M,"VEDHAGIRI, R",INDEPENDENT,1,447,447
2021,MLA,29,112,89,M,"VAIRAMUTHU, D",INDEPENDENT,15,447,447
2021,MLA,29,112,89,M,NOTA,,4,447,447
2021,MLA,29,113,89,A(W),"SELVAPERUNTHAGAI, K",INDIAN NATIONAL CONGRESS,257,492,492
2021,MLA,29,113,89,A(W),"PALANI, K",ALL INDIA ANNA DRAVIDA MUNNETRA KAZHAGAM,161,492,492
2021,MLA,29,113,89,A(W),"VINOTH, E",BAHUJAN SAMAJ PARTY,1,492,492
2021,MLA,29,113,89,A(W),"THANIGAIVEL, M",MAKKAL NEEDHI MAIAM,13,492,492
2021,MLA,29,113,89,A(W),"PUSHPARAJ, D",NAAM TAMILAR KATCHI,42,492,492
2021,MLA,29,113,89,A(W),"PERUMAL, R",AMMA MAKKAL MUNNETTRA KAZAGAM,3,492,492
2021,MLA,29,113,89,A(W),"LOKESH, E",DESIYA MAKKAL SAKTHI KATCHI,0,492,492
2021,MLA,29,113,89,A(W),"SAROJA, S",INDEPENDENT,0,492,492
2021,MLA,29,113,89,A(W),"SUDHAKAR, P",INDEPENDENT,0,492,492
2021,MLA,29,113,89,A(W),"DEVARAJAN, K",INDEPENDENT,1,492,492
2021,MLA,29,113,89,A(W),"PARTHIBAN, M",INDEPENDENT,0,492,492
2021,MLA,29,113,89,A(W),"LEENA, V",INDEPENDENT,0,492,492
2021,MLA,29,113,89,A(W),"VASANTHI, E",INDEPENDENT,1,492,492
2021,MLA,29,113,89,A(W),"VEDHAGIRI, R",INDEPENDENT,0,492,492
2021,MLA,29,113,89,A(W),"VAIRAMUTHU, D",INDEPENDENT,10,492,492
2021,MLA,29,113,89,A(W),NOTA,,3,492,492
2021,MLA,29,114,90,,"SELVAPERUNTHAGAI, K",INDIAN NATIONAL CONGRESS,414,846,846
2021,MLA,29,114,90,,"PALANI, K",ALL INDIA ANNA DRAVIDA MUNNETRA KAZHAGAM,293,846,846
2021,MLA,29,114,90,,"VINOTH, E",BAHUJAN SAMAJ PARTY,5,846,846
2021,MLA,29,114,90,,"THANIGAIVEL, M",MAKKAL NEEDHI MAIAM,8,846,846
2021,MLA,29,114,90,,"PUSHPARAJ, D",NAAM TAMILAR KATCHI,86,846,846
2021,MLA,29,114,90,,"PERUMAL, R",AMMA MAKKAL MUNNETTRA KAZAGAM,13,846,846
2021,MLA,29,114,90,,"LOKESH, E",DESIYA MAKKAL SAKTHI KATCHI,0,846,846
2021,MLA,29,114,90,,"SAROJA, S",INDEPENDENT,0,846,846
2021,MLA,29,114,90,,"SUDHAKAR, P",INDEPENDENT,0,846,846
2021,MLA,29,114,90,,"DEVARAJAN, K",INDEPENDENT,0,846,846
2021,MLA,29,114,90,,"PARTHIBAN, M",INDEPENDENT,0,846,846
2021,MLA,29,114,90,,"LEENA, V",INDEPENDENT,0,846,846
2021,MLA,29,114,90,,"VASANTHI, E",INDEPENDENT,0,846,846
2021,MLA,29,114,90,,"VEDHAGIRI, R",INDEPENDENT,0,846,846
2021,MLA,29,114,90,,"VAIRAMUTHU, D",INDEPENDENT,22,846,846
2021,MLA,29,114,90,,NOTA,,5,846,846
2021,MLA,29,116,91,A(W),"SELVAPERUNTHAGAI, K",INDIAN NATIONAL CONGRESS,220,532,532
2021,MLA,29,116,91,A(W),"PALANI, K",ALL INDIA ANNA DRAVIDA MUNNETRA KAZHAGAM,295,532,532
2021,MLA,29,116,91,A(W),"VINOTH, E",BAHUJAN SAMAJ PARTY,0,532,532
2021,MLA,29,116,91,A(W),"THANIGAIVEL, M",MAKKAL NEEDHI MAIAM,4,532,532
2021,MLA,29,116,91,A(W),"PUSHPARAJ, D",NAAM TAMILAR KATCHI,8,532,532
2021,MLA,29,116,91,A(W),"PERUMAL, R",AMMA MAKKAL MUNNETTRA KAZAGAM,3,532,532
2021,MLA,29,116,91,A(W),"LOKESH, E",DESIYA MAKKAL SAKTHI KATCHI,0,532,532
2021,MLA,29,116,91,A(W),"SAROJA, S",INDEPENDENT,0,532,532
2021,MLA,29,116,91,A(W),"SUDHAKAR, P",INDEPENDENT,0,532,532
2021,MLA,29,116,91,A(W),"DEVARAJAN, K",INDEPENDENT,0,532,532
2021,MLA,29,116,91,A(W),"PARTHIBAN, M",INDEPENDENT,0,532,532
2021,MLA,29,116,91,A(W),"LEENA, V",INDEPENDENT,0,532,532
2021,MLA,29,116,91,A(W),"VASANTHI, E",INDEPENDENT,0,532,532
2021,MLA,29,116,91,A(W),"VEDHAGIRI, R",INDEPENDENT,0,532,532
2021,MLA,29,116,91,A(W),"VAIRAMUTHU, D",INDEPENDENT,1,532,532
2021,MLA,29,116,91,A(W),NOTA,,1,532,532
2021,MLA,29,117,92,,"SELVAPERUNTHAGAI, K",INDIAN NATIONAL CONGRESS,248,602,602
2021,MLA,29,117,92,,"PALANI, K",ALL INDIA ANNA DRAVIDA MUNNETRA KAZHAGAM,307,602,602
2021,MLA,29,117,92,,"VINOTH, E",BAHUJAN SAMAJ PARTY,2,602,602
2021,MLA,29,117,92,,"THANIGAIVEL, M",MAKKAL NEEDHI MAIAM,12,602,602
2021,MLA,29,117,92,,"PUSHPARAJ, D",NAAM TAMILAR KATCHI,18,602,602
2021,MLA,29,117,92,,"PERUMAL, R",AMMA MAKKAL MUNNETTRA KAZAGAM,4,602,602
2021,MLA,29,117,92,,"LOKESH, E",DESIYA MAKKAL SAKTHI KATCHI,1,602,602
2021,MLA,29,117,92,,"SAROJA, S",INDEPENDENT,0,602,602
2021,MLA,29,117,92,,"SUDHAKAR, P",INDEPENDENT,0,602,602
2021,MLA,29,117,92,,"DEVARAJAN, K",INDEPENDENT,0,602,602
2021,MLA,29,117,92,,"PARTHIBAN, M",INDEPENDENT,0,602,602
2021,MLA,29,117,92,,"LEENA, V",INDEPENDENT,1,602,602
2021,MLA,29,117,92,,"VASANTHI, E",INDEPENDENT,0,602,602
2021,MLA,29,117,92,,"VEDHAGIRI, R",INDEPENDENT,0,602,602
2021,MLA,29,117,92,,"VAIRAMUTHU, D",INDEPENDENT,6,602,602
2021,MLA,29,117,92,,NOTA,,3,602,602
2021,MLA,29,118,93,,"SELVAPERUNTHAGAI, K",INDIAN NATIONAL CONGRESS,231,663,663
2021,MLA,29,118,93,,"PALANI, K",ALL INDIA ANNA DRAVIDA MUNNETRA KAZHAGAM,388,663,663
2021,MLA,29,118,93,,"VINOTH, E",BAHUJAN SAMAJ PARTY,2,663,663
2021,MLA,29,118,93,,"THANIGAIVEL, M",MAKKAL NEEDHI MAIAM,3,663,663
2021,MLA,29,118,93,,"PUSHPARAJ, D",NAAM TAMILAR KATCHI,28,663,663
2021,MLA,29,118,93,,"PERUMAL, R",AMMA MAKKAL MUNNETTRA KAZAGAM,5,663,663
2021,MLA,29,118,93,,"LOKESH, E",DESIYA MAKKAL SAKTHI KATCHI,0,663,663
2021,MLA,29,118,93,,"SAROJA, S",INDEPENDENT,0,663,663
2021,MLA,29,118,93,,"SUDHAKAR, P",INDEPENDENT,0,663,663
2021,MLA,29,118,93,,"DEVARAJAN, K",INDEPENDENT,0,663,663
2021,MLA,29,118,93,,"PARTHIBAN, M",INDEPENDENT,0,663,663
2021,MLA,29,118,93,,"LEENA, V",INDEPENDENT,0,663,663
2021,MLA,29,118,93,,"VASANTHI, E",INDEPENDENT,1,663,663
2021,MLA,29,118,93,,"VEDHAGIRI, R",INDEPENDENT,0,663,663
2021,MLA,29,118,93,,"VAIRAMUTHU, D",INDEPENDENT,2,663,663
2021,MLA,29,118,93,,NOTA,,3,663,663
2021,MLA,29,119,94,,"SELVAPERUNTHAGAI, K",INDIAN NATIONAL CONGRESS,372,715,715
2021,MLA,29,119,94,,"PALANI, K",ALL INDIA ANNA DRAVIDA MUNNETRA KAZHAGAM,178,715,715
2021,MLA,29,119,94,,"VINOTH, E",BAHUJAN SAMAJ PARTY,39,715,715
2021,MLA,29,119,94,,"THANIGAIVEL, M",MAKKAL NEEDHI MAIAM,28,715,715
2021,MLA,29,119,94,,"PUSHPARAJ, D",NAAM TAMILAR KATCHI,50,715,715
2021,MLA,29,119,94,,"PERUMAL, R",AMMA MAKKAL MUNNETTRA KAZAGAM,24,715,715
2021,MLA,29,119,94,,"LOKESH, E",DESIYA MAKKAL SAKTHI KATCHI,0,715,715
2021,MLA,29,119,94,,"SAROJA, S",INDEPENDENT,1,715,715
2021,MLA,29,119,94,,"SUDHAKAR, P",INDEPENDENT,0,715,715
2021,MLA,29,119,94,,"DEVARAJAN, K",INDEPENDENT,1,715,715
2021,MLA,29,119,94,,"PARTHIBAN, M",INDEPENDENT,0,715,715
2021,MLA,29,119,94,,"LEENA, V",INDEPENDENT,0,715,715
2021,MLA,29,119,94,,"VASANTHI, E",INDEPENDENT,0,715,715
2021,MLA,29,119,94,,"VEDHAGIRI, R",INDEPENDENT,0,715,715
2021,MLA,29,119,94,,"VAIRAMUTHU, D",INDEPENDENT,16,715,715
2021,MLA,29,119,94,,NOTA,,6,715,715
2021,MLA,29,120,95,,"SELVAPERUNTHAGAI, K",INDIAN NATIONAL CONGRESS,274,738,738
2021,MLA,29,120,95,,"PALANI, K",ALL INDIA ANNA DRAVIDA MUNNETRA KAZHAGAM,284,738,738
2021,MLA,29,120,95,,"VINOTH, E",BAHUJAN SAMAJ PARTY,20,738,738
2021,MLA,29,120,95,,"THANIGAIVEL, M",MAKKAL NEEDHI MAIAM,14,738,738
2021,MLA,29,120,95,,"PUSHPARAJ, D",NAAM TAMILAR KATCHI,99,738,738
2021,MLA,29,120,95,,"PERUMAL, R",AMMA MAKKAL MUNNETTRA KAZAGAM,21,738,738
2021,MLA,29,120,95,,"LOKESH, E",DESIYA MAKKAL SAKTHI KATCHI,0,738,738
2021,MLA,29,120,95,,"SAROJA, S",INDEPENDENT,0,738,738
2021,MLA,29,120,95,,"SUDHAKAR, P",INDEPENDENT,2,738,738
2021,MLA,29,120,95,,"DEVARAJAN, K",INDEPENDENT,1,738,738
2021,MLA,29,120,95,,"PARTHIBAN, M",INDEPENDENT,0,738,738
2021,MLA,29,120,95,,"LEENA, V",INDEPENDENT,0,738,738
2021,MLA,29,120,95,,"VASANTHI, E",INDEPENDENT,0,738,738
2021,MLA,29,120,95,,"VEDHAGIRI, R",INDEPENDENT,0,738,738
2021,MLA,29,120,95,,"VAIRAMUTHU, D",INDEPENDENT,16,738,738
2021,MLA,29,120,95,,NOTA,,7,738,738
2021,MLA,29,121,96,,"SELVAPERUNTHAGAI, K",INDIAN NATIONAL CONGRESS,300,829,829
2021,MLA,29,121,96,,"PALANI, K",ALL INDIA ANNA DRAVIDA MUNNETRA KAZHAGAM,362,829,829
2021,MLA,29,121,96,,"VINOTH, E",BAHUJAN SAMAJ PARTY,5,829,829
2021,MLA,29,121,96,,"THANIGAIVEL, M",MAKKAL NEEDHI MAIAM,16,829,829
2021,MLA,29,121,96,,"PUSHPARAJ, D",NAAM TAMILAR KATCHI,100,829,829
2021,MLA,29,121,96,,"PERUMAL, R",AMMA MAKKAL MUNNETTRA KAZAGAM,9,829,829
2021,MLA,29,121,96,,"LOKESH, E",DESIYA MAKKAL SAKTHI KATCHI,0,829,829
2021,MLA,29,121,96,,"SAROJA, S",INDEPENDENT,1,829,829
2021,MLA,29,121,96,,"SUDHAKAR, P",INDEPENDENT,0,829,829
2021,MLA,29,121,96,,"DEVARAJAN, K",INDEPENDENT,1,829,829
2021,MLA,29,121,96,,"PARTHIBAN, M",INDEPENDENT,0,829,829
2021,MLA,29,121,96,,"LEENA, V",INDEPENDENT,1,829,829
2021,MLA,29,121,96,,"VASANTHI, E",INDEPENDENT,0,829,829
2021,MLA,29,121,96,,"VEDHAGIRI, R",INDEPENDENT,1,829,829
2021,MLA,29,121,96,,"VAIRAMUTHU, D",INDEPENDENT,27,829,829
2021,MLA,29,121,96,,NOTA,,6,829,829
2021,MLA,29,122,97,M,"SELVAPERUNTHAGAI, K",INDIAN NATIONAL CONGRESS,220,588,588
2021,MLA,29,122,97,M,"PALANI, K",ALL INDIA ANNA DRAVIDA MUNNETRA KAZHAGAM,233,588,588
2021,MLA,29,122,97,M,"VINOTH, E",BAHUJAN SAMAJ PARTY,0,588,588
2021,MLA,29,122,97,M,"THANIGAIVEL, M",MAKKAL NEEDHI MAIAM,7,588,588
2021,MLA,29,122,97,M,"PUSHPARAJ, D",NAAM TAMILAR KATCHI,59,588,588
2021,MLA,29,122,97,M,"PERUMAL, R",AMMA MAKKAL MUNNETTRA KAZAGAM,9,588,588
2021,MLA,29,122,97,M,"LOKESH, E",DESIYA MAKKAL SAKTHI KATCHI,0,588,588
2021,MLA,29,122,97,M,"SAROJA, S",INDEPENDENT,2,588,588
2021,MLA,29,122,97,M,"SUDHAKAR, P",INDEPENDENT,2,588,588
2021,MLA,29,122,97,M,"DEVARAJAN, K",INDEPENDENT,0,588,588
2021,MLA,29,122,97,M,"PARTHIBAN, M",INDEPENDENT,0,588,588
2021,MLA,29,122,97,M,"LEENA, V",INDEPENDENT,0,588,588
2021,MLA,29,122,97,M,"VASANTHI, E",INDEPENDENT,1,588,588
2021,MLA,29,122,97,M,"VEDHAGIRI, R",INDEPENDENT,0,588,588
2021,MLA,29,122,97,M,"VAIRAMUTHU, D",INDEPENDENT,48,588,588
2021,MLA,29,122,97,M,NOTA,,7,588,588
2021,MLA,29,123,97,A(W),"SELVAPERUNTHAGAI, K",INDIAN NATIONAL CONGRESS,214,571,571
2021,MLA,29,123,97,A(W),"PALANI, K",ALL INDIA ANNA DRAVIDA MUNNETRA KAZHAGAM,280,571,571
2021,MLA,29,123,97,A(W),"VINOTH, E",BAHUJAN SAMAJ PARTY,2,571,571
2021,MLA,29,123,97,A(W),"THANIGAIVEL, M",MAKKAL NEEDHI MAIAM,8,571,571
2021,MLA,29,123,97,A(W),"PUSHPARAJ, D",NAAM TAMILAR KATCHI,32,571,571
2021,MLA,29,123,97,A(W),"PERUMAL, R",AMMA MAKKAL MUNNETTRA KAZAGAM,4,571,571
2021,MLA,29,123,97,A(W),"LOKESH, E",DESIYA MAKKAL SAKTHI KATCHI,0,571,571
2021,MLA,29,123,97,A(W),"SAROJA, S",INDEPENDENT,1,571,571
2021,MLA,29,123,97,A(W),"SUDHAKAR, P",INDEPENDENT,1,571,571
2021,MLA,29,123,97,A(W),"DEVARAJAN, K",INDEPENDENT,1,571,571
2021,MLA,29,123,97,A(W),"PARTHIBAN, M",INDEPENDENT,0,571,571
2021,MLA,29,123,97,A(W),"LEENA, V",INDEPENDENT,1,571,571
2021,MLA,29,123,97,A(W),"VASANTHI, E",INDEPENDENT,0,571,571
2021,MLA,29,123,97,A(W),"VEDHAGIRI, R",INDEPENDENT,0,571,571
2021,MLA,29,123,97,A(W),"VAIRAMUTHU, D",INDEPENDENT,14,571,571
2021,MLA,29,123,97,A(W),NOTA,,13,571,571
2021,MLA,29,125,98,A(W),"SELVAPERUNTHAGAI, K",INDIAN NATIONAL CONGRESS,173,467,467
2021,MLA,29,125,98,A(W),"PALANI, K",ALL INDIA ANNA DRAVIDA MUNNETRA KAZHAGAM,249,467,467
2021,MLA,29,125,98,A(W),"VINOTH, E",BAHUJAN SAMAJ PARTY,3,467,467
2021,MLA,29,125,98,A(W),"THANIGAIVEL, M",MAKKAL NEEDHI MAIAM,6,467,467
2021,MLA,29,125,98,A(W),"PUSHPARAJ, D",NAAM TAMILAR KATCHI,18,467,467
2021,MLA,29,125,98,A(W),"PERUMAL, R",AMMA MAKKAL MUNNETTRA KAZAGAM,4,467,467
2021,MLA,29,125,98,A(W),"LOKESH, E",DESIYA MAKKAL SAKTHI KATCHI,0,467,467
2021,MLA,29,125,98,A(W),"SAROJA, S",INDEPENDENT,2,467,467
2021,MLA,29,125,98,A(W),"SUDHAKAR, P",INDEPENDENT,1,467,467
2021,MLA,29,125,98,A(W),"DEVARAJAN, K",INDEPENDENT,0,467,467
2021,MLA,29,125,98,A(W),"PARTHIBAN, M",INDEPENDENT,0,467,467
2021,MLA,29,125,98,A(W),"LEENA, V",INDEPENDENT,0,467,467
2021,MLA,29,125,98,A(W),"VASANTHI, E",INDEPENDENT,0,467,467
2021,MLA,29,125,98,A(W),"VEDHAGIRI, R",INDEPENDENT,0,467,467
2021,MLA,29,125,98,A(W),"VAIRAMUTHU, D",INDEPENDENT,7,467,467
2021,MLA,29,125,98,A(W),NOTA,,4,467,467
2021,MLA,29,126,99,M,"SELVAPERUNTHAGAI, K",INDIAN NATIONAL CONGRESS,145,420,420
2021,MLA,29,126,99,M,"PALANI, K",ALL INDIA ANNA DRAVIDA MUNNETRA KAZHAGAM,196,420,420
2021,MLA,29,126,99,M,"VINOTH, E",BAHUJAN SAMAJ PARTY,2,420,420
2021,MLA,29,126,99,M,"THANIGAIVEL, M",MAKKAL NEEDHI MAIAM,10,420,420
2021,MLA,29,126,99,M,"PUSHPARAJ, D",NAAM TAMILAR KATCHI,53,420,420
2021,MLA,29,126,99,M,"PERUMAL, R",AMMA MAKKAL MUNNETTRA KAZAGAM,6,420,420
2021,MLA,29,126,99,M,"LOKESH, E",DESIYA MAKKAL SAKTHI KATCHI,0,420,420
2021,MLA,29,126,99,M,"SAROJA, S",INDEPENDENT,0,420,420
2021,MLA,29,126,99,M,"SUDHAKAR, P",INDEPENDENT,0,420,420
2021,MLA,29,126,99,M,"DEVARAJAN, K",INDEPENDENT,0,420,420
2021,MLA,29,126,99,M,"PARTHIBAN, M",INDEPENDENT,0,420,420
2021,MLA,29,126,99,M,"LEENA, V",INDEPENDENT,0,420,420
2021,MLA,29,126,99,M,"VASANTHI, E",INDEPENDENT,0,420,420
2021,MLA,29,126,99,M,"VEDHAGIRI, R",INDEPENDENT,0,420,420
2021,MLA,29,126,99,M,"VAIRAMUTHU, D",INDEPENDENT,5,420,420
2021,MLA,29,126,99,M,NOTA,,3,420,420
2021,MLA,29,127,99,A(W),"SELVAPERUNTHAGAI, K",INDIAN NATIONAL CONGRESS,134,384,384
2021,MLA,29,127,99,A(W),"PALANI, K",ALL INDIA ANNA DRAVIDA MUNNETRA KAZHAGAM,203,384,384
2021,MLA,29,127,99,A(W),"VINOTH, E",BAHUJAN SAMAJ PARTY,3,384,384
2021,MLA,29,127,99,A(W),"THANIGAIVEL, M",MAKKAL NEEDHI MAIAM,12,384,384
2021,MLA,29,127,99,A(W),"PUSHPARAJ, D",NAAM TAMILAR KATCHI,21,384,384
2021,MLA,29,127,99,A(W),"PERUMAL, R",AMMA MAKKAL MUNNETTRA KAZAGAM,2,384,384
2021,MLA,29,127,99,A(W),"LOKESH, E",DESIYA MAKKAL SAKTHI KATCHI,2,384,384
2021,MLA,29,127,99,A(W),"SAROJA, S",INDEPENDENT,0,384,384
2021,MLA,29,127,99,A(W),"SUDHAKAR, P",INDEPENDENT,0,384,384
2021,MLA,29,127,99,A(W),"DEVARAJAN, K",INDEPENDENT,0,384,384
2021,MLA,29,127,99,A(W),"PARTHIBAN, M",INDEPENDENT,0,384,384
2021,MLA,29,127,99,A(W),"LEENA, V",INDEPENDENT,0,384,384
2021,MLA,29,127,99,A(W),"VASANTHI, E",INDEPENDENT,0,384,384
2021,MLA,29,127,99,A(W),"VEDHAGIRI, R",INDEPENDENT,1,384,384
2021,MLA,29,127,99,A(W),"VAIRAMUTHU, D",INDEPENDENT,2,384,384
2021,MLA,29,127,99,A(W),NOTA,,4,384,384
2021,MLA,29,128,100,M,"SELVAPERUNTHAGAI, K",INDIAN NATIONAL CONGRESS,195,381,381
2021,MLA,29,128,100,M,"PALANI, K",ALL INDIA ANNA DRAVIDA MUNNETRA KAZHAGAM,116,381,381
2021,MLA,29,128,100,M,"VINOTH, E",BAHUJAN SAMAJ PARTY,1,381,381
2021,MLA,29,128,100,M,"THANIGAIVEL, M",MAKKAL NEEDHI MAIAM,5,381,381
2021,MLA,29,128,100,M,"PUSHPARAJ, D",NAAM TAMILAR KATCHI,48,381,381
2021,MLA,29,128,100,M,"PERUMAL, R",AMMA MAKKAL MUNNETTRA KAZAGAM,6,381,381
2021,MLA,29,128,100,M,"LOKESH, E",DESIYA MAKKAL SAKTHI KATCHI,1,381,381
2021,MLA,29,128,100,M,"SAROJA, S",INDEPENDENT,0,381,381
2021,MLA,29,128,100,M,"SUDHAKAR, P",INDEPENDENT,0,381,381
2021,MLA,29,128,100,M,"DEVARAJAN, K",INDEPENDENT,0,381,381
2021,MLA,29,128,100,M,"PARTHIBAN, M",INDEPENDENT,0,381,381
2021,MLA,29,128,100,M,"LEENA, V",INDEPENDENT,0,381,381
2021,MLA,29,128,100,M,"VASANTHI, E",INDEPENDENT,0,381,381
2021,MLA,29,128,100,M,"VEDHAGIRI, R",INDEPENDENT,0,381,381
2021,MLA,29,128,100,M,"VAIRAMUTHU, D",INDEPENDENT,8,381,381
2021,MLA,29,128,100,M,NOTA,,1,381,381
2021,MLA,29,129,100,A(W),"SELVAPERUNTHAGAI, K",INDIAN NATIONAL CONGRESS,207,415,415
2021,MLA,29,129,100,A(W),"PALANI, K",ALL INDIA ANNA DRAVIDA MUNNETRA KAZHAGAM,167,415,415
2021,MLA,29,129,100,A(W),"VINOTH, E",BAHUJAN SAMAJ PARTY,3,415,415
2021,MLA,29,129,100,A(W),"THANIGAIVEL, M",MAKKAL NEEDHI MAIAM,9,415,415
2021,MLA,29,129,100,A(W),"PUSHPARAJ, D",NAAM TAMILAR KATCHI,15,415,415
2021,MLA,29,129,100,A(W),"PERUMAL, R",AMMA MAKKAL MUNNETTRA KAZAGAM,4,415,415
2021,MLA,29,129,100,A(W),"LOKESH, E",DESIYA MAKKAL SAKTHI KATCHI,0,415,415
2021,MLA,29,129,100,A(W),"SAROJA, S",INDEPENDENT,0,415,415
2021,MLA,29,129,100,A(W),"SUDHAKAR, P",INDEPENDENT,1,415,415
2021,MLA,29,129,100,A(W),"DEVARAJAN, K",INDEPENDENT,0,415,415
2021,MLA,29,129,100,A(W),"PARTHIBAN, M",INDEPENDENT,0,415,415
2021,MLA,29,129,100,A(W),"LEENA, V",INDEPENDENT,0,415,415
2021,MLA,29,129,100,A(W),"VASANTHI, E",INDEPENDENT,1,415,415
2021,MLA,29,129,100,A(W),"VEDHAGIRI, R",INDEPENDENT,0,415,415
2021,MLA,29,129,100,A(W),"VAIRAMUTHU, D",INDEPENDENT,7,415,415
2021,MLA,29,129,100,A(W),NOTA,,1,415,415
2021,MLA,29,130,101,,"SELVAPERUNTHAGAI, K",INDIAN NATIONAL CONGRESS,304,729,729
2021,MLA,29,130,101,,"PALANI, K",ALL INDIA ANNA DRAVIDA MUNNETRA KAZHAGAM,302,729,729
2021,MLA,29,130,101,,"VINOTH, E",BAHUJAN SAMAJ PARTY,28,729,729
2021,MLA,29,130,101,,"THANIGAIVEL, M",MAKKAL NEEDHI MAIAM,1,729,729
2021,MLA,29,130,101,,"PUSHPARAJ, D",NAAM TAMILAR KATCHI,69,729,729
2021,MLA,29,130,101,,"PERUMAL, R",AMMA MAKKAL MUNNETTRA KAZAGAM,8,729,729
2021,MLA,29,130,101,,"LOKESH, E",DESIYA MAKKAL SAKTHI KATCHI,1,729,729
2021,MLA,29,130,101,,"SAROJA, S",INDEPENDENT,0,729,729
2021,MLA,29,130,101,,"SUDHAKAR, P",INDEPENDENT,1,729,729
2021,MLA,29,130,101,,"DEVARAJAN, K",INDEPENDENT,0,729,729
2021,MLA,29,130,101,,"PARTHIBAN, M",INDEPENDENT,1,729,729
2021,MLA,29,130,101,,"LEENA, V",INDEPENDENT,0,729,729
2021,MLA,29,130,101,,"VASANTHI, E",INDEPENDENT,0,729,729
2021,MLA,29,130,101,,"VEDHAGIRI, R",INDEPENDENT,3,729,729
2021,MLA,29,130,101,,"VAIRAMUTHU, D",INDEPENDENT,6,729,729
2021,MLA,29,130,101,,NOTA,,5,729,729
2021,MLA,29,131,102,M,"SELVAPERUNTHAGAI, K",INDIAN NATIONAL CONGRESS,186,402,402
2021,MLA,29,131,102,M,"PALANI, K",ALL INDIA ANNA DRAVIDA MUNNETRA KAZHAGAM,148,402,402
2021,MLA,29,131,102,M,"VINOTH, E",BAHUJAN SAMAJ PARTY,11,402,402
2021,MLA,29,131,102,M,"THANIGAIVEL, M",MAKKAL NEEDHI MAIAM,12,402,402
2021,MLA,29,131,102,M,"PUSHPARAJ, D",NAAM TAMILAR KATCHI,33,402,402
2021,MLA,29,131,102,M,"PERUMAL, R",AMMA MAKKAL MUNNETTRA KAZAGAM,2,402,402
2021,MLA,29,131,102,M,"LOKESH, E",DESIYA MAKKAL SAKTHI KATCHI,2,402,402
2021,MLA,29,131,102,M,"SAROJA, S",INDEPENDENT,0,402,402
2021,MLA,29,131,102,M,"SUDHAKAR, P",INDEPENDENT,0,402,402
2021,MLA,29,131,102,M,"DEVARAJAN, K",INDEPENDENT,0,402,402
2021,MLA,29,131,102,M,"PARTHIBAN, M",INDEPENDENT,0,402,402
2021,MLA,29,131,102,M,"LEENA, V",INDEPENDENT,0,402,402
2021,MLA,29,131,102,M,"VASANTHI, E",INDEPENDENT,2,402,402
2021,MLA,29,131,102,M,"VEDHAGIRI, R",INDEPENDENT,0,402,402
2021,MLA,29,131,102,M,"VAIRAMUTHU, D",INDEPENDENT,3,402,402
2021,MLA,29,131,102,M,NOTA,,3,402,402
2021,MLA,29,132,102,A(W),"SELVAPERUNTHAGAI, K",INDIAN NATIONAL CONGRESS,181,379,379
2021,MLA,29,132,102,A(W),"PALANI, K",ALL INDIA ANNA DRAVIDA MUNNETRA KAZHAGAM,149,379,379
2021,MLA,29,132,102,A(W),"VINOTH, E",BAHUJAN SAMAJ PARTY,7,379,379
2021,MLA,29,132,102,A(W),"THANIGAIVEL, M",MAKKAL NEEDHI MAIAM,9,379,379
2021,MLA,29,132,102,A(W),"PUSHPARAJ, D",NAAM TAMILAR KATCHI,24,379,379
2021,MLA,29,132,102,A(W),"PERUMAL, R",AMMA MAKKAL MUNNETTRA KAZAGAM,1,379,379
2021,MLA,29,132,102,A(W),"LOKESH, E",DESIYA MAKKAL SAKTHI KATCHI,0,379,379
2021,MLA,29,132,102,A(W),"SAROJA, S",INDEPENDENT,0,379,379
2021,MLA,29,132,102,A(W),"SUDHAKAR, P",INDEPENDENT,2,379,379
2021,MLA,29,132,102,A(W),"DEVARAJAN, K",INDEPENDENT,0,379,379
2021,MLA,29,132,102,A(W),"PARTHIBAN, M",INDEPENDENT,0,379,379
2021,MLA,29,132,102,A(W),"LEENA, V",INDEPENDENT,1,379,379
2021,MLA,29,132,102,A(W),"VASANTHI, E",INDEPENDENT,0,379,379
2021,MLA,29,132,102,A(W),"VEDHAGIRI, R",INDEPENDENT,0,379,379
2021,MLA,29,132,102,A(W),"VAIRAMUTHU, D",INDEPENDENT,2,379,379
2021,MLA,29,132,102,A(W),NOTA,,3,379,379
2021,MLA,29,133,103,,"SELVAPERUNTHAGAI, K",INDIAN NATIONAL CONGRESS,449,813,813
2021,MLA,29,133,103,,"PALANI, K",ALL INDIA ANNA DRAVIDA MUNNETRA KAZHAGAM,273,813,813
2021,MLA,29,133,103,,"VINOTH, E",BAHUJAN SAMAJ PARTY,1,813,813
2021,MLA,29,133,103,,"THANIGAIVEL, M",MAKKAL NEEDHI MAIAM,7,813,813
2021,MLA,29,133,103,,"PUSHPARAJ, D",NAAM TAMILAR KATCHI,45,813,813
2021,MLA,29,133,103,,"PERUMAL, R",AMMA MAKKAL MUNNETTRA KAZAGAM,5,813,813
2021,MLA,29,133,103,,"LOKESH, E",DESIYA MAKKAL SAKTHI KATCHI,0,813,813
2021,MLA,29,133,103,,"SAROJA, S",INDEPENDENT,0,813,813
2021,MLA,29,133,103,,"SUDHAKAR, P",INDEPENDENT,0,813,813
2021,MLA,29,133,103,,"DEVARAJAN, K",INDEPENDENT,0,813,813
2021,MLA,29,133,103,,"PARTHIBAN, M",INDEPENDENT,0,813,813
2021,MLA,29,133,103,,"LEENA, V",INDEPENDENT,0,813,813
2021,MLA,29,133,103,,"VASANTHI, E",INDEPENDENT,1,813,813
2021,MLA,29,133,103,,"VEDHAGIRI, R",INDEPENDENT,0,813,813
2021,MLA,29,133,103,,"VAIRAMUTHU, D",INDEPENDENT,30,813,813
2021,MLA,29,133,103,,NOTA,,2,813,813
2021,MLA,29,134,104,M,"SELVAPERUNTHAGAI, K",INDIAN NATIONAL CONGRESS,166,396,396
2021,MLA,29,134,104,M,"PALANI, K",ALL INDIA ANNA DRAVIDA MUNNETRA KAZHAGAM,115,396,396
2021,MLA,29,134,104,M,"VINOTH, E",BAHUJAN SAMAJ PARTY,1,396,396
2021,MLA,29,134,104,M,"THANIGAIVEL, M",MAKKAL NEEDHI MAIAM,15,396,396
2021,MLA,29,134,104,M,"PUSHPARAJ, D",NAAM TAMILAR KATCHI,57,396,396
2021,MLA,29,134,104,M,"PERUMAL, R",AMMA MAKKAL MUNNETTRA KAZAGAM,1,396,396
2021,MLA,29,134,104,M,"LOKESH, E",DESIYA MAKKAL SAKTHI KATCHI,0,396,396
2021,MLA,29,134,104,M,"SAROJA, S",INDEPENDENT,0,396,396
2021,MLA,29,134,104,M,"SUDHAKAR, P",INDEPENDENT,0,396,396
2021,MLA,29,134,104,M,"DEVARAJAN, K",INDEPENDENT,0,396,396
2021,MLA,29,134,104,M,"PARTHIBAN, M",INDEPENDENT,0,396,396
2021,MLA,29,134,104,M,"LEENA, V",INDEPENDENT,0,396,396
2021,MLA,29,134,104,M,"VASANTHI, E",INDEPENDENT,0,396,396
2021,MLA,29,134,104,M,"VEDHAGIRI, R",INDEPENDENT,0,396,396
2021,MLA,29,134,104,M,"VAIRAMUTHU, D",INDEPENDENT,38,396,396
2021,MLA,29,134,104,M,NOTA,,3,396,396
2021,MLA,29,135,104,A(W),"SELVAPERUNTHAGAI, K",INDIAN NATIONAL CONGRESS,143,366,366
2021,MLA,29,135,104,A(W),"PALANI, K",ALL INDIA ANNA DRAVIDA MUNNETRA KAZHAGAM,143,366,366
2021,MLA,29,135,104,A(W),"VINOTH, E",BAHUJAN SAMAJ PARTY,2,366,366
2021,MLA,29,135,104,A(W),"THANIGAIVEL, M",MAKKAL NEEDHI MAIAM,15,366,366
2021,MLA,29,135,104,A(W),"PUSHPARAJ, D",NAAM TAMILAR KATCHI,33,366,366
2021,MLA,29,135,104,A(W),"PERUMAL, R",AMMA MAKKAL MUNNETTRA KAZAGAM,0,366,366
2021,MLA,29,135,104,A(W),"LOKESH, E",DESIYA MAKKAL SAKTHI KATCHI,0,366,366
2021,MLA,29,135,104,A(W),"SAROJA, S",INDEPENDENT,1,366,366
2021,MLA,29,135,104,A(W),"SUDHAKAR, P",INDEPENDENT,0,366,366
2021,MLA,29,135,104,A(W),"DEVARAJAN, K",INDEPENDENT,0,366,366
2021,MLA,29,135,104,A(W),"PARTHIBAN, M",INDEPENDENT,0,366,366
2021,MLA,29,135,104,A(W),"LEENA, V",INDEPENDENT,1,366,366
2021,MLA,29,135,104,A(W),"VASANTHI, E",INDEPENDENT,0,366,366
2021,MLA,29,135,104,A(W),"VEDHAGIRI, R",INDEPENDENT,0,366,366
2021,MLA,29,135,104,A(W),"VAIRAMUTHU, D",INDEPENDENT,26,366,366
2021,MLA,29,135,104,A(W),NOTA,,2,366,366
2021,MLA,29,136,105,,"SELVAPERUNTHAGAI, K",INDIAN NATIONAL CONGRESS,225,696,696
2021,MLA,29,136,105,,"PALANI, K",ALL INDIA ANNA DRAVIDA MUNNETRA KAZHAGAM,262,696,696
2021,MLA,29,136,105,,"VINOTH, E",BAHUJAN SAMAJ PARTY,4,696,696
2021,MLA,29,136,105,,"THANIGAIVEL, M",MAKKAL NEEDHI MAIAM,19,696,696
2021,MLA,29,136,105,,"PUSHPARAJ, D",NAAM TAMILAR KATCHI,98,696,696
2021,MLA,29,136,105,,"PERUMAL, R",AMMA MAKKAL MUNNETTRA KAZAGAM,3,696,696
2021,MLA,29,136,105,,"LOKESH, E",DESIYA MAKKAL SAKTHI KATCHI,1,696,696
2021,MLA,29,136,105,,"SAROJA, S",INDEPENDENT,4,696,696
2021,MLA,29,136,105,,"SUDHAKAR, P",INDEPENDENT,0,696,696
2021,MLA,29,136,105,,"DEVARAJAN, K",INDEPENDENT,0,696,696
2021,MLA,29,136,105,,"PARTHIBAN, M",INDEPENDENT,0,696,696
2021,MLA,29,136,105,,"LEENA, V",INDEPENDENT,1,696,696
2021,MLA,29,136,105,,"VASANTHI, E",INDEPENDENT,0,696,696
2021,MLA,29,136,105,,"VEDHAGIRI, R",INDEPENDENT,1,696,696
2021,MLA,29,136,105,,"VAIRAMUTHU, D",INDEPENDENT,70,696,696
2021,MLA,29,136,105,,NOTA,,8,696,696
2021,MLA,29,137,106,,"SELVAPERUNTHAGAI, K",INDIAN NATIONAL CONGRESS,258,674,674
2021,MLA,29,137,106,,"PALANI, K",ALL INDIA ANNA DRAVIDA MUNNETRA KAZHAGAM,265,674,674
2021,MLA,29,137,106,,"VINOTH, E",BAHUJAN SAMAJ PARTY,0,674,674
2021,MLA,29,137,106,,"THANIGAIVEL, M",MAKKAL NEEDHI MAIAM,23,674,674
2021,MLA,29,137,106,,"PUSHPARAJ, D",NAAM TAMILAR KATCHI,77,674,674
2021,MLA,29,137,106,,"PERUMAL, R",AMMA MAKKAL MUNNETTRA KAZAGAM,3,674,674
2021,MLA,29,137,106,,"LOKESH, E",DESIYA MAKKAL SAKTHI KATCHI,0,674,674
2021,MLA,29,137,106,,"SAROJA, S",INDEPENDENT,2,674,674
2021,MLA,29,137,106,,"SUDHAKAR, P",INDEPENDENT,1,674,674
2021,MLA,29,137,106,,"DEVARAJAN, K",INDEPENDENT,0,674,674
2021,MLA,29,137,106,,"PARTHIBAN, M",INDEPENDENT,0,674,674
2021,MLA,29,137,106,,"LEENA, V",INDEPENDENT,1,674,674
2021,MLA,29,137,106,,"VASANTHI, E",INDEPENDENT,0,674,674
2021,MLA,29,137,106,,"VEDHAGIRI, R",INDEPENDENT,0,674,674
2021,MLA,29,137,106,,"VAIRAMUTHU, D",INDEPENDENT,36,674,674
2021,MLA,29,137,106,,NOTA,,8,674,674
2021,MLA,29,138,107,,"SELVAPERUNTHAGAI, K",INDIAN NATIONAL CONGRESS,147,452,452
2021,MLA,29,138,107,,"PALANI, K",ALL INDIA ANNA DRAVIDA MUNNETRA KAZHAGAM,177,452,452
2021,MLA,29,138,107,,"VINOTH, E",BAHUJAN SAMAJ PARTY,0,452,452
2021,MLA,29,138,107,,"THANIGAIVEL, M",MAKKAL NEEDHI MAIAM,23,452,452
2021,MLA,29,138,107,,"PUSHPARAJ, D",NAAM TAMILAR KATCHI,58,452,452
2021,MLA,29,138,107,,"PERUMAL, R",AMMA MAKKAL MUNNETTRA KAZAGAM,2,452,452
2021,MLA,29,138,107,,"LOKESH, E",DESIYA MAKKAL SAKTHI KATCHI,0,452,452
2021,MLA,29,138,107,,"SAROJA, S",INDEPENDENT,2,452,452
2021,MLA,29,138,107,,"SUDHAKAR, P",INDEPENDENT,0,452,452
2021,MLA,29,138,107,,"DEVARAJAN, K",INDEPENDENT,1,452,452
2021,MLA,29,138,107,,"PARTHIBAN, M",INDEPENDENT,0,452,452
2021,MLA,29,138,107,,"LEENA, V",INDEPENDENT,0,452,452
2021,MLA,29,138,107,,"VASANTHI, E",INDEPENDENT,0,452,452
2021,MLA,29,138,107,,"VEDHAGIRI, R",INDEPENDENT,0,452,452
2021,MLA,29,138,107,,"VAIRAMUTHU, D",INDEPENDENT,34,452,452
2021,MLA,29,138,107,,NOTA,,8,452,452
2021,MLA,29,139,108,,"SELVAPERUNTHAGAI, K",INDIAN NATIONAL CONGRESS,309,670,670
2021,MLA,29,139,108,,"PALANI, K",ALL INDIA ANNA DRAVIDA MUNNETRA KAZHAGAM,207,670,670
2021,MLA,29,139,108,,"VINOTH, E",BAHUJAN SAMAJ PARTY,0,670,670
2021,MLA,29,139,108,,"THANIGAIVEL, M",MAKKAL NEEDHI MAIAM,17,670,670
2021,MLA,29,139,108,,"PUSHPARAJ, D",NAAM TAMILAR KATCHI,72,670,670
2021,MLA,29,139,108,,"PERUMAL, R",AMMA MAKKAL MUNNETTRA KAZAGAM,1,670,670
2021,MLA,29,139,108,,"LOKESH, E",DESIYA MAKKAL SAKTHI KATCHI,0,670,670
2021,MLA,29,139,108,,"SAROJA, S",INDEPENDENT,2,670,670
2021,MLA,29,139,108,,"SUDHAKAR, P",INDEPENDENT,0,670,670
2021,MLA,29,139,108,,"DEVARAJAN, K",INDEPENDENT,0,670,670
2021,MLA,29,139,108,,"PARTHIBAN, M",INDEPENDENT,0,670,670
2021,MLA,29,139,108,,"LEENA, V",INDEPENDENT,1,670,670
2021,MLA,29,139,108,,"VASANTHI, E",INDEPENDENT,0,670,670
2021,MLA,29,139,108,,"VEDHAGIRI, R",INDEPENDENT,2,670,670
2021,MLA,29,139,108,,"VAIRAMUTHU, D",INDEPENDENT,53,670,670
2021,MLA,29,139,108,,NOTA,,6,670,670
2021,MLA,29,140,109,M,"SELVAPERUNTHAGAI, K",INDIAN NATIONAL CONGRESS,198,524,524
2021,MLA,29,140,109,M,"PALANI, K",ALL INDIA ANNA DRAVIDA MUNNETRA KAZHAGAM,197,524,524
2021,MLA,29,140,109,M,"VINOTH, E",BAHUJAN SAMAJ PARTY,0,524,524
2021,MLA,29,140,109,M,"THANIGAIVEL, M",MAKKAL NEEDHI MAIAM,7,524,524
2021,MLA,29,140,109,M,"PUSHPARAJ, D",NAAM TAMILAR KATCHI,53,524,524
2021,MLA,29,140,109,M,"PERUMAL, R",AMMA MAKKAL MUNNETTRA KAZAGAM,0,524,524
2021,MLA,29,140,109,M,"LOKESH, E",DESIYA MAKKAL SAKTHI KATCHI,0,524,524
2021,MLA,29,140,109,M,"SAROJA, S",INDEPENDENT,1,524,524
2021,MLA,29,140,109,M,"SUDHAKAR, P",INDEPENDENT,0,524,524
2021,MLA,29,140,109,M,"DEVARAJAN, K",INDEPENDENT,0,524,524
2021,MLA,29,140,109,M,"PARTHIBAN, M",INDEPENDENT,0,524,524
2021,MLA,29,140,109,M,"LEENA, V",INDEPENDENT,0,524,524
2021,MLA,29,140,109,M,"VASANTHI, E",INDEPENDENT,0,524,524
2021,MLA,29,140,109,M,"VEDHAGIRI, R",INDEPENDENT,1,524,524
2021,MLA,29,140,109,M,"VAIRAMUTHU, D",INDEPENDENT,66,524,524
2021,MLA,29,140,109,M,NOTA,,1,524,524
2021,MLA,29,141,109,A(W),"SELVAPERUNTHAGAI, K",INDIAN NATIONAL CONGRESS,182,495,495
2021,MLA,29,141,109,A(W),"PALANI, K",ALL INDIA ANNA DRAVIDA MUNNETRA KAZHAGAM,221,495,495
2021,MLA,29,141,109,A(W),"VINOTH, E",BAHUJAN SAMAJ PARTY,1,495,495
2021,MLA,29,141,109,A(W),"THANIGAIVEL, M",MAKKAL NEEDHI MAIAM,11,495,495
2021,MLA,29,141,109,A(W),"PUSHPARAJ, D",NAAM TAMILAR KATCHI,26,495,495
2021,MLA,29,141,109,A(W),"PERUMAL, R",AMMA MAKKAL MUNNETTRA KAZAGAM,1,495,495
2021,MLA,29,141,109,A(W),"LOKESH, E",DESIYA MAKKAL SAKTHI KATCHI,0,495,495
2021,MLA,29,141,109,A(W),"SAROJA, S",INDEPENDENT,1,495,495
2021,MLA,29,141,109,A(W),"SUDHAKAR, P",INDEPENDENT,0,495,495
2021,MLA,29,141,109,A(W),"DEVARAJAN, K",INDEPENDENT,0,495,495
2021,MLA,29,141,109,A(W),"PARTHIBAN, M",INDEPENDENT,0,495,495
2021,MLA,29,141,109,A(W),"LEENA, V",INDEPENDENT,1,495,495
2021,MLA,29,141,109,A(W),"VASANTHI, E",INDEPENDENT,0,495,495
2021,MLA,29,141,109,A(W),"VEDHAGIRI, R",INDEPENDENT,0,495,495
2021,MLA,29,141,109,A(W),"VAIRAMUTHU, D",INDEPENDENT,49,495,495
2021,MLA,29,141,109,A(W),NOTA,,2,495,495
2021,MLA,29,142,110,M,"SELVAPERUNTHAGAI, K",INDIAN NATIONAL CONGRESS,163,468,468
2021,MLA,29,142,110,M,"PALANI, K",ALL INDIA ANNA DRAVIDA MUNNETRA KAZHAGAM,140,468,468
2021,MLA,29,142,110,M,"VINOTH, E",BAHUJAN SAMAJ PARTY,0,468,468
2021,MLA,29,142,110,M,"THANIGAIVEL, M",MAKKAL NEEDHI MAIAM,17,468,468
2021,MLA,29,142,110,M,"PUSHPARAJ, D",NAAM TAMILAR KATCHI,59,468,468
2021,MLA,29,142,110,M,"PERUMAL, R",AMMA MAKKAL MUNNETTRA KAZAGAM,3,468,468
2021,MLA,29,142,110,M,"LOKESH, E",DESIYA MAKKAL SAKTHI KATCHI,1,468,468
2021,MLA,29,142,110,M,"SAROJA, S",INDEPENDENT,1,468,468
2021,MLA,29,142,110,M,"SUDHAKAR, P",INDEPENDENT,0,468,468
2021,MLA,29,142,110,M,"DEVARAJAN, K",INDEPENDENT,0,468,468
2021,MLA,29,142,110,M,"PARTHIBAN, M",INDEPENDENT,0,468,468
2021,MLA,29,142,110,M,"LEENA, V",INDEPENDENT,0,468,468
2021,MLA,29,142,110,M,"VASANTHI, E",INDEPENDENT,0,468,468
2021,MLA,29,142,110,M,"VEDHAGIRI, R",INDEPENDENT,0,468,468
2021,MLA,29,142,110,M,"VAIRAMUTHU, D",INDEPENDENT,78,468,468
2021,MLA,29,142,110,M,NOTA,,6,468,468
2021,MLA,29,143,110,A(W),"SELVAPERUNTHAGAI, K",INDIAN NATIONAL CONGRESS,184,463,463
2021,MLA,29,143,110,A(W),"PALANI, K",ALL INDIA ANNA DRAVIDA MUNNETRA KAZHAGAM,157,463,463
2021,MLA,29,143,110,A(W),"VINOTH, E",BAHUJAN SAMAJ PARTY,1,463,463
2021,MLA,29,143,110,A(W),"THANIGAIVEL, M",MAKKAL NEEDHI MAIAM,13,463,463
2021,MLA,29,143,110,A(W),"PUSHPARAJ, D",NAAM TAMILAR KATCHI,40,463,463
2021,MLA,29,143,110,A(W),"PERUMAL, R",AMMA MAKKAL MUNNETTRA KAZAGAM,3,463,463
2021,MLA,29,143,110,A(W),"LOKESH, E",DESIYA MAKKAL SAKTHI KATCHI,0,463,463
2021,MLA,29,143,110,A(W),"SAROJA, S",INDEPENDENT,2,463,463
2021,MLA,29,143,110,A(W),"SUDHAKAR, P",INDEPENDENT,0,463,463
2021,MLA,29,143,110,A(W),"DEVARAJAN, K",INDEPENDENT,1,463,463
2021,MLA,29,143,110,A(W),"PARTHIBAN, M",INDEPENDENT,0,463,463
2021,MLA,29,143,110,A(W),"LEENA, V",INDEPENDENT,0,463,463
2021,MLA,29,143,110,A(W),"VASANTHI, E",INDEPENDENT,0,463,463
2021,MLA,29,143,110,A(W),"VEDHAGIRI, R",INDEPENDENT,0,463,463
2021,MLA,29,143,110,A(W),"VAIRAMUTHU, D",INDEPENDENT,54,463,463
2021,MLA,29,143,110,A(W),NOTA,,8,463,463
2021,MLA,29,144,111,M,"SELVAPERUNTHAGAI, K",INDIAN NATIONAL CONGRESS,136,437,437
2021,MLA,29,144,111,M,"PALANI, K",ALL INDIA ANNA DRAVIDA MUNNETRA KAZHAGAM,163,437,437
2021,MLA,29,144,111,M,"VINOTH, E",BAHUJAN SAMAJ PARTY,3,437,437
2021,MLA,29,144,111,M,"THANIGAIVEL, M",MAKKAL NEEDHI MAIAM,15,437,437
2021,MLA,29,144,111,M,"PUSHPARAJ, D",NAAM TAMILAR KATCHI,64,437,437
2021,MLA,29,144,111,M,"PERUMAL, R",AMMA MAKKAL MUNNETTRA KAZAGAM,8,437,437
2021,MLA,29,144,111,M,"LOKESH, E",DESIYA MAKKAL SAKTHI KATCHI,0,437,437
2021,MLA,29,144,111,M,"SAROJA, S",INDEPENDENT,2,437,437
2021,MLA,29,144,111,M,"SUDHAKAR, P",INDEPENDENT,0,437,437
2021,MLA,29,144,111,M,"DEVARAJAN, K",INDEPENDENT,1,437,437
2021,MLA,29,144,111,M,"PARTHIBAN, M",INDEPENDENT,0,437,437
2021,MLA,29,144,111,M,"LEENA, V",INDEPENDENT,0,437,437
2021,MLA,29,144,111,M,"VASANTHI, E",INDEPENDENT,0,437,437
2021,MLA,29,144,111,M,"VEDHAGIRI, R",INDEPENDENT,0,437,437
2021,MLA,29,144,111,M,"VAIRAMUTHU, D",INDEPENDENT,41,437,437
2021,MLA,29,144,111,M,NOTA,,4,437,437
2021,MLA,29,145,111,A(W),"SELVAPERUNTHAGAI, K",INDIAN NATIONAL CONGRESS,167,416,416
2021,MLA,29,145,111,A(W),"PALANI, K",ALL INDIA ANNA DRAVIDA MUNNETRA KAZHAGAM,167,416,416
2021,MLA,29,145,111,A(W),"VINOTH, E",BAHUJAN SAMAJ PARTY,0,416,416
2021,MLA,29,145,111,A(W),"THANIGAIVEL, M",MAKKAL NEEDHI MAIAM,20,416,416
2021,MLA,29,145,111,A(W),"PUSHPARAJ, D",NAAM TAMILAR KATCHI,21,416,416
2021,MLA,29,145,111,A(W),"PERUMAL, R",AMMA MAKKAL MUNNETTRA KAZAGAM,2,416,416
2021,MLA,29,145,111,A(W),"LOKESH, E",DESIYA MAKKAL SAKTHI KATCHI,0,416,416
2021,MLA,29,145,111,A(W),"SAROJA, S",INDEPENDENT,3,416,416
2021,MLA,29,145,111,A(W),"SUDHAKAR, P",INDEPENDENT,0,416,416
2021,MLA,29,145,111,A(W),"DEVARAJAN, K",INDEPENDENT,0,416,416
2021,MLA,29,145,111,A(W),"PARTHIBAN, M",INDEPENDENT,1,416,416
2021,MLA,29,145,111,A(W),"LEENA, V",INDEPENDENT,0,416,416
2021,MLA,29,145,111,A(W),"VASANTHI, E",INDEPENDENT,0,416,416
2021,MLA,29,145,111,A(W),"VEDHAGIRI, R",INDEPENDENT,0,416,416
2021,MLA,29,145,111,A(W),"VAIRAMUTHU, D",INDEPENDENT,27,416,416
2021,MLA,29,145,111,A(W),NOTA,,8,416,416
2021,MLA,29,146,112,,"SELVAPERUNTHAGAI, K",INDIAN NATIONAL CONGRESS,100,202,202
2021,MLA,29,146,112,,"PALANI, K",ALL INDIA ANNA DRAVIDA MUNNETRA KAZHAGAM,59,202,202
2021,MLA,29,146,112,,"VINOTH, E",BAHUJAN SAMAJ PARTY,1,202,202
2021,MLA,29,146,112,,"THANIGAIVEL, M",MAKKAL NEEDHI MAIAM,3,202,202
2021,MLA,29,146,112,,"PUSHPARAJ, D",NAAM TAMILAR KATCHI,8,202,202
2021,MLA,29,146,112,,"PERUMAL, R",AMMA MAKKAL MUNNETTRA KAZAGAM,0,202,202
2021,MLA,29,146,112,,"LOKESH, E",DESIYA MAKKAL SAKTHI KATCHI,1,202,202
2021,MLA,29,146,112,,"SAROJA, S",INDEPENDENT,1,202,202
2021,MLA,29,146,112,,"SUDHAKAR, P",INDEPENDENT,0,202,202
2021,MLA,29,146,112,,"DEVARAJAN, K",INDEPENDENT,0,202,202
2021,MLA,29,146,112,,"PARTHIBAN, M",INDEPENDENT,0,202,202
2021,MLA,29,146,112,,"LEENA, V",INDEPENDENT,0,202,202
2021,MLA,29,146,112,,"VASANTHI, E",INDEPENDENT,0,202,202
2021,MLA,29,146,112,,"VEDHAGIRI, R",INDEPENDENT,0,202,202
2021,MLA,29,146,112,,"VAIRAMUTHU, D",INDEPENDENT,26,202,202
2021,MLA,29,146,112,,NOTA,,3,202,202
2021,MLA,29,147,113,,"SELVAPERUNTHAGAI, K",INDIAN NATIONAL CONGRESS,212,717,717
2021,MLA,29,147,113,,"PALANI, K",ALL INDIA ANNA DRAVIDA MUNNETRA KAZHAGAM,234,717,717
2021,MLA,29,147,113,,"VINOTH, E",BAHUJAN SAMAJ PARTY,2,717,717
2021,MLA,29,147,113,,"THANIGAIVEL, M",MAKKAL NEEDHI MAIAM,23,717,717
2021,MLA,29,147,113,,"PUSHPARAJ, D",NAAM TAMILAR KATCHI,67,717,717
2021,MLA,29,147,113,,"PERUMAL, R",AMMA MAKKAL MUNNETTRA KAZAGAM,1,717,717
2021,MLA,29,147,113,,"LOKESH, E",DESIYA MAKKAL SAKTHI KATCHI,0,717,717
2021,MLA,29,147,113,,"SAROJA, S",INDEPENDENT,1,717,717
2021,MLA,29,147,113,,"SUDHAKAR, P",INDEPENDENT,2,717,717
2021,MLA,29,147,113,,"DEVARAJAN, K",INDEPENDENT,0,717,717
2021,MLA,29,147,113,,"PARTHIBAN, M",INDEPENDENT,1,717,717
2021,MLA,29,147,113,,"LEENA, V",INDEPENDENT,1,717,717
2021,MLA,29,147,113,,"VASANTHI, E",INDEPENDENT,2,717,717
2021,MLA,29,147,113,,"VEDHAGIRI, R",INDEPENDENT,0,717,717
2021,MLA,29,147,113,,"VAIRAMUTHU, D",INDEPENDENT,165,717,717
2021,MLA,29,147,113,,NOTA,,6,717,717
2021,MLA,29,148,114,M,"SELVAPERUNTHAGAI, K",INDIAN NATIONAL CONGRESS,126,395,395
2021,MLA,29,148,114,M,"PALANI, K",ALL INDIA ANNA DRAVIDA MUNNETRA KAZHAGAM,147,395,395
2021,MLA,29,148,114,M,"VINOTH, E",BAHUJAN SAMAJ PARTY,1,395,395
2021,MLA,29,148,114,M,"THANIGAIVEL, M",MAKKAL NEEDHI MAIAM,12,395,395
2021,MLA,29,148,114,M,"PUSHPARAJ, D",NAAM TAMILAR KATCHI,61,395,395
2021,MLA,29,148,114,M,"PERUMAL, R",AMMA MAKKAL MUNNETTRA KAZAGAM,6,395,395
2021,MLA,29,148,114,M,"LOKESH, E",DESIYA MAKKAL SAKTHI KATCHI,0,395,395
2021,MLA,29,148,114,M,"SAROJA, S",INDEPENDENT,0,395,395
2021,MLA,29,148,114,M,"SUDHAKAR, P",INDEPENDENT,0,395,395
2021,MLA,29,148,114,M,"DEVARAJAN, K",INDEPENDENT,0,395,395
2021,MLA,29,148,114,M,"PARTHIBAN, M",INDEPENDENT,0,395,395
2021,MLA,29,148,114,M,"LEENA, V",INDEPENDENT,0,395,395
2021,MLA,29,148,114,M,"VASANTHI, E",INDEPENDENT,0,395,395
2021,MLA,29,148,114,M,"VEDHAGIRI, R",INDEPENDENT,0,395,395
2021,MLA,29,148,114,M,"VAIRAMUTHU, D",INDEPENDENT,38,395,395
2021,MLA,29,148,114,M,NOTA,,4,395,395
2021,MLA,29,149,114,A(W),"SELVAPERUNTHAGAI, K",INDIAN NATIONAL CONGRESS,144,417,417
2021,MLA,29,149,114,A(W),"PALANI, K",ALL INDIA ANNA DRAVIDA MUNNETRA KAZHAGAM,183,417,417
2021,MLA,29,149,114,A(W),"VINOTH, E",BAHUJAN SAMAJ PARTY,1,417,417
2021,MLA,29,149,114,A(W),"THANIGAIVEL, M",MAKKAL NEEDHI MAIAM,8,417,417
2021,MLA,29,149,114,A(W),"PUSHPARAJ, D",NAAM TAMILAR KATCHI,40,417,417
2021,MLA,29,149,114,A(W),"PERUMAL, R",AMMA MAKKAL MUNNETTRA KAZAGAM,2,417,417
2021,MLA,29,149,114,A(W),"LOKESH, E",DESIYA MAKKAL SAKTHI KATCHI,0,417,417
2021,MLA,29,149,114,A(W),"SAROJA, S",INDEPENDENT,1,417,417
2021,MLA,29,149,114,A(W),"SUDHAKAR, P",INDEPENDENT,0,417,417
2021,MLA,29,149,114,A(W),"DEVARAJAN, K",INDEPENDENT,0,417,417
2021,MLA,29,149,114,A(W),"PARTHIBAN, M",INDEPENDENT,0,417,417
2021,MLA,29,149,114,A(W),"LEENA, V",INDEPENDENT,1,417,417
2021,MLA,29,149,114,A(W),"VASANTHI, E",INDEPENDENT,0,417,417
2021,MLA,29,149,114,A(W),"VEDHAGIRI, R",INDEPENDENT,0,417,417
2021,MLA,29,149,114,A(W),"VAIRAMUTHU, D",INDEPENDENT,34,417,417
2021,MLA,29,149,114,A(W),NOTA,,3,417,417
2021,MLA,29,150,115,M,"SELVAPERUNTHAGAI, K",INDIAN NATIONAL CONGRESS,154,444,444
2021,MLA,29,150,115,M,"PALANI, K",ALL INDIA ANNA DRAVIDA MUNNETRA KAZHAGAM,162,444,444
2021,MLA,29,150,115,M,"VINOTH, E",BAHUJAN SAMAJ PARTY,0,444,444
2021,MLA,29,150,115,M,"THANIGAIVEL, M",MAKKAL NEEDHI MAIAM,17,444,444
2021,MLA,29,150,115,M,"PUSHPARAJ, D",NAAM TAMILAR KATCHI,45,444,444
2021,MLA,29,150,115,M,"PERUMAL, R",AMMA MAKKAL MUNNETTRA KAZAGAM,8,444,444
2021,MLA,29,150,115,M,"LOKESH, E",DESIYA MAKKAL SAKTHI KATCHI,0,444,444
2021,MLA,29,150,115,M,"SAROJA, S",INDEPENDENT,3,444,444
2021,MLA,29,150,115,M,"SUDHAKAR, P",INDEPENDENT,0,444,444
2021,MLA,29,150,115,M,"DEVARAJAN, K",INDEPENDENT,0,444,444
2021,MLA,29,150,115,M,"PARTHIBAN, M",INDEPENDENT,0,444,444
2021,MLA,29,150,115,M,"LEENA, V",INDEPENDENT,0,444,444
2021,MLA,29,150,115,M,"VASANTHI, E",INDEPENDENT,0,444,444
2021,MLA,29,150,115,M,"VEDHAGIRI, R",INDEPENDENT,1,444,444
2021,MLA,29,150,115,M,"VAIRAMUTHU, D",INDEPENDENT,47,444,444
2021,MLA,29,150,115,M,NOTA,,7,444,444
2021,MLA,29,151,115,A(W),"SELVAPERUNTHAGAI, K",INDIAN NATIONAL CONGRESS,161,423,423
2021,MLA,29,151,115,A(W),"PALANI, K",ALL INDIA ANNA DRAVIDA MUNNETRA KAZHAGAM,175,423,423
2021,MLA,29,151,115,A(W),"VINOTH, E",BAHUJAN SAMAJ PARTY,3,423,423
2021,MLA,29,151,115,A(W),"THANIGAIVEL, M",MAKKAL NEEDHI MAIAM,13,423,423
2021,MLA,29,151,115,A(W),"PUSHPARAJ, D",NAAM TAMILAR KATCHI,21,423,423
2021,MLA,29,151,115,A(W),"PERUMAL, R",AMMA MAKKAL MUNNETTRA KAZAGAM,2,423,423
2021,MLA,29,151,115,A(W),"LOKESH, E",DESIYA MAKKAL SAKTHI KATCHI,0,423,423
2021,MLA,29,151,115,A(W),"SAROJA, S",INDEPENDENT,2,423,423
2021,MLA,29,151,115,A(W),"SUDHAKAR, P",INDEPENDENT,0,423,423
2021,MLA,29,151,115,A(W),"DEVARAJAN, K",INDEPENDENT,1,423,423
2021,MLA,29,151,115,A(W),"PARTHIBAN, M",INDEPENDENT,0,423,423
2021,MLA,29,151,115,A(W),"LEENA, V",INDEPENDENT,0,423,423
2021,MLA,29,151,115,A(W),"VASANTHI, E",INDEPENDENT,0,423,423
2021,MLA,29,151,115,A(W),"VEDHAGIRI, R",INDEPENDENT,0,423,423
2021,MLA,29,151,115,A(W),"VAIRAMUTHU, D",INDEPENDENT,42,423,423
2021,MLA,29,151,115,A(W),NOTA,,3,423,423
2021,MLA,29,152,116,,"SELVAPERUNTHAGAI, K",INDIAN NATIONAL CONGRESS,182,498,498
2021,MLA,29,152,116,,"PALANI, K",ALL INDIA ANNA DRAVIDA MUNNETRA KAZHAGAM,160,498,498
2021,MLA,29,152,116,,"VINOTH, E",BAHUJAN SAMAJ PARTY,5,498,498
2021,MLA,29,152,116,,"THANIGAIVEL, M",MAKKAL NEEDHI MAIAM,7,498,498
2021,MLA,29,152,116,,"PUSHPARAJ, D",NAAM TAMILAR KATCHI,34,498,498
2021,MLA,29,152,116,,"PERUMAL, R",AMMA MAKKAL MUNNETTRA KAZAGAM,5,498,498
2021,MLA,29,152,116,,"LOKESH, E",DESIYA MAKKAL SAKTHI KATCHI,0,498,498
2021,MLA,29,152,116,,"SAROJA, S",INDEPENDENT,1,498,498
2021,MLA,29,152,116,,"SUDHAKAR, P",INDEPENDENT,1,498,498
2021,MLA,29,152,116,,"DEVARAJAN, K",INDEPENDENT,0,498,498
2021,MLA,29,152,116,,"PARTHIBAN, M",INDEPENDENT,0,498,498
2021,MLA,29,152,116,,"LEENA, V",INDEPENDENT,1,498,498
2021,MLA,29,152,116,,"VASANTHI, E",INDEPENDENT,0,498,498
2021,MLA,29,152,116,,"VEDHAGIRI, R",INDEPENDENT,0,498,498
2021,MLA,29,152,116,,"VAIRAMUTHU, D",INDEPENDENT,99,498,498
2021,MLA,29,152,116,,NOTA,,3,498,498
2021,MLA,29,153,117,M,"SELVAPERUNTHAGAI, K",INDIAN NATIONAL CONGRESS,122,446,446
2021,MLA,29,153,117,M,"PALANI, K",ALL INDIA ANNA DRAVIDA MUNNETRA KAZHAGAM,123,446,446
2021,MLA,29,153,117,M,"VINOTH, E",BAHUJAN SAMAJ PARTY,1,446,446
2021,MLA,29,153,117,M,"THANIGAIVEL, M",MAKKAL NEEDHI MAIAM,15,446,446
2021,MLA,29,153,117,M,"PUSHPARAJ, D",NAAM TAMILAR KATCHI,33,446,446
2021,MLA,29,153,117,M,"PERUMAL, R",AMMA MAKKAL MUNNETTRA KAZAGAM,5,446,446
2021,MLA,29,153,117,M,"LOKESH, E",DESIYA MAKKAL SAKTHI KATCHI,0,446,446
2021,MLA,29,153,117,M,"SAROJA, S",INDEPENDENT,1,446,446
2021,MLA,29,153,117,M,"SUDHAKAR, P",INDEPENDENT,0,446,446
2021,MLA,29,153,117,M,"DEVARAJAN, K",INDEPENDENT,0,446,446
2021,MLA,29,153,117,M,"PARTHIBAN, M",INDEPENDENT,0,446,446
2021,MLA,29,153,117,M,"LEENA, V",INDEPENDENT,0,446,446
2021,MLA,29,153,117,M,"VASANTHI, E",INDEPENDENT,0,446,446
2021,MLA,29,153,117,M,"VEDHAGIRI, R",INDEPENDENT,1,446,446
2021,MLA,29,153,117,M,"VAIRAMUTHU, D",INDEPENDENT,142,446,446
2021,MLA,29,153,117,M,NOTA,,3,446,446
2021,MLA,29,154,117,A(W),"SELVAPERUNTHAGAI, K",INDIAN NATIONAL CONGRESS,158,434,434
2021,MLA,29,154,117,A(W),"PALANI, K",ALL INDIA ANNA DRAVIDA MUNNETRA KAZHAGAM,160,434,434
2021,MLA,29,154,117,A(W),"VINOTH, E",BAHUJAN SAMAJ PARTY,0,434,434
2021,MLA,29,154,117,A(W),"THANIGAIVEL, M",MAKKAL NEEDHI MAIAM,17,434,434
2021,MLA,29,154,117,A(W),"PUSHPARAJ, D",NAAM TAMILAR KATCHI,24,434,434
2021,MLA,29,154,117,A(W),"PERUMAL, R",AMMA MAKKAL MUNNETTRA KAZAGAM,4,434,434
2021,MLA,29,154,117,A(W),"LOKESH, E",DESIYA MAKKAL SAKTHI KATCHI,1,434,434
2021,MLA,29,154,117,A(W),"SAROJA, S",INDEPENDENT,6,434,434
2021,MLA,29,154,117,A(W),"SUDHAKAR, P",INDEPENDENT,0,434,434
2021,MLA,29,154,117,A(W),"DEVARAJAN, K",INDEPENDENT,0,434,434
2021,MLA,29,154,117,A(W),"PARTHIBAN, M",INDEPENDENT,0,434,434
2021,MLA,29,154,117,A(W),"LEENA, V",INDEPENDENT,0,434,434
2021,MLA,29,154,117,A(W),"VASANTHI, E",INDEPENDENT,0,434,434
2021,MLA,29,154,117,A(W),"VEDHAGIRI, R",INDEPENDENT,0,434,434
2021,MLA,29,154,117,A(W),"VAIRAMUTHU, D",INDEPENDENT,63,434,434
2021,MLA,29,154,117,A(W),NOTA,,1,434,434
2021,MLA,29,155,118,,"SELVAPERUNTHAGAI, K",INDIAN NATIONAL CONGRESS,97,611,611
2021,MLA,29,155,118,,"PALANI, K",ALL INDIA ANNA DRAVIDA MUNNETRA KAZHAGAM,320,611,611
2021,MLA,29,155,118,,"VINOTH, E",BAHUJAN SAMAJ PARTY,2,611,611
2021,MLA,29,155,118,,"THANIGAIVEL, M",MAKKAL NEEDHI MAIAM,14,611,611
2021,MLA,29,155,118,,"PUSHPARAJ, D",NAAM TAMILAR KATCHI,52,611,611
2021,MLA,29,155,118,,"PERUMAL, R",AMMA MAKKAL MUNNETTRA KAZAGAM,0,611,611
2021,MLA,29,155,118,,"LOKESH, E",DESIYA MAKKAL SAKTHI KATCHI,0,611,611
2021,MLA,29,155,118,,"SAROJA, S",INDEPENDENT,8,611,611
2021,MLA,29,155,118,,"SUDHAKAR, P",INDEPENDENT,1,611,611
2021,MLA,29,155,118,,"DEVARAJAN, K",INDEPENDENT,0,611,611
2021,MLA,29,155,118,,"PARTHIBAN, M",INDEPENDENT,0,611,611
2021,MLA,29,155,118,,"LEENA, V",INDEPENDENT,1,611,611
2021,MLA,29,155,118,,"VASANTHI, E",INDEPENDENT,0,611,611
2021,MLA,29,155,118,,"VEDHAGIRI, R",INDEPENDENT,0,611,611
2021,MLA,29,155,118,,"VAIRAMUTHU, D",INDEPENDENT,115,611,611
2021,MLA,29,155,118,,NOTA,,1,611,611
2021,MLA,29,156,119,,"SELVAPERUNTHAGAI, K",INDIAN NATIONAL CONGRESS,113,644,644
2021,MLA,29,156,119,,"PALANI, K",ALL INDIA ANNA DRAVIDA MUNNETRA KAZHAGAM,286,644,644
2021,MLA,29,156,119,,"VINOTH, E",BAHUJAN SAMAJ PARTY,2,644,644
2021,MLA,29,156,119,,"THANIGAIVEL, M",MAKKAL NEEDHI MAIAM,15,644,644
2021,MLA,29,156,119,,"PUSHPARAJ, D",NAAM TAMILAR KATCHI,46,644,644
2021,MLA,29,156,119,,"PERUMAL, R",AMMA MAKKAL MUNNETTRA KAZAGAM,1,644,644
2021,MLA,29,156,119,,"LOKESH, E",DESIYA MAKKAL SAKTHI KATCHI,0,644,644
2021,MLA,29,156,119,,"SAROJA, S",INDEPENDENT,5,644,644
2021,MLA,29,156,119,,"SUDHAKAR, P",INDEPENDENT,0,644,644
2021,MLA,29,156,119,,"DEVARAJAN, K",INDEPENDENT,1,644,644
2021,MLA,29,156,119,,"PARTHIBAN, M",INDEPENDENT,0,644,644
2021,MLA,29,156,119,,"LEENA, V",INDEPENDENT,1,644,644
2021,MLA,29,156,119,,"VASANTHI, E",INDEPENDENT,0,644,644
2021,MLA,29,156,119,,"VEDHAGIRI, R",INDEPENDENT,1,644,644
2021,MLA,29,156,119,,"VAIRAMUTHU, D",INDEPENDENT,168,644,644
2021,MLA,29,156,119,,NOTA,,5,644,644
2021,MLA,29,157,120,,"SELVAPERUNTHAGAI, K",INDIAN NATIONAL CONGRESS,74,794,794
2021,MLA,29,157,120,,"PALANI, K",ALL INDIA ANNA DRAVIDA MUNNETRA KAZHAGAM,289,794,794
2021,MLA,29,157,120,,"VINOTH, E",BAHUJAN SAMAJ PARTY,3,794,794
2021,MLA,29,157,120,,"THANIGAIVEL, M",MAKKAL NEEDHI MAIAM,10,794,794
2021,MLA,29,157,120,,"PUSHPARAJ, D",NAAM TAMILAR KATCHI,27,794,794
2021,MLA,29,157,120,,"PERUMAL, R",AMMA MAKKAL MUNNETTRA KAZAGAM,2,794,794
2021,MLA,29,157,120,,"LOKESH, E",DESIYA MAKKAL SAKTHI KATCHI,0,794,794
2021,MLA,29,157,120,,"SAROJA, S",INDEPENDENT,4,794,794
2021,MLA,29,157,120,,"SUDHAKAR, P",INDEPENDENT,0,794,794
2021,MLA,29,157,120,,"DEVARAJAN, K",INDEPENDENT,0,794,794
2021,MLA,29,157,120,,"PARTHIBAN, M",INDEPENDENT,0,794,794
2021,MLA,29,157,120,,"LEENA, V",INDEPENDENT,1,794,794
2021,MLA,29,157,120,,"VASANTHI, E",INDEPENDENT,0,794,794
2021,MLA,29,157,120,,"VEDHAGIRI, R",INDEPENDENT,0,794,794
2021,MLA,29,157,120,,"VAIRAMUTHU, D",INDEPENDENT,378,794,794
2021,MLA,29,157,120,,NOTA,,6,794,794
2021,MLA,29,158,121,M,"SELVAPERUNTHAGAI, K",INDIAN NATIONAL CONGRESS,50,467,467
2021,MLA,29,158,121,M,"PALANI, K",ALL INDIA ANNA DRAVIDA MUNNETRA KAZHAGAM,203,467,467
2021,MLA,29,158,121,M,"VINOTH, E",BAHUJAN SAMAJ PARTY,0,467,467
2021,MLA,29,158,121,M,"THANIGAIVEL, M",MAKKAL NEEDHI MAIAM,7,467,467
2021,MLA,29,158,121,M,"PUSHPARAJ, D",NAAM TAMILAR KATCHI,36,467,467
2021,MLA,29,158,121,M,"PERUMAL, R",AMMA MAKKAL MUNNETTRA KAZAGAM,3,467,467
2021,MLA,29,158,121,M,"LOKESH, E",DESIYA MAKKAL SAKTHI KATCHI,0,467,467
2021,MLA,29,158,121,M,"SAROJA, S",INDEPENDENT,4,467,467
2021,MLA,29,158,121,M,"SUDHAKAR, P",INDEPENDENT,0,467,467
2021,MLA,29,158,121,M,"DEVARAJAN, K",INDEPENDENT,0,467,467
2021,MLA,29,158,121,M,"PARTHIBAN, M",INDEPENDENT,1,467,467
2021,MLA,29,158,121,M,"LEENA, V",INDEPENDENT,0,467,467
2021,MLA,29,158,121,M,"VASANTHI, E",INDEPENDENT,1,467,467
2021,MLA,29,158,121,M,"VEDHAGIRI, R",INDEPENDENT,0,467,467
2021,MLA,29,158,121,M,"VAIRAMUTHU, D",INDEPENDENT,157,467,467
2021,MLA,29,158,121,M,NOTA,,5,467,467
2021,MLA,29,159,121,A(W),"SELVAPERUNTHAGAI, K",INDIAN NATIONAL CONGRESS,50,465,465
2021,MLA,29,159,121,A(W),"PALANI, K",ALL INDIA ANNA DRAVIDA MUNNETRA KAZHAGAM,224,465,465
2021,MLA,29,159,121,A(W),"VINOTH, E",BAHUJAN SAMAJ PARTY,0,465,465
2021,MLA,29,159,121,A(W),"THANIGAIVEL, M",MAKKAL NEEDHI MAIAM,11,465,465
2021,MLA,29,159,121,A(W),"PUSHPARAJ, D",NAAM TAMILAR KATCHI,15,465,465
2021,MLA,29,159,121,A(W),"PERUMAL, R",AMMA MAKKAL MUNNETTRA KAZAGAM,1,465,465
2021,MLA,29,159,121,A(W),"LOKESH, E",DESIYA MAKKAL SAKTHI KATCHI,0,465,465
2021,MLA,29,159,121,A(W),"SAROJA, S",INDEPENDENT,14,465,465
2021,MLA,29,159,121,A(W),"SUDHAKAR, P",INDEPENDENT,0,465,465
2021,MLA,29,159,121,A(W),"DEVARAJAN, K",INDEPENDENT,0,465,465
2021,MLA,29,159,121,A(W),"PARTHIBAN, M",INDEPENDENT,0,465,465
2021,MLA,29,159,121,A(W),"LEENA, V",INDEPENDENT,0,465,465
2021,MLA,29,159,121,A(W),"VASANTHI, E",INDEPENDENT,1,465,465
2021,MLA,29,159,121,A(W),"VEDHAGIRI, R",INDEPENDENT,0,465,465
2021,MLA,29,159,121,A(W),"VAIRAMUTHU, D",INDEPENDENT,146,465,465
2021,MLA,29,159,121,A(W),NOTA,,3,465,465
2021,MLA,29,160,122,,"SELVAPERUNTHAGAI, K",INDIAN NATIONAL CONGRESS,74,834,834
2021,MLA,29,160,122,,"PALANI, K",ALL INDIA ANNA DRAVIDA MUNNETRA KAZHAGAM,273,834,834
2021,MLA,29,160,122,,"VINOTH, E",BAHUJAN SAMAJ PARTY,0,834,834
2021,MLA,29,160,122,,"THANIGAIVEL, M",MAKKAL NEEDHI MAIAM,6,834,834
2021,MLA,29,160,122,,"PUSHPARAJ, D",NAAM TAMILAR KATCHI,43,834,834
2021,MLA,29,160,122,,"PERUMAL, R",AMMA MAKKAL MUNNETTRA KAZAGAM,4,834,834
2021,MLA,29,160,122,,"LOKESH, E",DESIYA MAKKAL SAKTHI KATCHI,0,834,834
2021,MLA,29,160,122,,"SAROJA, S",INDEPENDENT,7,834,834
2021,MLA,29,160,122,,"SUDHAKAR, P",INDEPENDENT,1,834,834
2021,MLA,29,160,122,,"DEVARAJAN, K",INDEPENDENT,0,834,834
2021,MLA,29,160,122,,"PARTHIBAN, M",INDEPENDENT,0,834,834
2021,MLA,29,160,122,,"LEENA, V",INDEPENDENT,1,834,834
2021,MLA,29,160,122,,"VASANTHI, E",INDEPENDENT,0,834,834
2021,MLA,29,160,122,,"VEDHAGIRI, R",INDEPENDENT,0,834,834
2021,MLA,29,160,122,,"VAIRAMUTHU, D",INDEPENDENT,422,834,834
2021,MLA,29,160,122,,NOTA,,3,834,834
2021,MLA,29,161,123,M,"SELVAPERUNTHAGAI, K",INDIAN NATIONAL CONGRESS,156,439,439
2021,MLA,29,161,123,M,"PALANI, K",ALL INDIA ANNA DRAVIDA MUNNETRA KAZHAGAM,164,439,439
2021,MLA,29,161,123,M,"VINOTH, E",BAHUJAN SAMAJ PARTY,1,439,439
2021,MLA,29,161,123,M,"THANIGAIVEL, M",MAKKAL NEEDHI MAIAM,38,439,439
2021,MLA,29,161,123,M,"PUSHPARAJ, D",NAAM TAMILAR KATCHI,57,439,439
2021,MLA,29,161,123,M,"PERUMAL, R",AMMA MAKKAL MUNNETTRA KAZAGAM,2,439,439
2021,MLA,29,161,123,M,"LOKESH, E",DESIYA MAKKAL SAKTHI KATCHI,0,439,439
2021,MLA,29,161,123,M,"SAROJA, S",INDEPENDENT,1,439,439
2021,MLA,29,161,123,M,"SUDHAKAR, P",INDEPENDENT,0,439,439
2021,MLA,29,161,123,M,"DEVARAJAN, K",INDEPENDENT,0,439,439
2021,MLA,29,161,123,M,"PARTHIBAN, M",INDEPENDENT,0,439,439
2021,MLA,29,161,123,M,"LEENA, V",INDEPENDENT,0,439,439
2021,MLA,29,161,123,M,"VASANTHI, E",INDEPENDENT,0,439,439
2021,MLA,29,161,123,M,"VEDHAGIRI, R",INDEPENDENT,1,439,439
2021,MLA,29,161,123,M,"VAIRAMUTHU, D",INDEPENDENT,13,439,439
2021,MLA,29,161,123,M,NOTA,,6,439,439
2021,MLA,29,162,123,A(W),"SELVAPERUNTHAGAI, K",INDIAN NATIONAL CONGRESS,152,408,408
2021,MLA,29,162,123,A(W),"PALANI, K",ALL INDIA ANNA DRAVIDA MUNNETRA KAZHAGAM,175,408,408
2021,MLA,29,162,123,A(W),"VINOTH, E",BAHUJAN SAMAJ PARTY,1,408,408
2021,MLA,29,162,123,A(W),"THANIGAIVEL, M",MAKKAL NEEDHI MAIAM,29,408,408
2021,MLA,29,162,123,A(W),"PUSHPARAJ, D",NAAM TAMILAR KATCHI,27,408,408
2021,MLA,29,162,123,A(W),"PERUMAL, R",AMMA MAKKAL MUNNETTRA KAZAGAM,1,408,408
2021,MLA,29,162,123,A(W),"LOKESH, E",DESIYA MAKKAL SAKTHI KATCHI,0,408,408
2021,MLA,29,162,123,A(W),"SAROJA, S",INDEPENDENT,2,408,408
2021,MLA,29,162,123,A(W),"SUDHAKAR, P",INDEPENDENT,0,408,408
2021,MLA,29,162,123,A(W),"DEVARAJAN, K",INDEPENDENT,0,408,408
2021,MLA,29,162,123,A(W),"PARTHIBAN, M",INDEPENDENT,1,408,408
2021,MLA,29,162,123,A(W),"LEENA, V",INDEPENDENT,0,408,408
2021,MLA,29,162,123,A(W),"VASANTHI, E",INDEPENDENT,1,408,408
2021,MLA,29,162,123,A(W),"VEDHAGIRI, R",INDEPENDENT,0,408,408
2021,MLA,29,162,123,A(W),"VAIRAMUTHU, D",INDEPENDENT,15,408,408
2021,MLA,29,162,123,A(W),NOTA,,4,408,408
2021,MLA,29,163,124,,"SELVAPERUNTHAGAI, K",INDIAN NATIONAL CONGRESS,191,520,520
2021,MLA,29,163,124,,"PALANI, K",ALL INDIA ANNA DRAVIDA MUNNETRA KAZHAGAM,182,520,520
2021,MLA,29,163,124,,"VINOTH, E",BAHUJAN SAMAJ PARTY,3,520,520
2021,MLA,29,163,124,,"THANIGAIVEL, M",MAKKAL NEEDHI MAIAM,33,520,520
2021,MLA,29,163,124,,"PUSHPARAJ, D",NAAM TAMILAR KATCHI,61,520,520
2021,MLA,29,163,124,,"PERUMAL, R",AMMA MAKKAL MUNNETTRA KAZAGAM,5,520,520
2021,MLA,29,163,124,,"LOKESH, E",DESIYA MAKKAL SAKTHI KATCHI,0,520,520
2021,MLA,29,163,124,,"SAROJA, S",INDEPENDENT,4,520,520
2021,MLA,29,163,124,,"SUDHAKAR, P",INDEPENDENT,1,520,520
2021,MLA,29,163,124,,"DEVARAJAN, K",INDEPENDENT,0,520,520
2021,MLA,29,163,124,,"PARTHIBAN, M",INDEPENDENT,1,520,520
2021,MLA,29,163,124,,"LEENA, V",INDEPENDENT,0,520,520
2021,MLA,29,163,124,,"VASANTHI, E",INDEPENDENT,1,520,520
2021,MLA,29,163,124,,"VEDHAGIRI, R",INDEPENDENT,0,520,520
2021,MLA,29,163,124,,"VAIRAMUTHU, D",INDEPENDENT,35,520,520
2021,MLA,29,163,124,,NOTA,,3,520,520
2021,MLA,29,164,125,,"SELVAPERUNTHAGAI, K",INDIAN NATIONAL CONGRESS,191,438,438
2021,MLA,29,164,125,,"PALANI, K",ALL INDIA ANNA DRAVIDA MUNNETRA KAZHAGAM,146,438,438
2021,MLA,29,164,125,,"VINOTH, E",BAHUJAN SAMAJ PARTY,3,438,438
2021,MLA,29,164,125,,"THANIGAIVEL, M",MAKKAL NEEDHI MAIAM,12,438,438
2021,MLA,29,164,125,,"PUSHPARAJ, D",NAAM TAMILAR KATCHI,33,438,438
2021,MLA,29,164,125,,"PERUMAL, R",AMMA MAKKAL MUNNETTRA KAZAGAM,2,438,438
2021,MLA,29,164,125,,"LOKESH, E",DESIYA MAKKAL SAKTHI KATCHI,0,438,438
2021,MLA,29,164,125,,"SAROJA, S",INDEPENDENT,2,438,438
2021,MLA,29,164,125,,"SUDHAKAR, P",INDEPENDENT,1,438,438
2021,MLA,29,164,125,,"DEVARAJAN, K",INDEPENDENT,0,438,438
2021,MLA,29,164,125,,"PARTHIBAN, M",INDEPENDENT,0,438,438
2021,MLA,29,164,125,,"LEENA, V",INDEPENDENT,0,438,438
2021,MLA,29,164,125,,"VASANTHI, E",INDEPENDENT,0,438,438
2021,MLA,29,164,125,,"VEDHAGIRI, R",INDEPENDENT,1,438,438
2021,MLA,29,164,125,,"VAIRAMUTHU, D",INDEPENDENT,45,438,438
2021,MLA,29,164,125,,NOTA,,2,438,438
2021,MLA,29,165,126,,"SELVAPERUNTHAGAI, K",INDIAN NATIONAL CONGRESS,274,668,668
2021,MLA,29,165,126,,"PALANI, K",ALL INDIA ANNA DRAVIDA MUNNETRA KAZHAGAM,299,668,668
2021,MLA,29,165,126,,"VINOTH, E",BAHUJAN SAMAJ PARTY,0,668,668
2021,MLA,29,165,126,,"THANIGAIVEL, M",MAKKAL NEEDHI MAIAM,22,668,668
2021,MLA,29,165,126,,"PUSHPARAJ, D",NAAM TAMILAR KATCHI,48,668,668
2021,MLA,29,165,126,,"PERUMAL, R",AMMA MAKKAL MUNNETTRA KAZAGAM,8,668,668
2021,MLA,29,165,126,,"LOKESH, E",DESIYA MAKKAL SAKTHI KATCHI,0,668,668
2021,MLA,29,165,126,,"SAROJA, S",INDEPENDENT,1,668,668
2021,MLA,29,165,126,,"SUDHAKAR, P",INDEPENDENT,0,668,668
2021,MLA,29,165,126,,"DEVARAJAN, K",INDEPENDENT,0,668,668
2021,MLA,29,165,126,,"PARTHIBAN, M",INDEPENDENT,0,668,668
2021,MLA,29,165,126,,"LEENA, V",INDEPENDENT,0,668,668
2021,MLA,29,165,126,,"VASANTHI, E",INDEPENDENT,1,668,668
2021,MLA,29,165,126,,"VEDHAGIRI, R",INDEPENDENT,0,668,668
2021,MLA,29,165,126,,"VAIRAMUTHU, D",INDEPENDENT,9,668,668
2021,MLA,29,165,126,,NOTA,,6,668,668
2021,MLA,29,166,127,,"SELVAPERUNTHAGAI, K",INDIAN NATIONAL CONGRESS,185,425,425
2021,MLA,29,166,127,,"PALANI, K",ALL INDIA ANNA DRAVIDA MUNNETRA KAZHAGAM,122,425,425
2021,MLA,29,166,127,,"VINOTH, E",BAHUJAN SAMAJ PARTY,4,425,425
2021,MLA,29,166,127,,"THANIGAIVEL, M",MAKKAL NEEDHI MAIAM,9,425,425
2021,MLA,29,166,127,,"PUSHPARAJ, D",NAAM TAMILAR KATCHI,56,425,425
2021,MLA,29,166,127,,"PERUMAL, R",AMMA MAKKAL MUNNETTRA KAZAGAM,10,425,425
2021,MLA,29,166,127,,"LOKESH, E",DESIYA MAKKAL SAKTHI KATCHI,1,425,425
2021,MLA,29,166,127,,"SAROJA, S",INDEPENDENT,1,425,425
2021,MLA,29,166,127,,"SUDHAKAR, P",INDEPENDENT,0,425,425
2021,MLA,29,166,127,,"DEVARAJAN, K",INDEPENDENT,1,425,425
2021,MLA,29,166,127,,"PARTHIBAN, M",INDEPENDENT,1,425,425
2021,MLA,29,166,127,,"LEENA, V",INDEPENDENT,0,425,425
2021,MLA,29,166,127,,"VASANTHI, E",INDEPENDENT,0,425,425
2021,MLA,29,166,127,,"VEDHAGIRI, R",INDEPENDENT,1,425,425
2021,MLA,29,166,127,,"VAIRAMUTHU, D",INDEPENDENT,30,425,425
2021,MLA,29,166,127,,NOTA,,4,425,425
2021,MLA,29,167,128,M,"SELVAPERUNTHAGAI, K",INDIAN NATIONAL CONGRESS,155,415,415
2021,MLA,29,167,128,M,"PALANI, K",ALL INDIA ANNA DRAVIDA MUNNETRA KAZHAGAM,155,415,415
2021,MLA,29,167,128,M,"VINOTH, E",BAHUJAN SAMAJ PARTY,1,415,415
2021,MLA,29,167,128,M,"THANIGAIVEL, M",MAKKAL NEEDHI MAIAM,19,415,415
2021,MLA,29,167,128,M,"PUSHPARAJ, D",NAAM TAMILAR KATCHI,54,415,415
2021,MLA,29,167,128,M,"PERUMAL, R",AMMA MAKKAL MUNNETTRA KAZAGAM,5,415,415
2021,MLA,29,167,128,M,"LOKESH, E",DESIYA MAKKAL SAKTHI KATCHI,1,415,415
2021,MLA,29,167,128,M,"SAROJA, S",INDEPENDENT,0,415,415
2021,MLA,29,167,128,M,"SUDHAKAR, P",INDEPENDENT,0,415,415
2021,MLA,29,167,128,M,"DEVARAJAN, K",INDEPENDENT,0,415,415
2021,MLA,29,167,128,M,"PARTHIBAN, M",INDEPENDENT,0,415,415
2021,MLA,29,167,128,M,"LEENA, V",INDEPENDENT,0,415,415
2021,MLA,29,167,128,M,"VASANTHI, E",INDEPENDENT,0,415,415
2021,MLA,29,167,128,M,"VEDHAGIRI, R",INDEPENDENT,0,415,415
2021,MLA,29,167,128,M,"VAIRAMUTHU, D",INDEPENDENT,21,415,415
2021,MLA,29,167,128,M,NOTA,,4,415,415
2021,MLA,29,168,128,A(W),"SELVAPERUNTHAGAI, K",INDIAN NATIONAL CONGRESS,152,416,416
2021,MLA,29,168,128,A(W),"PALANI, K",ALL INDIA ANNA DRAVIDA MUNNETRA KAZHAGAM,184,416,416
2021,MLA,29,168,128,A(W),"VINOTH, E",BAHUJAN SAMAJ PARTY,2,416,416
2021,MLA,29,168,128,A(W),"THANIGAIVEL, M",MAKKAL NEEDHI MAIAM,16,416,416
2021,MLA,29,168,128,A(W),"PUSHPARAJ, D",NAAM TAMILAR KATCHI,41,416,416
2021,MLA,29,168,128,A(W),"PERUMAL, R",AMMA MAKKAL MUNNETTRA KAZAGAM,1,416,416
2021,MLA,29,168,128,A(W),"LOKESH, E",DESIYA MAKKAL SAKTHI KATCHI,1,416,416
2021,MLA,29,168,128,A(W),"SAROJA, S",INDEPENDENT,0,416,416
2021,MLA,29,168,128,A(W),"SUDHAKAR, P",INDEPENDENT,0,416,416
2021,MLA,29,168,128,A(W),"DEVARAJAN, K",INDEPENDENT,0,416,416
2021,MLA,29,168,128,A(W),"PARTHIBAN, M",INDEPENDENT,0,416,416
2021,MLA,29,168,128,A(W),"LEENA, V",INDEPENDENT,0,416,416
2021,MLA,29,168,128,A(W),"VASANTHI, E",INDEPENDENT,0,416,416
2021,MLA,29,168,128,A(W),"VEDHAGIRI, R",INDEPENDENT,1,416,416
2021,MLA,29,168,128,A(W),"VAIRAMUTHU, D",INDEPENDENT,17,416,416
2021,MLA,29,168,128,A(W),NOTA,,1,416,416
2021,MLA,29,169,129,,"SELVAPERUNTHAGAI, K",INDIAN NATIONAL CONGRESS,237,613,613
2021,MLA,29,169,129,,"PALANI, K",ALL INDIA ANNA DRAVIDA MUNNETRA KAZHAGAM,231,613,613
2021,MLA,29,169,129,,"VINOTH, E",BAHUJAN SAMAJ PARTY,3,613,613
2021,MLA,29,169,129,,"THANIGAIVEL, M",MAKKAL NEEDHI MAIAM,6,613,613
2021,MLA,29,169,129,,"PUSHPARAJ, D",NAAM TAMILAR KATCHI,42,613,613
2021,MLA,29,169,129,,"PERUMAL, R",AMMA MAKKAL MUNNETTRA KAZAGAM,18,613,613
2021,MLA,29,169,129,,"LOKESH, E",DESIYA MAKKAL SAKTHI KATCHI,0,613,613
2021,MLA,29,169,129,,"SAROJA, S",INDEPENDENT,5,613,613
2021,MLA,29,169,129,,"SUDHAKAR, P",INDEPENDENT,0,613,613
2021,MLA,29,169,129,,"DEVARAJAN, K",INDEPENDENT,0,613,613
2021,MLA,29,169,129,,"PARTHIBAN, M",INDEPENDENT,0,613,613
2021,MLA,29,169,129,,"LEENA, V",INDEPENDENT,1,613,613
2021,MLA,29,169,129,,"VASANTHI, E",INDEPENDENT,0,613,613
2021,MLA,29,169,129,,"VEDHAGIRI, R",INDEPENDENT,0,613,613
2021,MLA,29,169,129,,"VAIRAMUTHU, D",INDEPENDENT,65,613,613
2021,MLA,29,169,129,,NOTA,,5,613,613
2021,MLA,29,170,130,,"SELVAPERUNTHAGAI, K",INDIAN NATIONAL CONGRESS,246,724,724
2021,MLA,29,170,130,,"PALANI, K",ALL INDIA ANNA DRAVIDA MUNNETRA KAZHAGAM,299,724,724
2021,MLA,29,170,130,,"VINOTH, E",BAHUJAN SAMAJ PARTY,11,724,724
2021,MLA,29,170,130,,"THANIGAIVEL, M",MAKKAL NEEDHI MAIAM,3,724,724
2021,MLA,29,170,130,,"PUSHPARAJ, D",NAAM TAMILAR KATCHI,26,724,724
2021,MLA,29,170,130,,"PERUMAL, R",AMMA MAKKAL MUNNETTRA KAZAGAM,11,724,724
2021,MLA,29,170,130,,"LOKESH, E",DESIYA MAKKAL SAKTHI KATCHI,0,724,724
2021,MLA,29,170,130,,"SAROJA, S",INDEPENDENT,5,724,724
2021,MLA,29,170,130,,"SUDHAKAR, P",INDEPENDENT,0,724,724
2021,MLA,29,170,130,,"DEVARAJAN, K",INDEPENDENT,0,724,724
2021,MLA,29,170,130,,"PARTHIBAN, M",INDEPENDENT,0,724,724
2021,MLA,29,170,130,,"LEENA, V",INDEPENDENT,0,724,724
2021,MLA,29,170,130,,"VASANTHI, E",INDEPENDENT,0,724,724
2021,MLA,29,170,130,,"VEDHAGIRI, R",INDEPENDENT,0,724,724
2021,MLA,29,170,130,,"VAIRAMUTHU, D",INDEPENDENT,122,724,724
2021,MLA,29,170,130,,NOTA,,1,724,724
2021,MLA,29,171,131,,"SELVAPERUNTHAGAI, K",INDIAN NATIONAL CONGRESS,216,595,595
2021,MLA,29,171,131,,"PALANI, K",ALL INDIA ANNA DRAVIDA MUNNETRA KAZHAGAM,269,595,595
2021,MLA,29,171,131,,"VINOTH, E",BAHUJAN SAMAJ PARTY,1,595,595
2021,MLA,29,171,131,,"THANIGAIVEL, M",MAKKAL NEEDHI MAIAM,12,595,595
2021,MLA,29,171,131,,"PUSHPARAJ, D",NAAM TAMILAR KATCHI,33,595,595
2021,MLA,29,171,131,,"PERUMAL, R",AMMA MAKKAL MUNNETTRA KAZAGAM,0,595,595
2021,MLA,29,171,131,,"LOKESH, E",DESIYA MAKKAL SAKTHI KATCHI,0,595,595
2021,MLA,29,171,131,,"SAROJA, S",INDEPENDENT,4,595,595
2021,MLA,29,171,131,,"SUDHAKAR, P",INDEPENDENT,0,595,595
2021,MLA,29,171,131,,"DEVARAJAN, K",INDEPENDENT,0,595,595
2021,MLA,29,171,131,,"PARTHIBAN, M",INDEPENDENT,0,595,595
2021,MLA,29,171,131,,"LEENA, V",INDEPENDENT,0,595,595
2021,MLA,29,171,131,,"VASANTHI, E",INDEPENDENT,0,595,595
2021,MLA,29,171,131,,"VEDHAGIRI, R",INDEPENDENT,2,595,595
2021,MLA,29,171,131,,"VAIRAMUTHU, D",INDEPENDENT,52,595,595
2021,MLA,29,171,131,,NOTA,,6,595,595
2021,MLA,29,172,132,,"SELVAPERUNTHAGAI, K",INDIAN NATIONAL CONGRESS,240,698,698
2021,MLA,29,172,132,,"PALANI, K",ALL INDIA ANNA DRAVIDA MUNNETRA KAZHAGAM,387,698,698
2021,MLA,29,172,132,,"VINOTH, E",BAHUJAN SAMAJ PARTY,2,698,698
2021,MLA,29,172,132,,"THANIGAIVEL, M",MAKKAL NEEDHI MAIAM,9,698,698
2021,MLA,29,172,132,,"PUSHPARAJ, D",NAAM TAMILAR KATCHI,41,698,698
2021,MLA,29,172,132,,"PERUMAL, R",AMMA MAKKAL MUNNETTRA KAZAGAM,1,698,698
2021,MLA,29,172,132,,"LOKESH, E",DESIYA MAKKAL SAKTHI KATCHI,0,698,698
2021,MLA,29,172,132,,"SAROJA, S",INDEPENDENT,0,698,698
2021,MLA,29,172,132,,"SUDHAKAR, P",INDEPENDENT,0,698,698
2021,MLA,29,172,132,,"DEVARAJAN, K",INDEPENDENT,0,698,698
2021,MLA,29,172,132,,"PARTHIBAN, M",INDEPENDENT,0,698,698
2021,MLA,29,172,132,,"LEENA, V",INDEPENDENT,0,698,698
2021,MLA,29,172,132,,"VASANTHI, E",INDEPENDENT,1,698,698
2021,MLA,29,172,132,,"VEDHAGIRI, R",INDEPENDENT,0,698,698
2021,MLA,29,172,132,,"VAIRAMUTHU, D",INDEPENDENT,15,698,698
2021,MLA,29,172,132,,NOTA,,2,698,698
2021,MLA,29,173,133,,"SELVAPERUNTHAGAI, K",INDIAN NATIONAL CONGRESS,288,749,749
2021,MLA,29,173,133,,"PALANI, K",ALL INDIA ANNA DRAVIDA MUNNETRA KAZHAGAM,334,749,749
2021,MLA,29,173,133,,"VINOTH, E",BAHUJAN SAMAJ PARTY,0,749,749
2021,MLA,29,173,133,,"THANIGAIVEL, M",MAKKAL NEEDHI MAIAM,30,749,749
2021,MLA,29,173,133,,"PUSHPARAJ, D",NAAM TAMILAR KATCHI,65,749,749
2021,MLA,29,173,133,,"PERUMAL, R",AMMA MAKKAL MUNNETTRA KAZAGAM,4,749,749
2021,MLA,29,173,133,,"LOKESH, E",DESIYA MAKKAL SAKTHI KATCHI,0,749,749
2021,MLA,29,173,133,,"SAROJA, S",INDEPENDENT,1,749,749
2021,MLA,29,173,133,,"SUDHAKAR, P",INDEPENDENT,0,749,749
2021,MLA,29,173,133,,"DEVARAJAN, K",INDEPENDENT,0,749,749
2021,MLA,29,173,133,,"PARTHIBAN, M",INDEPENDENT,0,749,749
2021,MLA,29,173,133,,"LEENA, V",INDEPENDENT,0,749,749
2021,MLA,29,173,133,,"VASANTHI, E",INDEPENDENT,0,749,749
2021,MLA,29,173,133,,"VEDHAGIRI, R",INDEPENDENT,0,749,749
2021,MLA,29,173,133,,"VAIRAMUTHU, D",INDEPENDENT,21,749,749
2021,MLA,29,173,133,,NOTA,,6,749,749
2021,MLA,29,174,134,,"SELVAPERUNTHAGAI, K",INDIAN NATIONAL CONGRESS,277,669,669
2021,MLA,29,174,134,,"PALANI, K",ALL INDIA ANNA DRAVIDA MUNNETRA KAZHAGAM,314,669,669
2021,MLA,29,174,134,,"VINOTH, E",BAHUJAN SAMAJ PARTY,0,669,669
2021,MLA,29,174,134,,"THANIGAIVEL, M",MAKKAL NEEDHI MAIAM,5,669,669
2021,MLA,29,174,134,,"PUSHPARAJ, D",NAAM TAMILAR KATCHI,43,669,669
2021,MLA,29,174,134,,"PERUMAL, R",AMMA MAKKAL MUNNETTRA KAZAGAM,3,669,669
2021,MLA,29,174,134,,"LOKESH, E",DESIYA MAKKAL SAKTHI KATCHI,0,669,669
2021,MLA,29,174,134,,"SAROJA, S",INDEPENDENT,0,669,669
2021,MLA,29,174,134,,"SUDHAKAR, P",INDEPENDENT,1,669,669
2021,MLA,29,174,134,,"DEVARAJAN, K",INDEPENDENT,0,669,669
2021,MLA,29,174,134,,"PARTHIBAN, M",INDEPENDENT,0,669,669
2021,MLA,29,174,134,,"LEENA, V",INDEPENDENT,0,669,669
2021,MLA,29,174,134,,"VASANTHI, E",INDEPENDENT,0,669,669
2021,MLA,29,174,134,,"VEDHAGIRI, R",INDEPENDENT,1,669,669
2021,MLA,29,174,134,,"VAIRAMUTHU, D",INDEPENDENT,20,669,669
2021,MLA,29,174,134,,NOTA,,5,669,669
2021,MLA,29,175,135,,"SELVAPERUNTHAGAI, K",INDIAN NATIONAL CONGRESS,287,679,679
2021,MLA,29,175,135,,"PALANI, K",ALL INDIA ANNA DRAVIDA MUNNETRA KAZHAGAM,313,679,679
2021,MLA,29,175,135,,"VINOTH, E",BAHUJAN SAMAJ PARTY,2,679,679
2021,MLA,29,175,135,,"THANIGAIVEL, M",MAKKAL NEEDHI MAIAM,5,679,679
2021,MLA,29,175,135,,"PUSHPARAJ, D",NAAM TAMILAR KATCHI,33,679,679
2021,MLA,29,175,135,,"PERUMAL, R",AMMA MAKKAL MUNNETTRA KAZAGAM,3,679,679
2021,MLA,29,175,135,,"LOKESH, E",DESIYA MAKKAL SAKTHI KATCHI,0,679,679
2021,MLA,29,175,135,,"SAROJA, S",INDEPENDENT,0,679,679
2021,MLA,29,175,135,,"SUDHAKAR, P",INDEPENDENT,0,679,679
2021,MLA,29,175,135,,"DEVARAJAN, K",INDEPENDENT,0,679,679
2021,MLA,29,175,135,,"PARTHIBAN, M",INDEPENDENT,0,679,679
2021,MLA,29,175,135,,"LEENA, V",INDEPENDENT,0,679,679
2021,MLA,29,175,135,,"VASANTHI, E",INDEPENDENT,0,679,679
2021,MLA,29,175,135,,"VEDHAGIRI, R",INDEPENDENT,0,679,679
2021,MLA,29,175,135,,"VAIRAMUTHU, D",INDEPENDENT,34,679,679
2021,MLA,29,175,135,,NOTA,,2,679,679
2021,MLA,29,176,136,M,"SELVAPERUNTHAGAI, K",INDIAN NATIONAL CONGRESS,157,426,426
2021,MLA,29,176,136,M,"PALANI, K",ALL INDIA ANNA DRAVIDA MUNNETRA KAZHAGAM,172,426,426
2021,MLA,29,176,136,M,"VINOTH, E",BAHUJAN SAMAJ PARTY,0,426,426
2021,MLA,29,176,136,M,"THANIGAIVEL, M",MAKKAL NEEDHI MAIAM,17,426,426
2021,MLA,29,176,136,M,"PUSHPARAJ, D",NAAM TAMILAR KATCHI,57,426,426
2021,MLA,29,176,136,M,"PERUMAL, R",AMMA MAKKAL MUNNETTRA KAZAGAM,1,426,426
2021,MLA,29,176,136,M,"LOKESH, E",DESIYA MAKKAL SAKTHI KATCHI,1,426,426
2021,MLA,29,176,136,M,"SAROJA, S",INDEPENDENT,0,426,426
2021,MLA,29,176,136,M,"SUDHAKAR, P",INDEPENDENT,0,426,426
2021,MLA,29,176,136,M,"DEVARAJAN, K",INDEPENDENT,0,426,426
2021,MLA,29,176,136,M,"PARTHIBAN, M",INDEPENDENT,1,426,426
2021,MLA,29,176,136,M,"LEENA, V",INDEPENDENT,0,426,426
2021,MLA,29,176,136,M,"VASANTHI, E",INDEPENDENT,0,426,426
2021,MLA,29,176,136,M,"VEDHAGIRI, R",INDEPENDENT,0,426,426
2021,MLA,29,176,136,M,"VAIRAMUTHU, D",INDEPENDENT,13,426,426
2021,MLA,29,176,136,M,NOTA,,7,426,426
2021,MLA,29,177,136,A(W),"SELVAPERUNTHAGAI, K",INDIAN NATIONAL CONGRESS,151,408,408
2021,MLA,29,177,136,A(W),"PALANI, K",ALL INDIA ANNA DRAVIDA MUNNETRA KAZHAGAM,202,408,408
2021,MLA,29,177,136,A(W),"VINOTH, E",BAHUJAN SAMAJ PARTY,1,408,408
2021,MLA,29,177,136,A(W),"THANIGAIVEL, M",MAKKAL NEEDHI MAIAM,18,408,408
2021,MLA,29,177,136,A(W),"PUSHPARAJ, D",NAAM TAMILAR KATCHI,21,408,408
2021,MLA,29,177,136,A(W),"PERUMAL, R",AMMA MAKKAL MUNNETTRA KAZAGAM,2,408,408
2021,MLA,29,177,136,A(W),"LOKESH, E",DESIYA MAKKAL SAKTHI KATCHI,0,408,408
2021,MLA,29,177,136,A(W),"SAROJA, S",INDEPENDENT,0,408,408
2021,MLA,29,177,136,A(W),"SUDHAKAR, P",INDEPENDENT,2,408,408
2021,MLA,29,177,136,A(W),"DEVARAJAN, K",INDEPENDENT,1,408,408
2021,MLA,29,177,136,A(W),"PARTHIBAN, M",INDEPENDENT,0,408,408
2021,MLA,29,177,136,A(W),"LEENA, V",INDEPENDENT,0,408,408
2021,MLA,29,177,136,A(W),"VASANTHI, E",INDEPENDENT,0,408,408
2021,MLA,29,177,136,A(W),"VEDHAGIRI, R",INDEPENDENT,0,408,408
2021,MLA,29,177,136,A(W),"VAIRAMUTHU, D",INDEPENDENT,6,408,408
2021,MLA,29,177,136,A(W),NOTA,,4,408,408
2021,MLA,29,178,137,M,"SELVAPERUNTHAGAI, K",INDIAN NATIONAL CONGRESS,188,519,519
2021,MLA,29,178,137,M,"PALANI, K",ALL INDIA ANNA DRAVIDA MUNNETRA KAZHAGAM,188,519,519
2021,MLA,29,178,137,M,"VINOTH, E",BAHUJAN SAMAJ PARTY,0,519,519
2021,MLA,29,178,137,M,"THANIGAIVEL, M",MAKKAL NEEDHI MAIAM,21,519,519
2021,MLA,29,178,137,M,"PUSHPARAJ, D",NAAM TAMILAR KATCHI,69,519,519
2021,MLA,29,178,137,M,"PERUMAL, R",AMMA MAKKAL MUNNETTRA KAZAGAM,5,519,519
2021,MLA,29,178,137,M,"LOKESH, E",DESIYA MAKKAL SAKTHI KATCHI,0,519,519
2021,MLA,29,178,137,M,"SAROJA, S",INDEPENDENT,3,519,519
2021,MLA,29,178,137,M,"SUDHAKAR, P",INDEPENDENT,0,519,519
2021,MLA,29,178,137,M,"DEVARAJAN, K",INDEPENDENT,0,519,519
2021,MLA,29,178,137,M,"PARTHIBAN, M",INDEPENDENT,0,519,519
2021,MLA,29,178,137,M,"LEENA, V",INDEPENDENT,0,519,519
2021,MLA,29,178,137,M,"VASANTHI, E",INDEPENDENT,0,519,519
2021,MLA,29,178,137,M,"VEDHAGIRI, R",INDEPENDENT,0,519,519
2021,MLA,29,178,137,M,"VAIRAMUTHU, D",INDEPENDENT,41,519,519
2021,MLA,29,178,137,M,NOTA,,4,519,519
2021,MLA,29,179,137,A(W),"SELVAPERUNTHAGAI, K",INDIAN NATIONAL CONGRESS,178,510,510
2021,MLA,29,179,137,A(W),"PALANI, K",ALL INDIA ANNA DRAVIDA MUNNETRA KAZHAGAM,219,510,510
2021,MLA,29,179,137,A(W),"VINOTH, E",BAHUJAN SAMAJ PARTY,3,510,510
2021,MLA,29,179,137,A(W),"THANIGAIVEL, M",MAKKAL NEEDHI MAIAM,31,510,510
2021,MLA,29,179,137,A(W),"PUSHPARAJ, D",NAAM TAMILAR KATCHI,33,510,510
2021,MLA,29,179,137,A(W),"PERUMAL, R",AMMA MAKKAL MUNNETTRA KAZAGAM,7,510,510
2021,MLA,29,179,137,A(W),"LOKESH, E",DESIYA MAKKAL SAKTHI KATCHI,0,510,510
2021,MLA,29,179,137,A(W),"SAROJA, S",INDEPENDENT,2,510,510
2021,MLA,29,179,137,A(W),"SUDHAKAR, P",INDEPENDENT,0,510,510
2021,MLA,29,179,137,A(W),"DEVARAJAN, K",INDEPENDENT,0,510,510
2021,MLA,29,179,137,A(W),"PARTHIBAN, M",INDEPENDENT,0,510,510
2021,MLA,29,179,137,A(W),"LEENA, V",INDEPENDENT,0,510,510
2021,MLA,29,179,137,A(W),"VASANTHI, E",INDEPENDENT,0,510,510
2021,MLA,29,179,137,A(W),"VEDHAGIRI, R",INDEPENDENT,0,510,510
2021,MLA,29,179,137,A(W),"VAIRAMUTHU, D",INDEPENDENT,29,510,510
2021,MLA,29,179,137,A(W),NOTA,,8,510,510
2021,MLA,29,180,138,M,"SELVAPERUNTHAGAI, K",INDIAN NATIONAL CONGRESS,206,517,517
2021,MLA,29,180,138,M,"PALANI, K",ALL INDIA ANNA DRAVIDA MUNNETRA KAZHAGAM,166,517,517
2021,MLA,29,180,138,M,"VINOTH, E",BAHUJAN SAMAJ PARTY,0,517,517
2021,MLA,29,180,138,M,"THANIGAIVEL, M",MAKKAL NEEDHI MAIAM,19,517,517
2021,MLA,29,180,138,M,"PUSHPARAJ, D",NAAM TAMILAR KATCHI,41,517,517
2021,MLA,29,180,138,M,"PERUMAL, R",AMMA MAKKAL MUNNETTRA KAZAGAM,11,517,517
2021,MLA,29,180,138,M,"LOKESH, E",DESIYA MAKKAL SAKTHI KATCHI,0,517,517
2021,MLA,29,180,138,M,"SAROJA, S",INDEPENDENT,2,517,517
2021,MLA,29,180,138,M,"SUDHAKAR, P",INDEPENDENT,0,517,517
2021,MLA,29,180,138,M,"DEVARAJAN, K",INDEPENDENT,0,517,517
2021,MLA,29,180,138,M,"PARTHIBAN, M",INDEPENDENT,0,517,517
2021,MLA,29,180,138,M,"LEENA, V",INDEPENDENT,0,517,517
2021,MLA,29,180,138,M,"VASANTHI, E",INDEPENDENT,0,517,517
2021,MLA,29,180,138,M,"VEDHAGIRI, R",INDEPENDENT,0,517,517
2021,MLA,29,180,138,M,"VAIRAMUTHU, D",INDEPENDENT,66,517,517
2021,MLA,29,180,138,M,NOTA,,6,517,517
2021,MLA,29,181,138,A(W),"SELVAPERUNTHAGAI, K",INDIAN NATIONAL CONGRESS,226,513,513
2021,MLA,29,181,138,A(W),"PALANI, K",ALL INDIA ANNA DRAVIDA MUNNETRA KAZHAGAM,186,513,513
2021,MLA,29,181,138,A(W),"VINOTH, E",BAHUJAN SAMAJ PARTY,3,513,513
2021,MLA,29,181,138,A(W),"THANIGAIVEL, M",MAKKAL NEEDHI MAIAM,10,513,513
2021,MLA,29,181,138,A(W),"PUSHPARAJ, D",NAAM TAMILAR KATCHI,30,513,513
2021,MLA,29,181,138,A(W),"PERUMAL, R",AMMA MAKKAL MUNNETTRA KAZAGAM,7,513,513
2021,MLA,29,181,138,A(W),"LOKESH, E",DESIYA MAKKAL SAKTHI KATCHI,0,513,513
2021,MLA,29,181,138,A(W),"SAROJA, S",INDEPENDENT,2,513,513
2021,MLA,29,181,138,A(W),"SUDHAKAR, P",INDEPENDENT,0,513,513
2021,MLA,29,181,138,A(W),"DEVARAJAN, K",INDEPENDENT,0,513,513
2021,MLA,29,181,138,A(W),"PARTHIBAN, M",INDEPENDENT,0,513,513
2021,MLA,29,181,138,A(W),"LEENA, V",INDEPENDENT,0,513,513
2021,MLA,29,181,138,A(W),"VASANTHI, E",INDEPENDENT,0,513,513
2021,MLA,29,181,138,A(W),"VEDHAGIRI, R",INDEPENDENT,1,513,513
2021,MLA,29,181,138,A(W),"VAIRAMUTHU, D",INDEPENDENT,44,513,513
2021,MLA,29,181,138,A(W),NOTA,,4,513,513
2021,MLA,29,184,140,,"SELVAPERUNTHAGAI, K",INDIAN NATIONAL CONGRESS,351,639,639
2021,MLA,29,184,140,,"PALANI, K",ALL INDIA ANNA DRAVIDA MUNNETRA KAZHAGAM,148,639,639
2021,MLA,29,184,140,,"VINOTH, E",BAHUJAN SAMAJ PARTY,1,639,639
2021,MLA,29,184,140,,"THANIGAIVEL, M",MAKKAL NEEDHI MAIAM,76,639,639
2021,MLA,29,184,140,,"PUSHPARAJ, D",NAAM TAMILAR KATCHI,54,639,639
2021,MLA,29,184,140,,"PERUMAL, R",AMMA MAKKAL MUNNETTRA KAZAGAM,4,639,639
2021,MLA,29,184,140,,"LOKESH, E",DESIYA MAKKAL SAKTHI KATCHI,0,639,639
2021,MLA,29,184,140,,"SAROJA, S",INDEPENDENT,0,639,639
2021,MLA,29,184,140,,"SUDHAKAR, P",INDEPENDENT,0,639,639
2021,MLA,29,184,140,,"DEVARAJAN, K",INDEPENDENT,0,639,639
2021,MLA,29,184,140,,"PARTHIBAN, M",INDEPENDENT,0,639,639
2021,MLA,29,184,140,,"LEENA, V",INDEPENDENT,0,639,639
2021,MLA,29,184,140,,"VASANTHI, E",INDEPENDENT,0,639,639
2021,MLA,29,184,140,,"VEDHAGIRI, R",INDEPENDENT,0,639,639
2021,MLA,29,184,140,,"VAIRAMUTHU, D",INDEPENDENT,1,639,639
2021,MLA,29,184,140,,NOTA,,4,639,639
2021,MLA,29,185,141,,"SELVAPERUNTHAGAI, K",INDIAN NATIONAL CONGRESS,297,735,735
2021,MLA,29,185,141,,"PALANI, K",ALL INDIA ANNA DRAVIDA MUNNETRA KAZHAGAM,315,735,735
2021,MLA,29,185,141,,"VINOTH, E",BAHUJAN SAMAJ PARTY,1,735,735
2021,MLA,29,185,141,,"THANIGAIVEL, M",MAKKAL NEEDHI MAIAM,53,735,735
2021,MLA,29,185,141,,"PUSHPARAJ, D",NAAM TAMILAR KATCHI,50,735,735
2021,MLA,29,185,141,,"PERUMAL, R",AMMA MAKKAL MUNNETTRA KAZAGAM,5,735,735
2021,MLA,29,185,141,,"LOKESH, E",DESIYA MAKKAL SAKTHI KATCHI,0,735,735
2021,MLA,29,185,141,,"SAROJA, S",INDEPENDENT,0,735,735
2021,MLA,29,185,141,,"SUDHAKAR, P",INDEPENDENT,0,735,735
2021,MLA,29,185,141,,"DEVARAJAN, K",INDEPENDENT,0,735,735
2021,MLA,29,185,141,,"PARTHIBAN, M",INDEPENDENT,0,735,735
2021,MLA,29,185,141,,"LEENA, V",INDEPENDENT,1,735,735
2021,MLA,29,185,141,,"VASANTHI, E",INDEPENDENT,0,735,735
2021,MLA,29,185,141,,"VEDHAGIRI, R",INDEPENDENT,0,735,735
2021,MLA,29,185,141,,"VAIRAMUTHU, D",INDEPENDENT,3,735,735
2021,MLA,29,185,141,,NOTA,,10,735,735
2021,MLA,29,186,142,,"SELVAPERUNTHAGAI, K",INDIAN NATIONAL CONGRESS,241,538,538
2021,MLA,29,186,142,,"PALANI, K",ALL INDIA ANNA DRAVIDA MUNNETRA KAZHAGAM,175,538,538
2021,MLA,29,186,142,,"VINOTH, E",BAHUJAN SAMAJ PARTY,1,538,538
2021,MLA,29,186,142,,"THANIGAIVEL, M",MAKKAL NEEDHI MAIAM,57,538,538
2021,MLA,29,186,142,,"PUSHPARAJ, D",NAAM TAMILAR KATCHI,50,538,538
2021,MLA,29,186,142,,"PERUMAL, R",AMMA MAKKAL MUNNETTRA KAZAGAM,5,538,538
2021,MLA,29,186,142,,"LOKESH, E",DESIYA MAKKAL SAKTHI KATCHI,0,538,538
2021,MLA,29,186,142,,"SAROJA, S",INDEPENDENT,0,538,538
2021,MLA,29,186,142,,"SUDHAKAR, P",INDEPENDENT,0,538,538
2021,MLA,29,186,142,,"DEVARAJAN, K",INDEPENDENT,0,538,538
2021,MLA,29,186,142,,"PARTHIBAN, M",INDEPENDENT,1,538,538
2021,MLA,29,186,142,,"LEENA, V",INDEPENDENT,0,538,538
2021,MLA,29,186,142,,"VASANTHI, E",INDEPENDENT,0,538,538
2021,MLA,29,186,142,,"VEDHAGIRI, R",INDEPENDENT,0,538,538
2021,MLA,29,186,142,,"VAIRAMUTHU, D",INDEPENDENT,2,538,538
2021,MLA,29,186,142,,NOTA,,6,538,538
2021,MLA,29,187,143,,"SELVAPERUNTHAGAI, K",INDIAN NATIONAL CONGRESS,194,462,462
2021,MLA,29,187,143,,"PALANI, K",ALL INDIA ANNA DRAVIDA MUNNETRA KAZHAGAM,149,462,462
2021,MLA,29,187,143,,"VINOTH, E",BAHUJAN SAMAJ PARTY,2,462,462
2021,MLA,29,187,143,,"THANIGAIVEL, M",MAKKAL NEEDHI MAIAM,58,462,462
2021,MLA,29,187,143,,"PUSHPARAJ, D",NAAM TAMILAR KATCHI,43,462,462
2021,MLA,29,187,143,,"PERUMAL, R",AMMA MAKKAL MUNNETTRA KAZAGAM,7,462,462
2021,MLA,29,187,143,,"LOKESH, E",DESIYA MAKKAL SAKTHI KATCHI,0,462,462
2021,MLA,29,187,143,,"SAROJA, S",INDEPENDENT,1,462,462
2021,MLA,29,187,143,,"SUDHAKAR, P",INDEPENDENT,1,462,462
2021,MLA,29,187,143,,"DEVARAJAN, K",INDEPENDENT,1,462,462
2021,MLA,29,187,143,,"PARTHIBAN, M",INDEPENDENT,0,462,462
2021,MLA,29,187,143,,"LEENA, V",INDEPENDENT,1,462,462
2021,MLA,29,187,143,,"VASANTHI, E",INDEPENDENT,0,462,462
2021,MLA,29,187,143,,"VEDHAGIRI, R",INDEPENDENT,0,462,462
2021,MLA,29,187,143,,"VAIRAMUTHU, D",INDEPENDENT,0,462,462
2021,MLA,29,187,143,,NOTA,,5,462,462
2021,MLA,29,188,144,M,"SELVAPERUNTHAGAI, K",INDIAN NATIONAL CONGRESS,196,422,422
2021,MLA,29,188,144,M,"PALANI, K",ALL INDIA ANNA DRAVIDA MUNNETRA KAZHAGAM,139,422,422
2021,MLA,29,188,144,M,"VINOTH, E",BAHUJAN SAMAJ PARTY,1,422,422
2021,MLA,29,188,144,M,"THANIGAIVEL, M",MAKKAL NEEDHI MAIAM,37,422,422
2021,MLA,29,188,144,M,"PUSHPARAJ, D",NAAM TAMILAR KATCHI,36,422,422
2021,MLA,29,188,144,M,"PERUMAL, R",AMMA MAKKAL MUNNETTRA KAZAGAM,6,422,422
2021,MLA,29,188,144,M,"LOKESH, E",DESIYA MAKKAL SAKTHI KATCHI,0,422,422
2021,MLA,29,188,144,M,"SAROJA, S",INDEPENDENT,0,422,422
2021,MLA,29,188,144,M,"SUDHAKAR, P",INDEPENDENT,0,422,422
2021,MLA,29,188,144,M,"DEVARAJAN, K",INDEPENDENT,0,422,422
2021,MLA,29,188,144,M,"PARTHIBAN, M",INDEPENDENT,0,422,422
2021,MLA,29,188,144,M,"LEENA, V",INDEPENDENT,0,422,422
2021,MLA,29,188,144,M,"VASANTHI, E",INDEPENDENT,0,422,422
2021,MLA,29,188,144,M,"VEDHAGIRI, R",INDEPENDENT,0,422,422
2021,MLA,29,188,144,M,"VAIRAMUTHU, D",INDEPENDENT,0,422,422
2021,MLA,29,188,144,M,NOTA,,7,422,422
2021,MLA,29,189,144,A(W),"SELVAPERUNTHAGAI, K",INDIAN NATIONAL CONGRESS,198,418,418
2021,MLA,29,189,144,A(W),"PALANI, K",ALL INDIA ANNA DRAVIDA MUNNETRA KAZHAGAM,146,418,418
2021,MLA,29,189,144,A(W),"VINOTH, E",BAHUJAN SAMAJ PARTY,2,418,418
2021,MLA,29,189,144,A(W),"THANIGAIVEL, M",MAKKAL NEEDHI MAIAM,42,418,418
2021,MLA,29,189,144,A(W),"PUSHPARAJ, D",NAAM TAMILAR KATCHI,21,418,418
2021,MLA,29,189,144,A(W),"PERUMAL, R",AMMA MAKKAL MUNNETTRA KAZAGAM,3,418,418
2021,MLA,29,189,144,A(W),"LOKESH, E",DESIYA MAKKAL SAKTHI KATCHI,0,418,418
2021,MLA,29,189,144,A(W),"SAROJA, S",INDEPENDENT,0,418,418
2021,MLA,29,189,144,A(W),"SUDHAKAR, P",INDEPENDENT,0,418,418
2021,MLA,29,189,144,A(W),"DEVARAJAN, K",INDEPENDENT,0,418,418
2021,MLA,29,189,144,A(W),"PARTHIBAN, M",INDEPENDENT,0,418,418
2021,MLA,29,189,144,A(W),"LEENA, V",INDEPENDENT,1,418,418
2021,MLA,29,189,144,A(W),"VASANTHI, E",INDEPENDENT,0,418,418
2021,MLA,29,189,144,A(W),"VEDHAGIRI, R",INDEPENDENT,0,418,418
2021,MLA,29,189,144,A(W),"VAIRAMUTHU, D",INDEPENDENT,0,418,418
2021,MLA,29,189,144,A(W),NOTA,,5,418,418
2021,MLA,29,190,145,M,"SELVAPERUNTHAGAI, K",INDIAN NATIONAL CONGRESS,251,435,435
2021,MLA,29,190,145,M,"PALANI, K",ALL INDIA ANNA DRAVIDA MUNNETRA KAZHAGAM,98,435,435
2021,MLA,29,190,145,M,"VINOTH, E",BAHUJAN SAMAJ PARTY,0,435,435
2021,MLA,29,190,145,M,"THANIGAIVEL, M",MAKKAL NEEDHI MAIAM,16,435,435
2021,MLA,29,190,145,M,"PUSHPARAJ, D",NAAM TAMILAR KATCHI,39,435,435
2021,MLA,29,190,145,M,"PERUMAL, R",AMMA MAKKAL MUNNETTRA KAZAGAM,5,435,435
2021,MLA,29,190,145,M,"LOKESH, E",DESIYA MAKKAL SAKTHI KATCHI,0,435,435
2021,MLA,29,190,145,M,"SAROJA, S",INDEPENDENT,0,435,435
2021,MLA,29,190,145,M,"SUDHAKAR, P",INDEPENDENT,0,435,435
2021,MLA,29,190,145,M,"DEVARAJAN, K",INDEPENDENT,0,435,435
2021,MLA,29,190,145,M,"PARTHIBAN, M",INDEPENDENT,0,435,435
2021,MLA,29,190,145,M,"LEENA, V",INDEPENDENT,0,435,435
2021,MLA,29,190,145,M,"VASANTHI, E",INDEPENDENT,0,435,435
2021,MLA,29,190,145,M,"VEDHAGIRI, R",INDEPENDENT,0,435,435
2021,MLA,29,190,145,M,"VAIRAMUTHU, D",INDEPENDENT,22,435,435
2021,MLA,29,190,145,M,NOTA,,4,435,435
2021,MLA,29,191,145,A(W),"SELVAPERUNTHAGAI, K",INDIAN NATIONAL CONGRESS,229,372,372
2021,MLA,29,191,145,A(W),"PALANI, K",ALL INDIA ANNA DRAVIDA MUNNETRA KAZHAGAM,91,372,372
2021,MLA,29,191,145,A(W),"VINOTH, E",BAHUJAN SAMAJ PARTY,0,372,372
2021,MLA,29,191,145,A(W),"THANIGAIVEL, M",MAKKAL NEEDHI MAIAM,21,372,372
2021,MLA,29,191,145,A(W),"PUSHPARAJ, D",NAAM TAMILAR KATCHI,19,372,372
2021,MLA,29,191,145,A(W),"PERUMAL, R",AMMA MAKKAL MUNNETTRA KAZAGAM,1,372,372
2021,MLA,29,191,145,A(W),"LOKESH, E",DESIYA MAKKAL SAKTHI KATCHI,1,372,372
2021,MLA,29,191,145,A(W),"SAROJA, S",INDEPENDENT,0,372,372
2021,MLA,29,191,145,A(W),"SUDHAKAR, P",INDEPENDENT,0,372,372
2021,MLA,29,191,145,A(W),"DEVARAJAN, K",INDEPENDENT,0,372,372
2021,MLA,29,191,145,A(W),"PARTHIBAN, M",INDEPENDENT,0,372,372
2021,MLA,29,191,145,A(W),"LEENA, V",INDEPENDENT,0,372,372
2021,MLA,29,191,145,A(W),"VASANTHI, E",INDEPENDENT,0,372,372
2021,MLA,29,191,145,A(W),"VEDHAGIRI, R",INDEPENDENT,0,372,372
2021,MLA,29,191,145,A(W),"VAIRAMUTHU, D",INDEPENDENT,8,372,372
2021,MLA,29,191,145,A(W),NOTA,,2,372,372
2021,MLA,29,192,146,M,"SELVAPERUNTHAGAI, K",INDIAN NATIONAL CONGRESS,171,436,436
2021,MLA,29,192,146,M,"PALANI, K",ALL INDIA ANNA DRAVIDA MUNNETRA KAZHAGAM,142,436,436
2021,MLA,29,192,146,M,"VINOTH, E",BAHUJAN SAMAJ PARTY,0,436,436
2021,MLA,29,192,146,M,"THANIGAIVEL, M",MAKKAL NEEDHI MAIAM,41,436,436
2021,MLA,29,192,146,M,"PUSHPARAJ, D",NAAM TAMILAR KATCHI,66,436,436
2021,MLA,29,192,146,M,"PERUMAL, R",AMMA MAKKAL MUNNETTRA KAZAGAM,6,436,436
2021,MLA,29,192,146,M,"LOKESH, E",DESIYA MAKKAL SAKTHI KATCHI,1,436,436
2021,MLA,29,192,146,M,"SAROJA, S",INDEPENDENT,0,436,436
2021,MLA,29,192,146,M,"SUDHAKAR, P",INDEPENDENT,0,436,436
2021,MLA,29,192,146,M,"DEVARAJAN, K",INDEPENDENT,1,436,436
2021,MLA,29,192,146,M,"PARTHIBAN, M",INDEPENDENT,0,436,436
2021,MLA,29,192,146,M,"LEENA, V",INDEPENDENT,0,436,436
2021,MLA,29,192,146,M,"VASANTHI, E",INDEPENDENT,0,436,436
2021,MLA,29,192,146,M,"VEDHAGIRI, R",INDEPENDENT,0,436,436
2021,MLA,29,192,146,M,"VAIRAMUTHU, D",INDEPENDENT,1,436,436
2021,MLA,29,192,146,M,NOTA,,7,436,436
2021,MLA,29,193,146,A(W),"SELVAPERUNTHAGAI, K",INDIAN NATIONAL CONGRESS,171,398,398
2021,MLA,29,193,146,A(W),"PALANI, K",ALL INDIA ANNA DRAVIDA MUNNETRA KAZHAGAM,158,398,398
2021,MLA,29,193,146,A(W),"VINOTH, E",BAHUJAN SAMAJ PARTY,0,398,398
2021,MLA,29,193,146,A(W),"THANIGAIVEL, M",MAKKAL NEEDHI MAIAM,31,398,398
2021,MLA,29,193,146,A(W),"PUSHPARAJ, D",NAAM TAMILAR KATCHI,31,398,398
2021,MLA,29,193,146,A(W),"PERUMAL, R",AMMA MAKKAL MUNNETTRA KAZAGAM,5,398,398
2021,MLA,29,193,146,A(W),"LOKESH, E",DESIYA MAKKAL SAKTHI KATCHI,0,398,398
2021,MLA,29,193,146,A(W),"SAROJA, S",INDEPENDENT,0,398,398
2021,MLA,29,193,146,A(W),"SUDHAKAR, P",INDEPENDENT,0,398,398
2021,MLA,29,193,146,A(W),"DEVARAJAN, K",INDEPENDENT,0,398,398
2021,MLA,29,193,146,A(W),"PARTHIBAN, M",INDEPENDENT,0,398,398
2021,MLA,29,193,146,A(W),"LEENA, V",INDEPENDENT,0,398,398
2021,MLA,29,193,146,A(W),"VASANTHI, E",INDEPENDENT,0,398,398
2021,MLA,29,193,146,A(W),"VEDHAGIRI, R",INDEPENDENT,0,398,398
2021,MLA,29,193,146,A(W),"VAIRAMUTHU, D",INDEPENDENT,0,398,398
2021,MLA,29,193,146,A(W),NOTA,,2,398,398
2021,MLA,29,194,147,M,"SELVAPERUNTHAGAI, K",INDIAN NATIONAL CONGRESS,201,528,528
2021,MLA,29,194,147,M,"PALANI, K",ALL INDIA ANNA DRAVIDA MUNNETRA KAZHAGAM,176,528,528
2021,MLA,29,194,147,M,"VINOTH, E",BAHUJAN SAMAJ PARTY,0,528,528
2021,MLA,29,194,147,M,"THANIGAIVEL, M",MAKKAL NEEDHI MAIAM,59,528,528
2021,MLA,29,194,147,M,"PUSHPARAJ, D",NAAM TAMILAR KATCHI,71,528,528
2021,MLA,29,194,147,M,"PERUMAL, R",AMMA MAKKAL MUNNETTRA KAZAGAM,7,528,528
2021,MLA,29,194,147,M,"LOKESH, E",DESIYA MAKKAL SAKTHI KATCHI,3,528,528
2021,MLA,29,194,147,M,"SAROJA, S",INDEPENDENT,0,528,528
2021,MLA,29,194,147,M,"SUDHAKAR, P",INDEPENDENT,0,528,528
2021,MLA,29,194,147,M,"DEVARAJAN, K",INDEPENDENT,0,528,528
2021,MLA,29,194,147,M,"PARTHIBAN, M",INDEPENDENT,0,528,528
2021,MLA,29,194,147,M,"LEENA, V",INDEPENDENT,0,528,528
2021,MLA,29,194,147,M,"VASANTHI, E",INDEPENDENT,2,528,528
2021,MLA,29,194,147,M,"VEDHAGIRI, R",INDEPENDENT,0,528,528
2021,MLA,29,194,147,M,"VAIRAMUTHU, D",INDEPENDENT,0,528,528
2021,MLA,29,194,147,M,NOTA,,9,528,528
2021,MLA,29,195,147,A(W),"SELVAPERUNTHAGAI, K",INDIAN NATIONAL CONGRESS,206,463,463
2021,MLA,29,195,147,A(W),"PALANI, K",ALL INDIA ANNA DRAVIDA MUNNETRA KAZHAGAM,153,463,463
2021,MLA,29,195,147,A(W),"VINOTH, E",BAHUJAN SAMAJ PARTY,1,463,463
2021,MLA,29,195,147,A(W),"THANIGAIVEL, M",MAKKAL NEEDHI MAIAM,57,463,463
2021,MLA,29,195,147,A(W),"PUSHPARAJ, D",NAAM TAMILAR KATCHI,32,463,463
2021,MLA,29,195,147,A(W),"PERUMAL, R",AMMA MAKKAL MUNNETTRA KAZAGAM,5,463,463
2021,MLA,29,195,147,A(W),"LOKESH, E",DESIYA MAKKAL SAKTHI KATCHI,0,463,463
2021,MLA,29,195,147,A(W),"SAROJA, S",INDEPENDENT,0,463,463
2021,MLA,29,195,147,A(W),"SUDHAKAR, P",INDEPENDENT,0,463,463
2021,MLA,29,195,147,A(W),"DEVARAJAN, K",INDEPENDENT,0,463,463
2021,MLA,29,195,147,A(W),"PARTHIBAN, M",INDEPENDENT,0,463,463
2021,MLA,29,195,147,A(W),"LEENA, V",INDEPENDENT,2,463,463
2021,MLA,29,195,147,A(W),"VASANTHI, E",INDEPENDENT,1,463,463
2021,MLA,29,195,147,A(W),"VEDHAGIRI, R",INDEPENDENT,1,463,463
2021,MLA,29,195,147,A(W),"VAIRAMUTHU, D",INDEPENDENT,1,463,463
2021,MLA,29,195,147,A(W),NOTA,,4,463,463
2021,MLA,29,196,148,M,"SELVAPERUNTHAGAI, K",INDIAN NATIONAL CONGRESS,180,485,485
2021,MLA,29,196,148,M,"PALANI, K",ALL INDIA ANNA DRAVIDA MUNNETRA KAZHAGAM,157,485,485
2021,MLA,29,196,148,M,"VINOTH, E",BAHUJAN SAMAJ PARTY,3,485,485
2021,MLA,29,196,148,M,"THANIGAIVEL, M",MAKKAL NEEDHI MAIAM,49,485,485
2021,MLA,29,196,148,M,"PUSHPARAJ, D",NAAM TAMILAR KATCHI,82,485,485
2021,MLA,29,196,148,M,"PERUMAL, R",AMMA MAKKAL MUNNETTRA KAZAGAM,3,485,485
2021,MLA,29,196,148,M,"LOKESH, E",DESIYA MAKKAL SAKTHI KATCHI,1,485,485
2021,MLA,29,196,148,M,"SAROJA, S",INDEPENDENT,0,485,485
2021,MLA,29,196,148,M,"SUDHAKAR, P",INDEPENDENT,1,485,485
2021,MLA,29,196,148,M,"DEVARAJAN, K",INDEPENDENT,0,485,485
2021,MLA,29,196,148,M,"PARTHIBAN, M",INDEPENDENT,0,485,485
2021,MLA,29,196,148,M,"LEENA, V",INDEPENDENT,0,485,485
2021,MLA,29,196,148,M,"VASANTHI, E",INDEPENDENT,0,485,485
2021,MLA,29,196,148,M,"VEDHAGIRI, R",INDEPENDENT,1,485,485
2021,MLA,29,196,148,M,"VAIRAMUTHU, D",INDEPENDENT,2,485,485
2021,MLA,29,196,148,M,NOTA,,6,485,485
2021,MLA,29,197,148,A(W),"SELVAPERUNTHAGAI, K",INDIAN NATIONAL CONGRESS,176,466,466
2021,MLA,29,197,148,A(W),"PALANI, K",ALL INDIA ANNA DRAVIDA MUNNETRA KAZHAGAM,180,466,466
2021,MLA,29,197,148,A(W),"VINOTH, E",BAHUJAN SAMAJ PARTY,0,466,466
2021,MLA,29,197,148,A(W),"THANIGAIVEL, M",MAKKAL NEEDHI MAIAM,55,466,466
2021,MLA,29,197,148,A(W),"PUSHPARAJ, D",NAAM TAMILAR KATCHI,39,466,466
2021,MLA,29,197,148,A(W),"PERUMAL, R",AMMA MAKKAL MUNNETTRA KAZAGAM,4,466,466
2021,MLA,29,197,148,A(W),"LOKESH, E",DESIYA MAKKAL SAKTHI KATCHI,0,466,466
2021,MLA,29,197,148,A(W),"SAROJA, S",INDEPENDENT,0,466,466
2021,MLA,29,197,148,A(W),"SUDHAKAR, P",INDEPENDENT,0,466,466
2021,MLA,29,197,148,A(W),"DEVARAJAN, K",INDEPENDENT,1,466,466
2021,MLA,29,197,148,A(W),"PARTHIBAN, M",INDEPENDENT,0,466,466
2021,MLA,29,197,148,A(W),"LEENA, V",INDEPENDENT,0,466,466
2021,MLA,29,197,148,A(W),"VASANTHI, E",INDEPENDENT,0,466,466
2021,MLA,29,197,148,A(W),"VEDHAGIRI, R",INDEPENDENT,0,466,466
2021,MLA,29,197,148,A(W),"VAIRAMUTHU, D",INDEPENDENT,3,466,466
2021,MLA,29,197,148,A(W),NOTA,,8,466,466
2021,MLA,29,198,149,M,"SELVAPERUNTHAGAI, K",INDIAN NATIONAL CONGRESS,262,542,542
2021,MLA,29,198,149,M,"PALANI, K",ALL INDIA ANNA DRAVIDA MUNNETRA KAZHAGAM,183,542,542
2021,MLA,29,198,149,M,"VINOTH, E",BAHUJAN SAMAJ PARTY,1,542,542
2021,MLA,29,198,149,M,"THANIGAIVEL, M",MAKKAL NEEDHI MAIAM,24,542,542
2021,MLA,29,198,149,M,"PUSHPARAJ, D",NAAM TAMILAR KATCHI,54,542,542
2021,MLA,29,198,149,M,"PERUMAL, R",AMMA MAKKAL MUNNETTRA KAZAGAM,8,542,542
2021,MLA,29,198,149,M,"LOKESH, E",DESIYA MAKKAL SAKTHI KATCHI,0,542,542
2021,MLA,29,198,149,M,"SAROJA, S",INDEPENDENT,0,542,542
2021,MLA,29,198,149,M,"SUDHAKAR, P",INDEPENDENT,0,542,542
2021,MLA,29,198,149,M,"DEVARAJAN, K",INDEPENDENT,0,542,542
2021,MLA,29,198,149,M,"PARTHIBAN, M",INDEPENDENT,0,542,542
2021,MLA,29,198,149,M,"LEENA, V",INDEPENDENT,0,542,542
2021,MLA,29,198,149,M,"VASANTHI, E",INDEPENDENT,0,542,542
2021,MLA,29,198,149,M,"VEDHAGIRI, R",INDEPENDENT,1,542,542
2021,MLA,29,198,149,M,"VAIRAMUTHU, D",INDEPENDENT,6,542,542
2021,MLA,29,198,149,M,NOTA,,3,542,542
2021,MLA,29,199,149,A(W),"SELVAPERUNTHAGAI, K",INDIAN NATIONAL CONGRESS,239,534,534
2021,MLA,29,199,149,A(W),"PALANI, K",ALL INDIA ANNA DRAVIDA MUNNETRA KAZHAGAM,215,534,534
2021,MLA,29,199,149,A(W),"VINOTH, E",BAHUJAN SAMAJ PARTY,4,534,534
2021,MLA,29,199,149,A(W),"THANIGAIVEL, M",MAKKAL NEEDHI MAIAM,25,534,534
2021,MLA,29,199,149,A(W),"PUSHPARAJ, D",NAAM TAMILAR KATCHI,35,534,534
2021,MLA,29,199,149,A(W),"PERUMAL, R",AMMA MAKKAL MUNNETTRA KAZAGAM,7,534,534
2021,MLA,29,199,149,A(W),"LOKESH, E",DESIYA MAKKAL SAKTHI KATCHI,2,534,534
2021,MLA,29,199,149,A(W),"SAROJA, S",INDEPENDENT,0,534,534
2021,MLA,29,199,149,A(W),"SUDHAKAR, P",INDEPENDENT,0,534,534
2021,MLA,29,199,149,A(W),"DEVARAJAN, K",INDEPENDENT,0,534,534
2021,MLA,29,199,149,A(W),"PARTHIBAN, M",INDEPENDENT,2,534,534
2021,MLA,29,199,149,A(W),"LEENA, V",INDEPENDENT,0,534,534
2021,MLA,29,199,149,A(W),"VASANTHI, E",INDEPENDENT,0,534,534
2021,MLA,29,199,149,A(W),"VEDHAGIRI, R",INDEPENDENT,0,534,534
2021,MLA,29,199,149,A(W),"VAIRAMUTHU, D",INDEPENDENT,3,534,534
2021,MLA,29,199,149,A(W),NOTA,,2,534,534
2021,MLA,29,200,150,M,"SELVAPERUNTHAGAI, K",INDIAN NATIONAL CONGRESS,140,427,427
2021,MLA,29,200,150,M,"PALANI, K",ALL INDIA ANNA DRAVIDA MUNNETRA KAZHAGAM,211,427,427
2021,MLA,29,200,150,M,"VINOTH, E",BAHUJAN SAMAJ PARTY,0,427,427
2021,MLA,29,200,150,M,"THANIGAIVEL, M",MAKKAL NEEDHI MAIAM,26,427,427
2021,MLA,29,200,150,M,"PUSHPARAJ, D",NAAM TAMILAR KATCHI,44,427,427
2021,MLA,29,200,150,M,"PERUMAL, R",AMMA MAKKAL MUNNETTRA KAZAGAM,2,427,427
2021,MLA,29,200,150,M,"LOKESH, E",DESIYA MAKKAL SAKTHI KATCHI,0,427,427
2021,MLA,29,200,150,M,"SAROJA, S",INDEPENDENT,0,427,427
2021,MLA,29,200,150,M,"SUDHAKAR, P",INDEPENDENT,0,427,427
2021,MLA,29,200,150,M,"DEVARAJAN, K",INDEPENDENT,0,427,427
2021,MLA,29,200,150,M,"PARTHIBAN, M",INDEPENDENT,0,427,427
2021,MLA,29,200,150,M,"LEENA, V",INDEPENDENT,0,427,427
2021,MLA,29,200,150,M,"VASANTHI, E",INDEPENDENT,0,427,427
2021,MLA,29,200,150,M,"VEDHAGIRI, R",INDEPENDENT,0,427,427
2021,MLA,29,200,150,M,"VAIRAMUTHU, D",INDEPENDENT,1,427,427
2021,MLA,29,200,150,M,NOTA,,3,427,427
2021,MLA,29,201,150,A(W),"SELVAPERUNTHAGAI, K",INDIAN NATIONAL CONGRESS,116,387,387
2021,MLA,29,201,150,A(W),"PALANI, K",ALL INDIA ANNA DRAVIDA MUNNETRA KAZHAGAM,215,387,387
2021,MLA,29,201,150,A(W),"VINOTH, E",BAHUJAN SAMAJ PARTY,1,387,387
2021,MLA,29,201,150,A(W),"THANIGAIVEL, M",MAKKAL NEEDHI MAIAM,24,387,387
2021,MLA,29,201,150,A(W),"PUSHPARAJ, D",NAAM TAMILAR KATCHI,25,387,387
2021,MLA,29,201,150,A(W),"PERUMAL, R",AMMA MAKKAL MUNNETTRA KAZAGAM,1,387,387
2021,MLA,29,201,150,A(W),"LOKESH, E",DESIYA MAKKAL SAKTHI KATCHI,0,387,387
2021,MLA,29,201,150,A(W),"SAROJA, S",INDEPENDENT,0,387,387
2021,MLA,29,201,150,A(W),"SUDHAKAR, P",INDEPENDENT,0,387,387
2021,MLA,29,201,150,A(W),"DEVARAJAN, K",INDEPENDENT,0,387,387
2021,MLA,29,201,150,A(W),"PARTHIBAN, M",INDEPENDENT,0,387,387
2021,MLA,29,201,150,A(W),"LEENA, V",INDEPENDENT,0,387,387
2021,MLA,29,201,150,A(W),"VASANTHI, E",INDEPENDENT,0,387,387
2021,MLA,29,201,150,A(W),"VEDHAGIRI, R",INDEPENDENT,0,387,387
2021,MLA,29,201,150,A(W),"VAIRAMUTHU, D",INDEPENDENT,1,387,387
2021,MLA,29,201,150,A(W),NOTA,,4,387,387
2021,MLA,29,202,151,M,"SELVAPERUNTHAGAI, K",INDIAN NATIONAL CONGRESS,124,355,355
2021,MLA,29,202,151,M,"PALANI, K",ALL INDIA ANNA DRAVIDA MUNNETRA KAZHAGAM,165,355,355
2021,MLA,29,202,151,M,"VINOTH, E",BAHUJAN SAMAJ PARTY,0,355,355
2021,MLA,29,202,151,M,"THANIGAIVEL, M",MAKKAL NEEDHI MAIAM,24,355,355
2021,MLA,29,202,151,M,"PUSHPARAJ, D",NAAM TAMILAR KATCHI,35,355,355
2021,MLA,29,202,151,M,"PERUMAL, R",AMMA MAKKAL MUNNETTRA KAZAGAM,3,355,355
2021,MLA,29,202,151,M,"LOKESH, E",DESIYA MAKKAL SAKTHI KATCHI,0,355,355
2021,MLA,29,202,151,M,"SAROJA, S",INDEPENDENT,0,355,355
2021,MLA,29,202,151,M,"SUDHAKAR, P",INDEPENDENT,0,355,355
2021,MLA,29,202,151,M,"DEVARAJAN, K",INDEPENDENT,0,355,355
2021,MLA,29,202,151,M,"PARTHIBAN, M",INDEPENDENT,0,355,355
2021,MLA,29,202,151,M,"LEENA, V",INDEPENDENT,0,355,355
2021,MLA,29,202,151,M,"VASANTHI, E",INDEPENDENT,0,355,355
2021,MLA,29,202,151,M,"VEDHAGIRI, R",INDEPENDENT,0,355,355
2021,MLA,29,202,151,M,"VAIRAMUTHU, D",INDEPENDENT,0,355,355
2021,MLA,29,202,151,M,NOTA,,4,355,355
2021,MLA,29,203,151,A(W),"SELVAPERUNTHAGAI, K",INDIAN NATIONAL CONGRESS,159,493,493
2021,MLA,29,203,151,A(W),"PALANI, K",ALL INDIA ANNA DRAVIDA MUNNETRA KAZHAGAM,254,493,493
2021,MLA,29,203,151,A(W),"VINOTH, E",BAHUJAN SAMAJ PARTY,2,493,493
2021,MLA,29,203,151,A(W),"THANIGAIVEL, M",MAKKAL NEEDHI MAIAM,32,493,493
2021,MLA,29,203,151,A(W),"PUSHPARAJ, D",NAAM TAMILAR KATCHI,33,493,493
2021,MLA,29,203,151,A(W),"PERUMAL, R",AMMA MAKKAL MUNNETTRA KAZAGAM,5,493,493
2021,MLA,29,203,151,A(W),"LOKESH, E",DESIYA MAKKAL SAKTHI KATCHI,0,493,493
2021,MLA,29,203,151,A(W),"SAROJA, S",INDEPENDENT,0,493,493
2021,MLA,29,203,151,A(W),"SUDHAKAR, P",INDEPENDENT,1,493,493
2021,MLA,29,203,151,A(W),"DEVARAJAN, K",INDEPENDENT,0,493,493
2021,MLA,29,203,151,A(W),"PARTHIBAN, M",INDEPENDENT,0,493,493
2021,MLA,29,203,151,A(W),"LEENA, V",INDEPENDENT,0,493,493
2021,MLA,29,203,151,A(W),"VASANTHI, E",INDEPENDENT,0,493,493
2021,MLA,29,203,151,A(W),"VEDHAGIRI, R",INDEPENDENT,0,493,493
2021,MLA,29,203,151,A(W),"VAIRAMUTHU, D",INDEPENDENT,0,493,493
2021,MLA,29,203,151,A(W),NOTA,,7,493,493
2021,MLA,29,204,152,,"SELVAPERUNTHAGAI, K",INDIAN NATIONAL CONGRESS,142,465,465
2021,MLA,29,204,152,,"PALANI, K",ALL INDIA ANNA DRAVIDA MUNNETRA KAZHAGAM,239,465,465
2021,MLA,29,204,152,,"VINOTH, E",BAHUJAN SAMAJ PARTY,1,465,465
2021,MLA,29,204,152,,"THANIGAIVEL, M",MAKKAL NEEDHI MAIAM,21,465,465
2021,MLA,29,204,152,,"PUSHPARAJ, D",NAAM TAMILAR KATCHI,51,465,465
2021,MLA,29,204,152,,"PERUMAL, R",AMMA MAKKAL MUNNETTRA KAZAGAM,6,465,465
2021,MLA,29,204,152,,"LOKESH, E",DESIYA MAKKAL SAKTHI KATCHI,1,465,465
2021,MLA,29,204,152,,"SAROJA, S",INDEPENDENT,0,465,465
2021,MLA,29,204,152,,"SUDHAKAR, P",INDEPENDENT,0,465,465
2021,MLA,29,204,152,,"DEVARAJAN, K",INDEPENDENT,0,465,465
2021,MLA,29,204,152,,"PARTHIBAN, M",INDEPENDENT,0,465,465
2021,MLA,29,204,152,,"LEENA, V",INDEPENDENT,0,465,465
2021,MLA,29,204,152,,"VASANTHI, E",INDEPENDENT,1,465,465
2021,MLA,29,204,152,,"VEDHAGIRI, R",INDEPENDENT,0,465,465
2021,MLA,29,204,152,,"VAIRAMUTHU, D",INDEPENDENT,2,465,465
2021,MLA,29,204,152,,NOTA,,1,465,465
2021,MLA,29,205,153,M,"SELVAPERUNTHAGAI, K",INDIAN NATIONAL CONGRESS,139,353,353
2021,MLA,29,205,153,M,"PALANI, K",ALL INDIA ANNA DRAVIDA MUNNETRA KAZHAGAM,142,353,353
2021,MLA,29,205,153,M,"VINOTH, E",BAHUJAN SAMAJ PARTY,0,353,353
2021,MLA,29,205,153,M,"THANIGAIVEL, M",MAKKAL NEEDHI MAIAM,32,353,353
2021,MLA,29,205,153,M,"PUSHPARAJ, D",NAAM TAMILAR KATCHI,28,353,353
2021,MLA,29,205,153,M,"PERUMAL, R",AMMA MAKKAL MUNNETTRA KAZAGAM,9,353,353
2021,MLA,29,205,153,M,"LOKESH, E",DESIYA MAKKAL SAKTHI KATCHI,0,353,353
2021,MLA,29,205,153,M,"SAROJA, S",INDEPENDENT,0,353,353
2021,MLA,29,205,153,M,"SUDHAKAR, P",INDEPENDENT,0,353,353
2021,MLA,29,205,153,M,"DEVARAJAN, K",INDEPENDENT,0,353,353
2021,MLA,29,205,153,M,"PARTHIBAN, M",INDEPENDENT,0,353,353
2021,MLA,29,205,153,M,"LEENA, V",INDEPENDENT,0,353,353
2021,MLA,29,205,153,M,"VASANTHI, E",INDEPENDENT,0,353,353
2021,MLA,29,205,153,M,"VEDHAGIRI, R",INDEPENDENT,0,353,353
2021,MLA,29,205,153,M,"VAIRAMUTHU, D",INDEPENDENT,0,353,353
2021,MLA,29,205,153,M,NOTA,,3,353,353
2021,MLA,29,207,154,,"SELVAPERUNTHAGAI, K",INDIAN NATIONAL CONGRESS,328,676,676
2021,MLA,29,207,154,,"PALANI, K",ALL INDIA ANNA DRAVIDA MUNNETRA KAZHAGAM,197,676,676
2021,MLA,29,207,154,,"VINOTH, E",BAHUJAN SAMAJ PARTY,4,676,676
2021,MLA,29,207,154,,"THANIGAIVEL, M",MAKKAL NEEDHI MAIAM,60,676,676
2021,MLA,29,207,154,,"PUSHPARAJ, D",NAAM TAMILAR KATCHI,69,676,676
2021,MLA,29,207,154,,"PERUMAL, R",AMMA MAKKAL MUNNETTRA KAZAGAM,6,676,676
2021,MLA,29,207,154,,"LOKESH, E",DESIYA MAKKAL SAKTHI KATCHI,0,676,676
2021,MLA,29,207,154,,"SAROJA, S",INDEPENDENT,0,676,676
2021,MLA,29,207,154,,"SUDHAKAR, P",INDEPENDENT,0,676,676
2021,MLA,29,207,154,,"DEVARAJAN, K",INDEPENDENT,1,676,676
2021,MLA,29,207,154,,"PARTHIBAN, M",INDEPENDENT,0,676,676
2021,MLA,29,207,154,,"LEENA, V",INDEPENDENT,0,676,676
2021,MLA,29,207,154,,"VASANTHI, E",INDEPENDENT,0,676,676
2021,MLA,29,207,154,,"VEDHAGIRI, R",INDEPENDENT,1,676,676
2021,MLA,29,207,154,,"VAIRAMUTHU, D",INDEPENDENT,2,676,676
2021,MLA,29,207,154,,NOTA,,8,676,676
2021,MLA,29,208,155,M,"SELVAPERUNTHAGAI, K",INDIAN NATIONAL CONGRESS,187,421,421
2021,MLA,29,208,155,M,"PALANI, K",ALL INDIA ANNA DRAVIDA MUNNETRA KAZHAGAM,146,421,421
2021,MLA,29,208,155,M,"VINOTH, E",BAHUJAN SAMAJ PARTY,2,421,421
2021,MLA,29,208,155,M,"THANIGAIVEL, M",MAKKAL NEEDHI MAIAM,25,421,421
2021,MLA,29,208,155,M,"PUSHPARAJ, D",NAAM TAMILAR KATCHI,50,421,421
2021,MLA,29,208,155,M,"PERUMAL, R",AMMA MAKKAL MUNNETTRA KAZAGAM,6,421,421
2021,MLA,29,208,155,M,"LOKESH, E",DESIYA MAKKAL SAKTHI KATCHI,0,421,421
2021,MLA,29,208,155,M,"SAROJA, S",INDEPENDENT,0,421,421
2021,MLA,29,208,155,M,"SUDHAKAR, P",INDEPENDENT,0,421,421
2021,MLA,29,208,155,M,"DEVARAJAN, K",INDEPENDENT,0,421,421
2021,MLA,29,208,155,M,"PARTHIBAN, M",INDEPENDENT,0,421,421
2021,MLA,29,208,155,M,"LEENA, V",INDEPENDENT,0,421,421
2021,MLA,29,208,155,M,"VASANTHI, E",INDEPENDENT,0,421,421
2021,MLA,29,208,155,M,"VEDHAGIRI, R",INDEPENDENT,0,421,421
2021,MLA,29,208,155,M,"VAIRAMUTHU, D",INDEPENDENT,0,421,421
2021,MLA,29,208,155,M,NOTA,,5,421,421
2021,MLA,29,209,155,A(W),"SELVAPERUNTHAGAI, K",INDIAN NATIONAL CONGRESS,173,364,364
2021,MLA,29,209,155,A(W),"PALANI, K",ALL INDIA ANNA DRAVIDA MUNNETRA KAZHAGAM,132,364,364
2021,MLA,29,209,155,A(W),"VINOTH, E",BAHUJAN SAMAJ PARTY,1,364,364
2021,MLA,29,209,155,A(W),"THANIGAIVEL, M",MAKKAL NEEDHI MAIAM,18,364,364
2021,MLA,29,209,155,A(W),"PUSHPARAJ, D",NAAM TAMILAR KATCHI,30,364,364
2021,MLA,29,209,155,A(W),"PERUMAL, R",AMMA MAKKAL MUNNETTRA KAZAGAM,2,364,364
2021,MLA,29,209,155,A(W),"LOKESH, E",DESIYA MAKKAL SAKTHI KATCHI,1,364,364
2021,MLA,29,209,155,A(W),"SAROJA, S",INDEPENDENT,0,364,364
2021,MLA,29,209,155,A(W),"SUDHAKAR, P",INDEPENDENT,0,364,364
2021,MLA,29,209,155,A(W),"DEVARAJAN, K",INDEPENDENT,0,364,364
2021,MLA,29,209,155,A(W),"PARTHIBAN, M",INDEPENDENT,0,364,364
2021,MLA,29,209,155,A(W),"LEENA, V",INDEPENDENT,1,364,364
2021,MLA,29,209,155,A(W),"VASANTHI, E",INDEPENDENT,0,364,364
2021,MLA,29,209,155,A(W),"VEDHAGIRI, R",INDEPENDENT,0,364,364
2021,MLA,29,209,155,A(W),"VAIRAMUTHU, D",INDEPENDENT,0,364,364
2021,MLA,29,209,155,A(W),NOTA,,6,364,364
2021,MLA,29,210,156,,"SELVAPERUNTHAGAI, K",INDIAN NATIONAL CONGRESS,282,632,632
2021,MLA,29,210,156,,"PALANI, K",ALL INDIA ANNA DRAVIDA MUNNETRA KAZHAGAM,214,632,632
2021,MLA,29,210,156,,"VINOTH, E",BAHUJAN SAMAJ PARTY,1,632,632
2021,MLA,29,210,156,,"THANIGAIVEL, M",MAKKAL NEEDHI MAIAM,44,632,632
2021,MLA,29,210,156,,"PUSHPARAJ, D",NAAM TAMILAR KATCHI,66,632,632
2021,MLA,29,210,156,,"PERUMAL, R",AMMA MAKKAL MUNNETTRA KAZAGAM,10,632,632
2021,MLA,29,210,156,,"LOKESH, E",DESIYA MAKKAL SAKTHI KATCHI,0,632,632
2021,MLA,29,210,156,,"SAROJA, S",INDEPENDENT,0,632,632
2021,MLA,29,210,156,,"SUDHAKAR, P",INDEPENDENT,0,632,632
2021,MLA,29,210,156,,"DEVARAJAN, K",INDEPENDENT,1,632,632
2021,MLA,29,210,156,,"PARTHIBAN, M",INDEPENDENT,0,632,632
2021,MLA,29,210,156,,"LEENA, V",INDEPENDENT,1,632,632
2021,MLA,29,210,156,,"VASANTHI, E",INDEPENDENT,0,632,632
2021,MLA,29,210,156,,"VEDHAGIRI, R",INDEPENDENT,0,632,632
2021,MLA,29,210,156,,"VAIRAMUTHU, D",INDEPENDENT,6,632,632
2021,MLA,29,210,156,,NOTA,,7,632,632
2021,MLA,29,211,157,M,"SELVAPERUNTHAGAI, K",INDIAN NATIONAL CONGRESS,238,447,447
2021,MLA,29,211,157,M,"PALANI, K",ALL INDIA ANNA DRAVIDA MUNNETRA KAZHAGAM,107,447,447
2021,MLA,29,211,157,M,"VINOTH, E",BAHUJAN SAMAJ PARTY,0,447,447
2021,MLA,29,211,157,M,"THANIGAIVEL, M",MAKKAL NEEDHI MAIAM,30,447,447
2021,MLA,29,211,157,M,"PUSHPARAJ, D",NAAM TAMILAR KATCHI,45,447,447
2021,MLA,29,211,157,M,"PERUMAL, R",AMMA MAKKAL MUNNETTRA KAZAGAM,8,447,447
2021,MLA,29,211,157,M,"LOKESH, E",DESIYA MAKKAL SAKTHI KATCHI,2,447,447
2021,MLA,29,211,157,M,"SAROJA, S",INDEPENDENT,0,447,447
2021,MLA,29,211,157,M,"SUDHAKAR, P",INDEPENDENT,0,447,447
2021,MLA,29,211,157,M,"DEVARAJAN, K",INDEPENDENT,0,447,447
2021,MLA,29,211,157,M,"PARTHIBAN, M",INDEPENDENT,0,447,447
2021,MLA,29,211,157,M,"LEENA, V",INDEPENDENT,0,447,447
2021,MLA,29,211,157,M,"VASANTHI, E",INDEPENDENT,0,447,447
2021,MLA,29,211,157,M,"VEDHAGIRI, R",INDEPENDENT,0,447,447
2021,MLA,29,211,157,M,"VAIRAMUTHU, D",INDEPENDENT,14,447,447
2021,MLA,29,211,157,M,NOTA,,3,447,447
2021,MLA,29,212,157,A(W),"SELVAPERUNTHAGAI, K",INDIAN NATIONAL CONGRESS,222,438,438
2021,MLA,29,212,157,A(W),"PALANI, K",ALL INDIA ANNA DRAVIDA MUNNETRA KAZHAGAM,134,438,438
2021,MLA,29,212,157,A(W),"VINOTH, E",BAHUJAN SAMAJ PARTY,1,438,438
2021,MLA,29,212,157,A(W),"THANIGAIVEL, M",MAKKAL NEEDHI MAIAM,36,438,438
2021,MLA,29,212,157,A(W),"PUSHPARAJ, D",NAAM TAMILAR KATCHI,32,438,438
2021,MLA,29,212,157,A(W),"PERUMAL, R",AMMA MAKKAL MUNNETTRA KAZAGAM,8,438,438
2021,MLA,29,212,157,A(W),"LOKESH, E",DESIYA MAKKAL SAKTHI KATCHI,0,438,438
2021,MLA,29,212,157,A(W),"SAROJA, S",INDEPENDENT,0,438,438
2021,MLA,29,212,157,A(W),"SUDHAKAR, P",INDEPENDENT,0,438,438
2021,MLA,29,212,157,A(W),"DEVARAJAN, K",INDEPENDENT,1,438,438
2021,MLA,29,212,157,A(W),"PARTHIBAN, M",INDEPENDENT,0,438,438
2021,MLA,29,212,157,A(W),"LEENA, V",INDEPENDENT,0,438,438
2021,MLA,29,212,157,A(W),"VASANTHI, E",INDEPENDENT,0,438,438
2021,MLA,29,212,157,A(W),"VEDHAGIRI, R",INDEPENDENT,0,438,438
2021,MLA,29,212,157,A(W),"VAIRAMUTHU, D",INDEPENDENT,3,438,438
2021,MLA,29,212,157,A(W),NOTA,,1,438,438
2021,MLA,29,213,158,M,"SELVAPERUNTHAGAI, K",INDIAN NATIONAL CONGRESS,231,489,489
2021,MLA,29,213,158,M,"PALANI, K",ALL INDIA ANNA DRAVIDA MUNNETRA KAZHAGAM,143,489,489
2021,MLA,29,213,158,M,"VINOTH, E",BAHUJAN SAMAJ PARTY,1,489,489
2021,MLA,29,213,158,M,"THANIGAIVEL, M",MAKKAL NEEDHI MAIAM,41,489,489
2021,MLA,29,213,158,M,"PUSHPARAJ, D",NAAM TAMILAR KATCHI,50,489,489
2021,MLA,29,213,158,M,"PERUMAL, R",AMMA MAKKAL MUNNETTRA KAZAGAM,6,489,489
2021,MLA,29,213,158,M,"LOKESH, E",DESIYA MAKKAL SAKTHI KATCHI,1,489,489
2021,MLA,29,213,158,M,"SAROJA, S",INDEPENDENT,0,489,489
2021,MLA,29,213,158,M,"SUDHAKAR, P",INDEPENDENT,0,489,489
2021,MLA,29,213,158,M,"DEVARAJAN, K",INDEPENDENT,0,489,489
2021,MLA,29,213,158,M,"PARTHIBAN, M",INDEPENDENT,1,489,489
2021,MLA,29,213,158,M,"LEENA, V",INDEPENDENT,0,489,489
2021,MLA,29,213,158,M,"VASANTHI, E",INDEPENDENT,0,489,489
2021,MLA,29,213,158,M,"VEDHAGIRI, R",INDEPENDENT,0,489,489
2021,MLA,29,213,158,M,"VAIRAMUTHU, D",INDEPENDENT,12,489,489
2021,MLA,29,213,158,M,NOTA,,3,489,489
2021,MLA,29,214,158,A(W),"SELVAPERUNTHAGAI, K",INDIAN NATIONAL CONGRESS,224,449,449
2021,MLA,29,214,158,A(W),"PALANI, K",ALL INDIA ANNA DRAVIDA MUNNETRA KAZHAGAM,144,449,449
2021,MLA,29,214,158,A(W),"VINOTH, E",BAHUJAN SAMAJ PARTY,0,449,449
2021,MLA,29,214,158,A(W),"THANIGAIVEL, M",MAKKAL NEEDHI MAIAM,45,449,449
2021,MLA,29,214,158,A(W),"PUSHPARAJ, D",NAAM TAMILAR KATCHI,25,449,449
2021,MLA,29,214,158,A(W),"PERUMAL, R",AMMA MAKKAL MUNNETTRA KAZAGAM,3,449,449
2021,MLA,29,214,158,A(W),"LOKESH, E",DESIYA MAKKAL SAKTHI KATCHI,0,449,449
2021,MLA,29,214,158,A(W),"SAROJA, S",INDEPENDENT,0,449,449
2021,MLA,29,214,158,A(W),"SUDHAKAR, P",INDEPENDENT,0,449,449
2021,MLA,29,214,158,A(W),"DEVARAJAN, K",INDEPENDENT,0,449,449
2021,MLA,29,214,158,A(W),"PARTHIBAN, M",INDEPENDENT,0,449,449
2021,MLA,29,214,158,A(W),"LEENA, V",INDEPENDENT,0,449,449
2021,MLA,29,214,158,A(W),"VASANTHI, E",INDEPENDENT,0,449,449
2021,MLA,29,214,158,A(W),"VEDHAGIRI, R",INDEPENDENT,0,449,449
2021,MLA,29,214,158,A(W),"VAIRAMUTHU, D",INDEPENDENT,5,449,449
2021,MLA,29,214,158,A(W),NOTA,,3,449,449
2021,MLA,29,215,159,,"SELVAPERUNTHAGAI, K",INDIAN NATIONAL CONGRESS,341,667,667
2021,MLA,29,215,159,,"PALANI, K",ALL INDIA ANNA DRAVIDA MUNNETRA KAZHAGAM,198,667,667
2021,MLA,29,215,159,,"VINOTH, E",BAHUJAN SAMAJ PARTY,0,667,667
2021,MLA,29,215,159,,"THANIGAIVEL, M",MAKKAL NEEDHI MAIAM,65,667,667
2021,MLA,29,215,159,,"PUSHPARAJ, D",NAAM TAMILAR KATCHI,50,667,667
2021,MLA,29,215,159,,"PERUMAL, R",AMMA MAKKAL MUNNETTRA KAZAGAM,7,667,667
2021,MLA,29,215,159,,"LOKESH, E",DESIYA MAKKAL SAKTHI KATCHI,0,667,667
2021,MLA,29,215,159,,"SAROJA, S",INDEPENDENT,0,667,667
2021,MLA,29,215,159,,"SUDHAKAR, P",INDEPENDENT,0,667,667
2021,MLA,29,215,159,,"DEVARAJAN, K",INDEPENDENT,0,667,667
2021,MLA,29,215,159,,"PARTHIBAN, M",INDEPENDENT,0,667,667
2021,MLA,29,215,159,,"LEENA, V",INDEPENDENT,0,667,667
2021,MLA,29,215,159,,"VASANTHI, E",INDEPENDENT,0,667,667
2021,MLA,29,215,159,,"VEDHAGIRI, R",INDEPENDENT,1,667,667
2021,MLA,29,215,159,,"VAIRAMUTHU, D",INDEPENDENT,2,667,667
2021,MLA,29,215,159,,NOTA,,3,667,667
2021,MLA,29,216,160,M,"SELVAPERUNTHAGAI, K",INDIAN NATIONAL CONGRESS,247,471,471
2021,MLA,29,216,160,M,"PALANI, K",ALL INDIA ANNA DRAVIDA MUNNETRA KAZHAGAM,159,471,471
2021,MLA,29,216,160,M,"VINOTH, E",BAHUJAN SAMAJ PARTY,2,471,471
2021,MLA,29,216,160,M,"THANIGAIVEL, M",MAKKAL NEEDHI MAIAM,12,471,471
2021,MLA,29,216,160,M,"PUSHPARAJ, D",NAAM TAMILAR KATCHI,43,471,471
2021,MLA,29,216,160,M,"PERUMAL, R",AMMA MAKKAL MUNNETTRA KAZAGAM,1,471,471
2021,MLA,29,216,160,M,"LOKESH, E",DESIYA MAKKAL SAKTHI KATCHI,0,471,471
2021,MLA,29,216,160,M,"SAROJA, S",INDEPENDENT,0,471,471
2021,MLA,29,216,160,M,"SUDHAKAR, P",INDEPENDENT,0,471,471
2021,MLA,29,216,160,M,"DEVARAJAN, K",INDEPENDENT,0,471,471
2021,MLA,29,216,160,M,"PARTHIBAN, M",INDEPENDENT,0,471,471
2021,MLA,29,216,160,M,"LEENA, V",INDEPENDENT,1,471,471
2021,MLA,29,216,160,M,"VASANTHI, E",INDEPENDENT,0,471,471
2021,MLA,29,216,160,M,"VEDHAGIRI, R",INDEPENDENT,0,471,471
2021,MLA,29,216,160,M,"VAIRAMUTHU, D",INDEPENDENT,3,471,471
2021,MLA,29,216,160,M,NOTA,,3,471,471
2021,MLA,29,217,160,A(W),"SELVAPERUNTHAGAI, K",INDIAN NATIONAL CONGRESS,242,477,477
2021,MLA,29,217,160,A(W),"PALANI, K",ALL INDIA ANNA DRAVIDA MUNNETRA KAZHAGAM,188,477,477
2021,MLA,29,217,160,A(W),"VINOTH, E",BAHUJAN SAMAJ PARTY,2,477,477
2021,MLA,29,217,160,A(W),"THANIGAIVEL, M",MAKKAL NEEDHI MAIAM,7,477,477
2021,MLA,29,217,160,A(W),"PUSHPARAJ, D",NAAM TAMILAR KATCHI,27,477,477
2021,MLA,29,217,160,A(W),"PERUMAL, R",AMMA MAKKAL MUNNETTRA KAZAGAM,7,477,477
2021,MLA,29,217,160,A(W),"LOKESH, E",DESIYA MAKKAL SAKTHI KATCHI,0,477,477
2021,MLA,29,217,160,A(W),"SAROJA, S",INDEPENDENT,0,477,477
2021,MLA,29,217,160,A(W),"SUDHAKAR, P",INDEPENDENT,0,477,477
2021,MLA,29,217,160,A(W),"DEVARAJAN, K",INDEPENDENT,0,477,477
2021,MLA,29,217,160,A(W),"PARTHIBAN, M",INDEPENDENT,0,477,477
2021,MLA,29,217,160,A(W),"LEENA, V",INDEPENDENT,0,477,477
2021,MLA,29,217,160,A(W),"VASANTHI, E",INDEPENDENT,0,477,477
2021,MLA,29,217,160,A(W),"VEDHAGIRI, R",INDEPENDENT,0,477,477
2021,MLA,29,217,160,A(W),"VAIRAMUTHU, D",INDEPENDENT,2,477,477
2021,MLA,29,217,160,A(W),NOTA,,2,477,477
2021,MLA,29,218,161,M,"SELVAPERUNTHAGAI, K",INDIAN NATIONAL CONGRESS,229,420,420
2021,MLA,29,218,161,M,"PALANI, K",ALL INDIA ANNA DRAVIDA MUNNETRA KAZHAGAM,101,420,420
2021,MLA,29,218,161,M,"VINOTH, E",BAHUJAN SAMAJ PARTY,0,420,420
2021,MLA,29,218,161,M,"THANIGAIVEL, M",MAKKAL NEEDHI MAIAM,10,420,420
2021,MLA,29,218,161,M,"PUSHPARAJ, D",NAAM TAMILAR KATCHI,41,420,420
2021,MLA,29,218,161,M,"PERUMAL, R",AMMA MAKKAL MUNNETTRA KAZAGAM,1,420,420
2021,MLA,29,218,161,M,"LOKESH, E",DESIYA MAKKAL SAKTHI KATCHI,0,420,420
2021,MLA,29,218,161,M,"SAROJA, S",INDEPENDENT,0,420,420
2021,MLA,29,218,161,M,"SUDHAKAR, P",INDEPENDENT,0,420,420
2021,MLA,29,218,161,M,"DEVARAJAN, K",INDEPENDENT,0,420,420
2021,MLA,29,218,161,M,"PARTHIBAN, M",INDEPENDENT,1,420,420
2021,MLA,29,218,161,M,"LEENA, V",INDEPENDENT,1,420,420
2021,MLA,29,218,161,M,"VASANTHI, E",INDEPENDENT,0,420,420
2021,MLA,29,218,161,M,"VEDHAGIRI, R",INDEPENDENT,0,420,420
2021,MLA,29,218,161,M,"VAIRAMUTHU, D",INDEPENDENT,33,420,420
2021,MLA,29,218,161,M,NOTA,,3,420,420
2021,MLA,29,219,161,A(W),"SELVAPERUNTHAGAI, K",INDIAN NATIONAL CONGRESS,261,456,456
2021,MLA,29,219,161,A(W),"PALANI, K",ALL INDIA ANNA DRAVIDA MUNNETRA KAZHAGAM,133,456,456
2021,MLA,29,219,161,A(W),"VINOTH, E",BAHUJAN SAMAJ PARTY,0,456,456
2021,MLA,29,219,161,A(W),"THANIGAIVEL, M",MAKKAL NEEDHI MAIAM,6,456,456
2021,MLA,29,219,161,A(W),"PUSHPARAJ, D",NAAM TAMILAR KATCHI,23,456,456
2021,MLA,29,219,161,A(W),"PERUMAL, R",AMMA MAKKAL MUNNETTRA KAZAGAM,0,456,456
2021,MLA,29,219,161,A(W),"LOKESH, E",DESIYA MAKKAL SAKTHI KATCHI,1,456,456
2021,MLA,29,219,161,A(W),"SAROJA, S",INDEPENDENT,3,456,456
2021,MLA,29,219,161,A(W),"SUDHAKAR, P",INDEPENDENT,0,456,456
2021,MLA,29,219,161,A(W),"DEVARAJAN, K",INDEPENDENT,1,456,456
2021,MLA,29,219,161,A(W),"PARTHIBAN, M",INDEPENDENT,0,456,456
2021,MLA,29,219,161,A(W),"LEENA, V",INDEPENDENT,0,456,456
2021,MLA,29,219,161,A(W),"VASANTHI, E",INDEPENDENT,0,456,456
2021,MLA,29,219,161,A(W),"VEDHAGIRI, R",INDEPENDENT,1,456,456
2021,MLA,29,219,161,A(W),"VAIRAMUTHU, D",INDEPENDENT,21,456,456
2021,MLA,29,219,161,A(W),NOTA,,6,456,456
2021,MLA,29,220,162,,"SELVAPERUNTHAGAI, K",INDIAN NATIONAL CONGRESS,347,649,649
2021,MLA,29,220,162,,"PALANI, K",ALL INDIA ANNA DRAVIDA MUNNETRA KAZHAGAM,184,649,649
2021,MLA,29,220,162,,"VINOTH, E",BAHUJAN SAMAJ PARTY,2,649,649
2021,MLA,29,220,162,,"THANIGAIVEL, M",MAKKAL NEEDHI MAIAM,12,649,649
2021,MLA,29,220,162,,"PUSHPARAJ, D",NAAM TAMILAR KATCHI,60,649,649
2021,MLA,29,220,162,,"PERUMAL, R",AMMA MAKKAL MUNNETTRA KAZAGAM,8,649,649
2021,MLA,29,220,162,,"LOKESH, E",DESIYA MAKKAL SAKTHI KATCHI,0,649,649
2021,MLA,29,220,162,,"SAROJA, S",INDEPENDENT,1,649,649
2021,MLA,29,220,162,,"SUDHAKAR, P",INDEPENDENT,0,649,649
2021,MLA,29,220,162,,"DEVARAJAN, K",INDEPENDENT,0,649,649
2021,MLA,29,220,162,,"PARTHIBAN, M",INDEPENDENT,0,649,649
2021,MLA,29,220,162,,"LEENA, V",INDEPENDENT,2,649,649
2021,MLA,29,220,162,,"VASANTHI, E",INDEPENDENT,0,649,649
2021,MLA,29,220,162,,"VEDHAGIRI, R",INDEPENDENT,0,649,649
2021,MLA,29,220,162,,"VAIRAMUTHU, D",INDEPENDENT,27,649,649
2021,MLA,29,220,162,,NOTA,,6,649,649
2021,MLA,29,221,163,,"SELVAPERUNTHAGAI, K",INDIAN NATIONAL CONGRESS,262,465,465
2021,MLA,29,221,163,,"PALANI, K",ALL INDIA ANNA DRAVIDA MUNNETRA KAZHAGAM,133,465,465
2021,MLA,29,221,163,,"VINOTH, E",BAHUJAN SAMAJ PARTY,1,465,465
2021,MLA,29,221,163,,"THANIGAIVEL, M",MAKKAL NEEDHI MAIAM,6,465,465
2021,MLA,29,221,163,,"PUSHPARAJ, D",NAAM TAMILAR KATCHI,25,465,465
2021,MLA,29,221,163,,"PERUMAL, R",AMMA MAKKAL MUNNETTRA KAZAGAM,3,465,465
2021,MLA,29,221,163,,"LOKESH, E",DESIYA MAKKAL SAKTHI KATCHI,0,465,465
2021,MLA,29,221,163,,"SAROJA, S",INDEPENDENT,1,465,465
2021,MLA,29,221,163,,"SUDHAKAR, P",INDEPENDENT,0,465,465
2021,MLA,29,221,163,,"DEVARAJAN, K",INDEPENDENT,1,465,465
2021,MLA,29,221,163,,"PARTHIBAN, M",INDEPENDENT,0,465,465
2021,MLA,29,221,163,,"LEENA, V",INDEPENDENT,0,465,465
2021,MLA,29,221,163,,"VASANTHI, E",INDEPENDENT,1,465,465
2021,MLA,29,221,163,,"VEDHAGIRI, R",INDEPENDENT,0,465,465
2021,MLA,29,221,163,,"VAIRAMUTHU, D",INDEPENDENT,28,465,465
2021,MLA,29,221,163,,NOTA,,4,465,465
2021,MLA,29,222,164,,"SELVAPERUNTHAGAI, K",INDIAN NATIONAL CONGRESS,300,619,619
2021,MLA,29,222,164,,"PALANI, K",ALL INDIA ANNA DRAVIDA MUNNETRA KAZHAGAM,204,619,619
2021,MLA,29,222,164,,"VINOTH, E",BAHUJAN SAMAJ PARTY,2,619,619
2021,MLA,29,222,164,,"THANIGAIVEL, M",MAKKAL NEEDHI MAIAM,30,619,619
2021,MLA,29,222,164,,"PUSHPARAJ, D",NAAM TAMILAR KATCHI,42,619,619
2021,MLA,29,222,164,,"PERUMAL, R",AMMA MAKKAL MUNNETTRA KAZAGAM,5,619,619
2021,MLA,29,222,164,,"LOKESH, E",DESIYA MAKKAL SAKTHI KATCHI,0,619,619
2021,MLA,29,222,164,,"SAROJA, S",INDEPENDENT,0,619,619
2021,MLA,29,222,164,,"SUDHAKAR, P",INDEPENDENT,0,619,619
2021,MLA,29,222,164,,"DEVARAJAN, K",INDEPENDENT,0,619,619
2021,MLA,29,222,164,,"PARTHIBAN, M",INDEPENDENT,0,619,619
2021,MLA,29,222,164,,"LEENA, V",INDEPENDENT,0,619,619
2021,MLA,29,222,164,,"VASANTHI, E",INDEPENDENT,1,619,619
2021,MLA,29,222,164,,"VEDHAGIRI, R",INDEPENDENT,0,619,619
2021,MLA,29,222,164,,"VAIRAMUTHU, D",INDEPENDENT,33,619,619
2021,MLA,29,222,164,,NOTA,,2,619,619
2021,MLA,29,223,165,M,"SELVAPERUNTHAGAI, K",INDIAN NATIONAL CONGRESS,300,395,395
2021,MLA,29,223,165,M,"PALANI, K",ALL INDIA ANNA DRAVIDA MUNNETRA KAZHAGAM,56,395,395
2021,MLA,29,223,165,M,"VINOTH, E",BAHUJAN SAMAJ PARTY,0,395,395
2021,MLA,29,223,165,M,"THANIGAIVEL, M",MAKKAL NEEDHI MAIAM,7,395,395
2021,MLA,29,223,165,M,"PUSHPARAJ, D",NAAM TAMILAR KATCHI,26,395,395
2021,MLA,29,223,165,M,"PERUMAL, R",AMMA MAKKAL MUNNETTRA KAZAGAM,3,395,395
2021,MLA,29,223,165,M,"LOKESH, E",DESIYA MAKKAL SAKTHI KATCHI,0,395,395
2021,MLA,29,223,165,M,"SAROJA, S",INDEPENDENT,0,395,395
2021,MLA,29,223,165,M,"SUDHAKAR, P",INDEPENDENT,0,395,395
2021,MLA,29,223,165,M,"DEVARAJAN, K",INDEPENDENT,0,395,395
2021,MLA,29,223,165,M,"PARTHIBAN, M",INDEPENDENT,0,395,395
2021,MLA,29,223,165,M,"LEENA, V",INDEPENDENT,0,395,395
2021,MLA,29,223,165,M,"VASANTHI, E",INDEPENDENT,0,395,395
2021,MLA,29,223,165,M,"VEDHAGIRI, R",INDEPENDENT,0,395,395
2021,MLA,29,223,165,M,"VAIRAMUTHU, D",INDEPENDENT,0,395,395
2021,MLA,29,223,165,M,NOTA,,3,395,395
2021,MLA,29,224,165,A(W),"SELVAPERUNTHAGAI, K",INDIAN NATIONAL CONGRESS,308,401,401
2021,MLA,29,224,165,A(W),"PALANI, K",ALL INDIA ANNA DRAVIDA MUNNETRA KAZHAGAM,57,401,401
2021,MLA,29,224,165,A(W),"VINOTH, E",BAHUJAN SAMAJ PARTY,1,401,401
2021,MLA,29,224,165,A(W),"THANIGAIVEL, M",MAKKAL NEEDHI MAIAM,8,401,401
2021,MLA,29,224,165,A(W),"PUSHPARAJ, D",NAAM TAMILAR KATCHI,21,401,401
2021,MLA,29,224,165,A(W),"PERUMAL, R",AMMA MAKKAL MUNNETTRA KAZAGAM,1,401,401
2021,MLA,29,224,165,A(W),"LOKESH, E",DESIYA MAKKAL SAKTHI KATCHI,1,401,401
2021,MLA,29,224,165,A(W),"SAROJA, S",INDEPENDENT,0,401,401
2021,MLA,29,224,165,A(W),"SUDHAKAR, P",INDEPENDENT,0,401,401
2021,MLA,29,224,165,A(W),"DEVARAJAN, K",INDEPENDENT,0,401,401
2021,MLA,29,224,165,A(W),"PARTHIBAN, M",INDEPENDENT,0,401,401
2021,MLA,29,224,165,A(W),"LEENA, V",INDEPENDENT,0,401,401
2021,MLA,29,224,165,A(W),"VASANTHI, E",INDEPENDENT,0,401,401
2021,MLA,29,224,165,A(W),"VEDHAGIRI, R",INDEPENDENT,0,401,401
2021,MLA,29,224,165,A(W),"VAIRAMUTHU, D",INDEPENDENT,2,401,401
2021,MLA,29,224,165,A(W),NOTA,,2,401,401
2021,MLA,29,225,166,M,"SELVAPERUNTHAGAI, K",INDIAN NATIONAL CONGRESS,319,415,415
2021,MLA,29,225,166,M,"PALANI, K",ALL INDIA ANNA DRAVIDA MUNNETRA KAZHAGAM,55,415,415
2021,MLA,29,225,166,M,"VINOTH, E",BAHUJAN SAMAJ PARTY,0,415,415
2021,MLA,29,225,166,M,"THANIGAIVEL, M",MAKKAL NEEDHI MAIAM,9,415,415
2021,MLA,29,225,166,M,"PUSHPARAJ, D",NAAM TAMILAR KATCHI,26,415,415
2021,MLA,29,225,166,M,"PERUMAL, R",AMMA MAKKAL MUNNETTRA KAZAGAM,2,415,415
2021,MLA,29,225,166,M,"LOKESH, E",DESIYA MAKKAL SAKTHI KATCHI,0,415,415
2021,MLA,29,225,166,M,"SAROJA, S",INDEPENDENT,0,415,415
2021,MLA,29,225,166,M,"SUDHAKAR, P",INDEPENDENT,2,415,415
2021,MLA,29,225,166,M,"DEVARAJAN, K",INDEPENDENT,0,415,415
2021,MLA,29,225,166,M,"PARTHIBAN, M",INDEPENDENT,0,415,415
2021,MLA,29,225,166,M,"LEENA, V",INDEPENDENT,0,415,415
2021,MLA,29,225,166,M,"VASANTHI, E",INDEPENDENT,0,415,415
2021,MLA,29,225,166,M,"VEDHAGIRI, R",INDEPENDENT,0,415,415
2021,MLA,29,225,166,M,"VAIRAMUTHU, D",INDEPENDENT,1,415,415
2021,MLA,29,225,166,M,NOTA,,1,415,415
2021,MLA,29,226,166,A(W),"SELVAPERUNTHAGAI, K",INDIAN NATIONAL CONGRESS,352,438,438
2021,MLA,29,226,166,A(W),"PALANI, K",ALL INDIA ANNA DRAVIDA MUNNETRA KAZHAGAM,50,438,438
2021,MLA,29,226,166,A(W),"VINOTH, E",BAHUJAN SAMAJ PARTY,0,438,438
2021,MLA,29,226,166,A(W),"THANIGAIVEL, M",MAKKAL NEEDHI MAIAM,10,438,438
2021,MLA,29,226,166,A(W),"PUSHPARAJ, D",NAAM TAMILAR KATCHI,18,438,438
2021,MLA,29,226,166,A(W),"PERUMAL, R",AMMA MAKKAL MUNNETTRA KAZAGAM,0,438,438
2021,MLA,29,226,166,A(W),"LOKESH, E",DESIYA MAKKAL SAKTHI KATCHI,0,438,438
2021,MLA,29,226,166,A(W),"SAROJA, S",INDEPENDENT,0,438,438
2021,MLA,29,226,166,A(W),"SUDHAKAR, P",INDEPENDENT,0,438,438
2021,MLA,29,226,166,A(W),"DEVARAJAN, K",INDEPENDENT,0,438,438
2021,MLA,29,226,166,A(W),"PARTHIBAN, M",INDEPENDENT,0,438,438
2021,MLA,29,226,166,A(W),"LEENA, V",INDEPENDENT,0,438,438
2021,MLA,29,226,166,A(W),"VASANTHI, E",INDEPENDENT,1,438,438
2021,MLA,29,226,166,A(W),"VEDHAGIRI, R",INDEPENDENT,1,438,438
2021,MLA,29,226,166,A(W),"VAIRAMUTHU, D",INDEPENDENT,1,438,438
2021,MLA,29,226,166,A(W),NOTA,,5,438,438
2021,MLA,29,227,167,M,"SELVAPERUNTHAGAI, K",INDIAN NATIONAL CONGRESS,280,437,437
2021,MLA,29,227,167,M,"PALANI, K",ALL INDIA ANNA DRAVIDA MUNNETRA KAZHAGAM,114,437,437
2021,MLA,29,227,167,M,"VINOTH, E",BAHUJAN SAMAJ PARTY,1,437,437
2021,MLA,29,227,167,M,"THANIGAIVEL, M",MAKKAL NEEDHI MAIAM,1,437,437
2021,MLA,29,227,167,M,"PUSHPARAJ, D",NAAM TAMILAR KATCHI,27,437,437
2021,MLA,29,227,167,M,"PERUMAL, R",AMMA MAKKAL MUNNETTRA KAZAGAM,5,437,437
2021,MLA,29,227,167,M,"LOKESH, E",DESIYA MAKKAL SAKTHI KATCHI,0,437,437
2021,MLA,29,227,167,M,"SAROJA, S",INDEPENDENT,1,437,437
2021,MLA,29,227,167,M,"SUDHAKAR, P",INDEPENDENT,0,437,437
2021,MLA,29,227,167,M,"DEVARAJAN, K",INDEPENDENT,0,437,437
2021,MLA,29,227,167,M,"PARTHIBAN, M",INDEPENDENT,0,437,437
2021,MLA,29,227,167,M,"LEENA, V",INDEPENDENT,0,437,437
2021,MLA,29,227,167,M,"VASANTHI, E",INDEPENDENT,0,437,437
2021,MLA,29,227,167,M,"VEDHAGIRI, R",INDEPENDENT,0,437,437
2021,MLA,29,227,167,M,"VAIRAMUTHU, D",INDEPENDENT,0,437,437
2021,MLA,29,227,167,M,NOTA,,8,437,437
2021,MLA,29,228,167,A(W),"SELVAPERUNTHAGAI, K",INDIAN NATIONAL CONGRESS,304,456,456
2021,MLA,29,228,167,A(W),"PALANI, K",ALL INDIA ANNA DRAVIDA MUNNETRA KAZHAGAM,117,456,456
2021,MLA,29,228,167,A(W),"VINOTH, E",BAHUJAN SAMAJ PARTY,0,456,456
2021,MLA,29,228,167,A(W),"THANIGAIVEL, M",MAKKAL NEEDHI MAIAM,6,456,456
2021,MLA,29,228,167,A(W),"PUSHPARAJ, D",NAAM TAMILAR KATCHI,13,456,456
2021,MLA,29,228,167,A(W),"PERUMAL, R",AMMA MAKKAL MUNNETTRA KAZAGAM,2,456,456
2021,MLA,29,228,167,A(W),"LOKESH, E",DESIYA MAKKAL SAKTHI KATCHI,0,456,456
2021,MLA,29,228,167,A(W),"SAROJA, S",INDEPENDENT,1,456,456
2021,MLA,29,228,167,A(W),"SUDHAKAR, P",INDEPENDENT,0,456,456
2021,MLA,29,228,167,A(W),"DEVARAJAN, K",INDEPENDENT,0,456,456
2021,MLA,29,228,167,A(W),"PARTHIBAN, M",INDEPENDENT,0,456,456
2021,MLA,29,228,167,A(W),"LEENA, V",INDEPENDENT,0,456,456
2021,MLA,29,228,167,A(W),"VASANTHI, E",INDEPENDENT,0,456,456
2021,MLA,29,228,167,A(W),"VEDHAGIRI, R",INDEPENDENT,0,456,456
2021,MLA,29,228,167,A(W),"VAIRAMUTHU, D",INDEPENDENT,11,456,456
2021,MLA,29,228,167,A(W),NOTA,,2,456,456
2021,MLA,29,229,168,M,"SELVAPERUNTHAGAI, K",INDIAN NATIONAL CONGRESS,221,478,478
2021,MLA,29,229,168,M,"PALANI, K",ALL INDIA ANNA DRAVIDA MUNNETRA KAZHAGAM,132,478,478
2021,MLA,29,229,168,M,"VINOTH, E",BAHUJAN SAMAJ PARTY,0,478,478
2021,MLA,29,229,168,M,"THANIGAIVEL, M",MAKKAL NEEDHI MAIAM,19,478,478
2021,MLA,29,229,168,M,"PUSHPARAJ, D",NAAM TAMILAR KATCHI,92,478,478
2021,MLA,29,229,168,M,"PERUMAL, R",AMMA MAKKAL MUNNETTRA KAZAGAM,4,478,478
2021,MLA,29,229,168,M,"LOKESH, E",DESIYA MAKKAL SAKTHI KATCHI,1,478,478
2021,MLA,29,229,168,M,"SAROJA, S",INDEPENDENT,0,478,478
2021,MLA,29,229,168,M,"SUDHAKAR, P",INDEPENDENT,0,478,478
2021,MLA,29,229,168,M,"DEVARAJAN, K",INDEPENDENT,1,478,478
2021,MLA,29,229,168,M,"PARTHIBAN, M",INDEPENDENT,0,478,478
2021,MLA,29,229,168,M,"LEENA, V",INDEPENDENT,1,478,478
2021,MLA,29,229,168,M,"VASANTHI, E",INDEPENDENT,0,478,478
2021,MLA,29,229,168,M,"VEDHAGIRI, R",INDEPENDENT,0,478,478
2021,MLA,29,229,168,M,"VAIRAMUTHU, D",INDEPENDENT,3,478,478
2021,MLA,29,229,168,M,NOTA,,4,478,478
2021,MLA,29,230,168,A(W),"SELVAPERUNTHAGAI, K",INDIAN NATIONAL CONGRESS,215,439,439
2021,MLA,29,230,168,A(W),"PALANI, K",ALL INDIA ANNA DRAVIDA MUNNETRA KAZHAGAM,144,439,439
2021,MLA,29,230,168,A(W),"VINOTH, E",BAHUJAN SAMAJ PARTY,0,439,439
2021,MLA,29,230,168,A(W),"THANIGAIVEL, M",MAKKAL NEEDHI MAIAM,11,439,439
2021,MLA,29,230,168,A(W),"PUSHPARAJ, D",NAAM TAMILAR KATCHI,57,439,439
2021,MLA,29,230,168,A(W),"PERUMAL, R",AMMA MAKKAL MUNNETTRA KAZAGAM,2,439,439
2021,MLA,29,230,168,A(W),"LOKESH, E",DESIYA MAKKAL SAKTHI KATCHI,0,439,439
2021,MLA,29,230,168,A(W),"SAROJA, S",INDEPENDENT,2,439,439
2021,MLA,29,230,168,A(W),"SUDHAKAR, P",INDEPENDENT,0,439,439
2021,MLA,29,230,168,A(W),"DEVARAJAN, K",INDEPENDENT,1,439,439
2021,MLA,29,230,168,A(W),"PARTHIBAN, M",INDEPENDENT,0,439,439
2021,MLA,29,230,168,A(W),"LEENA, V",INDEPENDENT,1,439,439
2021,MLA,29,230,168,A(W),"VASANTHI, E",INDEPENDENT,1,439,439
2021,MLA,29,230,168,A(W),"VEDHAGIRI, R",INDEPENDENT,2,439,439
2021,MLA,29,230,168,A(W),"VAIRAMUTHU, D",INDEPENDENT,0,439,439
2021,MLA,29,230,168,A(W),NOTA,,3,439,439
2021,MLA,29,231,169,M,"SELVAPERUNTHAGAI, K",INDIAN NATIONAL CONGRESS,326,395,395
2021,MLA,29,231,169,M,"PALANI, K",ALL INDIA ANNA DRAVIDA MUNNETRA KAZHAGAM,38,395,395
2021,MLA,29,231,169,M,"VINOTH, E",BAHUJAN SAMAJ PARTY,0,395,395
2021,MLA,29,231,169,M,"THANIGAIVEL, M",MAKKAL NEEDHI MAIAM,8,395,395
2021,MLA,29,231,169,M,"PUSHPARAJ, D",NAAM TAMILAR KATCHI,19,395,395
2021,MLA,29,231,169,M,"PERUMAL, R",AMMA MAKKAL MUNNETTRA KAZAGAM,2,395,395
2021,MLA,29,231,169,M,"LOKESH, E",DESIYA MAKKAL SAKTHI KATCHI,0,395,395
2021,MLA,29,231,169,M,"SAROJA, S",INDEPENDENT,0,395,395
2021,MLA,29,231,169,M,"SUDHAKAR, P",INDEPENDENT,0,395,395
2021,MLA,29,231,169,M,"DEVARAJAN, K",INDEPENDENT,0,395,395
2021,MLA,29,231,169,M,"PARTHIBAN, M",INDEPENDENT,0,395,395
2021,MLA,29,231,169,M,"LEENA, V",INDEPENDENT,1,395,395
2021,MLA,29,231,169,M,"VASANTHI, E",INDEPENDENT,0,395,395
2021,MLA,29,231,169,M,"VEDHAGIRI, R",INDEPENDENT,0,395,395
2021,MLA,29,231,169,M,"VAIRAMUTHU, D",INDEPENDENT,1,395,395
2021,MLA,29,231,169,M,NOTA,,0,395,395
2021,MLA,29,232,169,A(W),"SELVAPERUNTHAGAI, K",INDIAN NATIONAL CONGRESS,352,416,416
2021,MLA,29,232,169,A(W),"PALANI, K",ALL INDIA ANNA DRAVIDA MUNNETRA KAZHAGAM,45,416,416
2021,MLA,29,232,169,A(W),"VINOTH, E",BAHUJAN SAMAJ PARTY,1,416,416
2021,MLA,29,232,169,A(W),"THANIGAIVEL, M",MAKKAL NEEDHI MAIAM,5,416,416
2021,MLA,29,232,169,A(W),"PUSHPARAJ, D",NAAM TAMILAR KATCHI,8,416,416
2021,MLA,29,232,169,A(W),"PERUMAL, R",AMMA MAKKAL MUNNETTRA KAZAGAM,2,416,416
2021,MLA,29,232,169,A(W),"LOKESH, E",DESIYA MAKKAL SAKTHI KATCHI,0,416,416
2021,MLA,29,232,169,A(W),"SAROJA, S",INDEPENDENT,0,416,416
2021,MLA,29,232,169,A(W),"SUDHAKAR, P",INDEPENDENT,0,416,416
2021,MLA,29,232,169,A(W),"DEVARAJAN, K",INDEPENDENT,0,416,416
2021,MLA,29,232,169,A(W),"PARTHIBAN, M",INDEPENDENT,0,416,416
2021,MLA,29,232,169,A(W),"LEENA, V",INDEPENDENT,0,416,416
2021,MLA,29,232,169,A(W),"VASANTHI, E",INDEPENDENT,0,416,416
2021,MLA,29,232,169,A(W),"VEDHAGIRI, R",INDEPENDENT,0,416,416
2021,MLA,29,232,169,A(W),"VAIRAMUTHU, D",INDEPENDENT,1,416,416
2021,MLA,29,232,169,A(W),NOTA,,2,416,416
2021,MLA,29,233,170,M,"SELVAPERUNTHAGAI, K",INDIAN NATIONAL CONGRESS,170,405,405
2021,MLA,29,233,170,M,"PALANI, K",ALL INDIA ANNA DRAVIDA MUNNETRA KAZHAGAM,181,405,405
2021,MLA,29,233,170,M,"VINOTH, E",BAHUJAN SAMAJ PARTY,0,405,405
2021,MLA,29,233,170,M,"THANIGAIVEL, M",MAKKAL NEEDHI MAIAM,13,405,405
2021,MLA,29,233,170,M,"PUSHPARAJ, D",NAAM TAMILAR KATCHI,30,405,405
2021,MLA,29,233,170,M,"PERUMAL, R",AMMA MAKKAL MUNNETTRA KAZAGAM,4,405,405
2021,MLA,29,233,170,M,"LOKESH, E",DESIYA MAKKAL SAKTHI KATCHI,0,405,405
2021,MLA,29,233,170,M,"SAROJA, S",INDEPENDENT,0,405,405
2021,MLA,29,233,170,M,"SUDHAKAR, P",INDEPENDENT,0,405,405
2021,MLA,29,233,170,M,"DEVARAJAN, K",INDEPENDENT,0,405,405
2021,MLA,29,233,170,M,"PARTHIBAN, M",INDEPENDENT,0,405,405
2021,MLA,29,233,170,M,"LEENA, V",INDEPENDENT,0,405,405
2021,MLA,29,233,170,M,"VASANTHI, E",INDEPENDENT,0,405,405
2021,MLA,29,233,170,M,"VEDHAGIRI, R",INDEPENDENT,1,405,405
2021,MLA,29,233,170,M,"VAIRAMUTHU, D",INDEPENDENT,1,405,405
2021,MLA,29,233,170,M,NOTA,,5,405,405
2021,MLA,29,234,170,A(W),"SELVAPERUNTHAGAI, K",INDIAN NATIONAL CONGRESS,178,406,406
2021,MLA,29,234,170,A(W),"PALANI, K",ALL INDIA ANNA DRAVIDA MUNNETRA KAZHAGAM,193,406,406
2021,MLA,29,234,170,A(W),"VINOTH, E",BAHUJAN SAMAJ PARTY,1,406,406
2021,MLA,29,234,170,A(W),"THANIGAIVEL, M",MAKKAL NEEDHI MAIAM,6,406,406
2021,MLA,29,234,170,A(W),"PUSHPARAJ, D",NAAM TAMILAR KATCHI,13,406,406
2021,MLA,29,234,170,A(W),"PERUMAL, R",AMMA MAKKAL MUNNETTRA KAZAGAM,2,406,406
2021,MLA,29,234,170,A(W),"LOKESH, E",DESIYA MAKKAL SAKTHI KATCHI,0,406,406
2021,MLA,29,234,170,A(W),"SAROJA, S",INDEPENDENT,1,406,406
2021,MLA,29,234,170,A(W),"SUDHAKAR, P",INDEPENDENT,0,406,406
2021,MLA,29,234,170,A(W),"DEVARAJAN, K",INDEPENDENT,0,406,406
2021,MLA,29,234,170,A(W),"PARTHIBAN, M",INDEPENDENT,0,406,406
2021,MLA,29,234,170,A(W),"LEENA, V",INDEPENDENT,0,406,406
2021,MLA,29,234,170,A(W),"VASANTHI, E",INDEPENDENT,1,406,406
2021,MLA,29,234,170,A(W),"VEDHAGIRI, R",INDEPENDENT,0,406,406
2021,MLA,29,234,170,A(W),"VAIRAMUTHU, D",INDEPENDENT,5,406,406
2021,MLA,29,234,170,A(W),NOTA,,6,406,406
2021,MLA,29,235,171,M,"SELVAPERUNTHAGAI, K",INDIAN NATIONAL CONGRESS,229,530,530
2021,MLA,29,235,171,M,"PALANI, K",ALL INDIA ANNA DRAVIDA MUNNETRA KAZHAGAM,198,530,530
2021,MLA,29,235,171,M,"VINOTH, E",BAHUJAN SAMAJ PARTY,1,530,530
2021,MLA,29,235,171,M,"THANIGAIVEL, M",MAKKAL NEEDHI MAIAM,16,530,530
2021,MLA,29,235,171,M,"PUSHPARAJ, D",NAAM TAMILAR KATCHI,63,530,530
2021,MLA,29,235,171,M,"PERUMAL, R",AMMA MAKKAL MUNNETTRA KAZAGAM,4,530,530
2021,MLA,29,235,171,M,"LOKESH, E",DESIYA MAKKAL SAKTHI KATCHI,0,530,530
2021,MLA,29,235,171,M,"SAROJA, S",INDEPENDENT,0,530,530
2021,MLA,29,235,171,M,"SUDHAKAR, P",INDEPENDENT,1,530,530
2021,MLA,29,235,171,M,"DEVARAJAN, K",INDEPENDENT,1,530,530
2021,MLA,29,235,171,M,"PARTHIBAN, M",INDEPENDENT,0,530,530
2021,MLA,29,235,171,M,"LEENA, V",INDEPENDENT,0,530,530
2021,MLA,29,235,171,M,"VASANTHI, E",INDEPENDENT,1,530,530
2021,MLA,29,235,171,M,"VEDHAGIRI, R",INDEPENDENT,1,530,530
2021,MLA,29,235,171,M,"VAIRAMUTHU, D",INDEPENDENT,6,530,530
2021,MLA,29,235,171,M,NOTA,,9,530,530
2021,MLA,29,236,171,A(W),"SELVAPERUNTHAGAI, K",INDIAN NATIONAL CONGRESS,206,466,466
2021,MLA,29,236,171,A(W),"PALANI, K",ALL INDIA ANNA DRAVIDA MUNNETRA KAZHAGAM,212,466,466
2021,MLA,29,236,171,A(W),"VINOTH, E",BAHUJAN SAMAJ PARTY,1,466,466
2021,MLA,29,236,171,A(W),"THANIGAIVEL, M",MAKKAL NEEDHI MAIAM,11,466,466
2021,MLA,29,236,171,A(W),"PUSHPARAJ, D",NAAM TAMILAR KATCHI,27,466,466
2021,MLA,29,236,171,A(W),"PERUMAL, R",AMMA MAKKAL MUNNETTRA KAZAGAM,1,466,466
2021,MLA,29,236,171,A(W),"LOKESH, E",DESIYA MAKKAL SAKTHI KATCHI,0,466,466
2021,MLA,29,236,171,A(W),"SAROJA, S",INDEPENDENT,0,466,466
2021,MLA,29,236,171,A(W),"SUDHAKAR, P",INDEPENDENT,0,466,466
2021,MLA,29,236,171,A(W),"DEVARAJAN, K",INDEPENDENT,0,466,466
2021,MLA,29,236,171,A(W),"PARTHIBAN, M",INDEPENDENT,0,466,466
2021,MLA,29,236,171,A(W),"LEENA, V",INDEPENDENT,0,466,466
2021,MLA,29,236,171,A(W),"VASANTHI, E",INDEPENDENT,0,466,466
2021,MLA,29,236,171,A(W),"VEDHAGIRI, R",INDEPENDENT,0,466,466
2021,MLA,29,236,171,A(W),"VAIRAMUTHU, D",INDEPENDENT,5,466,466
2021,MLA,29,236,171,A(W),NOTA,,3,466,466
2021,MLA,29,237,172,,"SELVAPERUNTHAGAI, K",INDIAN NATIONAL CONGRESS,180,500,500
2021,MLA,29,237,172,,"PALANI, K",ALL INDIA ANNA DRAVIDA MUNNETRA KAZHAGAM,222,500,500
2021,MLA,29,237,172,,"VINOTH, E",BAHUJAN SAMAJ PARTY,1,500,500
2021,MLA,29,237,172,,"THANIGAIVEL, M",MAKKAL NEEDHI MAIAM,17,500,500
2021,MLA,29,237,172,,"PUSHPARAJ, D",NAAM TAMILAR KATCHI,62,500,500
2021,MLA,29,237,172,,"PERUMAL, R",AMMA MAKKAL MUNNETTRA KAZAGAM,1,500,500
2021,MLA,29,237,172,,"LOKESH, E",DESIYA MAKKAL SAKTHI KATCHI,0,500,500
2021,MLA,29,237,172,,"SAROJA, S",INDEPENDENT,1,500,500
2021,MLA,29,237,172,,"SUDHAKAR, P",INDEPENDENT,0,500,500
2021,MLA,29,237,172,,"DEVARAJAN, K",INDEPENDENT,0,500,500
2021,MLA,29,237,172,,"PARTHIBAN, M",INDEPENDENT,0,500,500
2021,MLA,29,237,172,,"LEENA, V",INDEPENDENT,0,500,500
2021,MLA,29,237,172,,"VASANTHI, E",INDEPENDENT,0,500,500
2021,MLA,29,237,172,,"VEDHAGIRI, R",INDEPENDENT,0,500,500
2021,MLA,29,237,172,,"VAIRAMUTHU, D",INDEPENDENT,14,500,500
2021,MLA,29,237,172,,NOTA,,2,500,500
2021,MLA,29,238,173,,"SELVAPERUNTHAGAI, K",INDIAN NATIONAL CONGRESS,252,629,629
2021,MLA,29,238,173,,"PALANI, K",ALL INDIA ANNA DRAVIDA MUNNETRA KAZHAGAM,254,629,629
2021,MLA,29,238,173,,"VINOTH, E",BAHUJAN SAMAJ PARTY,1,629,629
2021,MLA,29,238,173,,"THANIGAIVEL, M",MAKKAL NEEDHI MAIAM,40,629,629
2021,MLA,29,238,173,,"PUSHPARAJ, D",NAAM TAMILAR KATCHI,56,629,629
2021,MLA,29,238,173,,"PERUMAL, R",AMMA MAKKAL MUNNETTRA KAZAGAM,15,629,629
2021,MLA,29,238,173,,"LOKESH, E",DESIYA MAKKAL SAKTHI KATCHI,0,629,629
2021,MLA,29,238,173,,"SAROJA, S",INDEPENDENT,1,629,629
2021,MLA,29,238,173,,"SUDHAKAR, P",INDEPENDENT,0,629,629
2021,MLA,29,238,173,,"DEVARAJAN, K",INDEPENDENT,0,629,629
2021,MLA,29,238,173,,"PARTHIBAN, M",INDEPENDENT,0,629,629
2021,MLA,29,238,173,,"LEENA, V",INDEPENDENT,0,629,629
2021,MLA,29,238,173,,"VASANTHI, E",INDEPENDENT,0,629,629
2021,MLA,29,238,173,,"VEDHAGIRI, R",INDEPENDENT,0,629,629
2021,MLA,29,238,173,,"VAIRAMUTHU, D",INDEPENDENT,3,629,629
2021,MLA,29,238,173,,NOTA,,7,629,629
2021,MLA,29,239,174,M,"SELVAPERUNTHAGAI, K",INDIAN NATIONAL CONGRESS,201,485,485
2021,MLA,29,239,174,M,"PALANI, K",ALL INDIA ANNA DRAVIDA MUNNETRA KAZHAGAM,147,485,485
2021,MLA,29,239,174,M,"VINOTH, E",BAHUJAN SAMAJ PARTY,2,485,485
2021,MLA,29,239,174,M,"THANIGAIVEL, M",MAKKAL NEEDHI MAIAM,45,485,485
2021,MLA,29,239,174,M,"PUSHPARAJ, D",NAAM TAMILAR KATCHI,70,485,485
2021,MLA,29,239,174,M,"PERUMAL, R",AMMA MAKKAL MUNNETTRA KAZAGAM,6,485,485
2021,MLA,29,239,174,M,"LOKESH, E",DESIYA MAKKAL SAKTHI KATCHI,1,485,485
2021,MLA,29,239,174,M,"SAROJA, S",INDEPENDENT,1,485,485
2021,MLA,29,239,174,M,"SUDHAKAR, P",INDEPENDENT,0,485,485
2021,MLA,29,239,174,M,"DEVARAJAN, K",INDEPENDENT,1,485,485
2021,MLA,29,239,174,M,"PARTHIBAN, M",INDEPENDENT,0,485,485
2021,MLA,29,239,174,M,"LEENA, V",INDEPENDENT,0,485,485
2021,MLA,29,239,174,M,"VASANTHI, E",INDEPENDENT,2,485,485
2021,MLA,29,239,174,M,"VEDHAGIRI, R",INDEPENDENT,0,485,485
2021,MLA,29,239,174,M,"VAIRAMUTHU, D",INDEPENDENT,4,485,485
2021,MLA,29,239,174,M,NOTA,,5,485,485
2021,MLA,29,240,174,A(W),"SELVAPERUNTHAGAI, K",INDIAN NATIONAL CONGRESS,192,485,485
2021,MLA,29,240,174,A(W),"PALANI, K",ALL INDIA ANNA DRAVIDA MUNNETRA KAZHAGAM,194,485,485
2021,MLA,29,240,174,A(W),"VINOTH, E",BAHUJAN SAMAJ PARTY,1,485,485
2021,MLA,29,240,174,A(W),"THANIGAIVEL, M",MAKKAL NEEDHI MAIAM,43,485,485
2021,MLA,29,240,174,A(W),"PUSHPARAJ, D",NAAM TAMILAR KATCHI,37,485,485
2021,MLA,29,240,174,A(W),"PERUMAL, R",AMMA MAKKAL MUNNETTRA KAZAGAM,3,485,485
2021,MLA,29,240,174,A(W),"LOKESH, E",DESIYA MAKKAL SAKTHI KATCHI,0,485,485
2021,MLA,29,240,174,A(W),"SAROJA, S",INDEPENDENT,1,485,485
2021,MLA,29,240,174,A(W),"SUDHAKAR, P",INDEPENDENT,0,485,485
2021,MLA,29,240,174,A(W),"DEVARAJAN, K",INDEPENDENT,0,485,485
2021,MLA,29,240,174,A(W),"PARTHIBAN, M",INDEPENDENT,0,485,485
2021,MLA,29,240,174,A(W),"LEENA, V",INDEPENDENT,1,485,485
2021,MLA,29,240,174,A(W),"VASANTHI, E",INDEPENDENT,0,485,485
2021,MLA,29,240,174,A(W),"VEDHAGIRI, R",INDEPENDENT,0,485,485
2021,MLA,29,240,174,A(W),"VAIRAMUTHU, D",INDEPENDENT,3,485,485
2021,MLA,29,240,174,A(W),NOTA,,10,485,485
2021,MLA,29,241,175,M,"SELVAPERUNTHAGAI, K",INDIAN NATIONAL CONGRESS,184,464,464
2021,MLA,29,241,175,M,"PALANI, K",ALL INDIA ANNA DRAVIDA MUNNETRA KAZHAGAM,148,464,464
2021,MLA,29,241,175,M,"VINOTH, E",BAHUJAN SAMAJ PARTY,1,464,464
2021,MLA,29,241,175,M,"THANIGAIVEL, M",MAKKAL NEEDHI MAIAM,39,464,464
2021,MLA,29,241,175,M,"PUSHPARAJ, D",NAAM TAMILAR KATCHI,75,464,464
2021,MLA,29,241,175,M,"PERUMAL, R",AMMA MAKKAL MUNNETTRA KAZAGAM,5,464,464
2021,MLA,29,241,175,M,"LOKESH, E",DESIYA MAKKAL SAKTHI KATCHI,0,464,464
2021,MLA,29,241,175,M,"SAROJA, S",INDEPENDENT,0,464,464
2021,MLA,29,241,175,M,"SUDHAKAR, P",INDEPENDENT,0,464,464
2021,MLA,29,241,175,M,"DEVARAJAN, K",INDEPENDENT,0,464,464
2021,MLA,29,241,175,M,"PARTHIBAN, M",INDEPENDENT,0,464,464
2021,MLA,29,241,175,M,"LEENA, V",INDEPENDENT,0,464,464
2021,MLA,29,241,175,M,"VASANTHI, E",INDEPENDENT,0,464,464
2021,MLA,29,241,175,M,"VEDHAGIRI, R",INDEPENDENT,0,464,464
2021,MLA,29,241,175,M,"VAIRAMUTHU, D",INDEPENDENT,8,464,464
2021,MLA,29,241,175,M,NOTA,,4,464,464
2021,MLA,29,242,175,A(W),"SELVAPERUNTHAGAI, K",INDIAN NATIONAL CONGRESS,161,400,400
2021,MLA,29,242,175,A(W),"PALANI, K",ALL INDIA ANNA DRAVIDA MUNNETRA KAZHAGAM,144,400,400
2021,MLA,29,242,175,A(W),"VINOTH, E",BAHUJAN SAMAJ PARTY,0,400,400
2021,MLA,29,242,175,A(W),"THANIGAIVEL, M",MAKKAL NEEDHI MAIAM,46,400,400
2021,MLA,29,242,175,A(W),"PUSHPARAJ, D",NAAM TAMILAR KATCHI,41,400,400
2021,MLA,29,242,175,A(W),"PERUMAL, R",AMMA MAKKAL MUNNETTRA KAZAGAM,1,400,400
2021,MLA,29,242,175,A(W),"LOKESH, E",DESIYA MAKKAL SAKTHI KATCHI,0,400,400
2021,MLA,29,242,175,A(W),"SAROJA, S",INDEPENDENT,0,400,400
2021,MLA,29,242,175,A(W),"SUDHAKAR, P",INDEPENDENT,0,400,400
2021,MLA,29,242,175,A(W),"DEVARAJAN, K",INDEPENDENT,0,400,400
2021,MLA,29,242,175,A(W),"PARTHIBAN, M",INDEPENDENT,0,400,400
2021,MLA,29,242,175,A(W),"LEENA, V",INDEPENDENT,0,400,400
2021,MLA,29,242,175,A(W),"VASANTHI, E",INDEPENDENT,0,400,400
2021,MLA,29,242,175,A(W),"VEDHAGIRI, R",INDEPENDENT,0,400,400
2021,MLA,29,242,175,A(W),"VAIRAMUTHU, D",INDEPENDENT,7,400,400
2021,MLA,29,242,175,A(W),NOTA,,0,400,400
2021,MLA,29,243,176,,"SELVAPERUNTHAGAI, K",INDIAN NATIONAL CONGRESS,213,635,635
2021,MLA,29,243,176,,"PALANI, K",ALL INDIA ANNA DRAVIDA MUNNETRA KAZHAGAM,324,635,635
2021,MLA,29,243,176,,"VINOTH, E",BAHUJAN SAMAJ PARTY,2,635,635
2021,MLA,29,243,176,,"THANIGAIVEL, M",MAKKAL NEEDHI MAIAM,20,635,635
2021,MLA,29,243,176,,"PUSHPARAJ, D",NAAM TAMILAR KATCHI,62,635,635
2021,MLA,29,243,176,,"PERUMAL, R",AMMA MAKKAL MUNNETTRA KAZAGAM,3,635,635
2021,MLA,29,243,176,,"LOKESH, E",DESIYA MAKKAL SAKTHI KATCHI,0,635,635
2021,MLA,29,243,176,,"SAROJA, S",INDEPENDENT,0,635,635
2021,MLA,29,243,176,,"SUDHAKAR, P",INDEPENDENT,1,635,635
2021,MLA,29,243,176,,"DEVARAJAN, K",INDEPENDENT,0,635,635
2021,MLA,29,243,176,,"PARTHIBAN, M",INDEPENDENT,0,635,635
2021,MLA,29,243,176,,"LEENA, V",INDEPENDENT,0,635,635
2021,MLA,29,243,176,,"VASANTHI, E",INDEPENDENT,0,635,635
2021,MLA,29,243,176,,"VEDHAGIRI, R",INDEPENDENT,0,635,635
2021,MLA,29,243,176,,"VAIRAMUTHU, D",INDEPENDENT,7,635,635
2021,MLA,29,243,176,,NOTA,,3,635,635
2021,MLA,29,244,177,M,"SELVAPERUNTHAGAI, K",INDIAN NATIONAL CONGRESS,141,475,475
2021,MLA,29,244,177,M,"PALANI, K",ALL INDIA ANNA DRAVIDA MUNNETRA KAZHAGAM,243,475,475
2021,MLA,29,244,177,M,"VINOTH, E",BAHUJAN SAMAJ PARTY,0,475,475
2021,MLA,29,244,177,M,"THANIGAIVEL, M",MAKKAL NEEDHI MAIAM,8,475,475
2021,MLA,29,244,177,M,"PUSHPARAJ, D",NAAM TAMILAR KATCHI,60,475,475
2021,MLA,29,244,177,M,"PERUMAL, R",AMMA MAKKAL MUNNETTRA KAZAGAM,4,475,475
2021,MLA,29,244,177,M,"LOKESH, E",DESIYA MAKKAL SAKTHI KATCHI,0,475,475
2021,MLA,29,244,177,M,"SAROJA, S",INDEPENDENT,0,475,475
2021,MLA,29,244,177,M,"SUDHAKAR, P",INDEPENDENT,0,475,475
2021,MLA,29,244,177,M,"DEVARAJAN, K",INDEPENDENT,0,475,475
2021,MLA,29,244,177,M,"PARTHIBAN, M",INDEPENDENT,0,475,475
2021,MLA,29,244,177,M,"LEENA, V",INDEPENDENT,0,475,475
2021,MLA,29,244,177,M,"VASANTHI, E",INDEPENDENT,0,475,475
2021,MLA,29,244,177,M,"VEDHAGIRI, R",INDEPENDENT,0,475,475
2021,MLA,29,244,177,M,"VAIRAMUTHU, D",INDEPENDENT,12,475,475
2021,MLA,29,244,177,M,NOTA,,7,475,475
2021,MLA,29,245,177,A(W),"SELVAPERUNTHAGAI, K",INDIAN NATIONAL CONGRESS,155,455,455
2021,MLA,29,245,177,A(W),"PALANI, K",ALL INDIA ANNA DRAVIDA MUNNETRA KAZHAGAM,247,455,455
2021,MLA,29,245,177,A(W),"VINOTH, E",BAHUJAN SAMAJ PARTY,3,455,455
2021,MLA,29,245,177,A(W),"THANIGAIVEL, M",MAKKAL NEEDHI MAIAM,12,455,455
2021,MLA,29,245,177,A(W),"PUSHPARAJ, D",NAAM TAMILAR KATCHI,18,455,455
2021,MLA,29,245,177,A(W),"PERUMAL, R",AMMA MAKKAL MUNNETTRA KAZAGAM,5,455,455
2021,MLA,29,245,177,A(W),"LOKESH, E",DESIYA MAKKAL SAKTHI KATCHI,0,455,455
2021,MLA,29,245,177,A(W),"SAROJA, S",INDEPENDENT,0,455,455
2021,MLA,29,245,177,A(W),"SUDHAKAR, P",INDEPENDENT,0,455,455
2021,MLA,29,245,177,A(W),"DEVARAJAN, K",INDEPENDENT,0,455,455
2021,MLA,29,245,177,A(W),"PARTHIBAN, M",INDEPENDENT,0,455,455
2021,MLA,29,245,177,A(W),"LEENA, V",INDEPENDENT,0,455,455
2021,MLA,29,245,177,A(W),"VASANTHI, E",INDEPENDENT,0,455,455
2021,MLA,29,245,177,A(W),"VEDHAGIRI, R",INDEPENDENT,1,455,455
2021,MLA,29,245,177,A(W),"VAIRAMUTHU, D",INDEPENDENT,13,455,455
2021,MLA,29,245,177,A(W),NOTA,,1,455,455
2021,MLA,29,246,178,M,"SELVAPERUNTHAGAI, K",INDIAN NATIONAL CONGRESS,206,571,571
2021,MLA,29,246,178,M,"PALANI, K",ALL INDIA ANNA DRAVIDA MUNNETRA KAZHAGAM,210,571,571
2021,MLA,29,246,178,M,"VINOTH, E",BAHUJAN SAMAJ PARTY,0,571,571
2021,MLA,29,246,178,M,"THANIGAIVEL, M",MAKKAL NEEDHI MAIAM,9,571,571
2021,MLA,29,246,178,M,"PUSHPARAJ, D",NAAM TAMILAR KATCHI,60,571,571
2021,MLA,29,246,178,M,"PERUMAL, R",AMMA MAKKAL MUNNETTRA KAZAGAM,3,571,571
2021,MLA,29,246,178,M,"LOKESH, E",DESIYA MAKKAL SAKTHI KATCHI,0,571,571
2021,MLA,29,246,178,M,"SAROJA, S",INDEPENDENT,4,571,571
2021,MLA,29,246,178,M,"SUDHAKAR, P",INDEPENDENT,0,571,571
2021,MLA,29,246,178,M,"DEVARAJAN, K",INDEPENDENT,0,571,571
2021,MLA,29,246,178,M,"PARTHIBAN, M",INDEPENDENT,0,571,571
2021,MLA,29,246,178,M,"LEENA, V",INDEPENDENT,1,571,571
2021,MLA,29,246,178,M,"VASANTHI, E",INDEPENDENT,0,571,571
2021,MLA,29,246,178,M,"VEDHAGIRI, R",INDEPENDENT,0,571,571
2021,MLA,29,246,178,M,"VAIRAMUTHU, D",INDEPENDENT,72,571,571
2021,MLA,29,246,178,M,NOTA,,6,571,571
2021,MLA,29,247,178,A(W),"SELVAPERUNTHAGAI, K",INDIAN NATIONAL CONGRESS,233,545,545
2021,MLA,29,247,178,A(W),"PALANI, K",ALL INDIA ANNA DRAVIDA MUNNETRA KAZHAGAM,212,545,545
2021,MLA,29,247,178,A(W),"VINOTH, E",BAHUJAN SAMAJ PARTY,2,545,545
2021,MLA,29,247,178,A(W),"THANIGAIVEL, M",MAKKAL NEEDHI MAIAM,17,545,545
2021,MLA,29,247,178,A(W),"PUSHPARAJ, D",NAAM TAMILAR KATCHI,33,545,545
2021,MLA,29,247,178,A(W),"PERUMAL, R",AMMA MAKKAL MUNNETTRA KAZAGAM,2,545,545
2021,MLA,29,247,178,A(W),"LOKESH, E",DESIYA MAKKAL SAKTHI KATCHI,0,545,545
2021,MLA,29,247,178,A(W),"SAROJA, S",INDEPENDENT,5,545,545
2021,MLA,29,247,178,A(W),"SUDHAKAR, P",INDEPENDENT,0,545,545
2021,MLA,29,247,178,A(W),"DEVARAJAN, K",INDEPENDENT,0,545,545
2021,MLA,29,247,178,A(W),"PARTHIBAN, M",INDEPENDENT,0,545,545
2021,MLA,29,247,178,A(W),"LEENA, V",INDEPENDENT,0,545,545
2021,MLA,29,247,178,A(W),"VASANTHI, E",INDEPENDENT,0,545,545
2021,MLA,29,247,178,A(W),"VEDHAGIRI, R",INDEPENDENT,1,545,545
2021,MLA,29,247,178,A(W),"VAIRAMUTHU, D",INDEPENDENT,40,545,545
2021,MLA,29,247,178,A(W),NOTA,,0,545,545
2021,MLA,29,248,179,M,"SELVAPERUNTHAGAI, K",INDIAN NATIONAL CONGRESS,206,478,478
2021,MLA,29,248,179,M,"PALANI, K",ALL INDIA ANNA DRAVIDA MUNNETRA KAZHAGAM,158,478,478
2021,MLA,29,248,179,M,"VINOTH, E",BAHUJAN SAMAJ PARTY,0,478,478
2021,MLA,29,248,179,M,"THANIGAIVEL, M",MAKKAL NEEDHI MAIAM,11,478,478
2021,MLA,29,248,179,M,"PUSHPARAJ, D",NAAM TAMILAR KATCHI,55,478,478
2021,MLA,29,248,179,M,"PERUMAL, R",AMMA MAKKAL MUNNETTRA KAZAGAM,6,478,478
2021,MLA,29,248,179,M,"LOKESH, E",DESIYA MAKKAL SAKTHI KATCHI,1,478,478
2021,MLA,29,248,179,M,"SAROJA, S",INDEPENDENT,0,478,478
2021,MLA,29,248,179,M,"SUDHAKAR, P",INDEPENDENT,0,478,478
2021,MLA,29,248,179,M,"DEVARAJAN, K",INDEPENDENT,0,478,478
2021,MLA,29,248,179,M,"PARTHIBAN, M",INDEPENDENT,0,478,478
2021,MLA,29,248,179,M,"LEENA, V",INDEPENDENT,0,478,478
2021,MLA,29,248,179,M,"VASANTHI, E",INDEPENDENT,0,478,478
2021,MLA,29,248,179,M,"VEDHAGIRI, R",INDEPENDENT,0,478,478
2021,MLA,29,248,179,M,"VAIRAMUTHU, D",INDEPENDENT,40,478,478
2021,MLA,29,248,179,M,NOTA,,1,478,478
2021,MLA,29,249,179,A(W),"SELVAPERUNTHAGAI, K",INDIAN NATIONAL CONGRESS,242,461,461
2021,MLA,29,249,179,A(W),"PALANI, K",ALL INDIA ANNA DRAVIDA MUNNETRA KAZHAGAM,173,461,461
2021,MLA,29,249,179,A(W),"VINOTH, E",BAHUJAN SAMAJ PARTY,0,461,461
2021,MLA,29,249,179,A(W),"THANIGAIVEL, M",MAKKAL NEEDHI MAIAM,8,461,461
2021,MLA,29,249,179,A(W),"PUSHPARAJ, D",NAAM TAMILAR KATCHI,19,461,461
2021,MLA,29,249,179,A(W),"PERUMAL, R",AMMA MAKKAL MUNNETTRA KAZAGAM,2,461,461
2021,MLA,29,249,179,A(W),"LOKESH, E",DESIYA MAKKAL SAKTHI KATCHI,0,461,461
2021,MLA,29,249,179,A(W),"SAROJA, S",INDEPENDENT,1,461,461
2021,MLA,29,249,179,A(W),"SUDHAKAR, P",INDEPENDENT,0,461,461
2021,MLA,29,249,179,A(W),"DEVARAJAN, K",INDEPENDENT,0,461,461
2021,MLA,29,249,179,A(W),"PARTHIBAN, M",INDEPENDENT,0,461,461
2021,MLA,29,249,179,A(W),"LEENA, V",INDEPENDENT,1,461,461
2021,MLA,29,249,179,A(W),"VASANTHI, E",INDEPENDENT,0,461,461
2021,MLA,29,249,179,A(W),"VEDHAGIRI, R",INDEPENDENT,0,461,461
2021,MLA,29,249,179,A(W),"VAIRAMUTHU, D",INDEPENDENT,11,461,461
2021,MLA,29,249,179,A(W),NOTA,,4,461,461
2021,MLA,29,250,180,M,"SELVAPERUNTHAGAI, K",INDIAN NATIONAL CONGRESS,235,557,557
2021,MLA,29,250,180,M,"PALANI, K",ALL INDIA ANNA DRAVIDA MUNNETRA KAZHAGAM,161,557,557
2021,MLA,29,250,180,M,"VINOTH, E",BAHUJAN SAMAJ PARTY,0,557,557
2021,MLA,29,250,180,M,"THANIGAIVEL, M",MAKKAL NEEDHI MAIAM,74,557,557
2021,MLA,29,250,180,M,"PUSHPARAJ, D",NAAM TAMILAR KATCHI,67,557,557
2021,MLA,29,250,180,M,"PERUMAL, R",AMMA MAKKAL MUNNETTRA KAZAGAM,7,557,557
2021,MLA,29,250,180,M,"LOKESH, E",DESIYA MAKKAL SAKTHI KATCHI,0,557,557
2021,MLA,29,250,180,M,"SAROJA, S",INDEPENDENT,0,557,557
2021,MLA,29,250,180,M,"SUDHAKAR, P",INDEPENDENT,0,557,557
2021,MLA,29,250,180,M,"DEVARAJAN, K",INDEPENDENT,0,557,557
2021,MLA,29,250,180,M,"PARTHIBAN, M",INDEPENDENT,0,557,557
2021,MLA,29,250,180,M,"LEENA, V",INDEPENDENT,0,557,557
2021,MLA,29,250,180,M,"VASANTHI, E",INDEPENDENT,0,557,557
2021,MLA,29,250,180,M,"VEDHAGIRI, R",INDEPENDENT,0,557,557
2021,MLA,29,250,180,M,"VAIRAMUTHU, D",INDEPENDENT,7,557,557
2021,MLA,29,250,180,M,NOTA,,6,557,557
2021,MLA,29,251,180,A(W),"SELVAPERUNTHAGAI, K",INDIAN NATIONAL CONGRESS,235,538,538
2021,MLA,29,251,180,A(W),"PALANI, K",ALL INDIA ANNA DRAVIDA MUNNETRA KAZHAGAM,178,538,538
2021,MLA,29,251,180,A(W),"VINOTH, E",BAHUJAN SAMAJ PARTY,1,538,538
2021,MLA,29,251,180,A(W),"THANIGAIVEL, M",MAKKAL NEEDHI MAIAM,76,538,538
2021,MLA,29,251,180,A(W),"PUSHPARAJ, D",NAAM TAMILAR KATCHI,32,538,538
2021,MLA,29,251,180,A(W),"PERUMAL, R",AMMA MAKKAL MUNNETTRA KAZAGAM,4,538,538
2021,MLA,29,251,180,A(W),"LOKESH, E",DESIYA MAKKAL SAKTHI KATCHI,0,538,538
2021,MLA,29,251,180,A(W),"SAROJA, S",INDEPENDENT,0,538,538
2021,MLA,29,251,180,A(W),"SUDHAKAR, P",INDEPENDENT,0,538,538
2021,MLA,29,251,180,A(W),"DEVARAJAN, K",INDEPENDENT,0,538,538
2021,MLA,29,251,180,A(W),"PARTHIBAN, M",INDEPENDENT,0,538,538
2021,MLA,29,251,180,A(W),"LEENA, V",INDEPENDENT,2,538,538
2021,MLA,29,251,180,A(W),"VASANTHI, E",INDEPENDENT,0,538,538
2021,MLA,29,251,180,A(W),"VEDHAGIRI, R",INDEPENDENT,0,538,538
2021,MLA,29,251,180,A(W),"VAIRAMUTHU, D",INDEPENDENT,2,538,538
2021,MLA,29,251,180,A(W),NOTA,,8,538,538
2021,MLA,29,252,181,M,"SELVAPERUNTHAGAI, K",INDIAN NATIONAL CONGRESS,131,365,365
2021,MLA,29,252,181,M,"PALANI, K",ALL INDIA ANNA DRAVIDA MUNNETRA KAZHAGAM,141,365,365
2021,MLA,29,252,181,M,"VINOTH, E",BAHUJAN SAMAJ PARTY,0,365,365
2021,MLA,29,252,181,M,"THANIGAIVEL, M",MAKKAL NEEDHI MAIAM,45,365,365
2021,MLA,29,252,181,M,"PUSHPARAJ, D",NAAM TAMILAR KATCHI,40,365,365
2021,MLA,29,252,181,M,"PERUMAL, R",AMMA MAKKAL MUNNETTRA KAZAGAM,1,365,365
2021,MLA,29,252,181,M,"LOKESH, E",DESIYA MAKKAL SAKTHI KATCHI,0,365,365
2021,MLA,29,252,181,M,"SAROJA, S",INDEPENDENT,0,365,365
2021,MLA,29,252,181,M,"SUDHAKAR, P",INDEPENDENT,1,365,365
2021,MLA,29,252,181,M,"DEVARAJAN, K",INDEPENDENT,0,365,365
2021,MLA,29,252,181,M,"PARTHIBAN, M",INDEPENDENT,0,365,365
2021,MLA,29,252,181,M,"LEENA, V",INDEPENDENT,0,365,365
2021,MLA,29,252,181,M,"VASANTHI, E",INDEPENDENT,0,365,365
2021,MLA,29,252,181,M,"VEDHAGIRI, R",INDEPENDENT,0,365,365
2021,MLA,29,252,181,M,"VAIRAMUTHU, D",INDEPENDENT,0,365,365
2021,MLA,29,252,181,M,NOTA,,6,365,365
2021,MLA,29,253,181,A(W),"SELVAPERUNTHAGAI, K",INDIAN NATIONAL CONGRESS,153,375,375
2021,MLA,29,253,181,A(W),"PALANI, K",ALL INDIA ANNA DRAVIDA MUNNETRA KAZHAGAM,136,375,375
2021,MLA,29,253,181,A(W),"VINOTH, E",BAHUJAN SAMAJ PARTY,0,375,375
2021,MLA,29,253,181,A(W),"THANIGAIVEL, M",MAKKAL NEEDHI MAIAM,42,375,375
2021,MLA,29,253,181,A(W),"PUSHPARAJ, D",NAAM TAMILAR KATCHI,31,375,375
2021,MLA,29,253,181,A(W),"PERUMAL, R",AMMA MAKKAL MUNNETTRA KAZAGAM,5,375,375
2021,MLA,29,253,181,A(W),"LOKESH, E",DESIYA MAKKAL SAKTHI KATCHI,0,375,375
2021,MLA,29,253,181,A(W),"SAROJA, S",INDEPENDENT,0,375,375
2021,MLA,29,253,181,A(W),"SUDHAKAR, P",INDEPENDENT,0,375,375
2021,MLA,29,253,181,A(W),"DEVARAJAN, K",INDEPENDENT,0,375,375
2021,MLA,29,253,181,A(W),"PARTHIBAN, M",INDEPENDENT,0,375,375
2021,MLA,29,253,181,A(W),"LEENA, V",INDEPENDENT,0,375,375
2021,MLA,29,253,181,A(W),"VASANTHI, E",INDEPENDENT,0,375,375
2021,MLA,29,253,181,A(W),"VEDHAGIRI, R",INDEPENDENT,0,375,375
2021,MLA,29,253,181,A(W),"VAIRAMUTHU, D",INDEPENDENT,3,375,375
2021,MLA,29,253,181,A(W),NOTA,,5,375,375
2021,MLA,29,254,182,M,"SELVAPERUNTHAGAI, K",INDIAN NATIONAL CONGRESS,160,436,436
2021,MLA,29,254,182,M,"PALANI, K",ALL INDIA ANNA DRAVIDA MUNNETRA KAZHAGAM,148,436,436
2021,MLA,29,254,182,M,"VINOTH, E",BAHUJAN SAMAJ PARTY,0,436,436
2021,MLA,29,254,182,M,"THANIGAIVEL, M",MAKKAL NEEDHI MAIAM,51,436,436
2021,MLA,29,254,182,M,"PUSHPARAJ, D",NAAM TAMILAR KATCHI,61,436,436
2021,MLA,29,254,182,M,"PERUMAL, R",AMMA MAKKAL MUNNETTRA KAZAGAM,4,436,436
2021,MLA,29,254,182,M,"LOKESH, E",DESIYA MAKKAL SAKTHI KATCHI,0,436,436
2021,MLA,29,254,182,M,"SAROJA, S",INDEPENDENT,0,436,436
2021,MLA,29,254,182,M,"SUDHAKAR, P",INDEPENDENT,0,436,436
2021,MLA,29,254,182,M,"DEVARAJAN, K",INDEPENDENT,0,436,436
2021,MLA,29,254,182,M,"PARTHIBAN, M",INDEPENDENT,0,436,436
2021,MLA,29,254,182,M,"LEENA, V",INDEPENDENT,1,436,436
2021,MLA,29,254,182,M,"VASANTHI, E",INDEPENDENT,0,436,436
2021,MLA,29,254,182,M,"VEDHAGIRI, R",INDEPENDENT,1,436,436
2021,MLA,29,254,182,M,"VAIRAMUTHU, D",INDEPENDENT,2,436,436
2021,MLA,29,254,182,M,NOTA,,8,436,436
2021,MLA,29,255,182,A(W),"SELVAPERUNTHAGAI, K",INDIAN NATIONAL CONGRESS,141,402,402
2021,MLA,29,255,182,A(W),"PALANI, K",ALL INDIA ANNA DRAVIDA MUNNETRA KAZHAGAM,162,402,402
2021,MLA,29,255,182,A(W),"VINOTH, E",BAHUJAN SAMAJ PARTY,1,402,402
2021,MLA,29,255,182,A(W),"THANIGAIVEL, M",MAKKAL NEEDHI MAIAM,53,402,402
2021,MLA,29,255,182,A(W),"PUSHPARAJ, D",NAAM TAMILAR KATCHI,36,402,402
2021,MLA,29,255,182,A(W),"PERUMAL, R",AMMA MAKKAL MUNNETTRA KAZAGAM,1,402,402
2021,MLA,29,255,182,A(W),"LOKESH, E",DESIYA MAKKAL SAKTHI KATCHI,1,402,402
2021,MLA,29,255,182,A(W),"SAROJA, S",INDEPENDENT,0,402,402
2021,MLA,29,255,182,A(W),"SUDHAKAR, P",INDEPENDENT,0,402,402
2021,MLA,29,255,182,A(W),"DEVARAJAN, K",INDEPENDENT,0,402,402
2021,MLA,29,255,182,A(W),"PARTHIBAN, M",INDEPENDENT,0,402,402
2021,MLA,29,255,182,A(W),"LEENA, V",INDEPENDENT,1,402,402
2021,MLA,29,255,182,A(W),"VASANTHI, E",INDEPENDENT,1,402,402
2021,MLA,29,255,182,A(W),"VEDHAGIRI, R",INDEPENDENT,0,402,402
2021,MLA,29,255,182,A(W),"VAIRAMUTHU, D",INDEPENDENT,1,402,402
2021,MLA,29,255,182,A(W),NOTA,,4,402,402
2021,MLA,29,256,183,M,"SELVAPERUNTHAGAI, K",INDIAN NATIONAL CONGRESS,134,423,423
2021,MLA,29,256,183,M,"PALANI, K",ALL INDIA ANNA DRAVIDA MUNNETRA KAZHAGAM,212,423,423
2021,MLA,29,256,183,M,"VINOTH, E",BAHUJAN SAMAJ PARTY,2,423,423
2021,MLA,29,256,183,M,"THANIGAIVEL, M",MAKKAL NEEDHI MAIAM,28,423,423
2021,MLA,29,256,183,M,"PUSHPARAJ, D",NAAM TAMILAR KATCHI,36,423,423
2021,MLA,29,256,183,M,"PERUMAL, R",AMMA MAKKAL MUNNETTRA KAZAGAM,3,423,423
2021,MLA,29,256,183,M,"LOKESH, E",DESIYA MAKKAL SAKTHI KATCHI,0,423,423
2021,MLA,29,256,183,M,"SAROJA, S",INDEPENDENT,1,423,423
2021,MLA,29,256,183,M,"SUDHAKAR, P",INDEPENDENT,1,423,423
2021,MLA,29,256,183,M,"DEVARAJAN, K",INDEPENDENT,0,423,423
2021,MLA,29,256,183,M,"PARTHIBAN, M",INDEPENDENT,0,423,423
2021,MLA,29,256,183,M,"LEENA, V",INDEPENDENT,0,423,423
2021,MLA,29,256,183,M,"VASANTHI, E",INDEPENDENT,0,423,423
2021,MLA,29,256,183,M,"VEDHAGIRI, R",INDEPENDENT,0,423,423
2021,MLA,29,256,183,M,"VAIRAMUTHU, D",INDEPENDENT,4,423,423
2021,MLA,29,256,183,M,NOTA,,2,423,423
2021,MLA,29,257,183,A(W),"SELVAPERUNTHAGAI, K",INDIAN NATIONAL CONGRESS,113,401,401
2021,MLA,29,257,183,A(W),"PALANI, K",ALL INDIA ANNA DRAVIDA MUNNETRA KAZHAGAM,235,401,401
2021,MLA,29,257,183,A(W),"VINOTH, E",BAHUJAN SAMAJ PARTY,0,401,401
2021,MLA,29,257,183,A(W),"THANIGAIVEL, M",MAKKAL NEEDHI MAIAM,23,401,401
2021,MLA,29,257,183,A(W),"PUSHPARAJ, D",NAAM TAMILAR KATCHI,21,401,401
2021,MLA,29,257,183,A(W),"PERUMAL, R",AMMA MAKKAL MUNNETTRA KAZAGAM,2,401,401
2021,MLA,29,257,183,A(W),"LOKESH, E",DESIYA MAKKAL SAKTHI KATCHI,0,401,401
2021,MLA,29,257,183,A(W),"SAROJA, S",INDEPENDENT,0,401,401
2021,MLA,29,257,183,A(W),"SUDHAKAR, P",INDEPENDENT,0,401,401
2021,MLA,29,257,183,A(W),"DEVARAJAN, K",INDEPENDENT,0,401,401
2021,MLA,29,257,183,A(W),"PARTHIBAN, M",INDEPENDENT,0,401,401
2021,MLA,29,257,183,A(W),"LEENA, V",INDEPENDENT,1,401,401
2021,MLA,29,257,183,A(W),"VASANTHI, E",INDEPENDENT,0,401,401
2021,MLA,29,257,183,A(W),"VEDHAGIRI, R",INDEPENDENT,1,401,401
2021,MLA,29,257,183,A(W),"VAIRAMUTHU, D",INDEPENDENT,3,401,401
2021,MLA,29,257,183,A(W),NOTA,,2,401,401
2021,MLA,29,258,184,M,"SELVAPERUNTHAGAI, K",INDIAN NATIONAL CONGRESS,154,393,393
2021,MLA,29,258,184,M,"PALANI, K",ALL INDIA ANNA DRAVIDA MUNNETRA KAZHAGAM,125,393,393
2021,MLA,29,258,184,M,"VINOTH, E",BAHUJAN SAMAJ PARTY,0,393,393
2021,MLA,29,258,184,M,"THANIGAIVEL, M",MAKKAL NEEDHI MAIAM,40,393,393
2021,MLA,29,258,184,M,"PUSHPARAJ, D",NAAM TAMILAR KATCHI,61,393,393
2021,MLA,29,258,184,M,"PERUMAL, R",AMMA MAKKAL MUNNETTRA KAZAGAM,5,393,393
2021,MLA,29,258,184,M,"LOKESH, E",DESIYA MAKKAL SAKTHI KATCHI,0,393,393
2021,MLA,29,258,184,M,"SAROJA, S",INDEPENDENT,0,393,393
2021,MLA,29,258,184,M,"SUDHAKAR, P",INDEPENDENT,0,393,393
2021,MLA,29,258,184,M,"DEVARAJAN, K",INDEPENDENT,0,393,393
2021,MLA,29,258,184,M,"PARTHIBAN, M",INDEPENDENT,1,393,393
2021,MLA,29,258,184,M,"LEENA, V",INDEPENDENT,0,393,393
2021,MLA,29,258,184,M,"VASANTHI, E",INDEPENDENT,0,393,393
2021,MLA,29,258,184,M,"VEDHAGIRI, R",INDEPENDENT,0,393,393
2021,MLA,29,258,184,M,"VAIRAMUTHU, D",INDEPENDENT,3,393,393
2021,MLA,29,258,184,M,NOTA,,4,393,393
2021,MLA,29,259,184,A(W),"SELVAPERUNTHAGAI, K",INDIAN NATIONAL CONGRESS,140,365,365
2021,MLA,29,259,184,A(W),"PALANI, K",ALL INDIA ANNA DRAVIDA MUNNETRA KAZHAGAM,151,365,365
2021,MLA,29,259,184,A(W),"VINOTH, E",BAHUJAN SAMAJ PARTY,2,365,365
2021,MLA,29,259,184,A(W),"THANIGAIVEL, M",MAKKAL NEEDHI MAIAM,24,365,365
2021,MLA,29,259,184,A(W),"PUSHPARAJ, D",NAAM TAMILAR KATCHI,36,365,365
2021,MLA,29,259,184,A(W),"PERUMAL, R",AMMA MAKKAL MUNNETTRA KAZAGAM,7,365,365
2021,MLA,29,259,184,A(W),"LOKESH, E",DESIYA MAKKAL SAKTHI KATCHI,0,365,365
2021,MLA,29,259,184,A(W),"SAROJA, S",INDEPENDENT,1,365,365
2021,MLA,29,259,184,A(W),"SUDHAKAR, P",INDEPENDENT,0,365,365
2021,MLA,29,259,184,A(W),"DEVARAJAN, K",INDEPENDENT,1,365,365
2021,MLA,29,259,184,A(W),"PARTHIBAN, M",INDEPENDENT,0,365,365
2021,MLA,29,259,184,A(W),"LEENA, V",INDEPENDENT,1,365,365
2021,MLA,29,259,184,A(W),"VASANTHI, E",INDEPENDENT,0,365,365
2021,MLA,29,259,184,A(W),"VEDHAGIRI, R",INDEPENDENT,0,365,365
2021,MLA,29,259,184,A(W),"VAIRAMUTHU, D",INDEPENDENT,0,365,365
2021,MLA,29,259,184,A(W),NOTA,,2,365,365
2021,MLA,29,260,185,,"SELVAPERUNTHAGAI, K",INDIAN NATIONAL CONGRESS,94,275,275
2021,MLA,29,260,185,,"PALANI, K",ALL INDIA ANNA DRAVIDA MUNNETRA KAZHAGAM,109,275,275
2021,MLA,29,260,185,,"VINOTH, E",BAHUJAN SAMAJ PARTY,1,275,275
2021,MLA,29,260,185,,"THANIGAIVEL, M",MAKKAL NEEDHI MAIAM,25,275,275
2021,MLA,29,260,185,,"PUSHPARAJ, D",NAAM TAMILAR KATCHI,35,275,275
2021,MLA,29,260,185,,"PERUMAL, R",AMMA MAKKAL MUNNETTRA KAZAGAM,2,275,275
2021,MLA,29,260,185,,"LOKESH, E",DESIYA MAKKAL SAKTHI KATCHI,0,275,275
2021,MLA,29,260,185,,"SAROJA, S",INDEPENDENT,0,275,275
2021,MLA,29,260,185,,"SUDHAKAR, P",INDEPENDENT,0,275,275
2021,MLA,29,260,185,,"DEVARAJAN, K",INDEPENDENT,0,275,275
2021,MLA,29,260,185,,"PARTHIBAN, M",INDEPENDENT,0,275,275
2021,MLA,29,260,185,,"LEENA, V",INDEPENDENT,0,275,275
2021,MLA,29,260,185,,"VASANTHI, E",INDEPENDENT,0,275,275
2021,MLA,29,260,185,,"VEDHAGIRI, R",INDEPENDENT,1,275,275
2021,MLA,29,260,185,,"VAIRAMUTHU, D",INDEPENDENT,4,275,275
2021,MLA,29,260,185,,NOTA,,4,275,275
2021,MLA,29,261,186,M,"SELVAPERUNTHAGAI, K",INDIAN NATIONAL CONGRESS,170,434,434
2021,MLA,29,261,186,M,"PALANI, K",ALL INDIA ANNA DRAVIDA MUNNETRA KAZHAGAM,151,434,434
2021,MLA,29,261,186,M,"VINOTH, E",BAHUJAN SAMAJ PARTY,0,434,434
2021,MLA,29,261,186,M,"THANIGAIVEL, M",MAKKAL NEEDHI MAIAM,42,434,434
2021,MLA,29,261,186,M,"PUSHPARAJ, D",NAAM TAMILAR KATCHI,56,434,434
2021,MLA,29,261,186,M,"PERUMAL, R",AMMA MAKKAL MUNNETTRA KAZAGAM,4,434,434
2021,MLA,29,261,186,M,"LOKESH, E",DESIYA MAKKAL SAKTHI KATCHI,0,434,434
2021,MLA,29,261,186,M,"SAROJA, S",INDEPENDENT,0,434,434
2021,MLA,29,261,186,M,"SUDHAKAR, P",INDEPENDENT,0,434,434
2021,MLA,29,261,186,M,"DEVARAJAN, K",INDEPENDENT,0,434,434
2021,MLA,29,261,186,M,"PARTHIBAN, M",INDEPENDENT,0,434,434
2021,MLA,29,261,186,M,"LEENA, V",INDEPENDENT,0,434,434
2021,MLA,29,261,186,M,"VASANTHI, E",INDEPENDENT,1,434,434
2021,MLA,29,261,186,M,"VEDHAGIRI, R",INDEPENDENT,0,434,434
2021,MLA,29,261,186,M,"VAIRAMUTHU, D",INDEPENDENT,5,434,434
2021,MLA,29,261,186,M,NOTA,,5,434,434
2021,MLA,29,262,186,A(W),"SELVAPERUNTHAGAI, K",INDIAN NATIONAL CONGRESS,142,440,440
2021,MLA,29,262,186,A(W),"PALANI, K",ALL INDIA ANNA DRAVIDA MUNNETRA KAZHAGAM,192,440,440
2021,MLA,29,262,186,A(W),"VINOTH, E",BAHUJAN SAMAJ PARTY,0,440,440
2021,MLA,29,262,186,A(W),"THANIGAIVEL, M",MAKKAL NEEDHI MAIAM,64,440,440
2021,MLA,29,262,186,A(W),"PUSHPARAJ, D",NAAM TAMILAR KATCHI,30,440,440
2021,MLA,29,262,186,A(W),"PERUMAL, R",AMMA MAKKAL MUNNETTRA KAZAGAM,7,440,440
2021,MLA,29,262,186,A(W),"LOKESH, E",DESIYA MAKKAL SAKTHI KATCHI,0,440,440
2021,MLA,29,262,186,A(W),"SAROJA, S",INDEPENDENT,0,440,440
2021,MLA,29,262,186,A(W),"SUDHAKAR, P",INDEPENDENT,0,440,440
2021,MLA,29,262,186,A(W),"DEVARAJAN, K",INDEPENDENT,0,440,440
2021,MLA,29,262,186,A(W),"PARTHIBAN, M",INDEPENDENT,0,440,440
2021,MLA,29,262,186,A(W),"LEENA, V",INDEPENDENT,1,440,440
2021,MLA,29,262,186,A(W),"VASANTHI, E",INDEPENDENT,0,440,440
2021,MLA,29,262,186,A(W),"VEDHAGIRI, R",INDEPENDENT,0,440,440
2021,MLA,29,262,186,A(W),"VAIRAMUTHU, D",INDEPENDENT,0,440,440
2021,MLA,29,262,186,A(W),NOTA,,4,440,440
2021,MLA,29,263,187,,"SELVAPERUNTHAGAI, K",INDIAN NATIONAL CONGRESS,302,719,719
2021,MLA,29,263,187,,"PALANI, K",ALL INDIA ANNA DRAVIDA MUNNETRA KAZHAGAM,277,719,719
2021,MLA,29,263,187,,"VINOTH, E",BAHUJAN SAMAJ PARTY,0,719,719
2021,MLA,29,263,187,,"THANIGAIVEL, M",MAKKAL NEEDHI MAIAM,33,719,719
2021,MLA,29,263,187,,"PUSHPARAJ, D",NAAM TAMILAR KATCHI,91,719,719
2021,MLA,29,263,187,,"PERUMAL, R",AMMA MAKKAL MUNNETTRA KAZAGAM,2,719,719
2021,MLA,29,263,187,,"LOKESH, E",DESIYA MAKKAL SAKTHI KATCHI,0,719,719
2021,MLA,29,263,187,,"SAROJA, S",INDEPENDENT,0,719,719
2021,MLA,29,263,187,,"SUDHAKAR, P",INDEPENDENT,0,719,719
2021,MLA,29,263,187,,"DEVARAJAN, K",INDEPENDENT,1,719,719
2021,MLA,29,263,187,,"PARTHIBAN, M",INDEPENDENT,0,719,719
2021,MLA,29,263,187,,"LEENA, V",INDEPENDENT,0,719,719
2021,MLA,29,263,187,,"VASANTHI, E",INDEPENDENT,1,719,719
2021,MLA,29,263,187,,"VEDHAGIRI, R",INDEPENDENT,0,719,719
2021,MLA,29,263,187,,"VAIRAMUTHU, D",INDEPENDENT,8,719,719
2021,MLA,29,263,187,,NOTA,,4,719,719
2021,MLA,29,264,188,,"SELVAPERUNTHAGAI, K",INDIAN NATIONAL CONGRESS,239,690,690
2021,MLA,29,264,188,,"PALANI, K",ALL INDIA ANNA DRAVIDA MUNNETRA KAZHAGAM,329,690,690
2021,MLA,29,264,188,,"VINOTH, E",BAHUJAN SAMAJ PARTY,2,690,690
2021,MLA,29,264,188,,"THANIGAIVEL, M",MAKKAL NEEDHI MAIAM,29,690,690
2021,MLA,29,264,188,,"PUSHPARAJ, D",NAAM TAMILAR KATCHI,68,690,690
2021,MLA,29,264,188,,"PERUMAL, R",AMMA MAKKAL MUNNETTRA KAZAGAM,4,690,690
2021,MLA,29,264,188,,"LOKESH, E",DESIYA MAKKAL SAKTHI KATCHI,1,690,690
2021,MLA,29,264,188,,"SAROJA, S",INDEPENDENT,0,690,690
2021,MLA,29,264,188,,"SUDHAKAR, P",INDEPENDENT,2,690,690
2021,MLA,29,264,188,,"DEVARAJAN, K",INDEPENDENT,0,690,690
2021,MLA,29,264,188,,"PARTHIBAN, M",INDEPENDENT,0,690,690
2021,MLA,29,264,188,,"LEENA, V",INDEPENDENT,1,690,690
2021,MLA,29,264,188,,"VASANTHI, E",INDEPENDENT,1,690,690
2021,MLA,29,264,188,,"VEDHAGIRI, R",INDEPENDENT,0,690,690
2021,MLA,29,264,188,,"VAIRAMUTHU, D",INDEPENDENT,3,690,690
2021,MLA,29,264,188,,NOTA,,11,690,690
2021,MLA,29,265,189,,"SELVAPERUNTHAGAI, K",INDIAN NATIONAL CONGRESS,271,622,622
2021,MLA,29,265,189,,"PALANI, K",ALL INDIA ANNA DRAVIDA MUNNETRA KAZHAGAM,239,622,622
2021,MLA,29,265,189,,"VINOTH, E",BAHUJAN SAMAJ PARTY,3,622,622
2021,MLA,29,265,189,,"THANIGAIVEL, M",MAKKAL NEEDHI MAIAM,40,622,622
2021,MLA,29,265,189,,"PUSHPARAJ, D",NAAM TAMILAR KATCHI,55,622,622
2021,MLA,29,265,189,,"PERUMAL, R",AMMA MAKKAL MUNNETTRA KAZAGAM,2,622,622
2021,MLA,29,265,189,,"LOKESH, E",DESIYA MAKKAL SAKTHI KATCHI,0,622,622
2021,MLA,29,265,189,,"SAROJA, S",INDEPENDENT,0,622,622
2021,MLA,29,265,189,,"SUDHAKAR, P",INDEPENDENT,0,622,622
2021,MLA,29,265,189,,"DEVARAJAN, K",INDEPENDENT,1,622,622
2021,MLA,29,265,189,,"PARTHIBAN, M",INDEPENDENT,0,622,622
2021,MLA,29,265,189,,"LEENA, V",INDEPENDENT,0,622,622
2021,MLA,29,265,189,,"VASANTHI, E",INDEPENDENT,0,622,622
2021,MLA,29,265,189,,"VEDHAGIRI, R",INDEPENDENT,0,622,622
2021,MLA,29,265,189,,"VAIRAMUTHU, D",INDEPENDENT,5,622,622
2021,MLA,29,265,189,,NOTA,,6,622,622
2021,MLA,29,266,190,M,"SELVAPERUNTHAGAI, K",INDIAN NATIONAL CONGRESS,160,407,407
2021,MLA,29,266,190,M,"PALANI, K",ALL INDIA ANNA DRAVIDA MUNNETRA KAZHAGAM,170,407,407
2021,MLA,29,266,190,M,"VINOTH, E",BAHUJAN SAMAJ PARTY,2,407,407
2021,MLA,29,266,190,M,"THANIGAIVEL, M",MAKKAL NEEDHI MAIAM,26,407,407
2021,MLA,29,266,190,M,"PUSHPARAJ, D",NAAM TAMILAR KATCHI,32,407,407
2021,MLA,29,266,190,M,"PERUMAL, R",AMMA MAKKAL MUNNETTRA KAZAGAM,5,407,407
2021,MLA,29,266,190,M,"LOKESH, E",DESIYA MAKKAL SAKTHI KATCHI,1,407,407
2021,MLA,29,266,190,M,"SAROJA, S",INDEPENDENT,1,407,407
2021,MLA,29,266,190,M,"SUDHAKAR, P",INDEPENDENT,0,407,407
2021,MLA,29,266,190,M,"DEVARAJAN, K",INDEPENDENT,0,407,407
2021,MLA,29,266,190,M,"PARTHIBAN, M",INDEPENDENT,0,407,407
2021,MLA,29,266,190,M,"LEENA, V",INDEPENDENT,0,407,407
2021,MLA,29,266,190,M,"VASANTHI, E",INDEPENDENT,0,407,407
2021,MLA,29,266,190,M,"VEDHAGIRI, R",INDEPENDENT,0,407,407
2021,MLA,29,266,190,M,"VAIRAMUTHU, D",INDEPENDENT,7,407,407
2021,MLA,29,266,190,M,NOTA,,3,407,407
2021,MLA,29,267,190,A(W),"SELVAPERUNTHAGAI, K",INDIAN NATIONAL CONGRESS,167,409,409
2021,MLA,29,267,190,A(W),"PALANI, K",ALL INDIA ANNA DRAVIDA MUNNETRA KAZHAGAM,190,409,409
2021,MLA,29,267,190,A(W),"VINOTH, E",BAHUJAN SAMAJ PARTY,0,409,409
2021,MLA,29,267,190,A(W),"THANIGAIVEL, M",MAKKAL NEEDHI MAIAM,18,409,409
2021,MLA,29,267,190,A(W),"PUSHPARAJ, D",NAAM TAMILAR KATCHI,18,409,409
2021,MLA,29,267,190,A(W),"PERUMAL, R",AMMA MAKKAL MUNNETTRA KAZAGAM,7,409,409
2021,MLA,29,267,190,A(W),"LOKESH, E",DESIYA MAKKAL SAKTHI KATCHI,1,409,409
2021,MLA,29,267,190,A(W),"SAROJA, S",INDEPENDENT,1,409,409
2021,MLA,29,267,190,A(W),"SUDHAKAR, P",INDEPENDENT,0,409,409
2021,MLA,29,267,190,A(W),"DEVARAJAN, K",INDEPENDENT,0,409,409
2021,MLA,29,267,190,A(W),"PARTHIBAN, M",INDEPENDENT,0,409,409
2021,MLA,29,267,190,A(W),"LEENA, V",INDEPENDENT,0,409,409
2021,MLA,29,267,190,A(W),"VASANTHI, E",INDEPENDENT,1,409,409
2021,MLA,29,267,190,A(W),"VEDHAGIRI, R",INDEPENDENT,0,409,409
2021,MLA,29,267,190,A(W),"VAIRAMUTHU, D",INDEPENDENT,4,409,409
2021,MLA,29,267,190,A(W),NOTA,,2,409,409
2021,MLA,29,268,191,M,"SELVAPERUNTHAGAI, K",INDIAN NATIONAL CONGRESS,164,472,472
2021,MLA,29,268,191,M,"PALANI, K",ALL INDIA ANNA DRAVIDA MUNNETRA KAZHAGAM,221,472,472
2021,MLA,29,268,191,M,"VINOTH, E",BAHUJAN SAMAJ PARTY,3,472,472
2021,MLA,29,268,191,M,"THANIGAIVEL, M",MAKKAL NEEDHI MAIAM,18,472,472
2021,MLA,29,268,191,M,"PUSHPARAJ, D",NAAM TAMILAR KATCHI,48,472,472
2021,MLA,29,268,191,M,"PERUMAL, R",AMMA MAKKAL MUNNETTRA KAZAGAM,2,472,472
2021,MLA,29,268,191,M,"LOKESH, E",DESIYA MAKKAL SAKTHI KATCHI,0,472,472
2021,MLA,29,268,191,M,"SAROJA, S",INDEPENDENT,0,472,472
2021,MLA,29,268,191,M,"SUDHAKAR, P",INDEPENDENT,0,472,472
2021,MLA,29,268,191,M,"DEVARAJAN, K",INDEPENDENT,0,472,472
2021,MLA,29,268,191,M,"PARTHIBAN, M",INDEPENDENT,0,472,472
2021,MLA,29,268,191,M,"LEENA, V",INDEPENDENT,1,472,472
2021,MLA,29,268,191,M,"VASANTHI, E",INDEPENDENT,0,472,472
2021,MLA,29,268,191,M,"VEDHAGIRI, R",INDEPENDENT,0,472,472
2021,MLA,29,268,191,M,"VAIRAMUTHU, D",INDEPENDENT,12,472,472
2021,MLA,29,268,191,M,NOTA,,3,472,472
2021,MLA,29,269,191,A(W),"SELVAPERUNTHAGAI, K",INDIAN NATIONAL CONGRESS,183,457,457
2021,MLA,29,269,191,A(W),"PALANI, K",ALL INDIA ANNA DRAVIDA MUNNETRA KAZHAGAM,211,457,457
2021,MLA,29,269,191,A(W),"VINOTH, E",BAHUJAN SAMAJ PARTY,0,457,457
2021,MLA,29,269,191,A(W),"THANIGAIVEL, M",MAKKAL NEEDHI MAIAM,12,457,457
2021,MLA,29,269,191,A(W),"PUSHPARAJ, D",NAAM TAMILAR KATCHI,36,457,457
2021,MLA,29,269,191,A(W),"PERUMAL, R",AMMA MAKKAL MUNNETTRA KAZAGAM,2,457,457
2021,MLA,29,269,191,A(W),"LOKESH, E",DESIYA MAKKAL SAKTHI KATCHI,1,457,457
2021,MLA,29,269,191,A(W),"SAROJA, S",INDEPENDENT,2,457,457
2021,MLA,29,269,191,A(W),"SUDHAKAR, P",INDEPENDENT,0,457,457
2021,MLA,29,269,191,A(W),"DEVARAJAN, K",INDEPENDENT,0,457,457
2021,MLA,29,269,191,A(W),"PARTHIBAN, M",INDEPENDENT,0,457,457
2021,MLA,29,269,191,A(W),"LEENA, V",INDEPENDENT,1,457,457
2021,MLA,29,269,191,A(W),"VASANTHI, E",INDEPENDENT,0,457,457
2021,MLA,29,269,191,A(W),"VEDHAGIRI, R",INDEPENDENT,0,457,457
2021,MLA,29,269,191,A(W),"VAIRAMUTHU, D",INDEPENDENT,4,457,457
2021,MLA,29,269,191,A(W),NOTA,,5,457,457
2021,MLA,29,270,192,,"SELVAPERUNTHAGAI, K",INDIAN NATIONAL CONGRESS,184,597,597
2021,MLA,29,270,192,,"PALANI, K",ALL INDIA ANNA DRAVIDA MUNNETRA KAZHAGAM,250,597,597
2021,MLA,29,270,192,,"VINOTH, E",BAHUJAN SAMAJ PARTY,1,597,597
2021,MLA,29,270,192,,"THANIGAIVEL, M",MAKKAL NEEDHI MAIAM,47,597,597
2021,MLA,29,270,192,,"PUSHPARAJ, D",NAAM TAMILAR KATCHI,91,597,597
2021,MLA,29,270,192,,"PERUMAL, R",AMMA MAKKAL MUNNETTRA KAZAGAM,2,597,597
2021,MLA,29,270,192,,"LOKESH, E",DESIYA MAKKAL SAKTHI KATCHI,0,597,597
2021,MLA,29,270,192,,"SAROJA, S",INDEPENDENT,1,597,597
2021,MLA,29,270,192,,"SUDHAKAR, P",INDEPENDENT,0,597,597
2021,MLA,29,270,192,,"DEVARAJAN, K",INDEPENDENT,0,597,597
2021,MLA,29,270,192,,"PARTHIBAN, M",INDEPENDENT,0,597,597
2021,MLA,29,270,192,,"LEENA, V",INDEPENDENT,1,597,597
2021,MLA,29,270,192,,"VASANTHI, E",INDEPENDENT,0,597,597
2021,MLA,29,270,192,,"VEDHAGIRI, R",INDEPENDENT,0,597,597
2021,MLA,29,270,192,,"VAIRAMUTHU, D",INDEPENDENT,12,597,597
2021,MLA,29,270,192,,NOTA,,8,597,597
2021,MLA,29,271,193,,"SELVAPERUNTHAGAI, K",INDIAN NATIONAL CONGRESS,185,551,551
2021,MLA,29,271,193,,"PALANI, K",ALL INDIA ANNA DRAVIDA MUNNETRA KAZHAGAM,234,551,551
2021,MLA,29,271,193,,"VINOTH, E",BAHUJAN SAMAJ PARTY,2,551,551
2021,MLA,29,271,193,,"THANIGAIVEL, M",MAKKAL NEEDHI MAIAM,48,551,551
2021,MLA,29,271,193,,"PUSHPARAJ, D",NAAM TAMILAR KATCHI,69,551,551
2021,MLA,29,271,193,,"PERUMAL, R",AMMA MAKKAL MUNNETTRA KAZAGAM,2,551,551
2021,MLA,29,271,193,,"LOKESH, E",DESIYA MAKKAL SAKTHI KATCHI,0,551,551
2021,MLA,29,271,193,,"SAROJA, S",INDEPENDENT,0,551,551
2021,MLA,29,271,193,,"SUDHAKAR, P",INDEPENDENT,0,551,551
2021,MLA,29,271,193,,"DEVARAJAN, K",INDEPENDENT,0,551,551
2021,MLA,29,271,193,,"PARTHIBAN, M",INDEPENDENT,0,551,551
2021,MLA,29,271,193,,"LEENA, V",INDEPENDENT,2,551,551
2021,MLA,29,271,193,,"VASANTHI, E",INDEPENDENT,0,551,551
2021,MLA,29,271,193,,"VEDHAGIRI, R",INDEPENDENT,1,551,551
2021,MLA,29,271,193,,"VAIRAMUTHU, D",INDEPENDENT,4,551,551
2021,MLA,29,271,193,,NOTA,,4,551,551
2021,MLA,29,273,194,A(W),"SELVAPERUNTHAGAI, K",INDIAN NATIONAL CONGRESS,207,393,393
2021,MLA,29,273,194,A(W),"PALANI, K",ALL INDIA ANNA DRAVIDA MUNNETRA KAZHAGAM,128,393,393
2021,MLA,29,273,194,A(W),"VINOTH, E",BAHUJAN SAMAJ PARTY,4,393,393
2021,MLA,29,273,194,A(W),"THANIGAIVEL, M",MAKKAL NEEDHI MAIAM,17,393,393
2021,MLA,29,273,194,A(W),"PUSHPARAJ, D",NAAM TAMILAR KATCHI,21,393,393
2021,MLA,29,273,194,A(W),"PERUMAL, R",AMMA MAKKAL MUNNETTRA KAZAGAM,4,393,393
2021,MLA,29,273,194,A(W),"LOKESH, E",DESIYA MAKKAL SAKTHI KATCHI,0,393,393
2021,MLA,29,273,194,A(W),"SAROJA, S",INDEPENDENT,1,393,393
2021,MLA,29,273,194,A(W),"SUDHAKAR, P",INDEPENDENT,0,393,393
2021,MLA,29,273,194,A(W),"DEVARAJAN, K",INDEPENDENT,0,393,393
2021,MLA,29,273,194,A(W),"PARTHIBAN, M",INDEPENDENT,0,393,393
2021,MLA,29,273,194,A(W),"LEENA, V",INDEPENDENT,1,393,393
2021,MLA,29,273,194,A(W),"VASANTHI, E",INDEPENDENT,0,393,393
2021,MLA,29,273,194,A(W),"VEDHAGIRI, R",INDEPENDENT,0,393,393
2021,MLA,29,273,194,A(W),"VAIRAMUTHU, D",INDEPENDENT,6,393,393
2021,MLA,29,273,194,A(W),NOTA,,4,393,393
2021,MLA,29,274,195,M,"SELVAPERUNTHAGAI, K",INDIAN NATIONAL CONGRESS,126,349,349
2021,MLA,29,274,195,M,"PALANI, K",ALL INDIA ANNA DRAVIDA MUNNETRA KAZHAGAM,113,349,349
2021,MLA,29,274,195,M,"VINOTH, E",BAHUJAN SAMAJ PARTY,0,349,349
2021,MLA,29,274,195,M,"THANIGAIVEL, M",MAKKAL NEEDHI MAIAM,42,349,349
2021,MLA,29,274,195,M,"PUSHPARAJ, D",NAAM TAMILAR KATCHI,52,349,349
2021,MLA,29,274,195,M,"PERUMAL, R",AMMA MAKKAL MUNNETTRA KAZAGAM,6,349,349
2021,MLA,29,274,195,M,"LOKESH, E",DESIYA MAKKAL SAKTHI KATCHI,0,349,349
2021,MLA,29,274,195,M,"SAROJA, S",INDEPENDENT,1,349,349
2021,MLA,29,274,195,M,"SUDHAKAR, P",INDEPENDENT,0,349,349
2021,MLA,29,274,195,M,"DEVARAJAN, K",INDEPENDENT,0,349,349
2021,MLA,29,274,195,M,"PARTHIBAN, M",INDEPENDENT,0,349,349
2021,MLA,29,274,195,M,"LEENA, V",INDEPENDENT,0,349,349
2021,MLA,29,274,195,M,"VASANTHI, E",INDEPENDENT,0,349,349
2021,MLA,29,274,195,M,"VEDHAGIRI, R",INDEPENDENT,0,349,349
2021,MLA,29,274,195,M,"VAIRAMUTHU, D",INDEPENDENT,3,349,349
2021,MLA,29,274,195,M,NOTA,,6,349,349
2021,MLA,29,275,195,A(W),"SELVAPERUNTHAGAI, K",INDIAN NATIONAL CONGRESS,138,335,335
2021,MLA,29,275,195,A(W),"PALANI, K",ALL INDIA ANNA DRAVIDA MUNNETRA KAZHAGAM,131,335,335
2021,MLA,29,275,195,A(W),"VINOTH, E",BAHUJAN SAMAJ PARTY,0,335,335
2021,MLA,29,275,195,A(W),"THANIGAIVEL, M",MAKKAL NEEDHI MAIAM,32,335,335
2021,MLA,29,275,195,A(W),"PUSHPARAJ, D",NAAM TAMILAR KATCHI,27,335,335
2021,MLA,29,275,195,A(W),"PERUMAL, R",AMMA MAKKAL MUNNETTRA KAZAGAM,2,335,335
2021,MLA,29,275,195,A(W),"LOKESH, E",DESIYA MAKKAL SAKTHI KATCHI,0,335,335
2021,MLA,29,275,195,A(W),"SAROJA, S",INDEPENDENT,0,335,335
2021,MLA,29,275,195,A(W),"SUDHAKAR, P",INDEPENDENT,0,335,335
2021,MLA,29,275,195,A(W),"DEVARAJAN, K",INDEPENDENT,0,335,335
2021,MLA,29,275,195,A(W),"PARTHIBAN, M",INDEPENDENT,0,335,335
2021,MLA,29,275,195,A(W),"LEENA, V",INDEPENDENT,1,335,335
2021,MLA,29,275,195,A(W),"VASANTHI, E",INDEPENDENT,0,335,335
2021,MLA,29,275,195,A(W),"VEDHAGIRI, R",INDEPENDENT,0,335,335
2021,MLA,29,275,195,A(W),"VAIRAMUTHU, D",INDEPENDENT,2,335,335
2021,MLA,29,275,195,A(W),NOTA,,2,335,335
2021,MLA,29,276,196,M,"SELVAPERUNTHAGAI, K",INDIAN NATIONAL CONGRESS,191,410,410
2021,MLA,29,276,196,M,"PALANI, K",ALL INDIA ANNA DRAVIDA MUNNETRA KAZHAGAM,155,410,410
2021,MLA,29,276,196,M,"VINOTH, E",BAHUJAN SAMAJ PARTY,0,410,410
2021,MLA,29,276,196,M,"THANIGAIVEL, M",MAKKAL NEEDHI MAIAM,20,410,410
2021,MLA,29,276,196,M,"PUSHPARAJ, D",NAAM TAMILAR KATCHI,30,410,410
2021,MLA,29,276,196,M,"PERUMAL, R",AMMA MAKKAL MUNNETTRA KAZAGAM,2,410,410
2021,MLA,29,276,196,M,"LOKESH, E",DESIYA MAKKAL SAKTHI KATCHI,0,410,410
2021,MLA,29,276,196,M,"SAROJA, S",INDEPENDENT,0,410,410
2021,MLA,29,276,196,M,"SUDHAKAR, P",INDEPENDENT,0,410,410
2021,MLA,29,276,196,M,"DEVARAJAN, K",INDEPENDENT,0,410,410
2021,MLA,29,276,196,M,"PARTHIBAN, M",INDEPENDENT,0,410,410
2021,MLA,29,276,196,M,"LEENA, V",INDEPENDENT,0,410,410
2021,MLA,29,276,196,M,"VASANTHI, E",INDEPENDENT,0,410,410
2021,MLA,29,276,196,M,"VEDHAGIRI, R",INDEPENDENT,0,410,410
2021,MLA,29,276,196,M,"VAIRAMUTHU, D",INDEPENDENT,8,410,410
2021,MLA,29,276,196,M,NOTA,,4,410,410
2021,MLA,29,277,196,A(W),"SELVAPERUNTHAGAI, K",INDIAN NATIONAL CONGRESS,192,406,406
2021,MLA,29,277,196,A(W),"PALANI, K",ALL INDIA ANNA DRAVIDA MUNNETRA KAZHAGAM,151,406,406
2021,MLA,29,277,196,A(W),"VINOTH, E",BAHUJAN SAMAJ PARTY,1,406,406
2021,MLA,29,277,196,A(W),"THANIGAIVEL, M",MAKKAL NEEDHI MAIAM,30,406,406
2021,MLA,29,277,196,A(W),"PUSHPARAJ, D",NAAM TAMILAR KATCHI,22,406,406
2021,MLA,29,277,196,A(W),"PERUMAL, R",AMMA MAKKAL MUNNETTRA KAZAGAM,4,406,406
2021,MLA,29,277,196,A(W),"LOKESH, E",DESIYA MAKKAL SAKTHI KATCHI,1,406,406
2021,MLA,29,277,196,A(W),"SAROJA, S",INDEPENDENT,0,406,406
2021,MLA,29,277,196,A(W),"SUDHAKAR, P",INDEPENDENT,1,406,406
2021,MLA,29,277,196,A(W),"DEVARAJAN, K",INDEPENDENT,0,406,406
2021,MLA,29,277,196,A(W),"PARTHIBAN, M",INDEPENDENT,1,406,406
2021,MLA,29,277,196,A(W),"LEENA, V",INDEPENDENT,0,406,406
2021,MLA,29,277,196,A(W),"VASANTHI, E",INDEPENDENT,1,406,406
2021,MLA,29,277,196,A(W),"VEDHAGIRI, R",INDEPENDENT,0,406,406
2021,MLA,29,277,196,A(W),"VAIRAMUTHU, D",INDEPENDENT,2,406,406
2021,MLA,29,277,196,A(W),NOTA,,0,406,406
2021,MLA,29,278,197,,"SELVAPERUNTHAGAI, K",INDIAN NATIONAL CONGRESS,249,501,501
2021,MLA,29,278,197,,"PALANI, K",ALL INDIA ANNA DRAVIDA MUNNETRA KAZHAGAM,146,501,501
2021,MLA,29,278,197,,"VINOTH, E",BAHUJAN SAMAJ PARTY,0,501,501
2021,MLA,29,278,197,,"THANIGAIVEL, M",MAKKAL NEEDHI MAIAM,40,501,501
2021,MLA,29,278,197,,"PUSHPARAJ, D",NAAM TAMILAR KATCHI,52,501,501
2021,MLA,29,278,197,,"PERUMAL, R",AMMA MAKKAL MUNNETTRA KAZAGAM,4,501,501
2021,MLA,29,278,197,,"LOKESH, E",DESIYA MAKKAL SAKTHI KATCHI,0,501,501
2021,MLA,29,278,197,,"SAROJA, S",INDEPENDENT,1,501,501
2021,MLA,29,278,197,,"SUDHAKAR, P",INDEPENDENT,0,501,501
2021,MLA,29,278,197,,"DEVARAJAN, K",INDEPENDENT,0,501,501
2021,MLA,29,278,197,,"PARTHIBAN, M",INDEPENDENT,0,501,501
2021,MLA,29,278,197,,"LEENA, V",INDEPENDENT,0,501,501
2021,MLA,29,278,197,,"VASANTHI, E",INDEPENDENT,0,501,501
2021,MLA,29,278,197,,"VEDHAGIRI, R",INDEPENDENT,0,501,501
2021,MLA,29,278,197,,"VAIRAMUTHU, D",INDEPENDENT,4,501,501
2021,MLA,29,278,197,,NOTA,,5,501,501
2021,MLA,29,279,198,M,"SELVAPERUNTHAGAI, K",INDIAN NATIONAL CONGRESS,161,351,351
2021,MLA,29,279,198,M,"PALANI, K",ALL INDIA ANNA DRAVIDA MUNNETRA KAZHAGAM,125,351,351
2021,MLA,29,279,198,M,"VINOTH, E",BAHUJAN SAMAJ PARTY,0,351,351
2021,MLA,29,279,198,M,"THANIGAIVEL, M",MAKKAL NEEDHI MAIAM,21,351,351
2021,MLA,29,279,198,M,"PUSHPARAJ, D",NAAM TAMILAR KATCHI,36,351,351
2021,MLA,29,279,198,M,"PERUMAL, R",AMMA MAKKAL MUNNETTRA KAZAGAM,3,351,351
2021,MLA,29,279,198,M,"LOKESH, E",DESIYA MAKKAL SAKTHI KATCHI,0,351,351
2021,MLA,29,279,198,M,"SAROJA, S",INDEPENDENT,0,351,351
2021,MLA,29,279,198,M,"SUDHAKAR, P",INDEPENDENT,0,351,351
2021,MLA,29,279,198,M,"DEVARAJAN, K",INDEPENDENT,0,351,351
2021,MLA,29,279,198,M,"PARTHIBAN, M",INDEPENDENT,0,351,351
2021,MLA,29,279,198,M,"LEENA, V",INDEPENDENT,0,351,351
2021,MLA,29,279,198,M,"VASANTHI, E",INDEPENDENT,0,351,351
2021,MLA,29,279,198,M,"VEDHAGIRI, R",INDEPENDENT,0,351,351
2021,MLA,29,279,198,M,"VAIRAMUTHU, D",INDEPENDENT,2,351,351
2021,MLA,29,279,198,M,NOTA,,3,351,351
2021,MLA,29,280,198,A(W),"SELVAPERUNTHAGAI, K",INDIAN NATIONAL CONGRESS,149,371,371
2021,MLA,29,280,198,A(W),"PALANI, K",ALL INDIA ANNA DRAVIDA MUNNETRA KAZHAGAM,147,371,371
2021,MLA,29,280,198,A(W),"VINOTH, E",BAHUJAN SAMAJ PARTY,1,371,371
2021,MLA,29,280,198,A(W),"THANIGAIVEL, M",MAKKAL NEEDHI MAIAM,30,371,371
2021,MLA,29,280,198,A(W),"PUSHPARAJ, D",NAAM TAMILAR KATCHI,33,371,371
2021,MLA,29,280,198,A(W),"PERUMAL, R",AMMA MAKKAL MUNNETTRA KAZAGAM,0,371,371
2021,MLA,29,280,198,A(W),"LOKESH, E",DESIYA MAKKAL SAKTHI KATCHI,0,371,371
2021,MLA,29,280,198,A(W),"SAROJA, S",INDEPENDENT,1,371,371
2021,MLA,29,280,198,A(W),"SUDHAKAR, P",INDEPENDENT,0,371,371
2021,MLA,29,280,198,A(W),"DEVARAJAN, K",INDEPENDENT,0,371,371
2021,MLA,29,280,198,A(W),"PARTHIBAN, M",INDEPENDENT,1,371,371
2021,MLA,29,280,198,A(W),"LEENA, V",INDEPENDENT,0,371,371
2021,MLA,29,280,198,A(W),"VASANTHI, E",INDEPENDENT,0,371,371
2021,MLA,29,280,198,A(W),"VEDHAGIRI, R",INDEPENDENT,0,371,371
2021,MLA,29,280,198,A(W),"VAIRAMUTHU, D",INDEPENDENT,3,371,371
2021,MLA,29,280,198,A(W),NOTA,,6,371,371
2021,MLA,29,281,199,,"SELVAPERUNTHAGAI, K",INDIAN NATIONAL CONGRESS,280,629,629
2021,MLA,29,281,199,,"PALANI, K",ALL INDIA ANNA DRAVIDA MUNNETRA KAZHAGAM,217,629,629
2021,MLA,29,281,199,,"VINOTH, E",BAHUJAN SAMAJ PARTY,0,629,629
2021,MLA,29,281,199,,"THANIGAIVEL, M",MAKKAL NEEDHI MAIAM,35,629,629
2021,MLA,29,281,199,,"PUSHPARAJ, D",NAAM TAMILAR KATCHI,66,629,629
2021,MLA,29,281,199,,"PERUMAL, R",AMMA MAKKAL MUNNETTRA KAZAGAM,10,629,629
2021,MLA,29,281,199,,"LOKESH, E",DESIYA MAKKAL SAKTHI KATCHI,1,629,629
2021,MLA,29,281,199,,"SAROJA, S",INDEPENDENT,1,629,629
2021,MLA,29,281,199,,"SUDHAKAR, P",INDEPENDENT,1,629,629
2021,MLA,29,281,199,,"DEVARAJAN, K",INDEPENDENT,1,629,629
2021,MLA,29,281,199,,"PARTHIBAN, M",INDEPENDENT,0,629,629
2021,MLA,29,281,199,,"LEENA, V",INDEPENDENT,0,629,629
2021,MLA,29,281,199,,"VASANTHI, E",INDEPENDENT,0,629,629
2021,MLA,29,281,199,,"VEDHAGIRI, R",INDEPENDENT,0,629,629
2021,MLA,29,281,199,,"VAIRAMUTHU, D",INDEPENDENT,6,629,629
2021,MLA,29,281,199,,NOTA,,11,629,629
2021,MLA,29,282,200,,"SELVAPERUNTHAGAI, K",INDIAN NATIONAL CONGRESS,293,640,640
2021,MLA,29,282,200,,"PALANI, K",ALL INDIA ANNA DRAVIDA MUNNETRA KAZHAGAM,202,640,640
2021,MLA,29,282,200,,"VINOTH, E",BAHUJAN SAMAJ PARTY,0,640,640
2021,MLA,29,282,200,,"THANIGAIVEL, M",MAKKAL NEEDHI MAIAM,57,640,640
2021,MLA,29,282,200,,"PUSHPARAJ, D",NAAM TAMILAR KATCHI,66,640,640
2021,MLA,29,282,200,,"PERUMAL, R",AMMA MAKKAL MUNNETTRA KAZAGAM,9,640,640
2021,MLA,29,282,200,,"LOKESH, E",DESIYA MAKKAL SAKTHI KATCHI,0,640,640
2021,MLA,29,282,200,,"SAROJA, S",INDEPENDENT,0,640,640
2021,MLA,29,282,200,,"SUDHAKAR, P",INDEPENDENT,0,640,640
2021,MLA,29,282,200,,"DEVARAJAN, K",INDEPENDENT,0,640,640
2021,MLA,29,282,200,,"PARTHIBAN, M",INDEPENDENT,0,640,640
2021,MLA,29,282,200,,"LEENA, V",INDEPENDENT,0,640,640
2021,MLA,29,282,200,,"VASANTHI, E",INDEPENDENT,0,640,640
2021,MLA,29,282,200,,"VEDHAGIRI, R",INDEPENDENT,0,640,640
2021,MLA,29,282,200,,"VAIRAMUTHU, D",INDEPENDENT,10,640,640
2021,MLA,29,282,200,,NOTA,,3,640,640
2021,MLA,29,283,201,M,"SELVAPERUNTHAGAI, K",INDIAN NATIONAL CONGRESS,151,453,453
2021,MLA,29,283,201,M,"PALANI, K",ALL INDIA ANNA DRAVIDA MUNNETRA KAZHAGAM,180,453,453
2021,MLA,29,283,201,M,"VINOTH, E",BAHUJAN SAMAJ PARTY,2,453,453
2021,MLA,29,283,201,M,"THANIGAIVEL, M",MAKKAL NEEDHI MAIAM,36,453,453
2021,MLA,29,283,201,M,"PUSHPARAJ, D",NAAM TAMILAR KATCHI,63,453,453
2021,MLA,29,283,201,M,"PERUMAL, R",AMMA MAKKAL MUNNETTRA KAZAGAM,6,453,453
2021,MLA,29,283,201,M,"LOKESH, E",DESIYA MAKKAL SAKTHI KATCHI,0,453,453
2021,MLA,29,283,201,M,"SAROJA, S",INDEPENDENT,0,453,453
2021,MLA,29,283,201,M,"SUDHAKAR, P",INDEPENDENT,1,453,453
2021,MLA,29,283,201,M,"DEVARAJAN, K",INDEPENDENT,0,453,453
2021,MLA,29,283,201,M,"PARTHIBAN, M",INDEPENDENT,0,453,453
2021,MLA,29,283,201,M,"LEENA, V",INDEPENDENT,0,453,453
2021,MLA,29,283,201,M,"VASANTHI, E",INDEPENDENT,1,453,453
2021,MLA,29,283,201,M,"VEDHAGIRI, R",INDEPENDENT,0,453,453
2021,MLA,29,283,201,M,"VAIRAMUTHU, D",INDEPENDENT,6,453,453
2021,MLA,29,283,201,M,NOTA,,7,453,453
2021,MLA,29,284,201,A(W),"SELVAPERUNTHAGAI, K",INDIAN NATIONAL CONGRESS,143,406,406
2021,MLA,29,284,201,A(W),"PALANI, K",ALL INDIA ANNA DRAVIDA MUNNETRA KAZHAGAM,185,406,406
2021,MLA,29,284,201,A(W),"VINOTH, E",BAHUJAN SAMAJ PARTY,0,406,406
2021,MLA,29,284,201,A(W),"THANIGAIVEL, M",MAKKAL NEEDHI MAIAM,32,406,406
2021,MLA,29,284,201,A(W),"PUSHPARAJ, D",NAAM TAMILAR KATCHI,32,406,406
2021,MLA,29,284,201,A(W),"PERUMAL, R",AMMA MAKKAL MUNNETTRA KAZAGAM,3,406,406
2021,MLA,29,284,201,A(W),"LOKESH, E",DESIYA MAKKAL SAKTHI KATCHI,0,406,406
2021,MLA,29,284,201,A(W),"SAROJA, S",INDEPENDENT,1,406,406
2021,MLA,29,284,201,A(W),"SUDHAKAR, P",INDEPENDENT,0,406,406
2021,MLA,29,284,201,A(W),"DEVARAJAN, K",INDEPENDENT,0,406,406
2021,MLA,29,284,201,A(W),"PARTHIBAN, M",INDEPENDENT,1,406,406
2021,MLA,29,284,201,A(W),"LEENA, V",INDEPENDENT,1,406,406
2021,MLA,29,284,201,A(W),"VASANTHI, E",INDEPENDENT,0,406,406
2021,MLA,29,284,201,A(W),"VEDHAGIRI, R",INDEPENDENT,0,406,406
2021,MLA,29,284,201,A(W),"VAIRAMUTHU, D",INDEPENDENT,3,406,406
2021,MLA,29,284,201,A(W),NOTA,,5,406,406
2021,MLA,29,285,202,,"SELVAPERUNTHAGAI, K",INDIAN NATIONAL CONGRESS,365,718,718
2021,MLA,29,285,202,,"PALANI, K",ALL INDIA ANNA DRAVIDA MUNNETRA KAZHAGAM,228,718,718
2021,MLA,29,285,202,,"VINOTH, E",BAHUJAN SAMAJ PARTY,2,718,718
2021,MLA,29,285,202,,"THANIGAIVEL, M",MAKKAL NEEDHI MAIAM,48,718,718
2021,MLA,29,285,202,,"PUSHPARAJ, D",NAAM TAMILAR KATCHI,67,718,718
2021,MLA,29,285,202,,"PERUMAL, R",AMMA MAKKAL MUNNETTRA KAZAGAM,0,718,718
2021,MLA,29,285,202,,"LOKESH, E",DESIYA MAKKAL SAKTHI KATCHI,1,718,718
2021,MLA,29,285,202,,"SAROJA, S",INDEPENDENT,0,718,718
2021,MLA,29,285,202,,"SUDHAKAR, P",INDEPENDENT,0,718,718
2021,MLA,29,285,202,,"DEVARAJAN, K",INDEPENDENT,0,718,718
2021,MLA,29,285,202,,"PARTHIBAN, M",INDEPENDENT,0,718,718
2021,MLA,29,285,202,,"LEENA, V",INDEPENDENT,0,718,718
2021,MLA,29,285,202,,"VASANTHI, E",INDEPENDENT,0,718,718
2021,MLA,29,285,202,,"VEDHAGIRI, R",INDEPENDENT,0,718,718
2021,MLA,29,285,202,,"VAIRAMUTHU, D",INDEPENDENT,5,718,718
2021,MLA,29,285,202,,NOTA,,2,718,718
2021,MLA,29,286,203,M,"SELVAPERUNTHAGAI, K",INDIAN NATIONAL CONGRESS,145,355,355
2021,MLA,29,286,203,M,"PALANI, K",ALL INDIA ANNA DRAVIDA MUNNETRA KAZHAGAM,132,355,355
2021,MLA,29,286,203,M,"VINOTH, E",BAHUJAN SAMAJ PARTY,1,355,355
2021,MLA,29,286,203,M,"THANIGAIVEL, M",MAKKAL NEEDHI MAIAM,14,355,355
2021,MLA,29,286,203,M,"PUSHPARAJ, D",NAAM TAMILAR KATCHI,50,355,355
2021,MLA,29,286,203,M,"PERUMAL, R",AMMA MAKKAL MUNNETTRA KAZAGAM,3,355,355
2021,MLA,29,286,203,M,"LOKESH, E",DESIYA MAKKAL SAKTHI KATCHI,0,355,355
2021,MLA,29,286,203,M,"SAROJA, S",INDEPENDENT,0,355,355
2021,MLA,29,286,203,M,"SUDHAKAR, P",INDEPENDENT,0,355,355
2021,MLA,29,286,203,M,"DEVARAJAN, K",INDEPENDENT,0,355,355
2021,MLA,29,286,203,M,"PARTHIBAN, M",INDEPENDENT,0,355,355
2021,MLA,29,286,203,M,"LEENA, V",INDEPENDENT,0,355,355
2021,MLA,29,286,203,M,"VASANTHI, E",INDEPENDENT,0,355,355
2021,MLA,29,286,203,M,"VEDHAGIRI, R",INDEPENDENT,0,355,355
2021,MLA,29,286,203,M,"VAIRAMUTHU, D",INDEPENDENT,6,355,355
2021,MLA,29,286,203,M,NOTA,,4,355,355
2021,MLA,29,287,203,A(W),"SELVAPERUNTHAGAI, K",INDIAN NATIONAL CONGRESS,140,335,335
2021,MLA,29,287,203,A(W),"PALANI, K",ALL INDIA ANNA DRAVIDA MUNNETRA KAZHAGAM,159,335,335
2021,MLA,29,287,203,A(W),"VINOTH, E",BAHUJAN SAMAJ PARTY,1,335,335
2021,MLA,29,287,203,A(W),"THANIGAIVEL, M",MAKKAL NEEDHI MAIAM,12,335,335
2021,MLA,29,287,203,A(W),"PUSHPARAJ, D",NAAM TAMILAR KATCHI,18,335,335
2021,MLA,29,287,203,A(W),"PERUMAL, R",AMMA MAKKAL MUNNETTRA KAZAGAM,0,335,335
2021,MLA,29,287,203,A(W),"LOKESH, E",DESIYA MAKKAL SAKTHI KATCHI,0,335,335
2021,MLA,29,287,203,A(W),"SAROJA, S",INDEPENDENT,0,335,335
2021,MLA,29,287,203,A(W),"SUDHAKAR, P",INDEPENDENT,0,335,335
2021,MLA,29,287,203,A(W),"DEVARAJAN, K",INDEPENDENT,0,335,335
2021,MLA,29,287,203,A(W),"PARTHIBAN, M",INDEPENDENT,0,335,335
2021,MLA,29,287,203,A(W),"LEENA, V",INDEPENDENT,0,335,335
2021,MLA,29,287,203,A(W),"VASANTHI, E",INDEPENDENT,0,335,335
2021,MLA,29,287,203,A(W),"VEDHAGIRI, R",INDEPENDENT,0,335,335
2021,MLA,29,287,203,A(W),"VAIRAMUTHU, D",INDEPENDENT,2,335,335
2021,MLA,29,287,203,A(W),NOTA,,3,335,335
2021,MLA,29,288,204,,"SELVAPERUNTHAGAI, K",INDIAN NATIONAL CONGRESS,328,699,699
2021,MLA,29,288,204,,"PALANI, K",ALL INDIA ANNA DRAVIDA MUNNETRA KAZHAGAM,241,699,699
2021,MLA,29,288,204,,"VINOTH, E",BAHUJAN SAMAJ PARTY,3,699,699
2021,MLA,29,288,204,,"THANIGAIVEL, M",MAKKAL NEEDHI MAIAM,38,699,699
2021,MLA,29,288,204,,"PUSHPARAJ, D",NAAM TAMILAR KATCHI,64,699,699
2021,MLA,29,288,204,,"PERUMAL, R",AMMA MAKKAL MUNNETTRA KAZAGAM,2,699,699
2021,MLA,29,288,204,,"LOKESH, E",DESIYA MAKKAL SAKTHI KATCHI,0,699,699
2021,MLA,29,288,204,,"SAROJA, S",INDEPENDENT,0,699,699
2021,MLA,29,288,204,,"SUDHAKAR, P",INDEPENDENT,0,699,699
2021,MLA,29,288,204,,"DEVARAJAN, K",INDEPENDENT,0,699,699
2021,MLA,29,288,204,,"PARTHIBAN, M",INDEPENDENT,0,699,699
2021,MLA,29,288,204,,"LEENA, V",INDEPENDENT,1,699,699
2021,MLA,29,288,204,,"VASANTHI, E",INDEPENDENT,1,699,699
2021,MLA,29,288,204,,"VEDHAGIRI, R",INDEPENDENT,2,699,699
2021,MLA,29,288,204,,"VAIRAMUTHU, D",INDEPENDENT,8,699,699
2021,MLA,29,288,204,,NOTA,,11,699,699
2021,MLA,29,289,205,,"SELVAPERUNTHAGAI, K",INDIAN NATIONAL CONGRESS,279,539,539
2021,MLA,29,289,205,,"PALANI, K",ALL INDIA ANNA DRAVIDA MUNNETRA KAZHAGAM,168,539,539
2021,MLA,29,289,205,,"VINOTH, E",BAHUJAN SAMAJ PARTY,0,539,539
2021,MLA,29,289,205,,"THANIGAIVEL, M",MAKKAL NEEDHI MAIAM,20,539,539
2021,MLA,29,289,205,,"PUSHPARAJ, D",NAAM TAMILAR KATCHI,49,539,539
2021,MLA,29,289,205,,"PERUMAL, R",AMMA MAKKAL MUNNETTRA KAZAGAM,4,539,539
2021,MLA,29,289,205,,"LOKESH, E",DESIYA MAKKAL SAKTHI KATCHI,0,539,539
2021,MLA,29,289,205,,"SAROJA, S",INDEPENDENT,0,539,539
2021,MLA,29,289,205,,"SUDHAKAR, P",INDEPENDENT,0,539,539
2021,MLA,29,289,205,,"DEVARAJAN, K",INDEPENDENT,0,539,539
2021,MLA,29,289,205,,"PARTHIBAN, M",INDEPENDENT,0,539,539
2021,MLA,29,289,205,,"LEENA, V",INDEPENDENT,0,539,539
2021,MLA,29,289,205,,"VASANTHI, E",INDEPENDENT,0,539,539
2021,MLA,29,289,205,,"VEDHAGIRI, R",INDEPENDENT,0,539,539
2021,MLA,29,289,205,,"VAIRAMUTHU, D",INDEPENDENT,15,539,539
2021,MLA,29,289,205,,NOTA,,4,539,539
2021,MLA,29,290,206,M,"SELVAPERUNTHAGAI, K",INDIAN NATIONAL CONGRESS,150,394,394
2021,MLA,29,290,206,M,"PALANI, K",ALL INDIA ANNA DRAVIDA MUNNETRA KAZHAGAM,169,394,394
2021,MLA,29,290,206,M,"VINOTH, E",BAHUJAN SAMAJ PARTY,1,394,394
2021,MLA,29,290,206,M,"THANIGAIVEL, M",MAKKAL NEEDHI MAIAM,16,394,394
2021,MLA,29,290,206,M,"PUSHPARAJ, D",NAAM TAMILAR KATCHI,30,394,394
2021,MLA,29,290,206,M,"PERUMAL, R",AMMA MAKKAL MUNNETTRA KAZAGAM,4,394,394
2021,MLA,29,290,206,M,"LOKESH, E",DESIYA MAKKAL SAKTHI KATCHI,0,394,394
2021,MLA,29,290,206,M,"SAROJA, S",INDEPENDENT,2,394,394
2021,MLA,29,290,206,M,"SUDHAKAR, P",INDEPENDENT,0,394,394
2021,MLA,29,290,206,M,"DEVARAJAN, K",INDEPENDENT,0,394,394
2021,MLA,29,290,206,M,"PARTHIBAN, M",INDEPENDENT,0,394,394
2021,MLA,29,290,206,M,"LEENA, V",INDEPENDENT,0,394,394
2021,MLA,29,290,206,M,"VASANTHI, E",INDEPENDENT,0,394,394
2021,MLA,29,290,206,M,"VEDHAGIRI, R",INDEPENDENT,0,394,394
2021,MLA,29,290,206,M,"VAIRAMUTHU, D",INDEPENDENT,21,394,394
2021,MLA,29,290,206,M,NOTA,,1,394,394
2021,MLA,29,291,206,A(W),"SELVAPERUNTHAGAI, K",INDIAN NATIONAL CONGRESS,158,427,427
2021,MLA,29,291,206,A(W),"PALANI, K",ALL INDIA ANNA DRAVIDA MUNNETRA KAZHAGAM,205,427,427
2021,MLA,29,291,206,A(W),"VINOTH, E",BAHUJAN SAMAJ PARTY,3,427,427
2021,MLA,29,291,206,A(W),"THANIGAIVEL, M",MAKKAL NEEDHI MAIAM,25,427,427
2021,MLA,29,291,206,A(W),"PUSHPARAJ, D",NAAM TAMILAR KATCHI,17,427,427
2021,MLA,29,291,206,A(W),"PERUMAL, R",AMMA MAKKAL MUNNETTRA KAZAGAM,2,427,427
2021,MLA,29,291,206,A(W),"LOKESH, E",DESIYA MAKKAL SAKTHI KATCHI,0,427,427
2021,MLA,29,291,206,A(W),"SAROJA, S",INDEPENDENT,4,427,427
2021,MLA,29,291,206,A(W),"SUDHAKAR, P",INDEPENDENT,0,427,427
2021,MLA,29,291,206,A(W),"DEVARAJAN, K",INDEPENDENT,0,427,427
2021,MLA,29,291,206,A(W),"PARTHIBAN, M",INDEPENDENT,1,427,427
2021,MLA,29,291,206,A(W),"LEENA, V",INDEPENDENT,0,427,427
2021,MLA,29,291,206,A(W),"VASANTHI, E",INDEPENDENT,1,427,427
2021,MLA,29,291,206,A(W),"VEDHAGIRI, R",INDEPENDENT,0,427,427
2021,MLA,29,291,206,A(W),"VAIRAMUTHU, D",INDEPENDENT,9,427,427
2021,MLA,29,291,206,A(W),NOTA,,2,427,427
2021,MLA,29,292,207,M,"SELVAPERUNTHAGAI, K",INDIAN NATIONAL CONGRESS,153,393,393
2021,MLA,29,292,207,M,"PALANI, K",ALL INDIA ANNA DRAVIDA MUNNETRA KAZHAGAM,151,393,393
2021,MLA,29,292,207,M,"VINOTH, E",BAHUJAN SAMAJ PARTY,0,393,393
2021,MLA,29,292,207,M,"THANIGAIVEL, M",MAKKAL NEEDHI MAIAM,17,393,393
2021,MLA,29,292,207,M,"PUSHPARAJ, D",NAAM TAMILAR KATCHI,44,393,393
2021,MLA,29,292,207,M,"PERUMAL, R",AMMA MAKKAL MUNNETTRA KAZAGAM,3,393,393
2021,MLA,29,292,207,M,"LOKESH, E",DESIYA MAKKAL SAKTHI KATCHI,0,393,393
2021,MLA,29,292,207,M,"SAROJA, S",INDEPENDENT,2,393,393
2021,MLA,29,292,207,M,"SUDHAKAR, P",INDEPENDENT,0,393,393
2021,MLA,29,292,207,M,"DEVARAJAN, K",INDEPENDENT,0,393,393
2021,MLA,29,292,207,M,"PARTHIBAN, M",INDEPENDENT,0,393,393
2021,MLA,29,292,207,M,"LEENA, V",INDEPENDENT,0,393,393
2021,MLA,29,292,207,M,"VASANTHI, E",INDEPENDENT,0,393,393
2021,MLA,29,292,207,M,"VEDHAGIRI, R",INDEPENDENT,0,393,393
2021,MLA,29,292,207,M,"VAIRAMUTHU, D",INDEPENDENT,19,393,393
2021,MLA,29,292,207,M,NOTA,,4,393,393
2021,MLA,29,293,207,A(W),"SELVAPERUNTHAGAI, K",INDIAN NATIONAL CONGRESS,143,375,375
2021,MLA,29,293,207,A(W),"PALANI, K",ALL INDIA ANNA DRAVIDA MUNNETRA KAZHAGAM,173,375,375
2021,MLA,29,293,207,A(W),"VINOTH, E",BAHUJAN SAMAJ PARTY,3,375,375
2021,MLA,29,293,207,A(W),"THANIGAIVEL, M",MAKKAL NEEDHI MAIAM,11,375,375
2021,MLA,29,293,207,A(W),"PUSHPARAJ, D",NAAM TAMILAR KATCHI,23,375,375
2021,MLA,29,293,207,A(W),"PERUMAL, R",AMMA MAKKAL MUNNETTRA KAZAGAM,3,375,375
2021,MLA,29,293,207,A(W),"LOKESH, E",DESIYA MAKKAL SAKTHI KATCHI,0,375,375
2021,MLA,29,293,207,A(W),"SAROJA, S",INDEPENDENT,0,375,375
2021,MLA,29,293,207,A(W),"SUDHAKAR, P",INDEPENDENT,3,375,375
2021,MLA,29,293,207,A(W),"DEVARAJAN, K",INDEPENDENT,0,375,375
2021,MLA,29,293,207,A(W),"PARTHIBAN, M",INDEPENDENT,0,375,375
2021,MLA,29,293,207,A(W),"LEENA, V",INDEPENDENT,1,375,375
2021,MLA,29,293,207,A(W),"VASANTHI, E",INDEPENDENT,1,375,375
2021,MLA,29,293,207,A(W),"VEDHAGIRI, R",INDEPENDENT,0,375,375
2021,MLA,29,293,207,A(W),"VAIRAMUTHU, D",INDEPENDENT,12,375,375
2021,MLA,29,293,207,A(W),NOTA,,2,375,375
2021,MLA,29,294,208,M,"SELVAPERUNTHAGAI, K",INDIAN NATIONAL CONGRESS,171,426,426
2021,MLA,29,294,208,M,"PALANI, K",ALL INDIA ANNA DRAVIDA MUNNETRA KAZHAGAM,165,426,426
2021,MLA,29,294,208,M,"VINOTH, E",BAHUJAN SAMAJ PARTY,3,426,426
2021,MLA,29,294,208,M,"THANIGAIVEL, M",MAKKAL NEEDHI MAIAM,16,426,426
2021,MLA,29,294,208,M,"PUSHPARAJ, D",NAAM TAMILAR KATCHI,39,426,426
2021,MLA,29,294,208,M,"PERUMAL, R",AMMA MAKKAL MUNNETTRA KAZAGAM,5,426,426
2021,MLA,29,294,208,M,"LOKESH, E",DESIYA MAKKAL SAKTHI KATCHI,0,426,426
2021,MLA,29,294,208,M,"SAROJA, S",INDEPENDENT,0,426,426
2021,MLA,29,294,208,M,"SUDHAKAR, P",INDEPENDENT,0,426,426
2021,MLA,29,294,208,M,"DEVARAJAN, K",INDEPENDENT,0,426,426
2021,MLA,29,294,208,M,"PARTHIBAN, M",INDEPENDENT,0,426,426
2021,MLA,29,294,208,M,"LEENA, V",INDEPENDENT,0,426,426
2021,MLA,29,294,208,M,"VASANTHI, E",INDEPENDENT,0,426,426
2021,MLA,29,294,208,M,"VEDHAGIRI, R",INDEPENDENT,0,426,426
2021,MLA,29,294,208,M,"VAIRAMUTHU, D",INDEPENDENT,27,426,426
2021,MLA,29,294,208,M,NOTA,,0,426,426
2021,MLA,29,295,208,A(W),"SELVAPERUNTHAGAI, K",INDIAN NATIONAL CONGRESS,181,414,414
2021,MLA,29,295,208,A(W),"PALANI, K",ALL INDIA ANNA DRAVIDA MUNNETRA KAZHAGAM,196,414,414
2021,MLA,29,295,208,A(W),"VINOTH, E",BAHUJAN SAMAJ PARTY,0,414,414
2021,MLA,29,295,208,A(W),"THANIGAIVEL, M",MAKKAL NEEDHI MAIAM,10,414,414
2021,MLA,29,295,208,A(W),"PUSHPARAJ, D",NAAM TAMILAR KATCHI,20,414,414
2021,MLA,29,295,208,A(W),"PERUMAL, R",AMMA MAKKAL MUNNETTRA KAZAGAM,4,414,414
2021,MLA,29,295,208,A(W),"LOKESH, E",DESIYA MAKKAL SAKTHI KATCHI,0,414,414
2021,MLA,29,295,208,A(W),"SAROJA, S",INDEPENDENT,0,414,414
2021,MLA,29,295,208,A(W),"SUDHAKAR, P",INDEPENDENT,0,414,414
2021,MLA,29,295,208,A(W),"DEVARAJAN, K",INDEPENDENT,0,414,414
2021,MLA,29,295,208,A(W),"PARTHIBAN, M",INDEPENDENT,0,414,414
2021,MLA,29,295,208,A(W),"LEENA, V",INDEPENDENT,0,414,414
2021,MLA,29,295,208,A(W),"VASANTHI, E",INDEPENDENT,0,414,414
2021,MLA,29,295,208,A(W),"VEDHAGIRI, R",INDEPENDENT,0,414,414
2021,MLA,29,295,208,A(W),"VAIRAMUTHU, D",INDEPENDENT,2,414,414
2021,MLA,29,295,208,A(W),NOTA,,1,414,414
2021,MLA,29,296,209,M,"SELVAPERUNTHAGAI, K",INDIAN NATIONAL CONGRESS,203,531,531
2021,MLA,29,296,209,M,"PALANI, K",ALL INDIA ANNA DRAVIDA MUNNETRA KAZHAGAM,244,531,531
2021,MLA,29,296,209,M,"VINOTH, E",BAHUJAN SAMAJ PARTY,0,531,531
2021,MLA,29,296,209,M,"THANIGAIVEL, M",MAKKAL NEEDHI MAIAM,9,531,531
2021,MLA,29,296,209,M,"PUSHPARAJ, D",NAAM TAMILAR KATCHI,37,531,531
2021,MLA,29,296,209,M,"PERUMAL, R",AMMA MAKKAL MUNNETTRA KAZAGAM,6,531,531
2021,MLA,29,296,209,M,"LOKESH, E",DESIYA MAKKAL SAKTHI KATCHI,0,531,531
2021,MLA,29,296,209,M,"SAROJA, S",INDEPENDENT,0,531,531
2021,MLA,29,296,209,M,"SUDHAKAR, P",INDEPENDENT,0,531,531
2021,MLA,29,296,209,M,"DEVARAJAN, K",INDEPENDENT,0,531,531
2021,MLA,29,296,209,M,"PARTHIBAN, M",INDEPENDENT,0,531,531
2021,MLA,29,296,209,M,"LEENA, V",INDEPENDENT,0,531,531
2021,MLA,29,296,209,M,"VASANTHI, E",INDEPENDENT,0,531,531
2021,MLA,29,296,209,M,"VEDHAGIRI, R",INDEPENDENT,0,531,531
2021,MLA,29,296,209,M,"VAIRAMUTHU, D",INDEPENDENT,31,531,531
2021,MLA,29,296,209,M,NOTA,,1,531,531
2021,MLA,29,297,209,A(W),"SELVAPERUNTHAGAI, K",INDIAN NATIONAL CONGRESS,202,464,464
2021,MLA,29,297,209,A(W),"PALANI, K",ALL INDIA ANNA DRAVIDA MUNNETRA KAZHAGAM,217,464,464
2021,MLA,29,297,209,A(W),"VINOTH, E",BAHUJAN SAMAJ PARTY,2,464,464
2021,MLA,29,297,209,A(W),"THANIGAIVEL, M",MAKKAL NEEDHI MAIAM,9,464,464
2021,MLA,29,297,209,A(W),"PUSHPARAJ, D",NAAM TAMILAR KATCHI,17,464,464
2021,MLA,29,297,209,A(W),"PERUMAL, R",AMMA MAKKAL MUNNETTRA KAZAGAM,5,464,464
2021,MLA,29,297,209,A(W),"LOKESH, E",DESIYA MAKKAL SAKTHI KATCHI,0,464,464
2021,MLA,29,297,209,A(W),"SAROJA, S",INDEPENDENT,2,464,464
2021,MLA,29,297,209,A(W),"SUDHAKAR, P",INDEPENDENT,0,464,464
2021,MLA,29,297,209,A(W),"DEVARAJAN, K",INDEPENDENT,0,464,464
2021,MLA,29,297,209,A(W),"PARTHIBAN, M",INDEPENDENT,0,464,464
2021,MLA,29,297,209,A(W),"LEENA, V",INDEPENDENT,0,464,464
2021,MLA,29,297,209,A(W),"VASANTHI, E",INDEPENDENT,0,464,464
2021,MLA,29,297,209,A(W),"VEDHAGIRI, R",INDEPENDENT,0,464,464
2021,MLA,29,297,209,A(W),"VAIRAMUTHU, D",INDEPENDENT,9,464,464
2021,MLA,29,297,209,A(W),NOTA,,1,464,464
2021,MLA,29,298,210,,"SELVAPERUNTHAGAI, K",INDIAN NATIONAL CONGRESS,208,508,508
2021,MLA,29,298,210,,"PALANI, K",ALL INDIA ANNA DRAVIDA MUNNETRA KAZHAGAM,216,508,508
2021,MLA,29,298,210,,"VINOTH, E",BAHUJAN SAMAJ PARTY,0,508,508
2021,MLA,29,298,210,,"THANIGAIVEL, M",MAKKAL NEEDHI MAIAM,16,508,508
2021,MLA,29,298,210,,"PUSHPARAJ, D",NAAM TAMILAR KATCHI,58,508,508
2021,MLA,29,298,210,,"PERUMAL, R",AMMA MAKKAL MUNNETTRA KAZAGAM,1,508,508
2021,MLA,29,298,210,,"LOKESH, E",DESIYA MAKKAL SAKTHI KATCHI,1,508,508
2021,MLA,29,298,210,,"SAROJA, S",INDEPENDENT,0,508,508
2021,MLA,29,298,210,,"SUDHAKAR, P",INDEPENDENT,0,508,508
2021,MLA,29,298,210,,"DEVARAJAN, K",INDEPENDENT,0,508,508
2021,MLA,29,298,210,,"PARTHIBAN, M",INDEPENDENT,0,508,508
2021,MLA,29,298,210,,"LEENA, V",INDEPENDENT,1,508,508
2021,MLA,29,298,210,,"VASANTHI, E",INDEPENDENT,0,508,508
2021,MLA,29,298,210,,"VEDHAGIRI, R",INDEPENDENT,0,508,508
2021,MLA,29,298,210,,"VAIRAMUTHU, D",INDEPENDENT,4,508,508
2021,MLA,29,298,210,,NOTA,,3,508,508
2021,MLA,29,299,211,M,"SELVAPERUNTHAGAI, K",INDIAN NATIONAL CONGRESS,148,418,418
2021,MLA,29,299,211,M,"PALANI, K",ALL INDIA ANNA DRAVIDA MUNNETRA KAZHAGAM,167,418,418
2021,MLA,29,299,211,M,"VINOTH, E",BAHUJAN SAMAJ PARTY,0,418,418
2021,MLA,29,299,211,M,"THANIGAIVEL, M",MAKKAL NEEDHI MAIAM,20,418,418
2021,MLA,29,299,211,M,"PUSHPARAJ, D",NAAM TAMILAR KATCHI,73,418,418
2021,MLA,29,299,211,M,"PERUMAL, R",AMMA MAKKAL MUNNETTRA KAZAGAM,3,418,418
2021,MLA,29,299,211,M,"LOKESH, E",DESIYA MAKKAL SAKTHI KATCHI,0,418,418
2021,MLA,29,299,211,M,"SAROJA, S",INDEPENDENT,1,418,418
2021,MLA,29,299,211,M,"SUDHAKAR, P",INDEPENDENT,1,418,418
2021,MLA,29,299,211,M,"DEVARAJAN, K",INDEPENDENT,0,418,418
2021,MLA,29,299,211,M,"PARTHIBAN, M",INDEPENDENT,0,418,418
2021,MLA,29,299,211,M,"LEENA, V",INDEPENDENT,0,418,418
2021,MLA,29,299,211,M,"VASANTHI, E",INDEPENDENT,0,418,418
2021,MLA,29,299,211,M,"VEDHAGIRI, R",INDEPENDENT,0,418,418
2021,MLA,29,299,211,M,"VAIRAMUTHU, D",INDEPENDENT,2,418,418
2021,MLA,29,299,211,M,NOTA,,3,418,418
2021,MLA,29,300,211,A(W),"SELVAPERUNTHAGAI, K",INDIAN NATIONAL CONGRESS,134,405,405
2021,MLA,29,300,211,A(W),"PALANI, K",ALL INDIA ANNA DRAVIDA MUNNETRA KAZHAGAM,212,405,405
2021,MLA,29,300,211,A(W),"VINOTH, E",BAHUJAN SAMAJ PARTY,1,405,405
2021,MLA,29,300,211,A(W),"THANIGAIVEL, M",MAKKAL NEEDHI MAIAM,15,405,405
2021,MLA,29,300,211,A(W),"PUSHPARAJ, D",NAAM TAMILAR KATCHI,32,405,405
2021,MLA,29,300,211,A(W),"PERUMAL, R",AMMA MAKKAL MUNNETTRA KAZAGAM,6,405,405
2021,MLA,29,300,211,A(W),"LOKESH, E",DESIYA MAKKAL SAKTHI KATCHI,0,405,405
2021,MLA,29,300,211,A(W),"SAROJA, S",INDEPENDENT,0,405,405
2021,MLA,29,300,211,A(W),"SUDHAKAR, P",INDEPENDENT,1,405,405
2021,MLA,29,300,211,A(W),"DEVARAJAN, K",INDEPENDENT,1,405,405
2021,MLA,29,300,211,A(W),"PARTHIBAN, M",INDEPENDENT,1,405,405
2021,MLA,29,300,211,A(W),"LEENA, V",INDEPENDENT,0,405,405
2021,MLA,29,300,211,A(W),"VASANTHI, E",INDEPENDENT,0,405,405
2021,MLA,29,300,211,A(W),"VEDHAGIRI, R",INDEPENDENT,0,405,405
2021,MLA,29,300,211,A(W),"VAIRAMUTHU, D",INDEPENDENT,0,405,405
2021,MLA,29,300,211,A(W),NOTA,,2,405,405
2021,MLA,29,301,212,M,"SELVAPERUNTHAGAI, K",INDIAN NATIONAL CONGRESS,184,380,380
2021,MLA,29,301,212,M,"PALANI, K",ALL INDIA ANNA DRAVIDA MUNNETRA KAZHAGAM,125,380,380
2021,MLA,29,301,212,M,"VINOTH, E",BAHUJAN SAMAJ PARTY,0,380,380
2021,MLA,29,301,212,M,"THANIGAIVEL, M",MAKKAL NEEDHI MAIAM,12,380,380
2021,MLA,29,301,212,M,"PUSHPARAJ, D",NAAM TAMILAR KATCHI,46,380,380
2021,MLA,29,301,212,M,"PERUMAL, R",AMMA MAKKAL MUNNETTRA KAZAGAM,7,380,380
2021,MLA,29,301,212,M,"LOKESH, E",DESIYA MAKKAL SAKTHI KATCHI,0,380,380
2021,MLA,29,301,212,M,"SAROJA, S",INDEPENDENT,0,380,380
2021,MLA,29,301,212,M,"SUDHAKAR, P",INDEPENDENT,0,380,380
2021,MLA,29,301,212,M,"DEVARAJAN, K",INDEPENDENT,0,380,380
2021,MLA,29,301,212,M,"PARTHIBAN, M",INDEPENDENT,0,380,380
2021,MLA,29,301,212,M,"LEENA, V",INDEPENDENT,0,380,380
2021,MLA,29,301,212,M,"VASANTHI, E",INDEPENDENT,1,380,380
2021,MLA,29,301,212,M,"VEDHAGIRI, R",INDEPENDENT,0,380,380
2021,MLA,29,301,212,M,"VAIRAMUTHU, D",INDEPENDENT,3,380,380
2021,MLA,29,301,212,M,NOTA,,2,380,380
2021,MLA,29,302,212,A(W),"SELVAPERUNTHAGAI, K",INDIAN NATIONAL CONGRESS,182,379,379
2021,MLA,29,302,212,A(W),"PALANI, K",ALL INDIA ANNA DRAVIDA MUNNETRA KAZHAGAM,149,379,379
2021,MLA,29,302,212,A(W),"VINOTH, E",BAHUJAN SAMAJ PARTY,2,379,379
2021,MLA,29,302,212,A(W),"THANIGAIVEL, M",MAKKAL NEEDHI MAIAM,15,379,379
2021,MLA,29,302,212,A(W),"PUSHPARAJ, D",NAAM TAMILAR KATCHI,26,379,379
2021,MLA,29,302,212,A(W),"PERUMAL, R",AMMA MAKKAL MUNNETTRA KAZAGAM,1,379,379
2021,MLA,29,302,212,A(W),"LOKESH, E",DESIYA MAKKAL SAKTHI KATCHI,0,379,379
2021,MLA,29,302,212,A(W),"SAROJA, S",INDEPENDENT,0,379,379
2021,MLA,29,302,212,A(W),"SUDHAKAR, P",INDEPENDENT,0,379,379
2021,MLA,29,302,212,A(W),"DEVARAJAN, K",INDEPENDENT,0,379,379
2021,MLA,29,302,212,A(W),"PARTHIBAN, M",INDEPENDENT,0,379,379
2021,MLA,29,302,212,A(W),"LEENA, V",INDEPENDENT,0,379,379
2021,MLA,29,302,212,A(W),"VASANTHI, E",INDEPENDENT,0,379,379
2021,MLA,29,302,212,A(W),"VEDHAGIRI, R",INDEPENDENT,0,379,379
2021,MLA,29,302,212,A(W),"VAIRAMUTHU, D",INDEPENDENT,1,379,379
2021,MLA,29,302,212,A(W),NOTA,,3,379,379
2021,MLA,29,303,213,M,"SELVAPERUNTHAGAI, K",INDIAN NATIONAL CONGRESS,151,376,376
2021,MLA,29,303,213,M,"PALANI, K",ALL INDIA ANNA DRAVIDA MUNNETRA KAZHAGAM,137,376,376
2021,MLA,29,303,213,M,"VINOTH, E",BAHUJAN SAMAJ PARTY,2,376,376
2021,MLA,29,303,213,M,"THANIGAIVEL, M",MAKKAL NEEDHI MAIAM,10,376,376
2021,MLA,29,303,213,M,"PUSHPARAJ, D",NAAM TAMILAR KATCHI,66,376,376
2021,MLA,29,303,213,M,"PERUMAL, R",AMMA MAKKAL MUNNETTRA KAZAGAM,3,376,376
2021,MLA,29,303,213,M,"LOKESH, E",DESIYA MAKKAL SAKTHI KATCHI,0,376,376
2021,MLA,29,303,213,M,"SAROJA, S",INDEPENDENT,0,376,376
2021,MLA,29,303,213,M,"SUDHAKAR, P",INDEPENDENT,0,376,376
2021,MLA,29,303,213,M,"DEVARAJAN, K",INDEPENDENT,0,376,376
2021,MLA,29,303,213,M,"PARTHIBAN, M",INDEPENDENT,0,376,376
2021,MLA,29,303,213,M,"LEENA, V",INDEPENDENT,0,376,376
2021,MLA,29,303,213,M,"VASANTHI, E",INDEPENDENT,0,376,376
2021,MLA,29,303,213,M,"VEDHAGIRI, R",INDEPENDENT,0,376,376
2021,MLA,29,303,213,M,"VAIRAMUTHU, D",INDEPENDENT,4,376,376
2021,MLA,29,303,213,M,NOTA,,3,376,376
2021,MLA,29,304,213,A(W),"SELVAPERUNTHAGAI, K",INDIAN NATIONAL CONGRESS,153,367,367
2021,MLA,29,304,213,A(W),"PALANI, K",ALL INDIA ANNA DRAVIDA MUNNETRA KAZHAGAM,155,367,367
2021,MLA,29,304,213,A(W),"VINOTH, E",BAHUJAN SAMAJ PARTY,1,367,367
2021,MLA,29,304,213,A(W),"THANIGAIVEL, M",MAKKAL NEEDHI MAIAM,14,367,367
2021,MLA,29,304,213,A(W),"PUSHPARAJ, D",NAAM TAMILAR KATCHI,28,367,367
2021,MLA,29,304,213,A(W),"PERUMAL, R",AMMA MAKKAL MUNNETTRA KAZAGAM,4,367,367
2021,MLA,29,304,213,A(W),"LOKESH, E",DESIYA MAKKAL SAKTHI KATCHI,0,367,367
2021,MLA,29,304,213,A(W),"SAROJA, S",INDEPENDENT,0,367,367
2021,MLA,29,304,213,A(W),"SUDHAKAR, P",INDEPENDENT,0,367,367
2021,MLA,29,304,213,A(W),"DEVARAJAN, K",INDEPENDENT,0,367,367
2021,MLA,29,304,213,A(W),"PARTHIBAN, M",INDEPENDENT,1,367,367
2021,MLA,29,304,213,A(W),"LEENA, V",INDEPENDENT,1,367,367
2021,MLA,29,304,213,A(W),"VASANTHI, E",INDEPENDENT,0,367,367
2021,MLA,29,304,213,A(W),"VEDHAGIRI, R",INDEPENDENT,0,367,367
2021,MLA,29,304,213,A(W),"VAIRAMUTHU, D",INDEPENDENT,6,367,367
2021,MLA,29,304,213,A(W),NOTA,,4,367,367
2021,MLA,29,305,214,,"SELVAPERUNTHAGAI, K",INDIAN NATIONAL CONGRESS,306,657,657
2021,MLA,29,305,214,,"PALANI, K",ALL INDIA ANNA DRAVIDA MUNNETRA KAZHAGAM,234,657,657
2021,MLA,29,305,214,,"VINOTH, E",BAHUJAN SAMAJ PARTY,2,657,657
2021,MLA,29,305,214,,"THANIGAIVEL, M",MAKKAL NEEDHI MAIAM,38,657,657
2021,MLA,29,305,214,,"PUSHPARAJ, D",NAAM TAMILAR KATCHI,63,657,657
2021,MLA,29,305,214,,"PERUMAL, R",AMMA MAKKAL MUNNETTRA KAZAGAM,2,657,657
2021,MLA,29,305,214,,"LOKESH, E",DESIYA MAKKAL SAKTHI KATCHI,1,657,657
2021,MLA,29,305,214,,"SAROJA, S",INDEPENDENT,0,657,657
2021,MLA,29,305,214,,"SUDHAKAR, P",INDEPENDENT,0,657,657
2021,MLA,29,305,214,,"DEVARAJAN, K",INDEPENDENT,0,657,657
2021,MLA,29,305,214,,"PARTHIBAN, M",INDEPENDENT,0,657,657
2021,MLA,29,305,214,,"LEENA, V",INDEPENDENT,0,657,657
2021,MLA,29,305,214,,"VASANTHI, E",INDEPENDENT,0,657,657
2021,MLA,29,305,214,,"VEDHAGIRI, R",INDEPENDENT,0,657,657
2021,MLA,29,305,214,,"VAIRAMUTHU, D",INDEPENDENT,5,657,657
2021,MLA,29,305,214,,NOTA,,6,657,657
2021,MLA,29,306,215,,"SELVAPERUNTHAGAI, K",INDIAN NATIONAL CONGRESS,295,670,670
2021,MLA,29,306,215,,"PALANI, K",ALL INDIA ANNA DRAVIDA MUNNETRA KAZHAGAM,238,670,670
2021,MLA,29,306,215,,"VINOTH, E",BAHUJAN SAMAJ PARTY,1,670,670
2021,MLA,29,306,215,,"THANIGAIVEL, M",MAKKAL NEEDHI MAIAM,37,670,670
2021,MLA,29,306,215,,"PUSHPARAJ, D",NAAM TAMILAR KATCHI,65,670,670
2021,MLA,29,306,215,,"PERUMAL, R",AMMA MAKKAL MUNNETTRA KAZAGAM,17,670,670
2021,MLA,29,306,215,,"LOKESH, E",DESIYA MAKKAL SAKTHI KATCHI,1,670,670
2021,MLA,29,306,215,,"SAROJA, S",INDEPENDENT,1,670,670
2021,MLA,29,306,215,,"SUDHAKAR, P",INDEPENDENT,0,670,670
2021,MLA,29,306,215,,"DEVARAJAN, K",INDEPENDENT,1,670,670
2021,MLA,29,306,215,,"PARTHIBAN, M",INDEPENDENT,0,670,670
2021,MLA,29,306,215,,"LEENA, V",INDEPENDENT,0,670,670
2021,MLA,29,306,215,,"VASANTHI, E",INDEPENDENT,2,670,670
2021,MLA,29,306,215,,"VEDHAGIRI, R",INDEPENDENT,0,670,670
2021,MLA,29,306,215,,"VAIRAMUTHU, D",INDEPENDENT,4,670,670
2021,MLA,29,306,215,,NOTA,,8,670,670
2021,MLA,29,307,216,M,"SELVAPERUNTHAGAI, K",INDIAN NATIONAL CONGRESS,163,363,363
2021,MLA,29,307,216,M,"PALANI, K",ALL INDIA ANNA DRAVIDA MUNNETRA KAZHAGAM,108,363,363
2021,MLA,29,307,216,M,"VINOTH, E",BAHUJAN SAMAJ PARTY,0,363,363
2021,MLA,29,307,216,M,"THANIGAIVEL, M",MAKKAL NEEDHI MAIAM,36,363,363
2021,MLA,29,307,216,M,"PUSHPARAJ, D",NAAM TAMILAR KATCHI,49,363,363
2021,MLA,29,307,216,M,"PERUMAL, R",AMMA MAKKAL MUNNETTRA KAZAGAM,2,363,363
2021,MLA,29,307,216,M,"LOKESH, E",DESIYA MAKKAL SAKTHI KATCHI,0,363,363
2021,MLA,29,307,216,M,"SAROJA, S",INDEPENDENT,0,363,363
2021,MLA,29,307,216,M,"SUDHAKAR, P",INDEPENDENT,2,363,363
2021,MLA,29,307,216,M,"DEVARAJAN, K",INDEPENDENT,0,363,363
2021,MLA,29,307,216,M,"PARTHIBAN, M",INDEPENDENT,0,363,363
2021,MLA,29,307,216,M,"LEENA, V",INDEPENDENT,1,363,363
2021,MLA,29,307,216,M,"VASANTHI, E",INDEPENDENT,0,363,363
2021,MLA,29,307,216,M,"VEDHAGIRI, R",INDEPENDENT,0,363,363
2021,MLA,29,307,216,M,"VAIRAMUTHU, D",INDEPENDENT,1,363,363
2021,MLA,29,307,216,M,NOTA,,1,363,363
2021,MLA,29,308,216,A(W),"SELVAPERUNTHAGAI, K",INDIAN NATIONAL CONGRESS,172,354,354
2021,MLA,29,308,216,A(W),"PALANI, K",ALL INDIA ANNA DRAVIDA MUNNETRA KAZHAGAM,127,354,354
2021,MLA,29,308,216,A(W),"VINOTH, E",BAHUJAN SAMAJ PARTY,0,354,354
2021,MLA,29,308,216,A(W),"THANIGAIVEL, M",MAKKAL NEEDHI MAIAM,30,354,354
2021,MLA,29,308,216,A(W),"PUSHPARAJ, D",NAAM TAMILAR KATCHI,20,354,354
2021,MLA,29,308,216,A(W),"PERUMAL, R",AMMA MAKKAL MUNNETTRA KAZAGAM,1,354,354
2021,MLA,29,308,216,A(W),"LOKESH, E",DESIYA MAKKAL SAKTHI KATCHI,0,354,354
2021,MLA,29,308,216,A(W),"SAROJA, S",INDEPENDENT,1,354,354
2021,MLA,29,308,216,A(W),"SUDHAKAR, P",INDEPENDENT,0,354,354
2021,MLA,29,308,216,A(W),"DEVARAJAN, K",INDEPENDENT,0,354,354
2021,MLA,29,308,216,A(W),"PARTHIBAN, M",INDEPENDENT,0,354,354
2021,MLA,29,308,216,A(W),"LEENA, V",INDEPENDENT,0,354,354
2021,MLA,29,308,216,A(W),"VASANTHI, E",INDEPENDENT,0,354,354
2021,MLA,29,308,216,A(W),"VEDHAGIRI, R",INDEPENDENT,0,354,354
2021,MLA,29,308,216,A(W),"VAIRAMUTHU, D",INDEPENDENT,1,354,354
2021,MLA,29,308,216,A(W),NOTA,,2,354,354
2021,MLA,29,309,217,M,"SELVAPERUNTHAGAI, K",INDIAN NATIONAL CONGRESS,218,388,388
2021,MLA,29,309,217,M,"PALANI, K",ALL INDIA ANNA DRAVIDA MUNNETRA KAZHAGAM,101,388,388
2021,MLA,29,309,217,M,"VINOTH, E",BAHUJAN SAMAJ PARTY,1,388,388
2021,MLA,29,309,217,M,"THANIGAIVEL, M",MAKKAL NEEDHI MAIAM,18,388,388
2021,MLA,29,309,217,M,"PUSHPARAJ, D",NAAM TAMILAR KATCHI,41,388,388
2021,MLA,29,309,217,M,"PERUMAL, R",AMMA MAKKAL MUNNETTRA KAZAGAM,1,388,388
2021,MLA,29,309,217,M,"LOKESH, E",DESIYA MAKKAL SAKTHI KATCHI,1,388,388
2021,MLA,29,309,217,M,"SAROJA, S",INDEPENDENT,0,388,388
2021,MLA,29,309,217,M,"SUDHAKAR, P",INDEPENDENT,0,388,388
2021,MLA,29,309,217,M,"DEVARAJAN, K",INDEPENDENT,0,388,388
2021,MLA,29,309,217,M,"PARTHIBAN, M",INDEPENDENT,0,388,388
2021,MLA,29,309,217,M,"LEENA, V",INDEPENDENT,0,388,388
2021,MLA,29,309,217,M,"VASANTHI, E",INDEPENDENT,0,388,388
2021,MLA,29,309,217,M,"VEDHAGIRI, R",INDEPENDENT,0,388,388
2021,MLA,29,309,217,M,"VAIRAMUTHU, D",INDEPENDENT,2,388,388
2021,MLA,29,309,217,M,NOTA,,5,388,388
2021,MLA,29,310,217,A(W),"SELVAPERUNTHAGAI, K",INDIAN NATIONAL CONGRESS,217,416,416
2021,MLA,29,310,217,A(W),"PALANI, K",ALL INDIA ANNA DRAVIDA MUNNETRA KAZHAGAM,131,416,416
2021,MLA,29,310,217,A(W),"VINOTH, E",BAHUJAN SAMAJ PARTY,1,416,416
2021,MLA,29,310,217,A(W),"THANIGAIVEL, M",MAKKAL NEEDHI MAIAM,30,416,416
2021,MLA,29,310,217,A(W),"PUSHPARAJ, D",NAAM TAMILAR KATCHI,27,416,416
2021,MLA,29,310,217,A(W),"PERUMAL, R",AMMA MAKKAL MUNNETTRA KAZAGAM,1,416,416
2021,MLA,29,310,217,A(W),"LOKESH, E",DESIYA MAKKAL SAKTHI KATCHI,0,416,416
2021,MLA,29,310,217,A(W),"SAROJA, S",INDEPENDENT,0,416,416
2021,MLA,29,310,217,A(W),"SUDHAKAR, P",INDEPENDENT,0,416,416
2021,MLA,29,310,217,A(W),"DEVARAJAN, K",INDEPENDENT,1,416,416
2021,MLA,29,310,217,A(W),"PARTHIBAN, M",INDEPENDENT,0,416,416
2021,MLA,29,310,217,A(W),"LEENA, V",INDEPENDENT,0,416,416
2021,MLA,29,310,217,A(W),"VASANTHI, E",INDEPENDENT,0,416,416
2021,MLA,29,310,217,A(W),"VEDHAGIRI, R",INDEPENDENT,0,416,416
2021,MLA,29,310,217,A(W),"VAIRAMUTHU, D",INDEPENDENT,5,416,416
2021,MLA,29,310,217,A(W),NOTA,,3,416,416
2021,MLA,29,311,218,M,"SELVAPERUNTHAGAI, K",INDIAN NATIONAL CONGRESS,182,413,413
2021,MLA,29,311,218,M,"PALANI, K",ALL INDIA ANNA DRAVIDA MUNNETRA KAZHAGAM,112,413,413
2021,MLA,29,311,218,M,"VINOTH, E",BAHUJAN SAMAJ PARTY,0,413,413
2021,MLA,29,311,218,M,"THANIGAIVEL, M",MAKKAL NEEDHI MAIAM,20,413,413
2021,MLA,29,311,218,M,"PUSHPARAJ, D",NAAM TAMILAR KATCHI,77,413,413
2021,MLA,29,311,218,M,"PERUMAL, R",AMMA MAKKAL MUNNETTRA KAZAGAM,9,413,413
2021,MLA,29,311,218,M,"LOKESH, E",DESIYA MAKKAL SAKTHI KATCHI,1,413,413
2021,MLA,29,311,218,M,"SAROJA, S",INDEPENDENT,0,413,413
2021,MLA,29,311,218,M,"SUDHAKAR, P",INDEPENDENT,0,413,413
2021,MLA,29,311,218,M,"DEVARAJAN, K",INDEPENDENT,0,413,413
2021,MLA,29,311,218,M,"PARTHIBAN, M",INDEPENDENT,0,413,413
2021,MLA,29,311,218,M,"LEENA, V",INDEPENDENT,0,413,413
2021,MLA,29,311,218,M,"VASANTHI, E",INDEPENDENT,0,413,413
2021,MLA,29,311,218,M,"VEDHAGIRI, R",INDEPENDENT,1,413,413
2021,MLA,29,311,218,M,"VAIRAMUTHU, D",INDEPENDENT,7,413,413
2021,MLA,29,311,218,M,NOTA,,4,413,413
2021,MLA,29,312,218,A(W),"SELVAPERUNTHAGAI, K",INDIAN NATIONAL CONGRESS,178,385,385
2021,MLA,29,312,218,A(W),"PALANI, K",ALL INDIA ANNA DRAVIDA MUNNETRA KAZHAGAM,136,385,385
2021,MLA,29,312,218,A(W),"VINOTH, E",BAHUJAN SAMAJ PARTY,0,385,385
2021,MLA,29,312,218,A(W),"THANIGAIVEL, M",MAKKAL NEEDHI MAIAM,27,385,385
2021,MLA,29,312,218,A(W),"PUSHPARAJ, D",NAAM TAMILAR KATCHI,28,385,385
2021,MLA,29,312,218,A(W),"PERUMAL, R",AMMA MAKKAL MUNNETTRA KAZAGAM,7,385,385
2021,MLA,29,312,218,A(W),"LOKESH, E",DESIYA MAKKAL SAKTHI KATCHI,0,385,385
2021,MLA,29,312,218,A(W),"SAROJA, S",INDEPENDENT,1,385,385
2021,MLA,29,312,218,A(W),"SUDHAKAR, P",INDEPENDENT,0,385,385
2021,MLA,29,312,218,A(W),"DEVARAJAN, K",INDEPENDENT,1,385,385
2021,MLA,29,312,218,A(W),"PARTHIBAN, M",INDEPENDENT,1,385,385
2021,MLA,29,312,218,A(W),"LEENA, V",INDEPENDENT,1,385,385
2021,MLA,29,312,218,A(W),"VASANTHI, E",INDEPENDENT,0,385,385
2021,MLA,29,312,218,A(W),"VEDHAGIRI, R",INDEPENDENT,1,385,385
2021,MLA,29,312,218,A(W),"VAIRAMUTHU, D",INDEPENDENT,2,385,385
2021,MLA,29,312,218,A(W),NOTA,,2,385,385
2021,MLA,29,313,219,M,"SELVAPERUNTHAGAI, K",INDIAN NATIONAL CONGRESS,197,407,407
2021,MLA,29,313,219,M,"PALANI, K",ALL INDIA ANNA DRAVIDA MUNNETRA KAZHAGAM,140,407,407
2021,MLA,29,313,219,M,"VINOTH, E",BAHUJAN SAMAJ PARTY,0,407,407
2021,MLA,29,313,219,M,"THANIGAIVEL, M",MAKKAL NEEDHI MAIAM,17,407,407
2021,MLA,29,313,219,M,"PUSHPARAJ, D",NAAM TAMILAR KATCHI,35,407,407
2021,MLA,29,313,219,M,"PERUMAL, R",AMMA MAKKAL MUNNETTRA KAZAGAM,5,407,407
2021,MLA,29,313,219,M,"LOKESH, E",DESIYA MAKKAL SAKTHI KATCHI,0,407,407
2021,MLA,29,313,219,M,"SAROJA, S",INDEPENDENT,0,407,407
2021,MLA,29,313,219,M,"SUDHAKAR, P",INDEPENDENT,1,407,407
2021,MLA,29,313,219,M,"DEVARAJAN, K",INDEPENDENT,2,407,407
2021,MLA,29,313,219,M,"PARTHIBAN, M",INDEPENDENT,0,407,407
2021,MLA,29,313,219,M,"LEENA, V",INDEPENDENT,0,407,407
2021,MLA,29,313,219,M,"VASANTHI, E",INDEPENDENT,0,407,407
2021,MLA,29,313,219,M,"VEDHAGIRI, R",INDEPENDENT,0,407,407
2021,MLA,29,313,219,M,"VAIRAMUTHU, D",INDEPENDENT,7,407,407
2021,MLA,29,313,219,M,NOTA,,3,407,407
2021,MLA,29,314,219,A(W),"SELVAPERUNTHAGAI, K",INDIAN NATIONAL CONGRESS,181,382,382
2021,MLA,29,314,219,A(W),"PALANI, K",ALL INDIA ANNA DRAVIDA MUNNETRA KAZHAGAM,158,382,382
2021,MLA,29,314,219,A(W),"VINOTH, E",BAHUJAN SAMAJ PARTY,1,382,382
2021,MLA,29,314,219,A(W),"THANIGAIVEL, M",MAKKAL NEEDHI MAIAM,18,382,382
2021,MLA,29,314,219,A(W),"PUSHPARAJ, D",NAAM TAMILAR KATCHI,20,382,382
2021,MLA,29,314,219,A(W),"PERUMAL, R",AMMA MAKKAL MUNNETTRA KAZAGAM,0,382,382
2021,MLA,29,314,219,A(W),"LOKESH, E",DESIYA MAKKAL SAKTHI KATCHI,0,382,382
2021,MLA,29,314,219,A(W),"SAROJA, S",INDEPENDENT,1,382,382
2021,MLA,29,314,219,A(W),"SUDHAKAR, P",INDEPENDENT,0,382,382
2021,MLA,29,314,219,A(W),"DEVARAJAN, K",INDEPENDENT,0,382,382
2021,MLA,29,314,219,A(W),"PARTHIBAN, M",INDEPENDENT,0,382,382
2021,MLA,29,314,219,A(W),"LEENA, V",INDEPENDENT,0,382,382
2021,MLA,29,314,219,A(W),"VASANTHI, E",INDEPENDENT,0,382,382
2021,MLA,29,314,219,A(W),"VEDHAGIRI, R",INDEPENDENT,0,382,382
2021,MLA,29,314,219,A(W),"VAIRAMUTHU, D",INDEPENDENT,2,382,382
2021,MLA,29,314,219,A(W),NOTA,,1,382,382
2021,MLA,29,315,220,M,"SELVAPERUNTHAGAI, K",INDIAN NATIONAL CONGRESS,308,592,592
2021,MLA,29,315,220,M,"PALANI, K",ALL INDIA ANNA DRAVIDA MUNNETRA KAZHAGAM,190,592,592
2021,MLA,29,315,220,M,"VINOTH, E",BAHUJAN SAMAJ PARTY,3,592,592
2021,MLA,29,315,220,M,"THANIGAIVEL, M",MAKKAL NEEDHI MAIAM,26,592,592
2021,MLA,29,315,220,M,"PUSHPARAJ, D",NAAM TAMILAR KATCHI,39,592,592
2021,MLA,29,315,220,M,"PERUMAL, R",AMMA MAKKAL MUNNETTRA KAZAGAM,7,592,592
2021,MLA,29,315,220,M,"LOKESH, E",DESIYA MAKKAL SAKTHI KATCHI,0,592,592
2021,MLA,29,315,220,M,"SAROJA, S",INDEPENDENT,0,592,592
2021,MLA,29,315,220,M,"SUDHAKAR, P",INDEPENDENT,0,592,592
2021,MLA,29,315,220,M,"DEVARAJAN, K",INDEPENDENT,1,592,592
2021,MLA,29,315,220,M,"PARTHIBAN, M",INDEPENDENT,0,592,592
2021,MLA,29,315,220,M,"LEENA, V",INDEPENDENT,0,592,592
2021,MLA,29,315,220,M,"VASANTHI, E",INDEPENDENT,0,592,592
2021,MLA,29,315,220,M,"VEDHAGIRI, R",INDEPENDENT,0,592,592
2021,MLA,29,315,220,M,"VAIRAMUTHU, D",INDEPENDENT,16,592,592
2021,MLA,29,315,220,M,NOTA,,2,592,592
2021,MLA,29,316,220,A(W),"SELVAPERUNTHAGAI, K",INDIAN NATIONAL CONGRESS,311,557,557
2021,MLA,29,316,220,A(W),"PALANI, K",ALL INDIA ANNA DRAVIDA MUNNETRA KAZHAGAM,170,557,557
2021,MLA,29,316,220,A(W),"VINOTH, E",BAHUJAN SAMAJ PARTY,0,557,557
2021,MLA,29,316,220,A(W),"THANIGAIVEL, M",MAKKAL NEEDHI MAIAM,22,557,557
2021,MLA,29,316,220,A(W),"PUSHPARAJ, D",NAAM TAMILAR KATCHI,34,557,557
2021,MLA,29,316,220,A(W),"PERUMAL, R",AMMA MAKKAL MUNNETTRA KAZAGAM,7,557,557
2021,MLA,29,316,220,A(W),"LOKESH, E",DESIYA MAKKAL SAKTHI KATCHI,0,557,557
2021,MLA,29,316,220,A(W),"SAROJA, S",INDEPENDENT,1,557,557
2021,MLA,29,316,220,A(W),"SUDHAKAR, P",INDEPENDENT,1,557,557
2021,MLA,29,316,220,A(W),"DEVARAJAN, K",INDEPENDENT,0,557,557
2021,MLA,29,316,220,A(W),"PARTHIBAN, M",INDEPENDENT,0,557,557
2021,MLA,29,316,220,A(W),"LEENA, V",INDEPENDENT,0,557,557
2021,MLA,29,316,220,A(W),"VASANTHI, E",INDEPENDENT,0,557,557
2021,MLA,29,316,220,A(W),"VEDHAGIRI, R",INDEPENDENT,2,557,557
2021,MLA,29,316,220,A(W),"VAIRAMUTHU, D",INDEPENDENT,7,557,557
2021,MLA,29,316,220,A(W),NOTA,,2,557,557
2021,MLA,29,317,221,,"SELVAPERUNTHAGAI, K",INDIAN NATIONAL CONGRESS,373,732,732
2021,MLA,29,317,221,,"PALANI, K",ALL INDIA ANNA DRAVIDA MUNNETRA KAZHAGAM,251,732,732
2021,MLA,29,317,221,,"VINOTH, E",BAHUJAN SAMAJ PARTY,2,732,732
2021,MLA,29,317,221,,"THANIGAIVEL, M",MAKKAL NEEDHI MAIAM,23,732,732
2021,MLA,29,317,221,,"PUSHPARAJ, D",NAAM TAMILAR KATCHI,46,732,732
2021,MLA,29,317,221,,"PERUMAL, R",AMMA MAKKAL MUNNETTRA KAZAGAM,9,732,732
2021,MLA,29,317,221,,"LOKESH, E",DESIYA MAKKAL SAKTHI KATCHI,0,732,732
2021,MLA,29,317,221,,"SAROJA, S",INDEPENDENT,0,732,732
2021,MLA,29,317,221,,"SUDHAKAR, P",INDEPENDENT,0,732,732
2021,MLA,29,317,221,,"DEVARAJAN, K",INDEPENDENT,0,732,732
2021,MLA,29,317,221,,"PARTHIBAN, M",INDEPENDENT,0,732,732
2021,MLA,29,317,221,,"LEENA, V",INDEPENDENT,2,732,732
2021,MLA,29,317,221,,"VASANTHI, E",INDEPENDENT,1,732,732
2021,MLA,29,317,221,,"VEDHAGIRI, R",INDEPENDENT,0,732,732
2021,MLA,29,317,221,,"VAIRAMUTHU, D",INDEPENDENT,24,732,732
2021,MLA,29,317,221,,NOTA,,1,732,732
2021,MLA,29,318,222,M,"SELVAPERUNTHAGAI, K",INDIAN NATIONAL CONGRESS,238,473,473
2021,MLA,29,318,222,M,"PALANI, K",ALL INDIA ANNA DRAVIDA MUNNETRA KAZHAGAM,158,473,473
2021,MLA,29,318,222,M,"VINOTH, E",BAHUJAN SAMAJ PARTY,1,473,473
2021,MLA,29,318,222,M,"THANIGAIVEL, M",MAKKAL NEEDHI MAIAM,8,473,473
2021,MLA,29,318,222,M,"PUSHPARAJ, D",NAAM TAMILAR KATCHI,29,473,473
2021,MLA,29,318,222,M,"PERUMAL, R",AMMA MAKKAL MUNNETTRA KAZAGAM,18,473,473
2021,MLA,29,318,222,M,"LOKESH, E",DESIYA MAKKAL SAKTHI KATCHI,0,473,473
2021,MLA,29,318,222,M,"SAROJA, S",INDEPENDENT,0,473,473
2021,MLA,29,318,222,M,"SUDHAKAR, P",INDEPENDENT,0,473,473
2021,MLA,29,318,222,M,"DEVARAJAN, K",INDEPENDENT,0,473,473
2021,MLA,29,318,222,M,"PARTHIBAN, M",INDEPENDENT,0,473,473
2021,MLA,29,318,222,M,"LEENA, V",INDEPENDENT,1,473,473
2021,MLA,29,318,222,M,"VASANTHI, E",INDEPENDENT,0,473,473
2021,MLA,29,318,222,M,"VEDHAGIRI, R",INDEPENDENT,0,473,473
2021,MLA,29,318,222,M,"VAIRAMUTHU, D",INDEPENDENT,16,473,473
2021,MLA,29,318,222,M,NOTA,,4,473,473
2021,MLA,29,319,222,A(W),"SELVAPERUNTHAGAI, K",INDIAN NATIONAL CONGRESS,247,499,499
2021,MLA,29,319,222,A(W),"PALANI, K",ALL INDIA ANNA DRAVIDA MUNNETRA KAZHAGAM,191,499,499
2021,MLA,29,319,222,A(W),"VINOTH, E",BAHUJAN SAMAJ PARTY,1,499,499
2021,MLA,29,319,222,A(W),"THANIGAIVEL, M",MAKKAL NEEDHI MAIAM,11,499,499
2021,MLA,29,319,222,A(W),"PUSHPARAJ, D",NAAM TAMILAR KATCHI,18,499,499
2021,MLA,29,319,222,A(W),"PERUMAL, R",AMMA MAKKAL MUNNETTRA KAZAGAM,9,499,499
2021,MLA,29,319,222,A(W),"LOKESH, E",DESIYA MAKKAL SAKTHI KATCHI,0,499,499
2021,MLA,29,319,222,A(W),"SAROJA, S",INDEPENDENT,0,499,499
2021,MLA,29,319,222,A(W),"SUDHAKAR, P",INDEPENDENT,0,499,499
2021,MLA,29,319,222,A(W),"DEVARAJAN, K",INDEPENDENT,0,499,499
2021,MLA,29,319,222,A(W),"PARTHIBAN, M",INDEPENDENT,0,499,499
2021,MLA,29,319,222,A(W),"LEENA, V",INDEPENDENT,2,499,499
2021,MLA,29,319,222,A(W),"VASANTHI, E",INDEPENDENT,0,499,499
2021,MLA,29,319,222,A(W),"VEDHAGIRI, R",INDEPENDENT,1,499,499
2021,MLA,29,319,222,A(W),"VAIRAMUTHU, D",INDEPENDENT,10,499,499
2021,MLA,29,319,222,A(W),NOTA,,9,499,499
2021,MLA,29,320,223,,"SELVAPERUNTHAGAI, K",INDIAN NATIONAL CONGRESS,207,571,571
2021,MLA,29,320,223,,"PALANI, K",ALL INDIA ANNA DRAVIDA MUNNETRA KAZHAGAM,281,571,571
2021,MLA,29,320,223,,"VINOTH, E",BAHUJAN SAMAJ PARTY,2,571,571
2021,MLA,29,320,223,,"THANIGAIVEL, M",MAKKAL NEEDHI MAIAM,12,571,571
2021,MLA,29,320,223,,"PUSHPARAJ, D",NAAM TAMILAR KATCHI,47,571,571
2021,MLA,29,320,223,,"PERUMAL, R",AMMA MAKKAL MUNNETTRA KAZAGAM,8,571,571
2021,MLA,29,320,223,,"LOKESH, E",DESIYA MAKKAL SAKTHI KATCHI,0,571,571
2021,MLA,29,320,223,,"SAROJA, S",INDEPENDENT,0,571,571
2021,MLA,29,320,223,,"SUDHAKAR, P",INDEPENDENT,0,571,571
2021,MLA,29,320,223,,"DEVARAJAN, K",INDEPENDENT,0,571,571
2021,MLA,29,320,223,,"PARTHIBAN, M",INDEPENDENT,0,571,571
2021,MLA,29,320,223,,"LEENA, V",INDEPENDENT,1,571,571
2021,MLA,29,320,223,,"VASANTHI, E",INDEPENDENT,0,571,571
2021,MLA,29,320,223,,"VEDHAGIRI, R",INDEPENDENT,0,571,571
2021,MLA,29,320,223,,"VAIRAMUTHU, D",INDEPENDENT,7,571,571
2021,MLA,29,320,223,,NOTA,,6,571,571
2021,MLA,29,321,224,,"SELVAPERUNTHAGAI, K",INDIAN NATIONAL CONGRESS,184,522,522
2021,MLA,29,321,224,,"PALANI, K",ALL INDIA ANNA DRAVIDA MUNNETRA KAZHAGAM,276,522,522
2021,MLA,29,321,224,,"VINOTH, E",BAHUJAN SAMAJ PARTY,0,522,522
2021,MLA,29,321,224,,"THANIGAIVEL, M",MAKKAL NEEDHI MAIAM,16,522,522
2021,MLA,29,321,224,,"PUSHPARAJ, D",NAAM TAMILAR KATCHI,26,522,522
2021,MLA,29,321,224,,"PERUMAL, R",AMMA MAKKAL MUNNETTRA KAZAGAM,8,522,522
2021,MLA,29,321,224,,"LOKESH, E",DESIYA MAKKAL SAKTHI KATCHI,0,522,522
2021,MLA,29,321,224,,"SAROJA, S",INDEPENDENT,0,522,522
2021,MLA,29,321,224,,"SUDHAKAR, P",INDEPENDENT,0,522,522
2021,MLA,29,321,224,,"DEVARAJAN, K",INDEPENDENT,0,522,522
2021,MLA,29,321,224,,"PARTHIBAN, M",INDEPENDENT,0,522,522
2021,MLA,29,321,224,,"LEENA, V",INDEPENDENT,0,522,522
2021,MLA,29,321,224,,"VASANTHI, E",INDEPENDENT,0,522,522
2021,MLA,29,321,224,,"VEDHAGIRI, R",INDEPENDENT,1,522,522
2021,MLA,29,321,224,,"VAIRAMUTHU, D",INDEPENDENT,7,522,522
2021,MLA,29,321,224,,NOTA,,4,522,522
2021,MLA,29,322,225,M,"SELVAPERUNTHAGAI, K",INDIAN NATIONAL CONGRESS,221,464,464
2021,MLA,29,322,225,M,"PALANI, K",ALL INDIA ANNA DRAVIDA MUNNETRA KAZHAGAM,162,464,464
2021,MLA,29,322,225,M,"VINOTH, E",BAHUJAN SAMAJ PARTY,0,464,464
2021,MLA,29,322,225,M,"THANIGAIVEL, M",MAKKAL NEEDHI MAIAM,8,464,464
2021,MLA,29,322,225,M,"PUSHPARAJ, D",NAAM TAMILAR KATCHI,60,464,464
2021,MLA,29,322,225,M,"PERUMAL, R",AMMA MAKKAL MUNNETTRA KAZAGAM,7,464,464
2021,MLA,29,322,225,M,"LOKESH, E",DESIYA MAKKAL SAKTHI KATCHI,0,464,464
2021,MLA,29,322,225,M,"SAROJA, S",INDEPENDENT,0,464,464
2021,MLA,29,322,225,M,"SUDHAKAR, P",INDEPENDENT,0,464,464
2021,MLA,29,322,225,M,"DEVARAJAN, K",INDEPENDENT,0,464,464
2021,MLA,29,322,225,M,"PARTHIBAN, M",INDEPENDENT,0,464,464
2021,MLA,29,322,225,M,"LEENA, V",INDEPENDENT,0,464,464
2021,MLA,29,322,225,M,"VASANTHI, E",INDEPENDENT,0,464,464
2021,MLA,29,322,225,M,"VEDHAGIRI, R",INDEPENDENT,0,464,464
2021,MLA,29,322,225,M,"VAIRAMUTHU, D",INDEPENDENT,3,464,464
2021,MLA,29,322,225,M,NOTA,,3,464,464
2021,MLA,29,323,225,A(W),"SELVAPERUNTHAGAI, K",INDIAN NATIONAL CONGRESS,220,453,453
2021,MLA,29,323,225,A(W),"PALANI, K",ALL INDIA ANNA DRAVIDA MUNNETRA KAZHAGAM,181,453,453
2021,MLA,29,323,225,A(W),"VINOTH, E",BAHUJAN SAMAJ PARTY,1,453,453
2021,MLA,29,323,225,A(W),"THANIGAIVEL, M",MAKKAL NEEDHI MAIAM,7,453,453
2021,MLA,29,323,225,A(W),"PUSHPARAJ, D",NAAM TAMILAR KATCHI,30,453,453
2021,MLA,29,323,225,A(W),"PERUMAL, R",AMMA MAKKAL MUNNETTRA KAZAGAM,4,453,453
2021,MLA,29,323,225,A(W),"LOKESH, E",DESIYA MAKKAL SAKTHI KATCHI,1,453,453
2021,MLA,29,323,225,A(W),"SAROJA, S",INDEPENDENT,0,453,453
2021,MLA,29,323,225,A(W),"SUDHAKAR, P",INDEPENDENT,1,453,453
2021,MLA,29,323,225,A(W),"DEVARAJAN, K",INDEPENDENT,0,453,453
2021,MLA,29,323,225,A(W),"PARTHIBAN, M",INDEPENDENT,0,453,453
2021,MLA,29,323,225,A(W),"LEENA, V",INDEPENDENT,0,453,453
2021,MLA,29,323,225,A(W),"VASANTHI, E",INDEPENDENT,0,453,453
2021,MLA,29,323,225,A(W),"VEDHAGIRI, R",INDEPENDENT,0,453,453
2021,MLA,29,323,225,A(W),"VAIRAMUTHU, D",INDEPENDENT,4,453,453
2021,MLA,29,323,225,A(W),NOTA,,4,453,453
2021,MLA,29,324,226,M,"SELVAPERUNTHAGAI, K",INDIAN NATIONAL CONGRESS,258,483,483
2021,MLA,29,324,226,M,"PALANI, K",ALL INDIA ANNA DRAVIDA MUNNETRA KAZHAGAM,146,483,483
2021,MLA,29,324,226,M,"VINOTH, E",BAHUJAN SAMAJ PARTY,0,483,483
2021,MLA,29,324,226,M,"THANIGAIVEL, M",MAKKAL NEEDHI MAIAM,6,483,483
2021,MLA,29,324,226,M,"PUSHPARAJ, D",NAAM TAMILAR KATCHI,59,483,483
2021,MLA,29,324,226,M,"PERUMAL, R",AMMA MAKKAL MUNNETTRA KAZAGAM,4,483,483
2021,MLA,29,324,226,M,"LOKESH, E",DESIYA MAKKAL SAKTHI KATCHI,0,483,483
2021,MLA,29,324,226,M,"SAROJA, S",INDEPENDENT,0,483,483
2021,MLA,29,324,226,M,"SUDHAKAR, P",INDEPENDENT,0,483,483
2021,MLA,29,324,226,M,"DEVARAJAN, K",INDEPENDENT,0,483,483
2021,MLA,29,324,226,M,"PARTHIBAN, M",INDEPENDENT,0,483,483
2021,MLA,29,324,226,M,"LEENA, V",INDEPENDENT,0,483,483
2021,MLA,29,324,226,M,"VASANTHI, E",INDEPENDENT,1,483,483
2021,MLA,29,324,226,M,"VEDHAGIRI, R",INDEPENDENT,0,483,483
2021,MLA,29,324,226,M,"VAIRAMUTHU, D",INDEPENDENT,7,483,483
2021,MLA,29,324,226,M,NOTA,,2,483,483
2021,MLA,29,325,226,A(W),"SELVAPERUNTHAGAI, K",INDIAN NATIONAL CONGRESS,253,465,465
2021,MLA,29,325,226,A(W),"PALANI, K",ALL INDIA ANNA DRAVIDA MUNNETRA KAZHAGAM,164,465,465
2021,MLA,29,325,226,A(W),"VINOTH, E",BAHUJAN SAMAJ PARTY,3,465,465
2021,MLA,29,325,226,A(W),"THANIGAIVEL, M",MAKKAL NEEDHI MAIAM,5,465,465
2021,MLA,29,325,226,A(W),"PUSHPARAJ, D",NAAM TAMILAR KATCHI,22,465,465
2021,MLA,29,325,226,A(W),"PERUMAL, R",AMMA MAKKAL MUNNETTRA KAZAGAM,2,465,465
2021,MLA,29,325,226,A(W),"LOKESH, E",DESIYA MAKKAL SAKTHI KATCHI,0,465,465
2021,MLA,29,325,226,A(W),"SAROJA, S",INDEPENDENT,0,465,465
2021,MLA,29,325,226,A(W),"SUDHAKAR, P",INDEPENDENT,0,465,465
2021,MLA,29,325,226,A(W),"DEVARAJAN, K",INDEPENDENT,0,465,465
2021,MLA,29,325,226,A(W),"PARTHIBAN, M",INDEPENDENT,1,465,465
2021,MLA,29,325,226,A(W),"LEENA, V",INDEPENDENT,2,465,465
2021,MLA,29,325,226,A(W),"VASANTHI, E",INDEPENDENT,0,465,465
2021,MLA,29,325,226,A(W),"VEDHAGIRI, R",INDEPENDENT,1,465,465
2021,MLA,29,325,226,A(W),"VAIRAMUTHU, D",INDEPENDENT,4,465,465
2021,MLA,29,325,226,A(W),NOTA,,8,465,465
2021,MLA,29,326,227,,"SELVAPERUNTHAGAI, K",INDIAN NATIONAL CONGRESS,277,599,599
2021,MLA,29,326,227,,"PALANI, K",ALL INDIA ANNA DRAVIDA MUNNETRA KAZHAGAM,256,599,599
2021,MLA,29,326,227,,"VINOTH, E",BAHUJAN SAMAJ PARTY,2,599,599
2021,MLA,29,326,227,,"THANIGAIVEL, M",MAKKAL NEEDHI MAIAM,2,599,599
2021,MLA,29,326,227,,"PUSHPARAJ, D",NAAM TAMILAR KATCHI,52,599,599
2021,MLA,29,326,227,,"PERUMAL, R",AMMA MAKKAL MUNNETTRA KAZAGAM,0,599,599
2021,MLA,29,326,227,,"LOKESH, E",DESIYA MAKKAL SAKTHI KATCHI,0,599,599
2021,MLA,29,326,227,,"SAROJA, S",INDEPENDENT,0,599,599
2021,MLA,29,326,227,,"SUDHAKAR, P",INDEPENDENT,0,599,599
2021,MLA,29,326,227,,"DEVARAJAN, K",INDEPENDENT,1,599,599
2021,MLA,29,326,227,,"PARTHIBAN, M",INDEPENDENT,1,599,599
2021,MLA,29,326,227,,"LEENA, V",INDEPENDENT,0,599,599
2021,MLA,29,326,227,,"VASANTHI, E",INDEPENDENT,0,599,599
2021,MLA,29,326,227,,"VEDHAGIRI, R",INDEPENDENT,0,599,599
2021,MLA,29,326,227,,"VAIRAMUTHU, D",INDEPENDENT,6,599,599
2021,MLA,29,326,227,,NOTA,,2,599,599
2021,MLA,29,327,228,,"SELVAPERUNTHAGAI, K",INDIAN NATIONAL CONGRESS,459,851,851
2021,MLA,29,327,228,,"PALANI, K",ALL INDIA ANNA DRAVIDA MUNNETRA KAZHAGAM,282,851,851
2021,MLA,29,327,228,,"VINOTH, E",BAHUJAN SAMAJ PARTY,2,851,851
2021,MLA,29,327,228,,"THANIGAIVEL, M",MAKKAL NEEDHI MAIAM,2,851,851
2021,MLA,29,327,228,,"PUSHPARAJ, D",NAAM TAMILAR KATCHI,94,851,851
2021,MLA,29,327,228,,"PERUMAL, R",AMMA MAKKAL MUNNETTRA KAZAGAM,3,851,851
2021,MLA,29,327,228,,"LOKESH, E",DESIYA MAKKAL SAKTHI KATCHI,0,851,851
2021,MLA,29,327,228,,"SAROJA, S",INDEPENDENT,0,851,851
2021,MLA,29,327,228,,"SUDHAKAR, P",INDEPENDENT,1,851,851
2021,MLA,29,327,228,,"DEVARAJAN, K",INDEPENDENT,0,851,851
2021,MLA,29,327,228,,"PARTHIBAN, M",INDEPENDENT,0,851,851
2021,MLA,29,327,228,,"LEENA, V",INDEPENDENT,0,851,851
2021,MLA,29,327,228,,"VASANTHI, E",INDEPENDENT,0,851,851
2021,MLA,29,327,228,,"VEDHAGIRI, R",INDEPENDENT,0,851,851
2021,MLA,29,327,228,,"VAIRAMUTHU, D",INDEPENDENT,7,851,851
2021,MLA,29,327,228,,NOTA,,1,851,851
2021,MLA,29,328,229,M,"SELVAPERUNTHAGAI, K",INDIAN NATIONAL CONGRESS,148,467,467
2021,MLA,29,328,229,M,"PALANI, K",ALL INDIA ANNA DRAVIDA MUNNETRA KAZHAGAM,195,467,467
2021,MLA,29,328,229,M,"VINOTH, E",BAHUJAN SAMAJ PARTY,1,467,467
2021,MLA,29,328,229,M,"THANIGAIVEL, M",MAKKAL NEEDHI MAIAM,7,467,467
2021,MLA,29,328,229,M,"PUSHPARAJ, D",NAAM TAMILAR KATCHI,47,467,467
2021,MLA,29,328,229,M,"PERUMAL, R",AMMA MAKKAL MUNNETTRA KAZAGAM,5,467,467
2021,MLA,29,328,229,M,"LOKESH, E",DESIYA MAKKAL SAKTHI KATCHI,0,467,467
2021,MLA,29,328,229,M,"SAROJA, S",INDEPENDENT,0,467,467
2021,MLA,29,328,229,M,"SUDHAKAR, P",INDEPENDENT,0,467,467
2021,MLA,29,328,229,M,"DEVARAJAN, K",INDEPENDENT,0,467,467
2021,MLA,29,328,229,M,"PARTHIBAN, M",INDEPENDENT,1,467,467
2021,MLA,29,328,229,M,"LEENA, V",INDEPENDENT,0,467,467
2021,MLA,29,328,229,M,"VASANTHI, E",INDEPENDENT,1,467,467
2021,MLA,29,328,229,M,"VEDHAGIRI, R",INDEPENDENT,1,467,467
2021,MLA,29,328,229,M,"VAIRAMUTHU, D",INDEPENDENT,59,467,467
2021,MLA,29,328,229,M,NOTA,,2,467,467
2021,MLA,29,329,229,A(W),"SELVAPERUNTHAGAI, K",INDIAN NATIONAL CONGRESS,138,460,460
2021,MLA,29,329,229,A(W),"PALANI, K",ALL INDIA ANNA DRAVIDA MUNNETRA KAZHAGAM,238,460,460
2021,MLA,29,329,229,A(W),"VINOTH, E",BAHUJAN SAMAJ PARTY,1,460,460
2021,MLA,29,329,229,A(W),"THANIGAIVEL, M",MAKKAL NEEDHI MAIAM,7,460,460
2021,MLA,29,329,229,A(W),"PUSHPARAJ, D",NAAM TAMILAR KATCHI,24,460,460
2021,MLA,29,329,229,A(W),"PERUMAL, R",AMMA MAKKAL MUNNETTRA KAZAGAM,11,460,460
2021,MLA,29,329,229,A(W),"LOKESH, E",DESIYA MAKKAL SAKTHI KATCHI,0,460,460
2021,MLA,29,329,229,A(W),"SAROJA, S",INDEPENDENT,4,460,460
2021,MLA,29,329,229,A(W),"SUDHAKAR, P",INDEPENDENT,0,460,460
2021,MLA,29,329,229,A(W),"DEVARAJAN, K",INDEPENDENT,0,460,460
2021,MLA,29,329,229,A(W),"PARTHIBAN, M",INDEPENDENT,0,460,460
2021,MLA,29,329,229,A(W),"LEENA, V",INDEPENDENT,0,460,460
2021,MLA,29,329,229,A(W),"VASANTHI, E",INDEPENDENT,1,460,460
2021,MLA,29,329,229,A(W),"VEDHAGIRI, R",INDEPENDENT,0,460,460
2021,MLA,29,329,229,A(W),"VAIRAMUTHU, D",INDEPENDENT,33,460,460
2021,MLA,29,329,229,A(W),NOTA,,3,460,460
2021,MLA,29,330,230,M,"SELVAPERUNTHAGAI, K",INDIAN NATIONAL CONGRESS,175,475,475
2021,MLA,29,330,230,M,"PALANI, K",ALL INDIA ANNA DRAVIDA MUNNETRA KAZHAGAM,195,475,475
2021,MLA,29,330,230,M,"VINOTH, E",BAHUJAN SAMAJ PARTY,1,475,475
2021,MLA,29,330,230,M,"THANIGAIVEL, M",MAKKAL NEEDHI MAIAM,7,475,475
2021,MLA,29,330,230,M,"PUSHPARAJ, D",NAAM TAMILAR KATCHI,55,475,475
2021,MLA,29,330,230,M,"PERUMAL, R",AMMA MAKKAL MUNNETTRA KAZAGAM,4,475,475
2021,MLA,29,330,230,M,"LOKESH, E",DESIYA MAKKAL SAKTHI KATCHI,0,475,475
2021,MLA,29,330,230,M,"SAROJA, S",INDEPENDENT,1,475,475
2021,MLA,29,330,230,M,"SUDHAKAR, P",INDEPENDENT,0,475,475
2021,MLA,29,330,230,M,"DEVARAJAN, K",INDEPENDENT,0,475,475
2021,MLA,29,330,230,M,"PARTHIBAN, M",INDEPENDENT,0,475,475
2021,MLA,29,330,230,M,"LEENA, V",INDEPENDENT,1,475,475
2021,MLA,29,330,230,M,"VASANTHI, E",INDEPENDENT,0,475,475
2021,MLA,29,330,230,M,"VEDHAGIRI, R",INDEPENDENT,0,475,475
2021,MLA,29,330,230,M,"VAIRAMUTHU, D",INDEPENDENT,28,475,475
2021,MLA,29,330,230,M,NOTA,,8,475,475
2021,MLA,29,331,230,A(W),"SELVAPERUNTHAGAI, K",INDIAN NATIONAL CONGRESS,164,474,474
2021,MLA,29,331,230,A(W),"PALANI, K",ALL INDIA ANNA DRAVIDA MUNNETRA KAZHAGAM,246,474,474
2021,MLA,29,331,230,A(W),"VINOTH, E",BAHUJAN SAMAJ PARTY,0,474,474
2021,MLA,29,331,230,A(W),"THANIGAIVEL, M",MAKKAL NEEDHI MAIAM,5,474,474
2021,MLA,29,331,230,A(W),"PUSHPARAJ, D",NAAM TAMILAR KATCHI,26,474,474
2021,MLA,29,331,230,A(W),"PERUMAL, R",AMMA MAKKAL MUNNETTRA KAZAGAM,1,474,474
2021,MLA,29,331,230,A(W),"LOKESH, E",DESIYA MAKKAL SAKTHI KATCHI,0,474,474
2021,MLA,29,331,230,A(W),"SAROJA, S",INDEPENDENT,5,474,474
2021,MLA,29,331,230,A(W),"SUDHAKAR, P",INDEPENDENT,0,474,474
2021,MLA,29,331,230,A(W),"DEVARAJAN, K",INDEPENDENT,0,474,474
2021,MLA,29,331,230,A(W),"PARTHIBAN, M",INDEPENDENT,0,474,474
2021,MLA,29,331,230,A(W),"LEENA, V",INDEPENDENT,0,474,474
2021,MLA,29,331,230,A(W),"VASANTHI, E",INDEPENDENT,0,474,474
2021,MLA,29,331,230,A(W),"VEDHAGIRI, R",INDEPENDENT,1,474,474
2021,MLA,29,331,230,A(W),"VAIRAMUTHU, D",INDEPENDENT,24,474,474
2021,MLA,29,331,230,A(W),NOTA,,2,474,474
2021,MLA,29,332,231,,"SELVAPERUNTHAGAI, K",INDIAN NATIONAL CONGRESS,280,700,700
2021,MLA,29,332,231,,"PALANI, K",ALL INDIA ANNA DRAVIDA MUNNETRA KAZHAGAM,326,700,700
2021,MLA,29,332,231,,"VINOTH, E",BAHUJAN SAMAJ PARTY,1,700,700
2021,MLA,29,332,231,,"THANIGAIVEL, M",MAKKAL NEEDHI MAIAM,6,700,700
2021,MLA,29,332,231,,"PUSHPARAJ, D",NAAM TAMILAR KATCHI,51,700,700
2021,MLA,29,332,231,,"PERUMAL, R",AMMA MAKKAL MUNNETTRA KAZAGAM,1,700,700
2021,MLA,29,332,231,,"LOKESH, E",DESIYA MAKKAL SAKTHI KATCHI,0,700,700
2021,MLA,29,332,231,,"SAROJA, S",INDEPENDENT,2,700,700
2021,MLA,29,332,231,,"SUDHAKAR, P",INDEPENDENT,0,700,700
2021,MLA,29,332,231,,"DEVARAJAN, K",INDEPENDENT,1,700,700
2021,MLA,29,332,231,,"PARTHIBAN, M",INDEPENDENT,0,700,700
2021,MLA,29,332,231,,"LEENA, V",INDEPENDENT,0,700,700
2021,MLA,29,332,231,,"VASANTHI, E",INDEPENDENT,0,700,700
2021,MLA,29,332,231,,"VEDHAGIRI, R",INDEPENDENT,0,700,700
2021,MLA,29,332,231,,"VAIRAMUTHU, D",INDEPENDENT,27,700,700
2021,MLA,29,332,231,,NOTA,,5,700,700
2021,MLA,29,333,232,,"SELVAPERUNTHAGAI, K",INDIAN NATIONAL CONGRESS,246,643,643
2021,MLA,29,333,232,,"PALANI, K",ALL INDIA ANNA DRAVIDA MUNNETRA KAZHAGAM,281,643,643
2021,MLA,29,333,232,,"VINOTH, E",BAHUJAN SAMAJ PARTY,1,643,643
2021,MLA,29,333,232,,"THANIGAIVEL, M",MAKKAL NEEDHI MAIAM,14,643,643
2021,MLA,29,333,232,,"PUSHPARAJ, D",NAAM TAMILAR KATCHI,57,643,643
2021,MLA,29,333,232,,"PERUMAL, R",AMMA MAKKAL MUNNETTRA KAZAGAM,1,643,643
2021,MLA,29,333,232,,"LOKESH, E",DESIYA MAKKAL SAKTHI KATCHI,1,643,643
2021,MLA,29,333,232,,"SAROJA, S",INDEPENDENT,1,643,643
2021,MLA,29,333,232,,"SUDHAKAR, P",INDEPENDENT,0,643,643
2021,MLA,29,333,232,,"DEVARAJAN, K",INDEPENDENT,0,643,643
2021,MLA,29,333,232,,"PARTHIBAN, M",INDEPENDENT,0,643,643
2021,MLA,29,333,232,,"LEENA, V",INDEPENDENT,0,643,643
2021,MLA,29,333,232,,"VASANTHI, E",INDEPENDENT,0,643,643
2021,MLA,29,333,232,,"VEDHAGIRI, R",INDEPENDENT,0,643,643
2021,MLA,29,333,232,,"VAIRAMUTHU, D",INDEPENDENT,33,643,643
2021,MLA,29,333,232,,NOTA,,8,643,643
2021,MLA,29,334,233,M,"SELVAPERUNTHAGAI, K",INDIAN NATIONAL CONGRESS,143,379,379
2021,MLA,29,334,233,M,"PALANI, K",ALL INDIA ANNA DRAVIDA MUNNETRA KAZHAGAM,155,379,379
2021,MLA,29,334,233,M,"VINOTH, E",BAHUJAN SAMAJ PARTY,2,379,379
2021,MLA,29,334,233,M,"THANIGAIVEL, M",MAKKAL NEEDHI MAIAM,14,379,379
2021,MLA,29,334,233,M,"PUSHPARAJ, D",NAAM TAMILAR KATCHI,38,379,379
2021,MLA,29,334,233,M,"PERUMAL, R",AMMA MAKKAL MUNNETTRA KAZAGAM,6,379,379
2021,MLA,29,334,233,M,"LOKESH, E",DESIYA MAKKAL SAKTHI KATCHI,0,379,379
2021,MLA,29,334,233,M,"SAROJA, S",INDEPENDENT,1,379,379
2021,MLA,29,334,233,M,"SUDHAKAR, P",INDEPENDENT,0,379,379
2021,MLA,29,334,233,M,"DEVARAJAN, K",INDEPENDENT,0,379,379
2021,MLA,29,334,233,M,"PARTHIBAN, M",INDEPENDENT,0,379,379
2021,MLA,29,334,233,M,"LEENA, V",INDEPENDENT,0,379,379
2021,MLA,29,334,233,M,"VASANTHI, E",INDEPENDENT,0,379,379
2021,MLA,29,334,233,M,"VEDHAGIRI, R",INDEPENDENT,0,379,379
2021,MLA,29,334,233,M,"VAIRAMUTHU, D",INDEPENDENT,19,379,379
2021,MLA,29,334,233,M,NOTA,,1,379,379
2021,MLA,29,336,234,M,"SELVAPERUNTHAGAI, K",INDIAN NATIONAL CONGRESS,154,460,460
2021,MLA,29,336,234,M,"PALANI, K",ALL INDIA ANNA DRAVIDA MUNNETRA KAZHAGAM,203,460,460
2021,MLA,29,336,234,M,"VINOTH, E",BAHUJAN SAMAJ PARTY,1,460,460
2021,MLA,29,336,234,M,"THANIGAIVEL, M",MAKKAL NEEDHI MAIAM,11,460,460
2021,MLA,29,336,234,M,"PUSHPARAJ, D",NAAM TAMILAR KATCHI,48,460,460
2021,MLA,29,336,234,M,"PERUMAL, R",AMMA MAKKAL MUNNETTRA KAZAGAM,2,460,460
2021,MLA,29,336,234,M,"LOKESH, E",DESIYA MAKKAL SAKTHI KATCHI,0,460,460
2021,MLA,29,336,234,M,"SAROJA, S",INDEPENDENT,0,460,460
2021,MLA,29,336,234,M,"SUDHAKAR, P",INDEPENDENT,0,460,460
2021,MLA,29,336,234,M,"DEVARAJAN, K",INDEPENDENT,0,460,460
2021,MLA,29,336,234,M,"PARTHIBAN, M",INDEPENDENT,0,460,460
2021,MLA,29,336,234,M,"LEENA, V",INDEPENDENT,0,460,460
2021,MLA,29,336,234,M,"VASANTHI, E",INDEPENDENT,0,460,460
2021,MLA,29,336,234,M,"VEDHAGIRI, R",INDEPENDENT,1,460,460
2021,MLA,29,336,234,M,"VAIRAMUTHU, D",INDEPENDENT,38,460,460
2021,MLA,29,336,234,M,NOTA,,2,460,460
2021,MLA,29,337,234,A(W),"SELVAPERUNTHAGAI, K",INDIAN NATIONAL CONGRESS,182,480,480
2021,MLA,29,337,234,A(W),"PALANI, K",ALL INDIA ANNA DRAVIDA MUNNETRA KAZHAGAM,217,480,480
2021,MLA,29,337,234,A(W),"VINOTH, E",BAHUJAN SAMAJ PARTY,1,480,480
2021,MLA,29,337,234,A(W),"THANIGAIVEL, M",MAKKAL NEEDHI MAIAM,4,480,480
2021,MLA,29,337,234,A(W),"PUSHPARAJ, D",NAAM TAMILAR KATCHI,36,480,480
2021,MLA,29,337,234,A(W),"PERUMAL, R",AMMA MAKKAL MUNNETTRA KAZAGAM,1,480,480
2021,MLA,29,337,234,A(W),"LOKESH, E",DESIYA MAKKAL SAKTHI KATCHI,0,480,480
2021,MLA,29,337,234,A(W),"SAROJA, S",INDEPENDENT,4,480,480
2021,MLA,29,337,234,A(W),"SUDHAKAR, P",INDEPENDENT,0,480,480
2021,MLA,29,337,234,A(W),"DEVARAJAN, K",INDEPENDENT,0,480,480
2021,MLA,29,337,234,A(W),"PARTHIBAN, M",INDEPENDENT,1,480,480
2021,MLA,29,337,234,A(W),"LEENA, V",INDEPENDENT,0,480,480
2021,MLA,29,337,234,A(W),"VASANTHI, E",INDEPENDENT,0,480,480
2021,MLA,29,337,234,A(W),"VEDHAGIRI, R",INDEPENDENT,0,480,480
2021,MLA,29,337,234,A(W),"VAIRAMUTHU, D",INDEPENDENT,29,480,480
2021,MLA,29,337,234,A(W),NOTA,,5,480,480
2021,MLA,29,338,235,,"SELVAPERUNTHAGAI, K",INDIAN NATIONAL CONGRESS,303,714,714
2021,MLA,29,338,235,,"PALANI, K",ALL INDIA ANNA DRAVIDA MUNNETRA KAZHAGAM,326,714,714
2021,MLA,29,338,235,,"VINOTH, E",BAHUJAN SAMAJ PARTY,2,714,714
2021,MLA,29,338,235,,"THANIGAIVEL, M",MAKKAL NEEDHI MAIAM,19,714,714
2021,MLA,29,338,235,,"PUSHPARAJ, D",NAAM TAMILAR KATCHI,36,714,714
2021,MLA,29,338,235,,"PERUMAL, R",AMMA MAKKAL MUNNETTRA KAZAGAM,6,714,714
2021,MLA,29,338,235,,"LOKESH, E",DESIYA MAKKAL SAKTHI KATCHI,0,714,714
2021,MLA,29,338,235,,"SAROJA, S",INDEPENDENT,0,714,714
2021,MLA,29,338,235,,"SUDHAKAR, P",INDEPENDENT,0,714,714
2021,MLA,29,338,235,,"DEVARAJAN, K",INDEPENDENT,1,714,714
2021,MLA,29,338,235,,"PARTHIBAN, M",INDEPENDENT,0,714,714
2021,MLA,29,338,235,,"LEENA, V",INDEPENDENT,0,714,714
2021,MLA,29,338,235,,"VASANTHI, E",INDEPENDENT,0,714,714
2021,MLA,29,338,235,,"VEDHAGIRI, R",INDEPENDENT,0,714,714
2021,MLA,29,338,235,,"VAIRAMUTHU, D",INDEPENDENT,16,714,714
2021,MLA,29,338,235,,NOTA,,5,714,714
2021,MLA,29,339,236,,"SELVAPERUNTHAGAI, K",INDIAN NATIONAL CONGRESS,170,439,439
2021,MLA,29,339,236,,"PALANI, K",ALL INDIA ANNA DRAVIDA MUNNETRA KAZHAGAM,181,439,439
2021,MLA,29,339,236,,"VINOTH, E",BAHUJAN SAMAJ PARTY,1,439,439
2021,MLA,29,339,236,,"THANIGAIVEL, M",MAKKAL NEEDHI MAIAM,5,439,439
2021,MLA,29,339,236,,"PUSHPARAJ, D",NAAM TAMILAR KATCHI,57,439,439
2021,MLA,29,339,236,,"PERUMAL, R",AMMA MAKKAL MUNNETTRA KAZAGAM,6,439,439
2021,MLA,29,339,236,,"LOKESH, E",DESIYA MAKKAL SAKTHI KATCHI,0,439,439
2021,MLA,29,339,236,,"SAROJA, S",INDEPENDENT,0,439,439
2021,MLA,29,339,236,,"SUDHAKAR, P",INDEPENDENT,0,439,439
2021,MLA,29,339,236,,"DEVARAJAN, K",INDEPENDENT,0,439,439
2021,MLA,29,339,236,,"PARTHIBAN, M",INDEPENDENT,0,439,439
2021,MLA,29,339,236,,"LEENA, V",INDEPENDENT,0,439,439
2021,MLA,29,339,236,,"VASANTHI, E",INDEPENDENT,0,439,439
2021,MLA,29,339,236,,"VEDHAGIRI, R",INDEPENDENT,0,439,439
2021,MLA,29,339,236,,"VAIRAMUTHU, D",INDEPENDENT,16,439,439
2021,MLA,29,339,236,,NOTA,,3,439,439
2021,MLA,29,340,237,M,"SELVAPERUNTHAGAI, K",INDIAN NATIONAL CONGRESS,153,409,409
2021,MLA,29,340,237,M,"PALANI, K",ALL INDIA ANNA DRAVIDA MUNNETRA KAZHAGAM,190,409,409
2021,MLA,29,340,237,M,"VINOTH, E",BAHUJAN SAMAJ PARTY,0,409,409
2021,MLA,29,340,237,M,"THANIGAIVEL, M",MAKKAL NEEDHI MAIAM,8,409,409
2021,MLA,29,340,237,M,"PUSHPARAJ, D",NAAM TAMILAR KATCHI,38,409,409
2021,MLA,29,340,237,M,"PERUMAL, R",AMMA MAKKAL MUNNETTRA KAZAGAM,9,409,409
2021,MLA,29,340,237,M,"LOKESH, E",DESIYA MAKKAL SAKTHI KATCHI,0,409,409
2021,MLA,29,340,237,M,"SAROJA, S",INDEPENDENT,0,409,409
2021,MLA,29,340,237,M,"SUDHAKAR, P",INDEPENDENT,0,409,409
2021,MLA,29,340,237,M,"DEVARAJAN, K",INDEPENDENT,0,409,409
2021,MLA,29,340,237,M,"PARTHIBAN, M",INDEPENDENT,0,409,409
2021,MLA,29,340,237,M,"LEENA, V",INDEPENDENT,0,409,409
2021,MLA,29,340,237,M,"VASANTHI, E",INDEPENDENT,0,409,409
2021,MLA,29,340,237,M,"VEDHAGIRI, R",INDEPENDENT,0,409,409
2021,MLA,29,340,237,M,"VAIRAMUTHU, D",INDEPENDENT,9,409,409
2021,MLA,29,340,237,M,NOTA,,2,409,409
2021,MLA,29,341,237,A(W),"SELVAPERUNTHAGAI, K",INDIAN NATIONAL CONGRESS,162,450,450
2021,MLA,29,341,237,A(W),"PALANI, K",ALL INDIA ANNA DRAVIDA MUNNETRA KAZHAGAM,255,450,450
2021,MLA,29,341,237,A(W),"VINOTH, E",BAHUJAN SAMAJ PARTY,1,450,450
2021,MLA,29,341,237,A(W),"THANIGAIVEL, M",MAKKAL NEEDHI MAIAM,8,450,450
2021,MLA,29,341,237,A(W),"PUSHPARAJ, D",NAAM TAMILAR KATCHI,18,450,450
2021,MLA,29,341,237,A(W),"PERUMAL, R",AMMA MAKKAL MUNNETTRA KAZAGAM,2,450,450
2021,MLA,29,341,237,A(W),"LOKESH, E",DESIYA MAKKAL SAKTHI KATCHI,0,450,450
2021,MLA,29,341,237,A(W),"SAROJA, S",INDEPENDENT,2,450,450
2021,MLA,29,341,237,A(W),"SUDHAKAR, P",INDEPENDENT,1,450,450
2021,MLA,29,341,237,A(W),"DEVARAJAN, K",INDEPENDENT,0,450,450
2021,MLA,29,341,237,A(W),"PARTHIBAN, M",INDEPENDENT,0,450,450
2021,MLA,29,341,237,A(W),"LEENA, V",INDEPENDENT,0,450,450
2021,MLA,29,341,237,A(W),"VASANTHI, E",INDEPENDENT,0,450,450
2021,MLA,29,341,237,A(W),"VEDHAGIRI, R",INDEPENDENT,0,450,450
2021,MLA,29,341,237,A(W),"VAIRAMUTHU, D",INDEPENDENT,1,450,450
2021,MLA,29,341,237,A(W),NOTA,,0,450,450
2021,MLA,29,342,238,M,"SELVAPERUNTHAGAI, K",INDIAN NATIONAL CONGRESS,173,441,441
2021,MLA,29,342,238,M,"PALANI, K",ALL INDIA ANNA DRAVIDA MUNNETRA KAZHAGAM,173,441,441
2021,MLA,29,342,238,M,"VINOTH, E",BAHUJAN SAMAJ PARTY,0,441,441
2021,MLA,29,342,238,M,"THANIGAIVEL, M",MAKKAL NEEDHI MAIAM,13,441,441
2021,MLA,29,342,238,M,"PUSHPARAJ, D",NAAM TAMILAR KATCHI,62,441,441
2021,MLA,29,342,238,M,"PERUMAL, R",AMMA MAKKAL MUNNETTRA KAZAGAM,6,441,441
2021,MLA,29,342,238,M,"LOKESH, E",DESIYA MAKKAL SAKTHI KATCHI,0,441,441
2021,MLA,29,342,238,M,"SAROJA, S",INDEPENDENT,0,441,441
2021,MLA,29,342,238,M,"SUDHAKAR, P",INDEPENDENT,0,441,441
2021,MLA,29,342,238,M,"DEVARAJAN, K",INDEPENDENT,0,441,441
2021,MLA,29,342,238,M,"PARTHIBAN, M",INDEPENDENT,0,441,441
2021,MLA,29,342,238,M,"LEENA, V",INDEPENDENT,0,441,441
2021,MLA,29,342,238,M,"VASANTHI, E",INDEPENDENT,0,441,441
2021,MLA,29,342,238,M,"VEDHAGIRI, R",INDEPENDENT,0,441,441
2021,MLA,29,342,238,M,"VAIRAMUTHU, D",INDEPENDENT,10,441,441
2021,MLA,29,342,238,M,NOTA,,4,441,441
2021,MLA,29,343,238,A(W),"SELVAPERUNTHAGAI, K",INDIAN NATIONAL CONGRESS,199,451,451
2021,MLA,29,343,238,A(W),"PALANI, K",ALL INDIA ANNA DRAVIDA MUNNETRA KAZHAGAM,194,451,451
2021,MLA,29,343,238,A(W),"VINOTH, E",BAHUJAN SAMAJ PARTY,0,451,451
2021,MLA,29,343,238,A(W),"THANIGAIVEL, M",MAKKAL NEEDHI MAIAM,14,451,451
2021,MLA,29,343,238,A(W),"PUSHPARAJ, D",NAAM TAMILAR KATCHI,29,451,451
2021,MLA,29,343,238,A(W),"PERUMAL, R",AMMA MAKKAL MUNNETTRA KAZAGAM,2,451,451
2021,MLA,29,343,238,A(W),"LOKESH, E",DESIYA MAKKAL SAKTHI KATCHI,1,451,451
2021,MLA,29,343,238,A(W),"SAROJA, S",INDEPENDENT,0,451,451
2021,MLA,29,343,238,A(W),"SUDHAKAR, P",INDEPENDENT,0,451,451
2021,MLA,29,343,238,A(W),"DEVARAJAN, K",INDEPENDENT,0,451,451
2021,MLA,29,343,238,A(W),"PARTHIBAN, M",INDEPENDENT,0,451,451
2021,MLA,29,343,238,A(W),"LEENA, V",INDEPENDENT,0,451,451
2021,MLA,29,343,238,A(W),"VASANTHI, E",INDEPENDENT,0,451,451
2021,MLA,29,343,238,A(W),"VEDHAGIRI, R",INDEPENDENT,0,451,451
2021,MLA,29,343,238,A(W),"VAIRAMUTHU, D",INDEPENDENT,6,451,451
2021,MLA,29,343,238,A(W),NOTA,,6,451,451
2021,MLA,29,344,239,M,"SELVAPERUNTHAGAI, K",INDIAN NATIONAL CONGRESS,169,372,372
2021,MLA,29,344,239,M,"PALANI, K",ALL INDIA ANNA DRAVIDA MUNNETRA KAZHAGAM,145,372,372
2021,MLA,29,344,239,M,"VINOTH, E",BAHUJAN SAMAJ PARTY,0,372,372
2021,MLA,29,344,239,M,"THANIGAIVEL, M",MAKKAL NEEDHI MAIAM,9,372,372
2021,MLA,29,344,239,M,"PUSHPARAJ, D",NAAM TAMILAR KATCHI,33,372,372
2021,MLA,29,344,239,M,"PERUMAL, R",AMMA MAKKAL MUNNETTRA KAZAGAM,7,372,372
2021,MLA,29,344,239,M,"LOKESH, E",DESIYA MAKKAL SAKTHI KATCHI,0,372,372
2021,MLA,29,344,239,M,"SAROJA, S",INDEPENDENT,1,372,372
2021,MLA,29,344,239,M,"SUDHAKAR, P",INDEPENDENT,0,372,372
2021,MLA,29,344,239,M,"DEVARAJAN, K",INDEPENDENT,0,372,372
2021,MLA,29,344,239,M,"PARTHIBAN, M",INDEPENDENT,0,372,372
2021,MLA,29,344,239,M,"LEENA, V",INDEPENDENT,0,372,372
2021,MLA,29,344,239,M,"VASANTHI, E",INDEPENDENT,1,372,372
2021,MLA,29,344,239,M,"VEDHAGIRI, R",INDEPENDENT,0,372,372
2021,MLA,29,344,239,M,"VAIRAMUTHU, D",INDEPENDENT,6,372,372
2021,MLA,29,344,239,M,NOTA,,1,372,372
2021,MLA,29,345,239,A(W),"SELVAPERUNTHAGAI, K",INDIAN NATIONAL CONGRESS,147,382,382
2021,MLA,29,345,239,A(W),"PALANI, K",ALL INDIA ANNA DRAVIDA MUNNETRA KAZHAGAM,192,382,382
2021,MLA,29,345,239,A(W),"VINOTH, E",BAHUJAN SAMAJ PARTY,2,382,382
2021,MLA,29,345,239,A(W),"THANIGAIVEL, M",MAKKAL NEEDHI MAIAM,7,382,382
2021,MLA,29,345,239,A(W),"PUSHPARAJ, D",NAAM TAMILAR KATCHI,19,382,382
2021,MLA,29,345,239,A(W),"PERUMAL, R",AMMA MAKKAL MUNNETTRA KAZAGAM,5,382,382
2021,MLA,29,345,239,A(W),"LOKESH, E",DESIYA MAKKAL SAKTHI KATCHI,0,382,382
2021,MLA,29,345,239,A(W),"SAROJA, S",INDEPENDENT,0,382,382
2021,MLA,29,345,239,A(W),"SUDHAKAR, P",INDEPENDENT,0,382,382
2021,MLA,29,345,239,A(W),"DEVARAJAN, K",INDEPENDENT,1,382,382
2021,MLA,29,345,239,A(W),"PARTHIBAN, M",INDEPENDENT,0,382,382
2021,MLA,29,345,239,A(W),"LEENA, V",INDEPENDENT,0,382,382
2021,MLA,29,345,239,A(W),"VASANTHI, E",INDEPENDENT,0,382,382
2021,MLA,29,345,239,A(W),"VEDHAGIRI, R",INDEPENDENT,0,382,382
2021,MLA,29,345,239,A(W),"VAIRAMUTHU, D",INDEPENDENT,5,382,382
2021,MLA,29,345,239,A(W),NOTA,,4,382,382
2021,MLA,29,346,240,M,"SELVAPERUNTHAGAI, K",INDIAN NATIONAL CONGRESS,264,449,449
2021,MLA,29,346,240,M,"PALANI, K",ALL INDIA ANNA DRAVIDA MUNNETRA KAZHAGAM,113,449,449
2021,MLA,29,346,240,M,"VINOTH, E",BAHUJAN SAMAJ PARTY,0,449,449
2021,MLA,29,346,240,M,"THANIGAIVEL, M",MAKKAL NEEDHI MAIAM,7,449,449
2021,MLA,29,346,240,M,"PUSHPARAJ, D",NAAM TAMILAR KATCHI,47,449,449
2021,MLA,29,346,240,M,"PERUMAL, R",AMMA MAKKAL MUNNETTRA KAZAGAM,5,449,449
2021,MLA,29,346,240,M,"LOKESH, E",DESIYA MAKKAL SAKTHI KATCHI,0,449,449
2021,MLA,29,346,240,M,"SAROJA, S",INDEPENDENT,0,449,449
2021,MLA,29,346,240,M,"SUDHAKAR, P",INDEPENDENT,0,449,449
2021,MLA,29,346,240,M,"DEVARAJAN, K",INDEPENDENT,0,449,449
2021,MLA,29,346,240,M,"PARTHIBAN, M",INDEPENDENT,1,449,449
2021,MLA,29,346,240,M,"LEENA, V",INDEPENDENT,0,449,449
2021,MLA,29,346,240,M,"VASANTHI, E",INDEPENDENT,0,449,449
2021,MLA,29,346,240,M,"VEDHAGIRI, R",INDEPENDENT,0,449,449
2021,MLA,29,346,240,M,"VAIRAMUTHU, D",INDEPENDENT,7,449,449
2021,MLA,29,346,240,M,NOTA,,5,449,449
2021,MLA,29,347,240,A(W),"SELVAPERUNTHAGAI, K",INDIAN NATIONAL CONGRESS,279,454,454
2021,MLA,29,347,240,A(W),"PALANI, K",ALL INDIA ANNA DRAVIDA MUNNETRA KAZHAGAM,131,454,454
2021,MLA,29,347,240,A(W),"VINOTH, E",BAHUJAN SAMAJ PARTY,0,454,454
2021,MLA,29,347,240,A(W),"THANIGAIVEL, M",MAKKAL NEEDHI MAIAM,8,454,454
2021,MLA,29,347,240,A(W),"PUSHPARAJ, D",NAAM TAMILAR KATCHI,27,454,454
2021,MLA,29,347,240,A(W),"PERUMAL, R",AMMA MAKKAL MUNNETTRA KAZAGAM,4,454,454
2021,MLA,29,347,240,A(W),"LOKESH, E",DESIYA MAKKAL SAKTHI KATCHI,0,454,454
2021,MLA,29,347,240,A(W),"SAROJA, S",INDEPENDENT,0,454,454
2021,MLA,29,347,240,A(W),"SUDHAKAR, P",INDEPENDENT,1,454,454
2021,MLA,29,347,240,A(W),"DEVARAJAN, K",INDEPENDENT,0,454,454
2021,MLA,29,347,240,A(W),"PARTHIBAN, M",INDEPENDENT,0,454,454
2021,MLA,29,347,240,A(W),"LEENA, V",INDEPENDENT,0,454,454
2021,MLA,29,347,240,A(W),"VASANTHI, E",INDEPENDENT,0,454,454
2021,MLA,29,347,240,A(W),"VEDHAGIRI, R",INDEPENDENT,0,454,454
2021,MLA,29,347,240,A(W),"VAIRAMUTHU, D",INDEPENDENT,3,454,454
2021,MLA,29,347,240,A(W),NOTA,,1,454,454
2021,MLA,29,348,241,M,"SELVAPERUNTHAGAI, K",INDIAN NATIONAL CONGRESS,254,472,472
2021,MLA,29,348,241,M,"PALANI, K",ALL INDIA ANNA DRAVIDA MUNNETRA KAZHAGAM,145,472,472
2021,MLA,29,348,241,M,"VINOTH, E",BAHUJAN SAMAJ PARTY,0,472,472
2021,MLA,29,348,241,M,"THANIGAIVEL, M",MAKKAL NEEDHI MAIAM,2,472,472
2021,MLA,29,348,241,M,"PUSHPARAJ, D",NAAM TAMILAR KATCHI,40,472,472
2021,MLA,29,348,241,M,"PERUMAL, R",AMMA MAKKAL MUNNETTRA KAZAGAM,13,472,472
2021,MLA,29,348,241,M,"LOKESH, E",DESIYA MAKKAL SAKTHI KATCHI,0,472,472
2021,MLA,29,348,241,M,"SAROJA, S",INDEPENDENT,1,472,472
2021,MLA,29,348,241,M,"SUDHAKAR, P",INDEPENDENT,0,472,472
2021,MLA,29,348,241,M,"DEVARAJAN, K",INDEPENDENT,0,472,472
2021,MLA,29,348,241,M,"PARTHIBAN, M",INDEPENDENT,0,472,472
2021,MLA,29,348,241,M,"LEENA, V",INDEPENDENT,0,472,472
2021,MLA,29,348,241,M,"VASANTHI, E",INDEPENDENT,0,472,472
2021,MLA,29,348,241,M,"VEDHAGIRI, R",INDEPENDENT,0,472,472
2021,MLA,29,348,241,M,"VAIRAMUTHU, D",INDEPENDENT,13,472,472
2021,MLA,29,348,241,M,NOTA,,4,472,472
2021,MLA,29,349,241,A(W),"SELVAPERUNTHAGAI, K",INDIAN NATIONAL CONGRESS,269,480,480
2021,MLA,29,349,241,A(W),"PALANI, K",ALL INDIA ANNA DRAVIDA MUNNETRA KAZHAGAM,159,480,480
2021,MLA,29,349,241,A(W),"VINOTH, E",BAHUJAN SAMAJ PARTY,0,480,480
2021,MLA,29,349,241,A(W),"THANIGAIVEL, M",MAKKAL NEEDHI MAIAM,5,480,480
2021,MLA,29,349,241,A(W),"PUSHPARAJ, D",NAAM TAMILAR KATCHI,26,480,480
2021,MLA,29,349,241,A(W),"PERUMAL, R",AMMA MAKKAL MUNNETTRA KAZAGAM,10,480,480
2021,MLA,29,349,241,A(W),"LOKESH, E",DESIYA MAKKAL SAKTHI KATCHI,0,480,480
2021,MLA,29,349,241,A(W),"SAROJA, S",INDEPENDENT,0,480,480
2021,MLA,29,349,241,A(W),"SUDHAKAR, P",INDEPENDENT,0,480,480
2021,MLA,29,349,241,A(W),"DEVARAJAN, K",INDEPENDENT,0,480,480
2021,MLA,29,349,241,A(W),"PARTHIBAN, M",INDEPENDENT,0,480,480
2021,MLA,29,349,241,A(W),"LEENA, V",INDEPENDENT,1,480,480
2021,MLA,29,349,241,A(W),"VASANTHI, E",INDEPENDENT,0,480,480
2021,MLA,29,349,241,A(W),"VEDHAGIRI, R",INDEPENDENT,0,480,480
2021,MLA,29,349,241,A(W),"VAIRAMUTHU, D",INDEPENDENT,7,480,480
2021,MLA,29,349,241,A(W),NOTA,,3,480,480
2021,MLA,29,350,242,M,"SELVAPERUNTHAGAI, K",INDIAN NATIONAL CONGRESS,253,420,420
2021,MLA,29,350,242,M,"PALANI, K",ALL INDIA ANNA DRAVIDA MUNNETRA KAZHAGAM,98,420,420
2021,MLA,29,350,242,M,"VINOTH, E",BAHUJAN SAMAJ PARTY,1,420,420
2021,MLA,29,350,242,M,"THANIGAIVEL, M",MAKKAL NEEDHI MAIAM,6,420,420
2021,MLA,29,350,242,M,"PUSHPARAJ, D",NAAM TAMILAR KATCHI,48,420,420
2021,MLA,29,350,242,M,"PERUMAL, R",AMMA MAKKAL MUNNETTRA KAZAGAM,8,420,420
2021,MLA,29,350,242,M,"LOKESH, E",DESIYA MAKKAL SAKTHI KATCHI,0,420,420
2021,MLA,29,350,242,M,"SAROJA, S",INDEPENDENT,0,420,420
2021,MLA,29,350,242,M,"SUDHAKAR, P",INDEPENDENT,0,420,420
2021,MLA,29,350,242,M,"DEVARAJAN, K",INDEPENDENT,0,420,420
2021,MLA,29,350,242,M,"PARTHIBAN, M",INDEPENDENT,0,420,420
2021,MLA,29,350,242,M,"LEENA, V",INDEPENDENT,0,420,420
2021,MLA,29,350,242,M,"VASANTHI, E",INDEPENDENT,0,420,420
2021,MLA,29,350,242,M,"VEDHAGIRI, R",INDEPENDENT,0,420,420
2021,MLA,29,350,242,M,"VAIRAMUTHU, D",INDEPENDENT,3,420,420
2021,MLA,29,350,242,M,NOTA,,3,420,420
2021,MLA,29,351,242,A(W),"SELVAPERUNTHAGAI, K",INDIAN NATIONAL CONGRESS,278,467,467
2021,MLA,29,351,242,A(W),"PALANI, K",ALL INDIA ANNA DRAVIDA MUNNETRA KAZHAGAM,132,467,467
2021,MLA,29,351,242,A(W),"VINOTH, E",BAHUJAN SAMAJ PARTY,0,467,467
2021,MLA,29,351,242,A(W),"THANIGAIVEL, M",MAKKAL NEEDHI MAIAM,5,467,467
2021,MLA,29,351,242,A(W),"PUSHPARAJ, D",NAAM TAMILAR KATCHI,33,467,467
2021,MLA,29,351,242,A(W),"PERUMAL, R",AMMA MAKKAL MUNNETTRA KAZAGAM,3,467,467
2021,MLA,29,351,242,A(W),"LOKESH, E",DESIYA MAKKAL SAKTHI KATCHI,0,467,467
2021,MLA,29,351,242,A(W),"SAROJA, S",INDEPENDENT,1,467,467
2021,MLA,29,351,242,A(W),"SUDHAKAR, P",INDEPENDENT,1,467,467
2021,MLA,29,351,242,A(W),"DEVARAJAN, K",INDEPENDENT,0,467,467
2021,MLA,29,351,242,A(W),"PARTHIBAN, M",INDEPENDENT,0,467,467
2021,MLA,29,351,242,A(W),"LEENA, V",INDEPENDENT,1,467,467
2021,MLA,29,351,242,A(W),"VASANTHI, E",INDEPENDENT,0,467,467
2021,MLA,29,351,242,A(W),"VEDHAGIRI, R",INDEPENDENT,0,467,467
2021,MLA,29,351,242,A(W),"VAIRAMUTHU, D",INDEPENDENT,8,467,467
2021,MLA,29,351,242,A(W),NOTA,,5,467,467
2021,MLA,29,352,243,,"SELVAPERUNTHAGAI, K",INDIAN NATIONAL CONGRESS,200,530,530
2021,MLA,29,352,243,,"PALANI, K",ALL INDIA ANNA DRAVIDA MUNNETRA KAZHAGAM,287,530,530
2021,MLA,29,352,243,,"VINOTH, E",BAHUJAN SAMAJ PARTY,1,530,530
2021,MLA,29,352,243,,"THANIGAIVEL, M",MAKKAL NEEDHI MAIAM,3,530,530
2021,MLA,29,352,243,,"PUSHPARAJ, D",NAAM TAMILAR KATCHI,23,530,530
2021,MLA,29,352,243,,"PERUMAL, R",AMMA MAKKAL MUNNETTRA KAZAGAM,6,530,530
2021,MLA,29,352,243,,"LOKESH, E",DESIYA MAKKAL SAKTHI KATCHI,0,530,530
2021,MLA,29,352,243,,"SAROJA, S",INDEPENDENT,1,530,530
2021,MLA,29,352,243,,"SUDHAKAR, P",INDEPENDENT,0,530,530
2021,MLA,29,352,243,,"DEVARAJAN, K",INDEPENDENT,0,530,530
2021,MLA,29,352,243,,"PARTHIBAN, M",INDEPENDENT,0,530,530
2021,MLA,29,352,243,,"LEENA, V",INDEPENDENT,0,530,530
2021,MLA,29,352,243,,"VASANTHI, E",INDEPENDENT,0,530,530
2021,MLA,29,352,243,,"VEDHAGIRI, R",INDEPENDENT,0,530,530
2021,MLA,29,352,243,,"VAIRAMUTHU, D",INDEPENDENT,5,530,530
2021,MLA,29,352,243,,NOTA,,4,530,530
2021,MLA,29,353,244,M,"SELVAPERUNTHAGAI, K",INDIAN NATIONAL CONGRESS,222,389,389
2021,MLA,29,353,244,M,"PALANI, K",ALL INDIA ANNA DRAVIDA MUNNETRA KAZHAGAM,110,389,389
2021,MLA,29,353,244,M,"VINOTH, E",BAHUJAN SAMAJ PARTY,1,389,389
2021,MLA,29,353,244,M,"THANIGAIVEL, M",MAKKAL NEEDHI MAIAM,3,389,389
2021,MLA,29,353,244,M,"PUSHPARAJ, D",NAAM TAMILAR KATCHI,40,389,389
2021,MLA,29,353,244,M,"PERUMAL, R",AMMA MAKKAL MUNNETTRA KAZAGAM,8,389,389
2021,MLA,29,353,244,M,"LOKESH, E",DESIYA MAKKAL SAKTHI KATCHI,0,389,389
2021,MLA,29,353,244,M,"SAROJA, S",INDEPENDENT,0,389,389
2021,MLA,29,353,244,M,"SUDHAKAR, P",INDEPENDENT,1,389,389
2021,MLA,29,353,244,M,"DEVARAJAN, K",INDEPENDENT,0,389,389
2021,MLA,29,353,244,M,"PARTHIBAN, M",INDEPENDENT,0,389,389
2021,MLA,29,353,244,M,"LEENA, V",INDEPENDENT,0,389,389
2021,MLA,29,353,244,M,"VASANTHI, E",INDEPENDENT,0,389,389
2021,MLA,29,353,244,M,"VEDHAGIRI, R",INDEPENDENT,0,389,389
2021,MLA,29,353,244,M,"VAIRAMUTHU, D",INDEPENDENT,2,389,389
2021,MLA,29,353,244,M,NOTA,,2,389,389
2021,MLA,29,354,244,A(W),"SELVAPERUNTHAGAI, K",INDIAN NATIONAL CONGRESS,244,379,379
2021,MLA,29,354,244,A(W),"PALANI, K",ALL INDIA ANNA DRAVIDA MUNNETRA KAZHAGAM,113,379,379
2021,MLA,29,354,244,A(W),"VINOTH, E",BAHUJAN SAMAJ PARTY,0,379,379
2021,MLA,29,354,244,A(W),"THANIGAIVEL, M",MAKKAL NEEDHI MAIAM,5,379,379
2021,MLA,29,354,244,A(W),"PUSHPARAJ, D",NAAM TAMILAR KATCHI,10,379,379
2021,MLA,29,354,244,A(W),"PERUMAL, R",AMMA MAKKAL MUNNETTRA KAZAGAM,4,379,379
2021,MLA,29,354,244,A(W),"LOKESH, E",DESIYA MAKKAL SAKTHI KATCHI,0,379,379
2021,MLA,29,354,244,A(W),"SAROJA, S",INDEPENDENT,0,379,379
2021,MLA,29,354,244,A(W),"SUDHAKAR, P",INDEPENDENT,0,379,379
2021,MLA,29,354,244,A(W),"DEVARAJAN, K",INDEPENDENT,0,379,379
2021,MLA,29,354,244,A(W),"PARTHIBAN, M",INDEPENDENT,0,379,379
2021,MLA,29,354,244,A(W),"LEENA, V",INDEPENDENT,0,379,379
2021,MLA,29,354,244,A(W),"VASANTHI, E",INDEPENDENT,0,379,379
2021,MLA,29,354,244,A(W),"VEDHAGIRI, R",INDEPENDENT,0,379,379
2021,MLA,29,354,244,A(W),"VAIRAMUTHU, D",INDEPENDENT,2,379,379
2021,MLA,29,354,244,A(W),NOTA,,1,379,379
2021,MLA,29,355,245,M,"SELVAPERUNTHAGAI, K",INDIAN NATIONAL CONGRESS,293,499,499
2021,MLA,29,355,245,M,"PALANI, K",ALL INDIA ANNA DRAVIDA MUNNETRA KAZHAGAM,125,499,499
2021,MLA,29,355,245,M,"VINOTH, E",BAHUJAN SAMAJ PARTY,1,499,499
2021,MLA,29,355,245,M,"THANIGAIVEL, M",MAKKAL NEEDHI MAIAM,20,499,499
2021,MLA,29,355,245,M,"PUSHPARAJ, D",NAAM TAMILAR KATCHI,38,499,499
2021,MLA,29,355,245,M,"PERUMAL, R",AMMA MAKKAL MUNNETTRA KAZAGAM,6,499,499
2021,MLA,29,355,245,M,"LOKESH, E",DESIYA MAKKAL SAKTHI KATCHI,0,499,499
2021,MLA,29,355,245,M,"SAROJA, S",INDEPENDENT,1,499,499
2021,MLA,29,355,245,M,"SUDHAKAR, P",INDEPENDENT,1,499,499
2021,MLA,29,355,245,M,"DEVARAJAN, K",INDEPENDENT,0,499,499
2021,MLA,29,355,245,M,"PARTHIBAN, M",INDEPENDENT,0,499,499
2021,MLA,29,355,245,M,"LEENA, V",INDEPENDENT,2,499,499
2021,MLA,29,355,245,M,"VASANTHI, E",INDEPENDENT,1,499,499
2021,MLA,29,355,245,M,"VEDHAGIRI, R",INDEPENDENT,1,499,499
2021,MLA,29,355,245,M,"VAIRAMUTHU, D",INDEPENDENT,6,499,499
2021,MLA,29,355,245,M,NOTA,,4,499,499
2021,MLA,29,356,245,A(W),"SELVAPERUNTHAGAI, K",INDIAN NATIONAL CONGRESS,304,512,512
2021,MLA,29,356,245,A(W),"PALANI, K",ALL INDIA ANNA DRAVIDA MUNNETRA KAZHAGAM,151,512,512
2021,MLA,29,356,245,A(W),"VINOTH, E",BAHUJAN SAMAJ PARTY,1,512,512
2021,MLA,29,356,245,A(W),"THANIGAIVEL, M",MAKKAL NEEDHI MAIAM,13,512,512
2021,MLA,29,356,245,A(W),"PUSHPARAJ, D",NAAM TAMILAR KATCHI,30,512,512
2021,MLA,29,356,245,A(W),"PERUMAL, R",AMMA MAKKAL MUNNETTRA KAZAGAM,5,512,512
2021,MLA,29,356,245,A(W),"LOKESH, E",DESIYA MAKKAL SAKTHI KATCHI,0,512,512
2021,MLA,29,356,245,A(W),"SAROJA, S",INDEPENDENT,0,512,512
2021,MLA,29,356,245,A(W),"SUDHAKAR, P",INDEPENDENT,0,512,512
2021,MLA,29,356,245,A(W),"DEVARAJAN, K",INDEPENDENT,0,512,512
2021,MLA,29,356,245,A(W),"PARTHIBAN, M",INDEPENDENT,0,512,512
2021,MLA,29,356,245,A(W),"LEENA, V",INDEPENDENT,0,512,512
2021,MLA,29,356,245,A(W),"VASANTHI, E",INDEPENDENT,0,512,512
2021,MLA,29,356,245,A(W),"VEDHAGIRI, R",INDEPENDENT,1,512,512
2021,MLA,29,356,245,A(W),"VAIRAMUTHU, D",INDEPENDENT,2,512,512
2021,MLA,29,356,245,A(W),NOTA,,5,512,512
2021,MLA,29,357,246,,"SELVAPERUNTHAGAI, K",INDIAN NATIONAL CONGRESS,332,674,674
2021,MLA,29,357,246,,"PALANI, K",ALL INDIA ANNA DRAVIDA MUNNETRA KAZHAGAM,184,674,674
2021,MLA,29,357,246,,"VINOTH, E",BAHUJAN SAMAJ PARTY,0,674,674
2021,MLA,29,357,246,,"THANIGAIVEL, M",MAKKAL NEEDHI MAIAM,38,674,674
2021,MLA,29,357,246,,"PUSHPARAJ, D",NAAM TAMILAR KATCHI,60,674,674
2021,MLA,29,357,246,,"PERUMAL, R",AMMA MAKKAL MUNNETTRA KAZAGAM,48,674,674
2021,MLA,29,357,246,,"LOKESH, E",DESIYA MAKKAL SAKTHI KATCHI,2,674,674
2021,MLA,29,357,246,,"SAROJA, S",INDEPENDENT,0,674,674
2021,MLA,29,357,246,,"SUDHAKAR, P",INDEPENDENT,0,674,674
2021,MLA,29,357,246,,"DEVARAJAN, K",INDEPENDENT,0,674,674
2021,MLA,29,357,246,,"PARTHIBAN, M",INDEPENDENT,0,674,674
2021,MLA,29,357,246,,"LEENA, V",INDEPENDENT,0,674,674
2021,MLA,29,357,246,,"VASANTHI, E",INDEPENDENT,0,674,674
2021,MLA,29,357,246,,"VEDHAGIRI, R",INDEPENDENT,0,674,674
2021,MLA,29,357,246,,"VAIRAMUTHU, D",INDEPENDENT,1,674,674
2021,MLA,29,357,246,,NOTA,,9,674,674
2021,MLA,29,358,247,,"SELVAPERUNTHAGAI, K",INDIAN NATIONAL CONGRESS,171,439,439
2021,MLA,29,358,247,,"PALANI, K",ALL INDIA ANNA DRAVIDA MUNNETRA KAZHAGAM,185,439,439
2021,MLA,29,358,247,,"VINOTH, E",BAHUJAN SAMAJ PARTY,0,439,439
2021,MLA,29,358,247,,"THANIGAIVEL, M",MAKKAL NEEDHI MAIAM,37,439,439
2021,MLA,29,358,247,,"PUSHPARAJ, D",NAAM TAMILAR KATCHI,28,439,439
2021,MLA,29,358,247,,"PERUMAL, R",AMMA MAKKAL MUNNETTRA KAZAGAM,15,439,439
2021,MLA,29,358,247,,"LOKESH, E",DESIYA MAKKAL SAKTHI KATCHI,0,439,439
2021,MLA,29,358,247,,"SAROJA, S",INDEPENDENT,0,439,439
2021,MLA,29,358,247,,"SUDHAKAR, P",INDEPENDENT,0,439,439
2021,MLA,29,358,247,,"DEVARAJAN, K",INDEPENDENT,0,439,439
2021,MLA,29,358,247,,"PARTHIBAN, M",INDEPENDENT,0,439,439
2021,MLA,29,358,247,,"LEENA, V",INDEPENDENT,0,439,439
2021,MLA,29,358,247,,"VASANTHI, E",INDEPENDENT,0,439,439
2021,MLA,29,358,247,,"VEDHAGIRI, R",INDEPENDENT,0,439,439
2021,MLA,29,358,247,,"VAIRAMUTHU, D",INDEPENDENT,1,439,439
2021,MLA,29,358,247,,NOTA,,2,439,439
2021,MLA,29,359,248,M,"SELVAPERUNTHAGAI, K",INDIAN NATIONAL CONGRESS,165,380,380
2021,MLA,29,359,248,M,"PALANI, K",ALL INDIA ANNA DRAVIDA MUNNETRA KAZHAGAM,117,380,380
2021,MLA,29,359,248,M,"VINOTH, E",BAHUJAN SAMAJ PARTY,0,380,380
2021,MLA,29,359,248,M,"THANIGAIVEL, M",MAKKAL NEEDHI MAIAM,36,380,380
2021,MLA,29,359,248,M,"PUSHPARAJ, D",NAAM TAMILAR KATCHI,42,380,380
2021,MLA,29,359,248,M,"PERUMAL, R",AMMA MAKKAL MUNNETTRA KAZAGAM,5,380,380
2021,MLA,29,359,248,M,"LOKESH, E",DESIYA MAKKAL SAKTHI KATCHI,1,380,380
2021,MLA,29,359,248,M,"SAROJA, S",INDEPENDENT,0,380,380
2021,MLA,29,359,248,M,"SUDHAKAR, P",INDEPENDENT,1,380,380
2021,MLA,29,359,248,M,"DEVARAJAN, K",INDEPENDENT,0,380,380
2021,MLA,29,359,248,M,"PARTHIBAN, M",INDEPENDENT,0,380,380
2021,MLA,29,359,248,M,"LEENA, V",INDEPENDENT,1,380,380
2021,MLA,29,359,248,M,"VASANTHI, E",INDEPENDENT,2,380,380
2021,MLA,29,359,248,M,"VEDHAGIRI, R",INDEPENDENT,0,380,380
2021,MLA,29,359,248,M,"VAIRAMUTHU, D",INDEPENDENT,2,380,380
2021,MLA,29,359,248,M,NOTA,,8,380,380
2021,MLA,29,360,248,A(W),"SELVAPERUNTHAGAI, K",INDIAN NATIONAL CONGRESS,145,376,376
2021,MLA,29,360,248,A(W),"PALANI, K",ALL INDIA ANNA DRAVIDA MUNNETRA KAZHAGAM,148,376,376
2021,MLA,29,360,248,A(W),"VINOTH, E",BAHUJAN SAMAJ PARTY,2,376,376
2021,MLA,29,360,248,A(W),"THANIGAIVEL, M",MAKKAL NEEDHI MAIAM,39,376,376
2021,MLA,29,360,248,A(W),"PUSHPARAJ, D",NAAM TAMILAR KATCHI,30,376,376
2021,MLA,29,360,248,A(W),"PERUMAL, R",AMMA MAKKAL MUNNETTRA KAZAGAM,2,376,376
2021,MLA,29,360,248,A(W),"LOKESH, E",DESIYA MAKKAL SAKTHI KATCHI,0,376,376
2021,MLA,29,360,248,A(W),"SAROJA, S",INDEPENDENT,1,376,376
2021,MLA,29,360,248,A(W),"SUDHAKAR, P",INDEPENDENT,1,376,376
2021,MLA,29,360,248,A(W),"DEVARAJAN, K",INDEPENDENT,0,376,376
2021,MLA,29,360,248,A(W),"PARTHIBAN, M",INDEPENDENT,0,376,376
2021,MLA,29,360,248,A(W),"LEENA, V",INDEPENDENT,0,376,376
2021,MLA,29,360,248,A(W),"VASANTHI, E",INDEPENDENT,0,376,376
2021,MLA,29,360,248,A(W),"VEDHAGIRI, R",INDEPENDENT,0,376,376
2021,MLA,29,360,248,A(W),"VAIRAMUTHU, D",INDEPENDENT,0,376,376
2021,MLA,29,360,248,A(W),NOTA,,8,376,376
2021,MLA,29,361,249,,"SELVAPERUNTHAGAI, K",INDIAN NATIONAL CONGRESS,215,443,443
2021,MLA,29,361,249,,"PALANI, K",ALL INDIA ANNA DRAVIDA MUNNETRA KAZHAGAM,110,443,443
2021,MLA,29,361,249,,"VINOTH, E",BAHUJAN SAMAJ PARTY,2,443,443
2021,MLA,29,361,249,,"THANIGAIVEL, M",MAKKAL NEEDHI MAIAM,43,443,443
2021,MLA,29,361,249,,"PUSHPARAJ, D",NAAM TAMILAR KATCHI,64,443,443
2021,MLA,29,361,249,,"PERUMAL, R",AMMA MAKKAL MUNNETTRA KAZAGAM,0,443,443
2021,MLA,29,361,249,,"LOKESH, E",DESIYA MAKKAL SAKTHI KATCHI,0,443,443
2021,MLA,29,361,249,,"SAROJA, S",INDEPENDENT,2,443,443
2021,MLA,29,361,249,,"SUDHAKAR, P",INDEPENDENT,0,443,443
2021,MLA,29,361,249,,"DEVARAJAN, K",INDEPENDENT,1,443,443
2021,MLA,29,361,249,,"PARTHIBAN, M",INDEPENDENT,0,443,443
2021,MLA,29,361,249,,"LEENA, V",INDEPENDENT,0,443,443
2021,MLA,29,361,249,,"VASANTHI, E",INDEPENDENT,0,443,443
2021,MLA,29,361,249,,"VEDHAGIRI, R",INDEPENDENT,0,443,443
2021,MLA,29,361,249,,"VAIRAMUTHU, D",INDEPENDENT,0,443,443
2021,MLA,29,361,249,,NOTA,,6,443,443
2021,MLA,29,362,250,M,"SELVAPERUNTHAGAI, K",INDIAN NATIONAL CONGRESS,269,537,537
2021,MLA,29,362,250,M,"PALANI, K",ALL INDIA ANNA DRAVIDA MUNNETRA KAZHAGAM,203,537,537
2021,MLA,29,362,250,M,"VINOTH, E",BAHUJAN SAMAJ PARTY,0,537,537
2021,MLA,29,362,250,M,"THANIGAIVEL, M",MAKKAL NEEDHI MAIAM,20,537,537
2021,MLA,29,362,250,M,"PUSHPARAJ, D",NAAM TAMILAR KATCHI,34,537,537
2021,MLA,29,362,250,M,"PERUMAL, R",AMMA MAKKAL MUNNETTRA KAZAGAM,2,537,537
2021,MLA,29,362,250,M,"LOKESH, E",DESIYA MAKKAL SAKTHI KATCHI,1,537,537
2021,MLA,29,362,250,M,"SAROJA, S",INDEPENDENT,0,537,537
2021,MLA,29,362,250,M,"SUDHAKAR, P",INDEPENDENT,0,537,537
2021,MLA,29,362,250,M,"DEVARAJAN, K",INDEPENDENT,0,537,537
2021,MLA,29,362,250,M,"PARTHIBAN, M",INDEPENDENT,0,537,537
2021,MLA,29,362,250,M,"LEENA, V",INDEPENDENT,0,537,537
2021,MLA,29,362,250,M,"VASANTHI, E",INDEPENDENT,0,537,537
2021,MLA,29,362,250,M,"VEDHAGIRI, R",INDEPENDENT,0,537,537
2021,MLA,29,362,250,M,"VAIRAMUTHU, D",INDEPENDENT,5,537,537
2021,MLA,29,362,250,M,NOTA,,3,537,537
2021,MLA,29,363,250,A(W),"SELVAPERUNTHAGAI, K",INDIAN NATIONAL CONGRESS,269,522,522
2021,MLA,29,363,250,A(W),"PALANI, K",ALL INDIA ANNA DRAVIDA MUNNETRA KAZHAGAM,201,522,522
2021,MLA,29,363,250,A(W),"VINOTH, E",BAHUJAN SAMAJ PARTY,0,522,522
2021,MLA,29,363,250,A(W),"THANIGAIVEL, M",MAKKAL NEEDHI MAIAM,21,522,522
2021,MLA,29,363,250,A(W),"PUSHPARAJ, D",NAAM TAMILAR KATCHI,27,522,522
2021,MLA,29,363,250,A(W),"PERUMAL, R",AMMA MAKKAL MUNNETTRA KAZAGAM,1,522,522
2021,MLA,29,363,250,A(W),"LOKESH, E",DESIYA MAKKAL SAKTHI KATCHI,0,522,522
2021,MLA,29,363,250,A(W),"SAROJA, S",INDEPENDENT,0,522,522
2021,MLA,29,363,250,A(W),"SUDHAKAR, P",INDEPENDENT,1,522,522
2021,MLA,29,363,250,A(W),"DEVARAJAN, K",INDEPENDENT,0,522,522
2021,MLA,29,363,250,A(W),"PARTHIBAN, M",INDEPENDENT,0,522,522
2021,MLA,29,363,250,A(W),"LEENA, V",INDEPENDENT,0,522,522
2021,MLA,29,363,250,A(W),"VASANTHI, E",INDEPENDENT,0,522,522
2021,MLA,29,363,250,A(W),"VEDHAGIRI, R",INDEPENDENT,0,522,522
2021,MLA,29,363,250,A(W),"VAIRAMUTHU, D",INDEPENDENT,1,522,522
2021,MLA,29,363,250,A(W),NOTA,,1,522,522
2021,MLA,29,364,251,,"SELVAPERUNTHAGAI, K",INDIAN NATIONAL CONGRESS,142,316,316
2021,MLA,29,364,251,,"PALANI, K",ALL INDIA ANNA DRAVIDA MUNNETRA KAZHAGAM,91,316,316
2021,MLA,29,364,251,,"VINOTH, E",BAHUJAN SAMAJ PARTY,0,316,316
2021,MLA,29,364,251,,"THANIGAIVEL, M",MAKKAL NEEDHI MAIAM,49,316,316
2021,MLA,29,364,251,,"PUSHPARAJ, D",NAAM TAMILAR KATCHI,29,316,316
2021,MLA,29,364,251,,"PERUMAL, R",AMMA MAKKAL MUNNETTRA KAZAGAM,0,316,316
2021,MLA,29,364,251,,"LOKESH, E",DESIYA MAKKAL SAKTHI KATCHI,0,316,316
2021,MLA,29,364,251,,"SAROJA, S",INDEPENDENT,0,316,316
2021,MLA,29,364,251,,"SUDHAKAR, P",INDEPENDENT,0,316,316
2021,MLA,29,364,251,,"DEVARAJAN, K",INDEPENDENT,0,316,316
2021,MLA,29,364,251,,"PARTHIBAN, M",INDEPENDENT,0,316,316
2021,MLA,29,364,251,,"LEENA, V",INDEPENDENT,0,316,316
2021,MLA,29,364,251,,"VASANTHI, E",INDEPENDENT,0,316,316
2021,MLA,29,364,251,,"VEDHAGIRI, R",INDEPENDENT,0,316,316
2021,MLA,29,364,251,,"VAIRAMUTHU, D",INDEPENDENT,0,316,316
2021,MLA,29,364,251,,NOTA,,5,316,316
2021,MLA,29,365,252,M,"SELVAPERUNTHAGAI, K",INDIAN NATIONAL CONGRESS,171,406,406
2021,MLA,29,365,252,M,"PALANI, K",ALL INDIA ANNA DRAVIDA MUNNETRA KAZHAGAM,124,406,406
2021,MLA,29,365,252,M,"VINOTH, E",BAHUJAN SAMAJ PARTY,0,406,406
2021,MLA,29,365,252,M,"THANIGAIVEL, M",MAKKAL NEEDHI MAIAM,58,406,406
2021,MLA,29,365,252,M,"PUSHPARAJ, D",NAAM TAMILAR KATCHI,46,406,406
2021,MLA,29,365,252,M,"PERUMAL, R",AMMA MAKKAL MUNNETTRA KAZAGAM,6,406,406
2021,MLA,29,365,252,M,"LOKESH, E",DESIYA MAKKAL SAKTHI KATCHI,0,406,406
2021,MLA,29,365,252,M,"SAROJA, S",INDEPENDENT,0,406,406
2021,MLA,29,365,252,M,"SUDHAKAR, P",INDEPENDENT,0,406,406
2021,MLA,29,365,252,M,"DEVARAJAN, K",INDEPENDENT,0,406,406
2021,MLA,29,365,252,M,"PARTHIBAN, M",INDEPENDENT,0,406,406
2021,MLA,29,365,252,M,"LEENA, V",INDEPENDENT,0,406,406
2021,MLA,29,365,252,M,"VASANTHI, E",INDEPENDENT,0,406,406
2021,MLA,29,365,252,M,"VEDHAGIRI, R",INDEPENDENT,0,406,406
2021,MLA,29,365,252,M,"VAIRAMUTHU, D",INDEPENDENT,0,406,406
2021,MLA,29,365,252,M,NOTA,,1,406,406
2021,MLA,29,366,252,A(W),"SELVAPERUNTHAGAI, K",INDIAN NATIONAL CONGRESS,164,361,361
2021,MLA,29,366,252,A(W),"PALANI, K",ALL INDIA ANNA DRAVIDA MUNNETRA KAZHAGAM,111,361,361
2021,MLA,29,366,252,A(W),"VINOTH, E",BAHUJAN SAMAJ PARTY,0,361,361
2021,MLA,29,366,252,A(W),"THANIGAIVEL, M",MAKKAL NEEDHI MAIAM,38,361,361
2021,MLA,29,366,252,A(W),"PUSHPARAJ, D",NAAM TAMILAR KATCHI,38,361,361
2021,MLA,29,366,252,A(W),"PERUMAL, R",AMMA MAKKAL MUNNETTRA KAZAGAM,6,361,361
2021,MLA,29,366,252,A(W),"LOKESH, E",DESIYA MAKKAL SAKTHI KATCHI,0,361,361
2021,MLA,29,366,252,A(W),"SAROJA, S",INDEPENDENT,0,361,361
2021,MLA,29,366,252,A(W),"SUDHAKAR, P",INDEPENDENT,0,361,361
2021,MLA,29,366,252,A(W),"DEVARAJAN, K",INDEPENDENT,1,361,361
2021,MLA,29,366,252,A(W),"PARTHIBAN, M",INDEPENDENT,0,361,361
2021,MLA,29,366,252,A(W),"LEENA, V",INDEPENDENT,0,361,361
2021,MLA,29,366,252,A(W),"VASANTHI, E",INDEPENDENT,0,361,361
2021,MLA,29,366,252,A(W),"VEDHAGIRI, R",INDEPENDENT,0,361,361
2021,MLA,29,366,252,A(W),"VAIRAMUTHU, D",INDEPENDENT,0,361,361
2021,MLA,29,366,252,A(W),NOTA,,3,361,361
2021,MLA,29,367,253,,"SELVAPERUNTHAGAI, K",INDIAN NATIONAL CONGRESS,320,608,608
2021,MLA,29,367,253,,"PALANI, K",ALL INDIA ANNA DRAVIDA MUNNETRA KAZHAGAM,165,608,608
2021,MLA,29,367,253,,"VINOTH, E",BAHUJAN SAMAJ PARTY,1,608,608
2021,MLA,29,367,253,,"THANIGAIVEL, M",MAKKAL NEEDHI MAIAM,53,608,608
2021,MLA,29,367,253,,"PUSHPARAJ, D",NAAM TAMILAR KATCHI,56,608,608
2021,MLA,29,367,253,,"PERUMAL, R",AMMA MAKKAL MUNNETTRA KAZAGAM,2,608,608
2021,MLA,29,367,253,,"LOKESH, E",DESIYA MAKKAL SAKTHI KATCHI,1,608,608
2021,MLA,29,367,253,,"SAROJA, S",INDEPENDENT,0,608,608
2021,MLA,29,367,253,,"SUDHAKAR, P",INDEPENDENT,0,608,608
2021,MLA,29,367,253,,"DEVARAJAN, K",INDEPENDENT,0,608,608
2021,MLA,29,367,253,,"PARTHIBAN, M",INDEPENDENT,0,608,608
2021,MLA,29,367,253,,"LEENA, V",INDEPENDENT,0,608,608
2021,MLA,29,367,253,,"VASANTHI, E",INDEPENDENT,1,608,608
2021,MLA,29,367,253,,"VEDHAGIRI, R",INDEPENDENT,0,608,608
2021,MLA,29,367,253,,"VAIRAMUTHU, D",INDEPENDENT,0,608,608
2021,MLA,29,367,253,,NOTA,,9,608,608
2021,MLA,29,368,254,M,"SELVAPERUNTHAGAI, K",INDIAN NATIONAL CONGRESS,183,422,422
2021,MLA,29,368,254,M,"PALANI, K",ALL INDIA ANNA DRAVIDA MUNNETRA KAZHAGAM,151,422,422
2021,MLA,29,368,254,M,"VINOTH, E",BAHUJAN SAMAJ PARTY,0,422,422
2021,MLA,29,368,254,M,"THANIGAIVEL, M",MAKKAL NEEDHI MAIAM,23,422,422
2021,MLA,29,368,254,M,"PUSHPARAJ, D",NAAM TAMILAR KATCHI,52,422,422
2021,MLA,29,368,254,M,"PERUMAL, R",AMMA MAKKAL MUNNETTRA KAZAGAM,4,422,422
2021,MLA,29,368,254,M,"LOKESH, E",DESIYA MAKKAL SAKTHI KATCHI,1,422,422
2021,MLA,29,368,254,M,"SAROJA, S",INDEPENDENT,0,422,422
2021,MLA,29,368,254,M,"SUDHAKAR, P",INDEPENDENT,0,422,422
2021,MLA,29,368,254,M,"DEVARAJAN, K",INDEPENDENT,0,422,422
2021,MLA,29,368,254,M,"PARTHIBAN, M",INDEPENDENT,0,422,422
2021,MLA,29,368,254,M,"LEENA, V",INDEPENDENT,0,422,422
2021,MLA,29,368,254,M,"VASANTHI, E",INDEPENDENT,0,422,422
2021,MLA,29,368,254,M,"VEDHAGIRI, R",INDEPENDENT,0,422,422
2021,MLA,29,368,254,M,"VAIRAMUTHU, D",INDEPENDENT,1,422,422
2021,MLA,29,368,254,M,NOTA,,7,422,422
2021,MLA,29,369,254,A(W),"SELVAPERUNTHAGAI, K",INDIAN NATIONAL CONGRESS,169,406,406
2021,MLA,29,369,254,A(W),"PALANI, K",ALL INDIA ANNA DRAVIDA MUNNETRA KAZHAGAM,171,406,406
2021,MLA,29,369,254,A(W),"VINOTH, E",BAHUJAN SAMAJ PARTY,0,406,406
2021,MLA,29,369,254,A(W),"THANIGAIVEL, M",MAKKAL NEEDHI MAIAM,24,406,406
2021,MLA,29,369,254,A(W),"PUSHPARAJ, D",NAAM TAMILAR KATCHI,35,406,406
2021,MLA,29,369,254,A(W),"PERUMAL, R",AMMA MAKKAL MUNNETTRA KAZAGAM,3,406,406
2021,MLA,29,369,254,A(W),"LOKESH, E",DESIYA MAKKAL SAKTHI KATCHI,0,406,406
2021,MLA,29,369,254,A(W),"SAROJA, S",INDEPENDENT,0,406,406
2021,MLA,29,369,254,A(W),"SUDHAKAR, P",INDEPENDENT,1,406,406
2021,MLA,29,369,254,A(W),"DEVARAJAN, K",INDEPENDENT,0,406,406
2021,MLA,29,369,254,A(W),"PARTHIBAN, M",INDEPENDENT,0,406,406
2021,MLA,29,369,254,A(W),"LEENA, V",INDEPENDENT,0,406,406
2021,MLA,29,369,254,A(W),"VASANTHI, E",INDEPENDENT,1,406,406
2021,MLA,29,369,254,A(W),"VEDHAGIRI, R",INDEPENDENT,0,406,406
2021,MLA,29,369,254,A(W),"VAIRAMUTHU, D",INDEPENDENT,0,406,406
2021,MLA,29,369,254,A(W),NOTA,,2,406,406
2021,MLA,29,370,255,M,"SELVAPERUNTHAGAI, K",INDIAN NATIONAL CONGRESS,139,328,328
2021,MLA,29,370,255,M,"PALANI, K",ALL INDIA ANNA DRAVIDA MUNNETRA KAZHAGAM,116,328,328
2021,MLA,29,370,255,M,"VINOTH, E",BAHUJAN SAMAJ PARTY,1,328,328
2021,MLA,29,370,255,M,"THANIGAIVEL, M",MAKKAL NEEDHI MAIAM,19,328,328
2021,MLA,29,370,255,M,"PUSHPARAJ, D",NAAM TAMILAR KATCHI,42,328,328
2021,MLA,29,370,255,M,"PERUMAL, R",AMMA MAKKAL MUNNETTRA KAZAGAM,8,328,328
2021,MLA,29,370,255,M,"LOKESH, E",DESIYA MAKKAL SAKTHI KATCHI,1,328,328
2021,MLA,29,370,255,M,"SAROJA, S",INDEPENDENT,0,328,328
2021,MLA,29,370,255,M,"SUDHAKAR, P",INDEPENDENT,0,328,328
2021,MLA,29,370,255,M,"DEVARAJAN, K",INDEPENDENT,0,328,328
2021,MLA,29,370,255,M,"PARTHIBAN, M",INDEPENDENT,0,328,328
2021,MLA,29,370,255,M,"LEENA, V",INDEPENDENT,0,328,328
2021,MLA,29,370,255,M,"VASANTHI, E",INDEPENDENT,0,328,328
2021,MLA,29,370,255,M,"VEDHAGIRI, R",INDEPENDENT,0,328,328
2021,MLA,29,370,255,M,"VAIRAMUTHU, D",INDEPENDENT,0,328,328
2021,MLA,29,370,255,M,NOTA,,2,328,328
2021,MLA,29,371,255,A(W),"SELVAPERUNTHAGAI, K",INDIAN NATIONAL CONGRESS,145,321,321
2021,MLA,29,371,255,A(W),"PALANI, K",ALL INDIA ANNA DRAVIDA MUNNETRA KAZHAGAM,119,321,321
2021,MLA,29,371,255,A(W),"VINOTH, E",BAHUJAN SAMAJ PARTY,0,321,321
2021,MLA,29,371,255,A(W),"THANIGAIVEL, M",MAKKAL NEEDHI MAIAM,26,321,321
2021,MLA,29,371,255,A(W),"PUSHPARAJ, D",NAAM TAMILAR KATCHI,24,321,321
2021,MLA,29,371,255,A(W),"PERUMAL, R",AMMA MAKKAL MUNNETTRA KAZAGAM,2,321,321
2021,MLA,29,371,255,A(W),"LOKESH, E",DESIYA MAKKAL SAKTHI KATCHI,0,321,321
2021,MLA,29,371,255,A(W),"SAROJA, S",INDEPENDENT,1,321,321
2021,MLA,29,371,255,A(W),"SUDHAKAR, P",INDEPENDENT,0,321,321
2021,MLA,29,371,255,A(W),"DEVARAJAN, K",INDEPENDENT,0,321,321
2021,MLA,29,371,255,A(W),"PARTHIBAN, M",INDEPENDENT,0,321,321
2021,MLA,29,371,255,A(W),"LEENA, V",INDEPENDENT,0,321,321
2021,MLA,29,371,255,A(W),"VASANTHI, E",INDEPENDENT,0,321,321
2021,MLA,29,371,255,A(W),"VEDHAGIRI, R",INDEPENDENT,0,321,321
2021,MLA,29,371,255,A(W),"VAIRAMUTHU, D",INDEPENDENT,0,321,321
2021,MLA,29,371,255,A(W),NOTA,,4,321,321
2021,MLA,29,372,256,,"SELVAPERUNTHAGAI, K",INDIAN NATIONAL CONGRESS,194,384,384
2021,MLA,29,372,256,,"PALANI, K",ALL INDIA ANNA DRAVIDA MUNNETRA KAZHAGAM,139,384,384
2021,MLA,29,372,256,,"VINOTH, E",BAHUJAN SAMAJ PARTY,0,384,384
2021,MLA,29,372,256,,"THANIGAIVEL, M",MAKKAL NEEDHI MAIAM,12,384,384
2021,MLA,29,372,256,,"PUSHPARAJ, D",NAAM TAMILAR KATCHI,35,384,384
2021,MLA,29,372,256,,"PERUMAL, R",AMMA MAKKAL MUNNETTRA KAZAGAM,0,384,384
2021,MLA,29,372,256,,"LOKESH, E",DESIYA MAKKAL SAKTHI KATCHI,0,384,384
2021,MLA,29,372,256,,"SAROJA, S",INDEPENDENT,0,384,384
2021,MLA,29,372,256,,"SUDHAKAR, P",INDEPENDENT,0,384,384
2021,MLA,29,372,256,,"DEVARAJAN, K",INDEPENDENT,0,384,384
2021,MLA,29,372,256,,"PARTHIBAN, M",INDEPENDENT,0,384,384
2021,MLA,29,372,256,,"LEENA, V",INDEPENDENT,1,384,384
2021,MLA,29,372,256,,"VASANTHI, E",INDEPENDENT,0,384,384
2021,MLA,29,372,256,,"VEDHAGIRI, R",INDEPENDENT,0,384,384
2021,MLA,29,372,256,,"VAIRAMUTHU, D",INDEPENDENT,0,384,384
2021,MLA,29,372,256,,NOTA,,3,384,384
2021,MLA,29,373,257,M,"SELVAPERUNTHAGAI, K",INDIAN NATIONAL CONGRESS,211,480,480
2021,MLA,29,373,257,M,"PALANI, K",ALL INDIA ANNA DRAVIDA MUNNETRA KAZHAGAM,164,480,480
2021,MLA,29,373,257,M,"VINOTH, E",BAHUJAN SAMAJ PARTY,1,480,480
2021,MLA,29,373,257,M,"THANIGAIVEL, M",MAKKAL NEEDHI MAIAM,19,480,480
2021,MLA,29,373,257,M,"PUSHPARAJ, D",NAAM TAMILAR KATCHI,73,480,480
2021,MLA,29,373,257,M,"PERUMAL, R",AMMA MAKKAL MUNNETTRA KAZAGAM,6,480,480
2021,MLA,29,373,257,M,"LOKESH, E",DESIYA MAKKAL SAKTHI KATCHI,0,480,480
2021,MLA,29,373,257,M,"SAROJA, S",INDEPENDENT,1,480,480
2021,MLA,29,373,257,M,"SUDHAKAR, P",INDEPENDENT,0,480,480
2021,MLA,29,373,257,M,"DEVARAJAN, K",INDEPENDENT,0,480,480
2021,MLA,29,373,257,M,"PARTHIBAN, M",INDEPENDENT,0,480,480
2021,MLA,29,373,257,M,"LEENA, V",INDEPENDENT,0,480,480
2021,MLA,29,373,257,M,"VASANTHI, E",INDEPENDENT,0,480,480
2021,MLA,29,373,257,M,"VEDHAGIRI, R",INDEPENDENT,0,480,480
2021,MLA,29,373,257,M,"VAIRAMUTHU, D",INDEPENDENT,0,480,480
2021,MLA,29,373,257,M,NOTA,,5,480,480
2021,MLA,29,374,257,A(W),"SELVAPERUNTHAGAI, K",INDIAN NATIONAL CONGRESS,225,450,450
2021,MLA,29,374,257,A(W),"PALANI, K",ALL INDIA ANNA DRAVIDA MUNNETRA KAZHAGAM,170,450,450
2021,MLA,29,374,257,A(W),"VINOTH, E",BAHUJAN SAMAJ PARTY,1,450,450
2021,MLA,29,374,257,A(W),"THANIGAIVEL, M",MAKKAL NEEDHI MAIAM,23,450,450
2021,MLA,29,374,257,A(W),"PUSHPARAJ, D",NAAM TAMILAR KATCHI,25,450,450
2021,MLA,29,374,257,A(W),"PERUMAL, R",AMMA MAKKAL MUNNETTRA KAZAGAM,4,450,450
2021,MLA,29,374,257,A(W),"LOKESH, E",DESIYA MAKKAL SAKTHI KATCHI,0,450,450
2021,MLA,29,374,257,A(W),"SAROJA, S",INDEPENDENT,0,450,450
2021,MLA,29,374,257,A(W),"SUDHAKAR, P",INDEPENDENT,0,450,450
2021,MLA,29,374,257,A(W),"DEVARAJAN, K",INDEPENDENT,0,450,450
2021,MLA,29,374,257,A(W),"PARTHIBAN, M",INDEPENDENT,0,450,450
2021,MLA,29,374,257,A(W),"LEENA, V",INDEPENDENT,0,450,450
2021,MLA,29,374,257,A(W),"VASANTHI, E",INDEPENDENT,0,450,450
2021,MLA,29,374,257,A(W),"VEDHAGIRI, R",INDEPENDENT,0,450,450
2021,MLA,29,374,257,A(W),"VAIRAMUTHU, D",INDEPENDENT,1,450,450
2021,MLA,29,374,257,A(W),NOTA,,1,450,450
2021,MLA,29,375,258,M,"SELVAPERUNTHAGAI, K",INDIAN NATIONAL CONGRESS,203,415,415
2021,MLA,29,375,258,M,"PALANI, K",ALL INDIA ANNA DRAVIDA MUNNETRA KAZHAGAM,147,415,415
2021,MLA,29,375,258,M,"VINOTH, E",BAHUJAN SAMAJ PARTY,0,415,415
2021,MLA,29,375,258,M,"THANIGAIVEL, M",MAKKAL NEEDHI MAIAM,16,415,415
2021,MLA,29,375,258,M,"PUSHPARAJ, D",NAAM TAMILAR KATCHI,40,415,415
2021,MLA,29,375,258,M,"PERUMAL, R",AMMA MAKKAL MUNNETTRA KAZAGAM,3,415,415
2021,MLA,29,375,258,M,"LOKESH, E",DESIYA MAKKAL SAKTHI KATCHI,0,415,415
2021,MLA,29,375,258,M,"SAROJA, S",INDEPENDENT,0,415,415
2021,MLA,29,375,258,M,"SUDHAKAR, P",INDEPENDENT,0,415,415
2021,MLA,29,375,258,M,"DEVARAJAN, K",INDEPENDENT,0,415,415
2021,MLA,29,375,258,M,"PARTHIBAN, M",INDEPENDENT,0,415,415
2021,MLA,29,375,258,M,"LEENA, V",INDEPENDENT,1,415,415
2021,MLA,29,375,258,M,"VASANTHI, E",INDEPENDENT,0,415,415
2021,MLA,29,375,258,M,"VEDHAGIRI, R",INDEPENDENT,1,415,415
2021,MLA,29,375,258,M,"VAIRAMUTHU, D",INDEPENDENT,1,415,415
2021,MLA,29,375,258,M,NOTA,,3,415,415
2021,MLA,29,376,258,A(W),"SELVAPERUNTHAGAI, K",INDIAN NATIONAL CONGRESS,234,481,481
2021,MLA,29,376,258,A(W),"PALANI, K",ALL INDIA ANNA DRAVIDA MUNNETRA KAZHAGAM,193,481,481
2021,MLA,29,376,258,A(W),"VINOTH, E",BAHUJAN SAMAJ PARTY,0,481,481
2021,MLA,29,376,258,A(W),"THANIGAIVEL, M",MAKKAL NEEDHI MAIAM,11,481,481
2021,MLA,29,376,258,A(W),"PUSHPARAJ, D",NAAM TAMILAR KATCHI,33,481,481
2021,MLA,29,376,258,A(W),"PERUMAL, R",AMMA MAKKAL MUNNETTRA KAZAGAM,5,481,481
2021,MLA,29,376,258,A(W),"LOKESH, E",DESIYA MAKKAL SAKTHI KATCHI,0,481,481
2021,MLA,29,376,258,A(W),"SAROJA, S",INDEPENDENT,0,481,481
2021,MLA,29,376,258,A(W),"SUDHAKAR, P",INDEPENDENT,0,481,481
2021,MLA,29,376,258,A(W),"DEVARAJAN, K",INDEPENDENT,0,481,481
2021,MLA,29,376,258,A(W),"PARTHIBAN, M",INDEPENDENT,0,481,481
2021,MLA,29,376,258,A(W),"LEENA, V",INDEPENDENT,0,481,481
2021,MLA,29,376,258,A(W),"VASANTHI, E",INDEPENDENT,0,481,481
2021,MLA,29,376,258,A(W),"VEDHAGIRI, R",INDEPENDENT,0,481,481
2021,MLA,29,376,258,A(W),"VAIRAMUTHU, D",INDEPENDENT,2,481,481
2021,MLA,29,376,258,A(W),NOTA,,3,481,481
2021,MLA,29,377,259,M,"SELVAPERUNTHAGAI, K",INDIAN NATIONAL CONGRESS,144,380,380
2021,MLA,29,377,259,M,"PALANI, K",ALL INDIA ANNA DRAVIDA MUNNETRA KAZHAGAM,163,380,380
2021,MLA,29,377,259,M,"VINOTH, E",BAHUJAN SAMAJ PARTY,0,380,380
2021,MLA,29,377,259,M,"THANIGAIVEL, M",MAKKAL NEEDHI MAIAM,14,380,380
2021,MLA,29,377,259,M,"PUSHPARAJ, D",NAAM TAMILAR KATCHI,46,380,380
2021,MLA,29,377,259,M,"PERUMAL, R",AMMA MAKKAL MUNNETTRA KAZAGAM,8,380,380
2021,MLA,29,377,259,M,"LOKESH, E",DESIYA MAKKAL SAKTHI KATCHI,0,380,380
2021,MLA,29,377,259,M,"SAROJA, S",INDEPENDENT,1,380,380
2021,MLA,29,377,259,M,"SUDHAKAR, P",INDEPENDENT,0,380,380
2021,MLA,29,377,259,M,"DEVARAJAN, K",INDEPENDENT,0,380,380
2021,MLA,29,377,259,M,"PARTHIBAN, M",INDEPENDENT,0,380,380
2021,MLA,29,377,259,M,"LEENA, V",INDEPENDENT,0,380,380
2021,MLA,29,377,259,M,"VASANTHI, E",INDEPENDENT,0,380,380
2021,MLA,29,377,259,M,"VEDHAGIRI, R",INDEPENDENT,0,380,380
2021,MLA,29,377,259,M,"VAIRAMUTHU, D",INDEPENDENT,0,380,380
2021,MLA,29,377,259,M,NOTA,,4,380,380
2021,MLA,29,378,259,A(W),"SELVAPERUNTHAGAI, K",INDIAN NATIONAL CONGRESS,200,468,468
2021,MLA,29,378,259,A(W),"PALANI, K",ALL INDIA ANNA DRAVIDA MUNNETRA KAZHAGAM,215,468,468
2021,MLA,29,378,259,A(W),"VINOTH, E",BAHUJAN SAMAJ PARTY,2,468,468
2021,MLA,29,378,259,A(W),"THANIGAIVEL, M",MAKKAL NEEDHI MAIAM,17,468,468
2021,MLA,29,378,259,A(W),"PUSHPARAJ, D",NAAM TAMILAR KATCHI,19,468,468
2021,MLA,29,378,259,A(W),"PERUMAL, R",AMMA MAKKAL MUNNETTRA KAZAGAM,9,468,468
2021,MLA,29,378,259,A(W),"LOKESH, E",DESIYA MAKKAL SAKTHI KATCHI,1,468,468
2021,MLA,29,378,259,A(W),"SAROJA, S",INDEPENDENT,0,468,468
2021,MLA,29,378,259,A(W),"SUDHAKAR, P",INDEPENDENT,0,468,468
2021,MLA,29,378,259,A(W),"DEVARAJAN, K",INDEPENDENT,0,468,468
2021,MLA,29,378,259,A(W),"PARTHIBAN, M",INDEPENDENT,0,468,468
2021,MLA,29,378,259,A(W),"LEENA, V",INDEPENDENT,0,468,468
2021,MLA,29,378,259,A(W),"VASANTHI, E",INDEPENDENT,0,468,468
2021,MLA,29,378,259,A(W),"VEDHAGIRI, R",INDEPENDENT,0,468,468
2021,MLA,29,378,259,A(W),"VAIRAMUTHU, D",INDEPENDENT,0,468,468
2021,MLA,29,378,259,A(W),NOTA,,5,468,468
2021,MLA,29,379,260,,"SELVAPERUNTHAGAI, K",INDIAN NATIONAL CONGRESS,230,493,493
2021,MLA,29,379,260,,"PALANI, K",ALL INDIA ANNA DRAVIDA MUNNETRA KAZHAGAM,190,493,493
2021,MLA,29,379,260,,"VINOTH, E",BAHUJAN SAMAJ PARTY,0,493,493
2021,MLA,29,379,260,,"THANIGAIVEL, M",MAKKAL NEEDHI MAIAM,22,493,493
2021,MLA,29,379,260,,"PUSHPARAJ, D",NAAM TAMILAR KATCHI,41,493,493
2021,MLA,29,379,260,,"PERUMAL, R",AMMA MAKKAL MUNNETTRA KAZAGAM,5,493,493
2021,MLA,29,379,260,,"LOKESH, E",DESIYA MAKKAL SAKTHI KATCHI,1,493,493
2021,MLA,29,379,260,,"SAROJA, S",INDEPENDENT,0,493,493
2021,MLA,29,379,260,,"SUDHAKAR, P",INDEPENDENT,0,493,493
2021,MLA,29,379,260,,"DEVARAJAN, K",INDEPENDENT,0,493,493
2021,MLA,29,379,260,,"PARTHIBAN, M",INDEPENDENT,0,493,493
2021,MLA,29,379,260,,"LEENA, V",INDEPENDENT,0,493,493
2021,MLA,29,379,260,,"VASANTHI, E",INDEPENDENT,0,493,493
2021,MLA,29,379,260,,"VEDHAGIRI, R",INDEPENDENT,0,493,493
2021,MLA,29,379,260,,"VAIRAMUTHU, D",INDEPENDENT,0,493,493
2021,MLA,29,379,260,,NOTA,,4,493,493
2021,MLA,29,380,261,,"SELVAPERUNTHAGAI, K",INDIAN NATIONAL CONGRESS,274,615,615
2021,MLA,29,380,261,,"PALANI, K",ALL INDIA ANNA DRAVIDA MUNNETRA KAZHAGAM,262,615,615
2021,MLA,29,380,261,,"VINOTH, E",BAHUJAN SAMAJ PARTY,2,615,615
2021,MLA,29,380,261,,"THANIGAIVEL, M",MAKKAL NEEDHI MAIAM,14,615,615
2021,MLA,29,380,261,,"PUSHPARAJ, D",NAAM TAMILAR KATCHI,42,615,615
2021,MLA,29,380,261,,"PERUMAL, R",AMMA MAKKAL MUNNETTRA KAZAGAM,8,615,615
2021,MLA,29,380,261,,"LOKESH, E",DESIYA MAKKAL SAKTHI KATCHI,0,615,615
2021,MLA,29,380,261,,"SAROJA, S",INDEPENDENT,0,615,615
2021,MLA,29,380,261,,"SUDHAKAR, P",INDEPENDENT,0,615,615
2021,MLA,29,380,261,,"DEVARAJAN, K",INDEPENDENT,0,615,615
2021,MLA,29,380,261,,"PARTHIBAN, M",INDEPENDENT,0,615,615
2021,MLA,29,380,261,,"LEENA, V",INDEPENDENT,1,615,615
2021,MLA,29,380,261,,"VASANTHI, E",INDEPENDENT,2,615,615
2021,MLA,29,380,261,,"VEDHAGIRI, R",INDEPENDENT,0,615,615
2021,MLA,29,380,261,,"VAIRAMUTHU, D",INDEPENDENT,1,615,615
2021,MLA,29,380,261,,NOTA,,9,615,615
2021,MLA,29,381,262,M,"SELVAPERUNTHAGAI, K",INDIAN NATIONAL CONGRESS,184,579,579
2021,MLA,29,381,262,M,"PALANI, K",ALL INDIA ANNA DRAVIDA MUNNETRA KAZHAGAM,292,579,579
2021,MLA,29,381,262,M,"VINOTH, E",BAHUJAN SAMAJ PARTY,0,579,579
2021,MLA,29,381,262,M,"THANIGAIVEL, M",MAKKAL NEEDHI MAIAM,18,579,579
2021,MLA,29,381,262,M,"PUSHPARAJ, D",NAAM TAMILAR KATCHI,68,579,579
2021,MLA,29,381,262,M,"PERUMAL, R",AMMA MAKKAL MUNNETTRA KAZAGAM,6,579,579
2021,MLA,29,381,262,M,"LOKESH, E",DESIYA MAKKAL SAKTHI KATCHI,0,579,579
2021,MLA,29,381,262,M,"SAROJA, S",INDEPENDENT,0,579,579
2021,MLA,29,381,262,M,"SUDHAKAR, P",INDEPENDENT,0,579,579
2021,MLA,29,381,262,M,"DEVARAJAN, K",INDEPENDENT,0,579,579
2021,MLA,29,381,262,M,"PARTHIBAN, M",INDEPENDENT,0,579,579
2021,MLA,29,381,262,M,"LEENA, V",INDEPENDENT,0,579,579
2021,MLA,29,381,262,M,"VASANTHI, E",INDEPENDENT,0,579,579
2021,MLA,29,381,262,M,"VEDHAGIRI, R",INDEPENDENT,0,579,579
2021,MLA,29,381,262,M,"VAIRAMUTHU, D",INDEPENDENT,1,579,579
2021,MLA,29,381,262,M,NOTA,,10,579,579
2021,MLA,29,382,262,A(W),"SELVAPERUNTHAGAI, K",INDIAN NATIONAL CONGRESS,218,612,612
2021,MLA,29,382,262,A(W),"PALANI, K",ALL INDIA ANNA DRAVIDA MUNNETRA KAZHAGAM,325,612,612
2021,MLA,29,382,262,A(W),"VINOTH, E",BAHUJAN SAMAJ PARTY,2,612,612
2021,MLA,29,382,262,A(W),"THANIGAIVEL, M",MAKKAL NEEDHI MAIAM,16,612,612
2021,MLA,29,382,262,A(W),"PUSHPARAJ, D",NAAM TAMILAR KATCHI,36,612,612
2021,MLA,29,382,262,A(W),"PERUMAL, R",AMMA MAKKAL MUNNETTRA KAZAGAM,6,612,612
2021,MLA,29,382,262,A(W),"LOKESH, E",DESIYA MAKKAL SAKTHI KATCHI,0,612,612
2021,MLA,29,382,262,A(W),"SAROJA, S",INDEPENDENT,1,612,612
2021,MLA,29,382,262,A(W),"SUDHAKAR, P",INDEPENDENT,0,612,612
2021,MLA,29,382,262,A(W),"DEVARAJAN, K",INDEPENDENT,1,612,612
2021,MLA,29,382,262,A(W),"PARTHIBAN, M",INDEPENDENT,0,612,612
2021,MLA,29,382,262,A(W),"LEENA, V",INDEPENDENT,0,612,612
2021,MLA,29,382,262,A(W),"VASANTHI, E",INDEPENDENT,0,612,612
2021,MLA,29,382,262,A(W),"VEDHAGIRI, R",INDEPENDENT,0,612,612
2021,MLA,29,382,262,A(W),"VAIRAMUTHU, D",INDEPENDENT,0,612,612
2021,MLA,29,382,262,A(W),NOTA,,7,612,612
2021,MLA,29,383,263,,"SELVAPERUNTHAGAI, K",INDIAN NATIONAL CONGRESS,276,576,576
2021,MLA,29,383,263,,"PALANI, K",ALL INDIA ANNA DRAVIDA MUNNETRA KAZHAGAM,196,576,576
2021,MLA,29,383,263,,"VINOTH, E",BAHUJAN SAMAJ PARTY,0,576,576
2021,MLA,29,383,263,,"THANIGAIVEL, M",MAKKAL NEEDHI MAIAM,15,576,576
2021,MLA,29,383,263,,"PUSHPARAJ, D",NAAM TAMILAR KATCHI,78,576,576
2021,MLA,29,383,263,,"PERUMAL, R",AMMA MAKKAL MUNNETTRA KAZAGAM,3,576,576
2021,MLA,29,383,263,,"LOKESH, E",DESIYA MAKKAL SAKTHI KATCHI,0,576,576
2021,MLA,29,383,263,,"SAROJA, S",INDEPENDENT,0,576,576
2021,MLA,29,383,263,,"SUDHAKAR, P",INDEPENDENT,0,576,576
2021,MLA,29,383,263,,"DEVARAJAN, K",INDEPENDENT,0,576,576
2021,MLA,29,383,263,,"PARTHIBAN, M",INDEPENDENT,0,576,576
2021,MLA,29,383,263,,"LEENA, V",INDEPENDENT,0,576,576
2021,MLA,29,383,263,,"VASANTHI, E",INDEPENDENT,0,576,576
2021,MLA,29,383,263,,"VEDHAGIRI, R",INDEPENDENT,0,576,576
2021,MLA,29,383,263,,"VAIRAMUTHU, D",INDEPENDENT,2,576,576
2021,MLA,29,383,263,,NOTA,,6,576,576
2021,MLA,29,384,264,,"SELVAPERUNTHAGAI, K",INDIAN NATIONAL CONGRESS,329,581,581
2021,MLA,29,384,264,,"PALANI, K",ALL INDIA ANNA DRAVIDA MUNNETRA KAZHAGAM,155,581,581
2021,MLA,29,384,264,,"VINOTH, E",BAHUJAN SAMAJ PARTY,0,581,581
2021,MLA,29,384,264,,"THANIGAIVEL, M",MAKKAL NEEDHI MAIAM,15,581,581
2021,MLA,29,384,264,,"PUSHPARAJ, D",NAAM TAMILAR KATCHI,63,581,581
2021,MLA,29,384,264,,"PERUMAL, R",AMMA MAKKAL MUNNETTRA KAZAGAM,10,581,581
2021,MLA,29,384,264,,"LOKESH, E",DESIYA MAKKAL SAKTHI KATCHI,1,581,581
2021,MLA,29,384,264,,"SAROJA, S",INDEPENDENT,0,581,581
2021,MLA,29,384,264,,"SUDHAKAR, P",INDEPENDENT,0,581,581
2021,MLA,29,384,264,,"DEVARAJAN, K",INDEPENDENT,0,581,581
2021,MLA,29,384,264,,"PARTHIBAN, M",INDEPENDENT,0,581,581
2021,MLA,29,384,264,,"LEENA, V",INDEPENDENT,2,581,581
2021,MLA,29,384,264,,"VASANTHI, E",INDEPENDENT,0,581,581
2021,MLA,29,384,264,,"VEDHAGIRI, R",INDEPENDENT,1,581,581
2021,MLA,29,384,264,,"VAIRAMUTHU, D",INDEPENDENT,1,581,581
2021,MLA,29,384,264,,NOTA,,4,581,581
2021,MLA,29,385,265,,"SELVAPERUNTHAGAI, K",INDIAN NATIONAL CONGRESS,527,718,718
2021,MLA,29,385,265,,"PALANI, K",ALL INDIA ANNA DRAVIDA MUNNETRA KAZHAGAM,120,718,718
2021,MLA,29,385,265,,"VINOTH, E",BAHUJAN SAMAJ PARTY,0,718,718
2021,MLA,29,385,265,,"THANIGAIVEL, M",MAKKAL NEEDHI MAIAM,3,718,718
2021,MLA,29,385,265,,"PUSHPARAJ, D",NAAM TAMILAR KATCHI,42,718,718
2021,MLA,29,385,265,,"PERUMAL, R",AMMA MAKKAL MUNNETTRA KAZAGAM,15,718,718
2021,MLA,29,385,265,,"LOKESH, E",DESIYA MAKKAL SAKTHI KATCHI,0,718,718
2021,MLA,29,385,265,,"SAROJA, S",INDEPENDENT,0,718,718
2021,MLA,29,385,265,,"SUDHAKAR, P",INDEPENDENT,0,718,718
2021,MLA,29,385,265,,"DEVARAJAN, K",INDEPENDENT,0,718,718
2021,MLA,29,385,265,,"PARTHIBAN, M",INDEPENDENT,1,718,718
2021,MLA,29,385,265,,"LEENA, V",INDEPENDENT,0,718,718
2021,MLA,29,385,265,,"VASANTHI, E",INDEPENDENT,0,718,718
2021,MLA,29,385,265,,"VEDHAGIRI, R",INDEPENDENT,0,718,718
2021,MLA,29,385,265,,"VAIRAMUTHU, D",INDEPENDENT,5,718,718
2021,MLA,29,385,265,,NOTA,,5,718,718
2021,MLA,29,386,266,M,"SELVAPERUNTHAGAI, K",INDIAN NATIONAL CONGRESS,335,558,558
2021,MLA,29,386,266,M,"PALANI, K",ALL INDIA ANNA DRAVIDA MUNNETRA KAZHAGAM,154,558,558
2021,MLA,29,386,266,M,"VINOTH, E",BAHUJAN SAMAJ PARTY,1,558,558
2021,MLA,29,386,266,M,"THANIGAIVEL, M",MAKKAL NEEDHI MAIAM,11,558,558
2021,MLA,29,386,266,M,"PUSHPARAJ, D",NAAM TAMILAR KATCHI,46,558,558
2021,MLA,29,386,266,M,"PERUMAL, R",AMMA MAKKAL MUNNETTRA KAZAGAM,5,558,558
2021,MLA,29,386,266,M,"LOKESH, E",DESIYA MAKKAL SAKTHI KATCHI,0,558,558
2021,MLA,29,386,266,M,"SAROJA, S",INDEPENDENT,0,558,558
2021,MLA,29,386,266,M,"SUDHAKAR, P",INDEPENDENT,0,558,558
2021,MLA,29,386,266,M,"DEVARAJAN, K",INDEPENDENT,0,558,558
2021,MLA,29,386,266,M,"PARTHIBAN, M",INDEPENDENT,0,558,558
2021,MLA,29,386,266,M,"LEENA, V",INDEPENDENT,0,558,558
2021,MLA,29,386,266,M,"VASANTHI, E",INDEPENDENT,0,558,558
2021,MLA,29,386,266,M,"VEDHAGIRI, R",INDEPENDENT,1,558,558
2021,MLA,29,386,266,M,"VAIRAMUTHU, D",INDEPENDENT,3,558,558
2021,MLA,29,386,266,M,NOTA,,2,558,558
2021,MLA,29,387,266,A(W),"SELVAPERUNTHAGAI, K",INDIAN NATIONAL CONGRESS,335,526,526
2021,MLA,29,387,266,A(W),"PALANI, K",ALL INDIA ANNA DRAVIDA MUNNETRA KAZHAGAM,142,526,526
2021,MLA,29,387,266,A(W),"VINOTH, E",BAHUJAN SAMAJ PARTY,0,526,526
2021,MLA,29,387,266,A(W),"THANIGAIVEL, M",MAKKAL NEEDHI MAIAM,15,526,526
2021,MLA,29,387,266,A(W),"PUSHPARAJ, D",NAAM TAMILAR KATCHI,21,526,526
2021,MLA,29,387,266,A(W),"PERUMAL, R",AMMA MAKKAL MUNNETTRA KAZAGAM,3,526,526
2021,MLA,29,387,266,A(W),"LOKESH, E",DESIYA MAKKAL SAKTHI KATCHI,0,526,526
2021,MLA,29,387,266,A(W),"SAROJA, S",INDEPENDENT,1,526,526
2021,MLA,29,387,266,A(W),"SUDHAKAR, P",INDEPENDENT,0,526,526
2021,MLA,29,387,266,A(W),"DEVARAJAN, K",INDEPENDENT,0,526,526
2021,MLA,29,387,266,A(W),"PARTHIBAN, M",INDEPENDENT,0,526,526
2021,MLA,29,387,266,A(W),"LEENA, V",INDEPENDENT,0,526,526
2021,MLA,29,387,266,A(W),"VASANTHI, E",INDEPENDENT,1,526,526
2021,MLA,29,387,266,A(W),"VEDHAGIRI, R",INDEPENDENT,1,526,526
2021,MLA,29,387,266,A(W),"VAIRAMUTHU, D",INDEPENDENT,2,526,526
2021,MLA,29,387,266,A(W),NOTA,,5,526,526
2021,MLA,29,388,267,,"SELVAPERUNTHAGAI, K",INDIAN NATIONAL CONGRESS,228,749,749
2021,MLA,29,388,267,,"PALANI, K",ALL INDIA ANNA DRAVIDA MUNNETRA KAZHAGAM,436,749,749
2021,MLA,29,388,267,,"VINOTH, E",BAHUJAN SAMAJ PARTY,1,749,749
2021,MLA,29,388,267,,"THANIGAIVEL, M",MAKKAL NEEDHI MAIAM,16,749,749
2021,MLA,29,388,267,,"PUSHPARAJ, D",NAAM TAMILAR KATCHI,37,749,749
2021,MLA,29,388,267,,"PERUMAL, R",AMMA MAKKAL MUNNETTRA KAZAGAM,21,749,749
2021,MLA,29,388,267,,"LOKESH, E",DESIYA MAKKAL SAKTHI KATCHI,0,749,749
2021,MLA,29,388,267,,"SAROJA, S",INDEPENDENT,0,749,749
2021,MLA,29,388,267,,"SUDHAKAR, P",INDEPENDENT,0,749,749
2021,MLA,29,388,267,,"DEVARAJAN, K",INDEPENDENT,0,749,749
2021,MLA,29,388,267,,"PARTHIBAN, M",INDEPENDENT,0,749,749
2021,MLA,29,388,267,,"LEENA, V",INDEPENDENT,0,749,749
2021,MLA,29,388,267,,"VASANTHI, E",INDEPENDENT,0,749,749
2021,MLA,29,388,267,,"VEDHAGIRI, R",INDEPENDENT,0,749,749
2021,MLA,29,388,267,,"VAIRAMUTHU, D",INDEPENDENT,7,749,749
2021,MLA,29,388,267,,NOTA,,3,749,749
2021,MLA,29,389,268,,"SELVAPERUNTHAGAI, K",INDIAN NATIONAL CONGRESS,195,739,739
2021,MLA,29,389,268,,"PALANI, K",ALL INDIA ANNA DRAVIDA MUNNETRA KAZHAGAM,453,739,739
2021,MLA,29,389,268,,"VINOTH, E",BAHUJAN SAMAJ PARTY,1,739,739
2021,MLA,29,389,268,,"THANIGAIVEL, M",MAKKAL NEEDHI MAIAM,12,739,739
2021,MLA,29,389,268,,"PUSHPARAJ, D",NAAM TAMILAR KATCHI,58,739,739
2021,MLA,29,389,268,,"PERUMAL, R",AMMA MAKKAL MUNNETTRA KAZAGAM,9,739,739
2021,MLA,29,389,268,,"LOKESH, E",DESIYA MAKKAL SAKTHI KATCHI,1,739,739
2021,MLA,29,389,268,,"SAROJA, S",INDEPENDENT,0,739,739
2021,MLA,29,389,268,,"SUDHAKAR, P",INDEPENDENT,0,739,739
2021,MLA,29,389,268,,"DEVARAJAN, K",INDEPENDENT,0,739,739
2021,MLA,29,389,268,,"PARTHIBAN, M",INDEPENDENT,1,739,739
2021,MLA,29,389,268,,"LEENA, V",INDEPENDENT,1,739,739
2021,MLA,29,389,268,,"VASANTHI, E",INDEPENDENT,1,739,739
2021,MLA,29,389,268,,"VEDHAGIRI, R",INDEPENDENT,1,739,739
2021,MLA,29,389,268,,"VAIRAMUTHU, D",INDEPENDENT,2,739,739
2021,MLA,29,389,268,,NOTA,,4,739,739
2021,MLA,29,390,269,M,"SELVAPERUNTHAGAI, K",INDIAN NATIONAL CONGRESS,203,453,453
2021,MLA,29,390,269,M,"PALANI, K",ALL INDIA ANNA DRAVIDA MUNNETRA KAZHAGAM,175,453,453
2021,MLA,29,390,269,M,"VINOTH, E",BAHUJAN SAMAJ PARTY,1,453,453
2021,MLA,29,390,269,M,"THANIGAIVEL, M",MAKKAL NEEDHI MAIAM,4,453,453
2021,MLA,29,390,269,M,"PUSHPARAJ, D",NAAM TAMILAR KATCHI,39,453,453
2021,MLA,29,390,269,M,"PERUMAL, R",AMMA MAKKAL MUNNETTRA KAZAGAM,7,453,453
2021,MLA,29,390,269,M,"LOKESH, E",DESIYA MAKKAL SAKTHI KATCHI,10,453,453
2021,MLA,29,390,269,M,"SAROJA, S",INDEPENDENT,0,453,453
2021,MLA,29,390,269,M,"SUDHAKAR, P",INDEPENDENT,0,453,453
2021,MLA,29,390,269,M,"DEVARAJAN, K",INDEPENDENT,0,453,453
2021,MLA,29,390,269,M,"PARTHIBAN, M",INDEPENDENT,0,453,453
2021,MLA,29,390,269,M,"LEENA, V",INDEPENDENT,0,453,453
2021,MLA,29,390,269,M,"VASANTHI, E",INDEPENDENT,1,453,453
2021,MLA,29,390,269,M,"VEDHAGIRI, R",INDEPENDENT,0,453,453
2021,MLA,29,390,269,M,"VAIRAMUTHU, D",INDEPENDENT,12,453,453
2021,MLA,29,390,269,M,NOTA,,1,453,453
2021,MLA,29,391,269,A(W),"SELVAPERUNTHAGAI, K",INDIAN NATIONAL CONGRESS,200,473,473
2021,MLA,29,391,269,A(W),"PALANI, K",ALL INDIA ANNA DRAVIDA MUNNETRA KAZHAGAM,207,473,473
2021,MLA,29,391,269,A(W),"VINOTH, E",BAHUJAN SAMAJ PARTY,4,473,473
2021,MLA,29,391,269,A(W),"THANIGAIVEL, M",MAKKAL NEEDHI MAIAM,8,473,473
2021,MLA,29,391,269,A(W),"PUSHPARAJ, D",NAAM TAMILAR KATCHI,16,473,473
2021,MLA,29,391,269,A(W),"PERUMAL, R",AMMA MAKKAL MUNNETTRA KAZAGAM,6,473,473
2021,MLA,29,391,269,A(W),"LOKESH, E",DESIYA MAKKAL SAKTHI KATCHI,7,473,473
2021,MLA,29,391,269,A(W),"SAROJA, S",INDEPENDENT,1,473,473
2021,MLA,29,391,269,A(W),"SUDHAKAR, P",INDEPENDENT,0,473,473
2021,MLA,29,391,269,A(W),"DEVARAJAN, K",INDEPENDENT,0,473,473
2021,MLA,29,391,269,A(W),"PARTHIBAN, M",INDEPENDENT,2,473,473
2021,MLA,29,391,269,A(W),"LEENA, V",INDEPENDENT,0,473,473
2021,MLA,29,391,269,A(W),"VASANTHI, E",INDEPENDENT,1,473,473
2021,MLA,29,391,269,A(W),"VEDHAGIRI, R",INDEPENDENT,2,473,473
2021,MLA,29,391,269,A(W),"VAIRAMUTHU, D",INDEPENDENT,13,473,473
2021,MLA,29,391,269,A(W),NOTA,,6,473,473
2021,MLA,29,392,270,,"SELVAPERUNTHAGAI, K",INDIAN NATIONAL CONGRESS,414,828,828
2021,MLA,29,392,270,,"PALANI, K",ALL INDIA ANNA DRAVIDA MUNNETRA KAZHAGAM,339,828,828
2021,MLA,29,392,270,,"VINOTH, E",BAHUJAN SAMAJ PARTY,2,828,828
2021,MLA,29,392,270,,"THANIGAIVEL, M",MAKKAL NEEDHI MAIAM,4,828,828
2021,MLA,29,392,270,,"PUSHPARAJ, D",NAAM TAMILAR KATCHI,55,828,828
2021,MLA,29,392,270,,"PERUMAL, R",AMMA MAKKAL MUNNETTRA KAZAGAM,5,828,828
2021,MLA,29,392,270,,"LOKESH, E",DESIYA MAKKAL SAKTHI KATCHI,0,828,828
2021,MLA,29,392,270,,"SAROJA, S",INDEPENDENT,2,828,828
2021,MLA,29,392,270,,"SUDHAKAR, P",INDEPENDENT,0,828,828
2021,MLA,29,392,270,,"DEVARAJAN, K",INDEPENDENT,0,828,828
2021,MLA,29,392,270,,"PARTHIBAN, M",INDEPENDENT,0,828,828
2021,MLA,29,392,270,,"LEENA, V",INDEPENDENT,0,828,828
2021,MLA,29,392,270,,"VASANTHI, E",INDEPENDENT,0,828,828
2021,MLA,29,392,270,,"VEDHAGIRI, R",INDEPENDENT,1,828,828
2021,MLA,29,392,270,,"VAIRAMUTHU, D",INDEPENDENT,3,828,828
2021,MLA,29,392,270,,NOTA,,3,828,828
2021,MLA,29,393,271,,"SELVAPERUNTHAGAI, K",INDIAN NATIONAL CONGRESS,286,729,729
2021,MLA,29,393,271,,"PALANI, K",ALL INDIA ANNA DRAVIDA MUNNETRA KAZHAGAM,319,729,729
2021,MLA,29,393,271,,"VINOTH, E",BAHUJAN SAMAJ PARTY,0,729,729
2021,MLA,29,393,271,,"THANIGAIVEL, M",MAKKAL NEEDHI MAIAM,9,729,729
2021,MLA,29,393,271,,"PUSHPARAJ, D",NAAM TAMILAR KATCHI,47,729,729
2021,MLA,29,393,271,,"PERUMAL, R",AMMA MAKKAL MUNNETTRA KAZAGAM,7,729,729
2021,MLA,29,393,271,,"LOKESH, E",DESIYA MAKKAL SAKTHI KATCHI,0,729,729
2021,MLA,29,393,271,,"SAROJA, S",INDEPENDENT,0,729,729
2021,MLA,29,393,271,,"SUDHAKAR, P",INDEPENDENT,0,729,729
2021,MLA,29,393,271,,"DEVARAJAN, K",INDEPENDENT,0,729,729
2021,MLA,29,393,271,,"PARTHIBAN, M",INDEPENDENT,0,729,729
2021,MLA,29,393,271,,"LEENA, V",INDEPENDENT,0,729,729
2021,MLA,29,393,271,,"VASANTHI, E",INDEPENDENT,0,729,729
2021,MLA,29,393,271,,"VEDHAGIRI, R",INDEPENDENT,0,729,729
2021,MLA,29,393,271,,"VAIRAMUTHU, D",INDEPENDENT,60,729,729
2021,MLA,29,393,271,,NOTA,,1,729,729
2021,MLA,29,394,272,,"SELVAPERUNTHAGAI, K",INDIAN NATIONAL CONGRESS,173,512,512
2021,MLA,29,394,272,,"PALANI, K",ALL INDIA ANNA DRAVIDA MUNNETRA KAZHAGAM,265,512,512
2021,MLA,29,394,272,,"VINOTH, E",BAHUJAN SAMAJ PARTY,1,512,512
2021,MLA,29,394,272,,"THANIGAIVEL, M",MAKKAL NEEDHI MAIAM,2,512,512
2021,MLA,29,394,272,,"PUSHPARAJ, D",NAAM TAMILAR KATCHI,37,512,512
2021,MLA,29,394,272,,"PERUMAL, R",AMMA MAKKAL MUNNETTRA KAZAGAM,2,512,512
2021,MLA,29,394,272,,"LOKESH, E",DESIYA MAKKAL SAKTHI KATCHI,0,512,512
2021,MLA,29,394,272,,"SAROJA, S",INDEPENDENT,2,512,512
2021,MLA,29,394,272,,"SUDHAKAR, P",INDEPENDENT,0,512,512
2021,MLA,29,394,272,,"DEVARAJAN, K",INDEPENDENT,1,512,512
2021,MLA,29,394,272,,"PARTHIBAN, M",INDEPENDENT,1,512,512
2021,MLA,29,394,272,,"LEENA, V",INDEPENDENT,0,512,512
2021,MLA,29,394,272,,"VASANTHI, E",INDEPENDENT,0,512,512
2021,MLA,29,394,272,,"VEDHAGIRI, R",INDEPENDENT,2,512,512
2021,MLA,29,394,272,,"VAIRAMUTHU, D",INDEPENDENT,24,512,512
2021,MLA,29,394,272,,NOTA,,2,512,512
2021,MLA,29,395,273,,"SELVAPERUNTHAGAI, K",INDIAN NATIONAL CONGRESS,257,555,555
2021,MLA,29,395,273,,"PALANI, K",ALL INDIA ANNA DRAVIDA MUNNETRA KAZHAGAM,223,555,555
2021,MLA,29,395,273,,"VINOTH, E",BAHUJAN SAMAJ PARTY,0,555,555
2021,MLA,29,395,273,,"THANIGAIVEL, M",MAKKAL NEEDHI MAIAM,8,555,555
2021,MLA,29,395,273,,"PUSHPARAJ, D",NAAM TAMILAR KATCHI,47,555,555
2021,MLA,29,395,273,,"PERUMAL, R",AMMA MAKKAL MUNNETTRA KAZAGAM,7,555,555
2021,MLA,29,395,273,,"LOKESH, E",DESIYA MAKKAL SAKTHI KATCHI,0,555,555
2021,MLA,29,395,273,,"SAROJA, S",INDEPENDENT,0,555,555
2021,MLA,29,395,273,,"SUDHAKAR, P",INDEPENDENT,0,555,555
2021,MLA,29,395,273,,"DEVARAJAN, K",INDEPENDENT,0,555,555
2021,MLA,29,395,273,,"PARTHIBAN, M",INDEPENDENT,0,555,555
2021,MLA,29,395,273,,"LEENA, V",INDEPENDENT,0,555,555
2021,MLA,29,395,273,,"VASANTHI, E",INDEPENDENT,0,555,555
2021,MLA,29,395,273,,"VEDHAGIRI, R",INDEPENDENT,0,555,555
2021,MLA,29,395,273,,"VAIRAMUTHU, D",INDEPENDENT,6,555,555
2021,MLA,29,395,273,,NOTA,,7,555,555
2021,MLA,29,396,274,,"SELVAPERUNTHAGAI, K",INDIAN NATIONAL CONGRESS,314,658,658
2021,MLA,29,396,274,,"PALANI, K",ALL INDIA ANNA DRAVIDA MUNNETRA KAZHAGAM,241,658,658
2021,MLA,29,396,274,,"VINOTH, E",BAHUJAN SAMAJ PARTY,2,658,658
2021,MLA,29,396,274,,"THANIGAIVEL, M",MAKKAL NEEDHI MAIAM,15,658,658
2021,MLA,29,396,274,,"PUSHPARAJ, D",NAAM TAMILAR KATCHI,68,658,658
2021,MLA,29,396,274,,"PERUMAL, R",AMMA MAKKAL MUNNETTRA KAZAGAM,4,658,658
2021,MLA,29,396,274,,"LOKESH, E",DESIYA MAKKAL SAKTHI KATCHI,1,658,658
2021,MLA,29,396,274,,"SAROJA, S",INDEPENDENT,0,658,658
2021,MLA,29,396,274,,"SUDHAKAR, P",INDEPENDENT,0,658,658
2021,MLA,29,396,274,,"DEVARAJAN, K",INDEPENDENT,0,658,658
2021,MLA,29,396,274,,"PARTHIBAN, M",INDEPENDENT,0,658,658
2021,MLA,29,396,274,,"LEENA, V",INDEPENDENT,1,658,658
2021,MLA,29,396,274,,"VASANTHI, E",INDEPENDENT,0,658,658
2021,MLA,29,396,274,,"VEDHAGIRI, R",INDEPENDENT,0,658,658
2021,MLA,29,396,274,,"VAIRAMUTHU, D",INDEPENDENT,5,658,658
2021,MLA,29,396,274,,NOTA,,7,658,658
2021,MLA,29,397,275,,"SELVAPERUNTHAGAI, K",INDIAN NATIONAL CONGRESS,210,515,515
2021,MLA,29,397,275,,"PALANI, K",ALL INDIA ANNA DRAVIDA MUNNETRA KAZHAGAM,250,515,515
2021,MLA,29,397,275,,"VINOTH, E",BAHUJAN SAMAJ PARTY,2,515,515
2021,MLA,29,397,275,,"THANIGAIVEL, M",MAKKAL NEEDHI MAIAM,5,515,515
2021,MLA,29,397,275,,"PUSHPARAJ, D",NAAM TAMILAR KATCHI,38,515,515
2021,MLA,29,397,275,,"PERUMAL, R",AMMA MAKKAL MUNNETTRA KAZAGAM,3,515,515
2021,MLA,29,397,275,,"LOKESH, E",DESIYA MAKKAL SAKTHI KATCHI,0,515,515
2021,MLA,29,397,275,,"SAROJA, S",INDEPENDENT,0,515,515
2021,MLA,29,397,275,,"SUDHAKAR, P",INDEPENDENT,0,515,515
2021,MLA,29,397,275,,"DEVARAJAN, K",INDEPENDENT,0,515,515
2021,MLA,29,397,275,,"PARTHIBAN, M",INDEPENDENT,0,515,515
2021,MLA,29,397,275,,"LEENA, V",INDEPENDENT,0,515,515
2021,MLA,29,397,275,,"VASANTHI, E",INDEPENDENT,0,515,515
2021,MLA,29,397,275,,"VEDHAGIRI, R",INDEPENDENT,0,515,515
2021,MLA,29,397,275,,"VAIRAMUTHU, D",INDEPENDENT,6,515,515
2021,MLA,29,397,275,,NOTA,,1,515,515
2021,MLA,29,398,276,M,"SELVAPERUNTHAGAI, K",INDIAN NATIONAL CONGRESS,233,475,475
2021,MLA,29,398,276,M,"PALANI, K",ALL INDIA ANNA DRAVIDA MUNNETRA KAZHAGAM,188,475,475
2021,MLA,29,398,276,M,"VINOTH, E",BAHUJAN SAMAJ PARTY,0,475,475
2021,MLA,29,398,276,M,"THANIGAIVEL, M",MAKKAL NEEDHI MAIAM,4,475,475
2021,MLA,29,398,276,M,"PUSHPARAJ, D",NAAM TAMILAR KATCHI,34,475,475
2021,MLA,29,398,276,M,"PERUMAL, R",AMMA MAKKAL MUNNETTRA KAZAGAM,3,475,475
2021,MLA,29,398,276,M,"LOKESH, E",DESIYA MAKKAL SAKTHI KATCHI,1,475,475
2021,MLA,29,398,276,M,"SAROJA, S",INDEPENDENT,0,475,475
2021,MLA,29,398,276,M,"SUDHAKAR, P",INDEPENDENT,0,475,475
2021,MLA,29,398,276,M,"DEVARAJAN, K",INDEPENDENT,0,475,475
2021,MLA,29,398,276,M,"PARTHIBAN, M",INDEPENDENT,0,475,475
2021,MLA,29,398,276,M,"LEENA, V",INDEPENDENT,0,475,475
2021,MLA,29,398,276,M,"VASANTHI, E",INDEPENDENT,1,475,475
2021,MLA,29,398,276,M,"VEDHAGIRI, R",INDEPENDENT,0,475,475
2021,MLA,29,398,276,M,"VAIRAMUTHU, D",INDEPENDENT,7,475,475
2021,MLA,29,398,276,M,NOTA,,4,475,475
2021,MLA,29,399,276,A(W),"SELVAPERUNTHAGAI, K",INDIAN NATIONAL CONGRESS,258,452,452
2021,MLA,29,399,276,A(W),"PALANI, K",ALL INDIA ANNA DRAVIDA MUNNETRA KAZHAGAM,171,452,452
2021,MLA,29,399,276,A(W),"VINOTH, E",BAHUJAN SAMAJ PARTY,1,452,452
2021,MLA,29,399,276,A(W),"THANIGAIVEL, M",MAKKAL NEEDHI MAIAM,1,452,452
2021,MLA,29,399,276,A(W),"PUSHPARAJ, D",NAAM TAMILAR KATCHI,11,452,452
2021,MLA,29,399,276,A(W),"PERUMAL, R",AMMA MAKKAL MUNNETTRA KAZAGAM,3,452,452
2021,MLA,29,399,276,A(W),"LOKESH, E",DESIYA MAKKAL SAKTHI KATCHI,0,452,452
2021,MLA,29,399,276,A(W),"SAROJA, S",INDEPENDENT,0,452,452
2021,MLA,29,399,276,A(W),"SUDHAKAR, P",INDEPENDENT,0,452,452
2021,MLA,29,399,276,A(W),"DEVARAJAN, K",INDEPENDENT,0,452,452
2021,MLA,29,399,276,A(W),"PARTHIBAN, M",INDEPENDENT,0,452,452
2021,MLA,29,399,276,A(W),"LEENA, V",INDEPENDENT,0,452,452
2021,MLA,29,399,276,A(W),"VASANTHI, E",INDEPENDENT,0,452,452
2021,MLA,29,399,276,A(W),"VEDHAGIRI, R",INDEPENDENT,0,452,452
2021,MLA,29,399,276,A(W),"VAIRAMUTHU, D",INDEPENDENT,4,452,452
2021,MLA,29,399,276,A(W),NOTA,,3,452,452
2021,MLA,29,400,277,,"SELVAPERUNTHAGAI, K",INDIAN NATIONAL CONGRESS,388,674,674
2021,MLA,29,400,277,,"PALANI, K",ALL INDIA ANNA DRAVIDA MUNNETRA KAZHAGAM,232,674,674
2021,MLA,29,400,277,,"VINOTH, E",BAHUJAN SAMAJ PARTY,2,674,674
2021,MLA,29,400,277,,"THANIGAIVEL, M",MAKKAL NEEDHI MAIAM,6,674,674
2021,MLA,29,400,277,,"PUSHPARAJ, D",NAAM TAMILAR KATCHI,35,674,674
2021,MLA,29,400,277,,"PERUMAL, R",AMMA MAKKAL MUNNETTRA KAZAGAM,2,674,674
2021,MLA,29,400,277,,"LOKESH, E",DESIYA MAKKAL SAKTHI KATCHI,0,674,674
2021,MLA,29,400,277,,"SAROJA, S",INDEPENDENT,0,674,674
2021,MLA,29,400,277,,"SUDHAKAR, P",INDEPENDENT,0,674,674
2021,MLA,29,400,277,,"DEVARAJAN, K",INDEPENDENT,0,674,674
2021,MLA,29,400,277,,"PARTHIBAN, M",INDEPENDENT,0,674,674
2021,MLA,29,400,277,,"LEENA, V",INDEPENDENT,0,674,674
2021,MLA,29,400,277,,"VASANTHI, E",INDEPENDENT,0,674,674
2021,MLA,29,400,277,,"VEDHAGIRI, R",INDEPENDENT,0,674,674
2021,MLA,29,400,277,,"VAIRAMUTHU, D",INDEPENDENT,2,674,674
2021,MLA,29,400,277,,NOTA,,7,674,674
2021,MLA,29,401,278,M,"SELVAPERUNTHAGAI, K",INDIAN NATIONAL CONGRESS,239,504,504
2021,MLA,29,401,278,M,"PALANI, K",ALL INDIA ANNA DRAVIDA MUNNETRA KAZHAGAM,192,504,504
2021,MLA,29,401,278,M,"VINOTH, E",BAHUJAN SAMAJ PARTY,0,504,504
2021,MLA,29,401,278,M,"THANIGAIVEL, M",MAKKAL NEEDHI MAIAM,0,504,504
2021,MLA,29,401,278,M,"PUSHPARAJ, D",NAAM TAMILAR KATCHI,53,504,504
2021,MLA,29,401,278,M,"PERUMAL, R",AMMA MAKKAL MUNNETTRA KAZAGAM,9,504,504
2021,MLA,29,401,278,M,"LOKESH, E",DESIYA MAKKAL SAKTHI KATCHI,0,504,504
2021,MLA,29,401,278,M,"SAROJA, S",INDEPENDENT,0,504,504
2021,MLA,29,401,278,M,"SUDHAKAR, P",INDEPENDENT,1,504,504
2021,MLA,29,401,278,M,"DEVARAJAN, K",INDEPENDENT,0,504,504
2021,MLA,29,401,278,M,"PARTHIBAN, M",INDEPENDENT,1,504,504
2021,MLA,29,401,278,M,"LEENA, V",INDEPENDENT,0,504,504
2021,MLA,29,401,278,M,"VASANTHI, E",INDEPENDENT,3,504,504
2021,MLA,29,401,278,M,"VEDHAGIRI, R",INDEPENDENT,0,504,504
2021,MLA,29,401,278,M,"VAIRAMUTHU, D",INDEPENDENT,4,504,504
2021,MLA,29,401,278,M,NOTA,,2,504,504
2021,MLA,29,402,278,A(W),"SELVAPERUNTHAGAI, K",INDIAN NATIONAL CONGRESS,259,514,514
2021,MLA,29,402,278,A(W),"PALANI, K",ALL INDIA ANNA DRAVIDA MUNNETRA KAZHAGAM,215,514,514
2021,MLA,29,402,278,A(W),"VINOTH, E",BAHUJAN SAMAJ PARTY,1,514,514
2021,MLA,29,402,278,A(W),"THANIGAIVEL, M",MAKKAL NEEDHI MAIAM,2,514,514
2021,MLA,29,402,278,A(W),"PUSHPARAJ, D",NAAM TAMILAR KATCHI,26,514,514
2021,MLA,29,402,278,A(W),"PERUMAL, R",AMMA MAKKAL MUNNETTRA KAZAGAM,6,514,514
2021,MLA,29,402,278,A(W),"LOKESH, E",DESIYA MAKKAL SAKTHI KATCHI,0,514,514
2021,MLA,29,402,278,A(W),"SAROJA, S",INDEPENDENT,0,514,514
2021,MLA,29,402,278,A(W),"SUDHAKAR, P",INDEPENDENT,0,514,514
2021,MLA,29,402,278,A(W),"DEVARAJAN, K",INDEPENDENT,0,514,514
2021,MLA,29,402,278,A(W),"PARTHIBAN, M",INDEPENDENT,0,514,514
2021,MLA,29,402,278,A(W),"LEENA, V",INDEPENDENT,0,514,514
2021,MLA,29,402,278,A(W),"VASANTHI, E",INDEPENDENT,0,514,514
2021,MLA,29,402,278,A(W),"VEDHAGIRI, R",INDEPENDENT,0,514,514
2021,MLA,29,402,278,A(W),"VAIRAMUTHU, D",INDEPENDENT,2,514,514
2021,MLA,29,402,278,A(W),NOTA,,3,514,514
2021,MLA,29,403,279,,"SELVAPERUNTHAGAI, K",INDIAN NATIONAL CONGRESS,257,544,544
2021,MLA,29,403,279,,"PALANI, K",ALL INDIA ANNA DRAVIDA MUNNETRA KAZHAGAM,198,544,544
2021,MLA,29,403,279,,"VINOTH, E",BAHUJAN SAMAJ PARTY,1,544,544
2021,MLA,29,403,279,,"THANIGAIVEL, M",MAKKAL NEEDHI MAIAM,10,544,544
2021,MLA,29,403,279,,"PUSHPARAJ, D",NAAM TAMILAR KATCHI,56,544,544
2021,MLA,29,403,279,,"PERUMAL, R",AMMA MAKKAL MUNNETTRA KAZAGAM,6,544,544
2021,MLA,29,403,279,,"LOKESH, E",DESIYA MAKKAL SAKTHI KATCHI,1,544,544
2021,MLA,29,403,279,,"SAROJA, S",INDEPENDENT,1,544,544
2021,MLA,29,403,279,,"SUDHAKAR, P",INDEPENDENT,1,544,544
2021,MLA,29,403,279,,"DEVARAJAN, K",INDEPENDENT,0,544,544
2021,MLA,29,403,279,,"PARTHIBAN, M",INDEPENDENT,0,544,544
2021,MLA,29,403,279,,"LEENA, V",INDEPENDENT,0,544,544
2021,MLA,29,403,279,,"VASANTHI, E",INDEPENDENT,0,544,544
2021,MLA,29,403,279,,"VEDHAGIRI, R",INDEPENDENT,0,544,544
2021,MLA,29,403,279,,"VAIRAMUTHU, D",INDEPENDENT,5,544,544
2021,MLA,29,403,279,,NOTA,,8,544,544
2021,MLA,29,404,280,,"SELVAPERUNTHAGAI, K",INDIAN NATIONAL CONGRESS,272,629,629
2021,MLA,29,404,280,,"PALANI, K",ALL INDIA ANNA DRAVIDA MUNNETRA KAZHAGAM,282,629,629
2021,MLA,29,404,280,,"VINOTH, E",BAHUJAN SAMAJ PARTY,2,629,629
2021,MLA,29,404,280,,"THANIGAIVEL, M",MAKKAL NEEDHI MAIAM,6,629,629
2021,MLA,29,404,280,,"PUSHPARAJ, D",NAAM TAMILAR KATCHI,40,629,629
2021,MLA,29,404,280,,"PERUMAL, R",AMMA MAKKAL MUNNETTRA KAZAGAM,8,629,629
2021,MLA,29,404,280,,"LOKESH, E",DESIYA MAKKAL SAKTHI KATCHI,2,629,629
2021,MLA,29,404,280,,"SAROJA, S",INDEPENDENT,1,629,629
2021,MLA,29,404,280,,"SUDHAKAR, P",INDEPENDENT,1,629,629
2021,MLA,29,404,280,,"DEVARAJAN, K",INDEPENDENT,0,629,629
2021,MLA,29,404,280,,"PARTHIBAN, M",INDEPENDENT,1,629,629
2021,MLA,29,404,280,,"LEENA, V",INDEPENDENT,1,629,629
2021,MLA,29,404,280,,"VASANTHI, E",INDEPENDENT,2,629,629
2021,MLA,29,404,280,,"VEDHAGIRI, R",INDEPENDENT,0,629,629
2021,MLA,29,404,280,,"VAIRAMUTHU, D",INDEPENDENT,9,629,629
2021,MLA,29,404,280,,NOTA,,2,629,629
2021,MLA,29,405,281,M,"SELVAPERUNTHAGAI, K",INDIAN NATIONAL CONGRESS,221,429,429
2021,MLA,29,405,281,M,"PALANI, K",ALL INDIA ANNA DRAVIDA MUNNETRA KAZHAGAM,133,429,429
2021,MLA,29,405,281,M,"VINOTH, E",BAHUJAN SAMAJ PARTY,0,429,429
2021,MLA,29,405,281,M,"THANIGAIVEL, M",MAKKAL NEEDHI MAIAM,2,429,429
2021,MLA,29,405,281,M,"PUSHPARAJ, D",NAAM TAMILAR KATCHI,61,429,429
2021,MLA,29,405,281,M,"PERUMAL, R",AMMA MAKKAL MUNNETTRA KAZAGAM,4,429,429
2021,MLA,29,405,281,M,"LOKESH, E",DESIYA MAKKAL SAKTHI KATCHI,0,429,429
2021,MLA,29,405,281,M,"SAROJA, S",INDEPENDENT,0,429,429
2021,MLA,29,405,281,M,"SUDHAKAR, P",INDEPENDENT,0,429,429
2021,MLA,29,405,281,M,"DEVARAJAN, K",INDEPENDENT,0,429,429
2021,MLA,29,405,281,M,"PARTHIBAN, M",INDEPENDENT,0,429,429
2021,MLA,29,405,281,M,"LEENA, V",INDEPENDENT,0,429,429
2021,MLA,29,405,281,M,"VASANTHI, E",INDEPENDENT,0,429,429
2021,MLA,29,405,281,M,"VEDHAGIRI, R",INDEPENDENT,0,429,429
2021,MLA,29,405,281,M,"VAIRAMUTHU, D",INDEPENDENT,7,429,429
2021,MLA,29,405,281,M,NOTA,,1,429,429
2021,MLA,29,406,281,A(W),"SELVAPERUNTHAGAI, K",INDIAN NATIONAL CONGRESS,252,451,451
2021,MLA,29,406,281,A(W),"PALANI, K",ALL INDIA ANNA DRAVIDA MUNNETRA KAZHAGAM,149,451,451
2021,MLA,29,406,281,A(W),"VINOTH, E",BAHUJAN SAMAJ PARTY,1,451,451
2021,MLA,29,406,281,A(W),"THANIGAIVEL, M",MAKKAL NEEDHI MAIAM,0,451,451
2021,MLA,29,406,281,A(W),"PUSHPARAJ, D",NAAM TAMILAR KATCHI,36,451,451
2021,MLA,29,406,281,A(W),"PERUMAL, R",AMMA MAKKAL MUNNETTRA KAZAGAM,3,451,451
2021,MLA,29,406,281,A(W),"LOKESH, E",DESIYA MAKKAL SAKTHI KATCHI,0,451,451
2021,MLA,29,406,281,A(W),"SAROJA, S",INDEPENDENT,1,451,451
2021,MLA,29,406,281,A(W),"SUDHAKAR, P",INDEPENDENT,0,451,451
2021,MLA,29,406,281,A(W),"DEVARAJAN, K",INDEPENDENT,1,451,451
2021,MLA,29,406,281,A(W),"PARTHIBAN, M",INDEPENDENT,0,451,451
2021,MLA,29,406,281,A(W),"LEENA, V",INDEPENDENT,0,451,451
2021,MLA,29,406,281,A(W),"VASANTHI, E",INDEPENDENT,0,451,451
2021,MLA,29,406,281,A(W),"VEDHAGIRI, R",INDEPENDENT,0,451,451
2021,MLA,29,406,281,A(W),"VAIRAMUTHU, D",INDEPENDENT,5,451,451
2021,MLA,29,406,281,A(W),NOTA,,3,451,451
2021,MLA,29,407,282,,"SELVAPERUNTHAGAI, K",INDIAN NATIONAL CONGRESS,328,611,611
2021,MLA,29,407,282,,"PALANI, K",ALL INDIA ANNA DRAVIDA MUNNETRA KAZHAGAM,198,611,611
2021,MLA,29,407,282,,"VINOTH, E",BAHUJAN SAMAJ PARTY,0,611,611
2021,MLA,29,407,282,,"THANIGAIVEL, M",MAKKAL NEEDHI MAIAM,4,611,611
2021,MLA,29,407,282,,"PUSHPARAJ, D",NAAM TAMILAR KATCHI,60,611,611
2021,MLA,29,407,282,,"PERUMAL, R",AMMA MAKKAL MUNNETTRA KAZAGAM,6,611,611
2021,MLA,29,407,282,,"LOKESH, E",DESIYA MAKKAL SAKTHI KATCHI,0,611,611
2021,MLA,29,407,282,,"SAROJA, S",INDEPENDENT,0,611,611
2021,MLA,29,407,282,,"SUDHAKAR, P",INDEPENDENT,2,611,611
2021,MLA,29,407,282,,"DEVARAJAN, K",INDEPENDENT,1,611,611
2021,MLA,29,407,282,,"PARTHIBAN, M",INDEPENDENT,1,611,611
2021,MLA,29,407,282,,"LEENA, V",INDEPENDENT,2,611,611
2021,MLA,29,407,282,,"VASANTHI, E",INDEPENDENT,0,611,611
2021,MLA,29,407,282,,"VEDHAGIRI, R",INDEPENDENT,0,611,611
2021,MLA,29,407,282,,"VAIRAMUTHU, D",INDEPENDENT,3,611,611
2021,MLA,29,407,282,,NOTA,,6,611,611
2021,MLA,29,408,283,M,"SELVAPERUNTHAGAI, K",INDIAN NATIONAL CONGRESS,216,439,439
2021,MLA,29,408,283,M,"PALANI, K",ALL INDIA ANNA DRAVIDA MUNNETRA KAZHAGAM,180,439,439
2021,MLA,29,408,283,M,"VINOTH, E",BAHUJAN SAMAJ PARTY,0,439,439
2021,MLA,29,408,283,M,"THANIGAIVEL, M",MAKKAL NEEDHI MAIAM,5,439,439
2021,MLA,29,408,283,M,"PUSHPARAJ, D",NAAM TAMILAR KATCHI,27,439,439
2021,MLA,29,408,283,M,"PERUMAL, R",AMMA MAKKAL MUNNETTRA KAZAGAM,7,439,439
2021,MLA,29,408,283,M,"LOKESH, E",DESIYA MAKKAL SAKTHI KATCHI,0,439,439
2021,MLA,29,408,283,M,"SAROJA, S",INDEPENDENT,0,439,439
2021,MLA,29,408,283,M,"SUDHAKAR, P",INDEPENDENT,0,439,439
2021,MLA,29,408,283,M,"DEVARAJAN, K",INDEPENDENT,0,439,439
2021,MLA,29,408,283,M,"PARTHIBAN, M",INDEPENDENT,0,439,439
2021,MLA,29,408,283,M,"LEENA, V",INDEPENDENT,0,439,439
2021,MLA,29,408,283,M,"VASANTHI, E",INDEPENDENT,0,439,439
2021,MLA,29,408,283,M,"VEDHAGIRI, R",INDEPENDENT,0,439,439
2021,MLA,29,408,283,M,"VAIRAMUTHU, D",INDEPENDENT,4,439,439
2021,MLA,29,408,283,M,NOTA,,0,439,439
2021,MLA,29,409,283,A(W),"SELVAPERUNTHAGAI, K",INDIAN NATIONAL CONGRESS,227,426,426
2021,MLA,29,409,283,A(W),"PALANI, K",ALL INDIA ANNA DRAVIDA MUNNETRA KAZHAGAM,172,426,426
2021,MLA,29,409,283,A(W),"VINOTH, E",BAHUJAN SAMAJ PARTY,1,426,426
2021,MLA,29,409,283,A(W),"THANIGAIVEL, M",MAKKAL NEEDHI MAIAM,3,426,426
2021,MLA,29,409,283,A(W),"PUSHPARAJ, D",NAAM TAMILAR KATCHI,14,426,426
2021,MLA,29,409,283,A(W),"PERUMAL, R",AMMA MAKKAL MUNNETTRA KAZAGAM,4,426,426
2021,MLA,29,409,283,A(W),"LOKESH, E",DESIYA MAKKAL SAKTHI KATCHI,1,426,426
2021,MLA,29,409,283,A(W),"SAROJA, S",INDEPENDENT,0,426,426
2021,MLA,29,409,283,A(W),"SUDHAKAR, P",INDEPENDENT,0,426,426
2021,MLA,29,409,283,A(W),"DEVARAJAN, K",INDEPENDENT,0,426,426
2021,MLA,29,409,283,A(W),"PARTHIBAN, M",INDEPENDENT,0,426,426
2021,MLA,29,409,283,A(W),"LEENA, V",INDEPENDENT,0,426,426
2021,MLA,29,409,283,A(W),"VASANTHI, E",INDEPENDENT,0,426,426
2021,MLA,29,409,283,A(W),"VEDHAGIRI, R",INDEPENDENT,0,426,426
2021,MLA,29,409,283,A(W),"VAIRAMUTHU, D",INDEPENDENT,2,426,426
2021,MLA,29,409,283,A(W),NOTA,,2,426,426
2021,MLA,29,410,284,,"SELVAPERUNTHAGAI, K",INDIAN NATIONAL CONGRESS,360,792,792
2021,MLA,29,410,284,,"PALANI, K",ALL INDIA ANNA DRAVIDA MUNNETRA KAZHAGAM,348,792,792
2021,MLA,29,410,284,,"VINOTH, E",BAHUJAN SAMAJ PARTY,1,792,792
2021,MLA,29,410,284,,"THANIGAIVEL, M",MAKKAL NEEDHI MAIAM,6,792,792
2021,MLA,29,410,284,,"PUSHPARAJ, D",NAAM TAMILAR KATCHI,45,792,792
2021,MLA,29,410,284,,"PERUMAL, R",AMMA MAKKAL MUNNETTRA KAZAGAM,26,792,792
2021,MLA,29,410,284,,"LOKESH, E",DESIYA MAKKAL SAKTHI KATCHI,0,792,792
2021,MLA,29,410,284,,"SAROJA, S",INDEPENDENT,0,792,792
2021,MLA,29,410,284,,"SUDHAKAR, P",INDEPENDENT,0,792,792
2021,MLA,29,410,284,,"DEVARAJAN, K",INDEPENDENT,0,792,792
2021,MLA,29,410,284,,"PARTHIBAN, M",INDEPENDENT,0,792,792
2021,MLA,29,410,284,,"LEENA, V",INDEPENDENT,0,792,792
2021,MLA,29,410,284,,"VASANTHI, E",INDEPENDENT,1,792,792
2021,MLA,29,410,284,,"VEDHAGIRI, R",INDEPENDENT,1,792,792
2021,MLA,29,410,284,,"VAIRAMUTHU, D",INDEPENDENT,2,792,792
2021,MLA,29,410,284,,NOTA,,2,792,792
2021,MLA,29,411,285,,"SELVAPERUNTHAGAI, K",INDIAN NATIONAL CONGRESS,272,617,617
2021,MLA,29,411,285,,"PALANI, K",ALL INDIA ANNA DRAVIDA MUNNETRA KAZHAGAM,290,617,617
2021,MLA,29,411,285,,"VINOTH, E",BAHUJAN SAMAJ PARTY,2,617,617
2021,MLA,29,411,285,,"THANIGAIVEL, M",MAKKAL NEEDHI MAIAM,4,617,617
2021,MLA,29,411,285,,"PUSHPARAJ, D",NAAM TAMILAR KATCHI,41,617,617
2021,MLA,29,411,285,,"PERUMAL, R",AMMA MAKKAL MUNNETTRA KAZAGAM,3,617,617
2021,MLA,29,411,285,,"LOKESH, E",DESIYA MAKKAL SAKTHI KATCHI,0,617,617
2021,MLA,29,411,285,,"SAROJA, S",INDEPENDENT,0,617,617
2021,MLA,29,411,285,,"SUDHAKAR, P",INDEPENDENT,0,617,617
2021,MLA,29,411,285,,"DEVARAJAN, K",INDEPENDENT,0,617,617
2021,MLA,29,411,285,,"PARTHIBAN, M",INDEPENDENT,0,617,617
2021,MLA,29,411,285,,"LEENA, V",INDEPENDENT,0,617,617
2021,MLA,29,411,285,,"VASANTHI, E",INDEPENDENT,0,617,617
2021,MLA,29,411,285,,"VEDHAGIRI, R",INDEPENDENT,0,617,617
2021,MLA,29,411,285,,"VAIRAMUTHU, D",INDEPENDENT,2,617,617
2021,MLA,29,411,285,,NOTA,,3,617,617
2021,MLA,29,412,286,,"SELVAPERUNTHAGAI, K",INDIAN NATIONAL CONGRESS,235,570,570
2021,MLA,29,412,286,,"PALANI, K",ALL INDIA ANNA DRAVIDA MUNNETRA KAZHAGAM,257,570,570
2021,MLA,29,412,286,,"VINOTH, E",BAHUJAN SAMAJ PARTY,0,570,570
2021,MLA,29,412,286,,"THANIGAIVEL, M",MAKKAL NEEDHI MAIAM,6,570,570
2021,MLA,29,412,286,,"PUSHPARAJ, D",NAAM TAMILAR KATCHI,43,570,570
2021,MLA,29,412,286,,"PERUMAL, R",AMMA MAKKAL MUNNETTRA KAZAGAM,17,570,570
2021,MLA,29,412,286,,"LOKESH, E",DESIYA MAKKAL SAKTHI KATCHI,0,570,570
2021,MLA,29,412,286,,"SAROJA, S",INDEPENDENT,1,570,570
2021,MLA,29,412,286,,"SUDHAKAR, P",INDEPENDENT,0,570,570
2021,MLA,29,412,286,,"DEVARAJAN, K",INDEPENDENT,0,570,570
2021,MLA,29,412,286,,"PARTHIBAN, M",INDEPENDENT,1,570,570
2021,MLA,29,412,286,,"LEENA, V",INDEPENDENT,0,570,570
2021,MLA,29,412,286,,"VASANTHI, E",INDEPENDENT,0,570,570
2021,MLA,29,412,286,,"VEDHAGIRI, R",INDEPENDENT,0,570,570
2021,MLA,29,412,286,,"VAIRAMUTHU, D",INDEPENDENT,4,570,570
2021,MLA,29,412,286,,NOTA,,6,570,570
2021,MLA,29,413,287,,"SELVAPERUNTHAGAI, K",INDIAN NATIONAL CONGRESS,350,583,583
2021,MLA,29,413,287,,"PALANI, K",ALL INDIA ANNA DRAVIDA MUNNETRA KAZHAGAM,168,583,583
2021,MLA,29,413,287,,"VINOTH, E",BAHUJAN SAMAJ PARTY,1,583,583
2021,MLA,29,413,287,,"THANIGAIVEL, M",MAKKAL NEEDHI MAIAM,3,583,583
2021,MLA,29,413,287,,"PUSHPARAJ, D",NAAM TAMILAR KATCHI,38,583,583
2021,MLA,29,413,287,,"PERUMAL, R",AMMA MAKKAL MUNNETTRA KAZAGAM,14,583,583
2021,MLA,29,413,287,,"LOKESH, E",DESIYA MAKKAL SAKTHI KATCHI,1,583,583
2021,MLA,29,413,287,,"SAROJA, S",INDEPENDENT,0,583,583
2021,MLA,29,413,287,,"SUDHAKAR, P",INDEPENDENT,0,583,583
2021,MLA,29,413,287,,"DEVARAJAN, K",INDEPENDENT,0,583,583
2021,MLA,29,413,287,,"PARTHIBAN, M",INDEPENDENT,0,583,583
2021,MLA,29,413,287,,"LEENA, V",INDEPENDENT,0,583,583
2021,MLA,29,413,287,,"VASANTHI, E",INDEPENDENT,1,583,583
2021,MLA,29,413,287,,"VEDHAGIRI, R",INDEPENDENT,0,583,583
2021,MLA,29,413,287,,"VAIRAMUTHU, D",INDEPENDENT,5,583,583
2021,MLA,29,413,287,,NOTA,,2,583,583
2021,MLA,29,414,288,,"SELVAPERUNTHAGAI, K",INDIAN NATIONAL CONGRESS,349,714,714
2021,MLA,29,414,288,,"PALANI, K",ALL INDIA ANNA DRAVIDA MUNNETRA KAZHAGAM,299,714,714
2021,MLA,29,414,288,,"VINOTH, E",BAHUJAN SAMAJ PARTY,2,714,714
2021,MLA,29,414,288,,"THANIGAIVEL, M",MAKKAL NEEDHI MAIAM,4,714,714
2021,MLA,29,414,288,,"PUSHPARAJ, D",NAAM TAMILAR KATCHI,40,714,714
2021,MLA,29,414,288,,"PERUMAL, R",AMMA MAKKAL MUNNETTRA KAZAGAM,12,714,714
2021,MLA,29,414,288,,"LOKESH, E",DESIYA MAKKAL SAKTHI KATCHI,0,714,714
2021,MLA,29,414,288,,"SAROJA, S",INDEPENDENT,0,714,714
2021,MLA,29,414,288,,"SUDHAKAR, P",INDEPENDENT,0,714,714
2021,MLA,29,414,288,,"DEVARAJAN, K",INDEPENDENT,0,714,714
2021,MLA,29,414,288,,"PARTHIBAN, M",INDEPENDENT,0,714,714
2021,MLA,29,414,288,,"LEENA, V",INDEPENDENT,0,714,714
2021,MLA,29,414,288,,"VASANTHI, E",INDEPENDENT,2,714,714
2021,MLA,29,414,288,,"VEDHAGIRI, R",INDEPENDENT,0,714,714
2021,MLA,29,414,288,,"VAIRAMUTHU, D",INDEPENDENT,4,714,714
2021,MLA,29,414,288,,NOTA,,2,714,714
2021,MLA,29,415,289,,"SELVAPERUNTHAGAI, K",INDIAN NATIONAL CONGRESS,299,537,537
2021,MLA,29,415,289,,"PALANI, K",ALL INDIA ANNA DRAVIDA MUNNETRA KAZHAGAM,173,537,537
2021,MLA,29,415,289,,"VINOTH, E",BAHUJAN SAMAJ PARTY,2,537,537
2021,MLA,29,415,289,,"THANIGAIVEL, M",MAKKAL NEEDHI MAIAM,22,537,537
2021,MLA,29,415,289,,"PUSHPARAJ, D",NAAM TAMILAR KATCHI,28,537,537
2021,MLA,29,415,289,,"PERUMAL, R",AMMA MAKKAL MUNNETTRA KAZAGAM,2,537,537
2021,MLA,29,415,289,,"LOKESH, E",DESIYA MAKKAL SAKTHI KATCHI,1,537,537
2021,MLA,29,415,289,,"SAROJA, S",INDEPENDENT,1,537,537
2021,MLA,29,415,289,,"SUDHAKAR, P",INDEPENDENT,1,537,537
2021,MLA,29,415,289,,"DEVARAJAN, K",INDEPENDENT,0,537,537
2021,MLA,29,415,289,,"PARTHIBAN, M",INDEPENDENT,0,537,537
2021,MLA,29,415,289,,"LEENA, V",INDEPENDENT,0,537,537
2021,MLA,29,415,289,,"VASANTHI, E",INDEPENDENT,0,537,537
2021,MLA,29,415,289,,"VEDHAGIRI, R",INDEPENDENT,0,537,537
2021,MLA,29,415,289,,"VAIRAMUTHU, D",INDEPENDENT,0,537,537
2021,MLA,29,415,289,,NOTA,,8,537,537
2021,MLA,29,416,290,,"SELVAPERUNTHAGAI, K",INDIAN NATIONAL CONGRESS,369,653,653
2021,MLA,29,416,290,,"PALANI, K",ALL INDIA ANNA DRAVIDA MUNNETRA KAZHAGAM,208,653,653
2021,MLA,29,416,290,,"VINOTH, E",BAHUJAN SAMAJ PARTY,1,653,653
2021,MLA,29,416,290,,"THANIGAIVEL, M",MAKKAL NEEDHI MAIAM,5,653,653
2021,MLA,29,416,290,,"PUSHPARAJ, D",NAAM TAMILAR KATCHI,49,653,653
2021,MLA,29,416,290,,"PERUMAL, R",AMMA MAKKAL MUNNETTRA KAZAGAM,14,653,653
2021,MLA,29,416,290,,"LOKESH, E",DESIYA MAKKAL SAKTHI KATCHI,0,653,653
2021,MLA,29,416,290,,"SAROJA, S",INDEPENDENT,0,653,653
2021,MLA,29,416,290,,"SUDHAKAR, P",INDEPENDENT,0,653,653
2021,MLA,29,416,290,,"DEVARAJAN, K",INDEPENDENT,0,653,653
2021,MLA,29,416,290,,"PARTHIBAN, M",INDEPENDENT,0,653,653
2021,MLA,29,416,290,,"LEENA, V",INDEPENDENT,0,653,653
2021,MLA,29,416,290,,"VASANTHI, E",INDEPENDENT,0,653,653
2021,MLA,29,416,290,,"VEDHAGIRI, R",INDEPENDENT,0,653,653
2021,MLA,29,416,290,,"VAIRAMUTHU, D",INDEPENDENT,5,653,653
2021,MLA,29,416,290,,NOTA,,2,653,653
2021,MLA,29,417,291,,"SELVAPERUNTHAGAI, K",INDIAN NATIONAL CONGRESS,399,830,830
2021,MLA,29,417,291,,"PALANI, K",ALL INDIA ANNA DRAVIDA MUNNETRA KAZHAGAM,315,830,830
2021,MLA,29,417,291,,"VINOTH, E",BAHUJAN SAMAJ PARTY,1,830,830
2021,MLA,29,417,291,,"THANIGAIVEL, M",MAKKAL NEEDHI MAIAM,5,830,830
2021,MLA,29,417,291,,"PUSHPARAJ, D",NAAM TAMILAR KATCHI,70,830,830
2021,MLA,29,417,291,,"PERUMAL, R",AMMA MAKKAL MUNNETTRA KAZAGAM,20,830,830
2021,MLA,29,417,291,,"LOKESH, E",DESIYA MAKKAL SAKTHI KATCHI,0,830,830
2021,MLA,29,417,291,,"SAROJA, S",INDEPENDENT,1,830,830
2021,MLA,29,417,291,,"SUDHAKAR, P",INDEPENDENT,0,830,830
2021,MLA,29,417,291,,"DEVARAJAN, K",INDEPENDENT,0,830,830
2021,MLA,29,417,291,,"PARTHIBAN, M",INDEPENDENT,2,830,830
2021,MLA,29,417,291,,"LEENA, V",INDEPENDENT,0,830,830
2021,MLA,29,417,291,,"VASANTHI, E",INDEPENDENT,0,830,830
2021,MLA,29,417,291,,"VEDHAGIRI, R",INDEPENDENT,0,830,830
2021,MLA,29,417,291,,"VAIRAMUTHU, D",INDEPENDENT,14,830,830
2021,MLA,29,417,291,,NOTA,,3,830,830
2021,MLA,29,418,292,,"SELVAPERUNTHAGAI, K",INDIAN NATIONAL CONGRESS,302,728,728
2021,MLA,29,418,292,,"PALANI, K",ALL INDIA ANNA DRAVIDA MUNNETRA KAZHAGAM,333,728,728
2021,MLA,29,418,292,,"VINOTH, E",BAHUJAN SAMAJ PARTY,2,728,728
2021,MLA,29,418,292,,"THANIGAIVEL, M",MAKKAL NEEDHI MAIAM,4,728,728
2021,MLA,29,418,292,,"PUSHPARAJ, D",NAAM TAMILAR KATCHI,68,728,728
2021,MLA,29,418,292,,"PERUMAL, R",AMMA MAKKAL MUNNETTRA KAZAGAM,6,728,728
2021,MLA,29,418,292,,"LOKESH, E",DESIYA MAKKAL SAKTHI KATCHI,0,728,728
2021,MLA,29,418,292,,"SAROJA, S",INDEPENDENT,0,728,728
2021,MLA,29,418,292,,"SUDHAKAR, P",INDEPENDENT,0,728,728
2021,MLA,29,418,292,,"DEVARAJAN, K",INDEPENDENT,0,728,728
2021,MLA,29,418,292,,"PARTHIBAN, M",INDEPENDENT,0,728,728
2021,MLA,29,418,292,,"LEENA, V",INDEPENDENT,0,728,728
2021,MLA,29,418,292,,"VASANTHI, E",INDEPENDENT,0,728,728
2021,MLA,29,418,292,,"VEDHAGIRI, R",INDEPENDENT,0,728,728
2021,MLA,29,418,292,,"VAIRAMUTHU, D",INDEPENDENT,10,728,728
2021,MLA,29,418,292,,NOTA,,3,728,728
2021,MLA,29,419,293,,"SELVAPERUNTHAGAI, K",INDIAN NATIONAL CONGRESS,259,629,629
2021,MLA,29,419,293,,"PALANI, K",ALL INDIA ANNA DRAVIDA MUNNETRA KAZHAGAM,295,629,629
2021,MLA,29,419,293,,"VINOTH, E",BAHUJAN SAMAJ PARTY,1,629,629
2021,MLA,29,419,293,,"THANIGAIVEL, M",MAKKAL NEEDHI MAIAM,6,629,629
2021,MLA,29,419,293,,"PUSHPARAJ, D",NAAM TAMILAR KATCHI,49,629,629
2021,MLA,29,419,293,,"PERUMAL, R",AMMA MAKKAL MUNNETTRA KAZAGAM,6,629,629
2021,MLA,29,419,293,,"LOKESH, E",DESIYA MAKKAL SAKTHI KATCHI,0,629,629
2021,MLA,29,419,293,,"SAROJA, S",INDEPENDENT,0,629,629
2021,MLA,29,419,293,,"SUDHAKAR, P",INDEPENDENT,0,629,629
2021,MLA,29,419,293,,"DEVARAJAN, K",INDEPENDENT,1,629,629
2021,MLA,29,419,293,,"PARTHIBAN, M",INDEPENDENT,0,629,629
2021,MLA,29,419,293,,"LEENA, V",INDEPENDENT,0,629,629
2021,MLA,29,419,293,,"VASANTHI, E",INDEPENDENT,0,629,629
2021,MLA,29,419,293,,"VEDHAGIRI, R",INDEPENDENT,1,629,629
2021,MLA,29,419,293,,"VAIRAMUTHU, D",INDEPENDENT,6,629,629
2021,MLA,29,419,293,,NOTA,,5,629,629
2021,MLA,29,420,294,,"SELVAPERUNTHAGAI, K",INDIAN NATIONAL CONGRESS,268,761,761
2021,MLA,29,420,294,,"PALANI, K",ALL INDIA ANNA DRAVIDA MUNNETRA KAZHAGAM,413,761,761
2021,MLA,29,420,294,,"VINOTH, E",BAHUJAN SAMAJ PARTY,2,761,761
2021,MLA,29,420,294,,"THANIGAIVEL, M",MAKKAL NEEDHI MAIAM,10,761,761
2021,MLA,29,420,294,,"PUSHPARAJ, D",NAAM TAMILAR KATCHI,56,761,761
2021,MLA,29,420,294,,"PERUMAL, R",AMMA MAKKAL MUNNETTRA KAZAGAM,9,761,761
2021,MLA,29,420,294,,"LOKESH, E",DESIYA MAKKAL SAKTHI KATCHI,0,761,761
2021,MLA,29,420,294,,"SAROJA, S",INDEPENDENT,0,761,761
2021,MLA,29,420,294,,"SUDHAKAR, P",INDEPENDENT,0,761,761
2021,MLA,29,420,294,,"DEVARAJAN, K",INDEPENDENT,0,761,761
2021,MLA,29,420,294,,"PARTHIBAN, M",INDEPENDENT,0,761,761
2021,MLA,29,420,294,,"LEENA, V",INDEPENDENT,0,761,761
2021,MLA,29,420,294,,"VASANTHI, E",INDEPENDENT,0,761,761
2021,MLA,29,420,294,,"VEDHAGIRI, R",INDEPENDENT,0,761,761
2021,MLA,29,420,294,,"VAIRAMUTHU, D",INDEPENDENT,3,761,761
2021,MLA,29,420,294,,NOTA,,0,761,761
2021,MLA,29,421,295,,"SELVAPERUNTHAGAI, K",INDIAN NATIONAL CONGRESS,275,739,739
2021,MLA,29,421,295,,"PALANI, K",ALL INDIA ANNA DRAVIDA MUNNETRA KAZHAGAM,369,739,739
2021,MLA,29,421,295,,"VINOTH, E",BAHUJAN SAMAJ PARTY,1,739,739
2021,MLA,29,421,295,,"THANIGAIVEL, M",MAKKAL NEEDHI MAIAM,1,739,739
2021,MLA,29,421,295,,"PUSHPARAJ, D",NAAM TAMILAR KATCHI,51,739,739
2021,MLA,29,421,295,,"PERUMAL, R",AMMA MAKKAL MUNNETTRA KAZAGAM,4,739,739
2021,MLA,29,421,295,,"LOKESH, E",DESIYA MAKKAL SAKTHI KATCHI,0,739,739
2021,MLA,29,421,295,,"SAROJA, S",INDEPENDENT,2,739,739
2021,MLA,29,421,295,,"SUDHAKAR, P",INDEPENDENT,0,739,739
2021,MLA,29,421,295,,"DEVARAJAN, K",INDEPENDENT,0,739,739
2021,MLA,29,421,295,,"PARTHIBAN, M",INDEPENDENT,0,739,739
2021,MLA,29,421,295,,"LEENA, V",INDEPENDENT,0,739,739
2021,MLA,29,421,295,,"VASANTHI, E",INDEPENDENT,0,739,739
2021,MLA,29,421,295,,"VEDHAGIRI, R",INDEPENDENT,0,739,739
2021,MLA,29,421,295,,"VAIRAMUTHU, D",INDEPENDENT,34,739,739
2021,MLA,29,421,295,,NOTA,,2,739,739
2021,MLA,29,422,296,M,"SELVAPERUNTHAGAI, K",INDIAN NATIONAL CONGRESS,155,484,484
2021,MLA,29,422,296,M,"PALANI, K",ALL INDIA ANNA DRAVIDA MUNNETRA KAZHAGAM,247,484,484
2021,MLA,29,422,296,M,"VINOTH, E",BAHUJAN SAMAJ PARTY,2,484,484
2021,MLA,29,422,296,M,"THANIGAIVEL, M",MAKKAL NEEDHI MAIAM,3,484,484
2021,MLA,29,422,296,M,"PUSHPARAJ, D",NAAM TAMILAR KATCHI,47,484,484
2021,MLA,29,422,296,M,"PERUMAL, R",AMMA MAKKAL MUNNETTRA KAZAGAM,8,484,484
2021,MLA,29,422,296,M,"LOKESH, E",DESIYA MAKKAL SAKTHI KATCHI,0,484,484
2021,MLA,29,422,296,M,"SAROJA, S",INDEPENDENT,1,484,484
2021,MLA,29,422,296,M,"SUDHAKAR, P",INDEPENDENT,0,484,484
2021,MLA,29,422,296,M,"DEVARAJAN, K",INDEPENDENT,0,484,484
2021,MLA,29,422,296,M,"PARTHIBAN, M",INDEPENDENT,1,484,484
2021,MLA,29,422,296,M,"LEENA, V",INDEPENDENT,1,484,484
2021,MLA,29,422,296,M,"VASANTHI, E",INDEPENDENT,0,484,484
2021,MLA,29,422,296,M,"VEDHAGIRI, R",INDEPENDENT,1,484,484
2021,MLA,29,422,296,M,"VAIRAMUTHU, D",INDEPENDENT,9,484,484
2021,MLA,29,422,296,M,NOTA,,9,484,484
2021,MLA,29,423,296,A(W),"SELVAPERUNTHAGAI, K",INDIAN NATIONAL CONGRESS,180,499,499
2021,MLA,29,423,296,A(W),"PALANI, K",ALL INDIA ANNA DRAVIDA MUNNETRA KAZHAGAM,272,499,499
2021,MLA,29,423,296,A(W),"VINOTH, E",BAHUJAN SAMAJ PARTY,2,499,499
2021,MLA,29,423,296,A(W),"THANIGAIVEL, M",MAKKAL NEEDHI MAIAM,2,499,499
2021,MLA,29,423,296,A(W),"PUSHPARAJ, D",NAAM TAMILAR KATCHI,26,499,499
2021,MLA,29,423,296,A(W),"PERUMAL, R",AMMA MAKKAL MUNNETTRA KAZAGAM,3,499,499
2021,MLA,29,423,296,A(W),"LOKESH, E",DESIYA MAKKAL SAKTHI KATCHI,0,499,499
2021,MLA,29,423,296,A(W),"SAROJA, S",INDEPENDENT,0,499,499
2021,MLA,29,423,296,A(W),"SUDHAKAR, P",INDEPENDENT,0,499,499
2021,MLA,29,423,296,A(W),"DEVARAJAN, K",INDEPENDENT,0,499,499
2021,MLA,29,423,296,A(W),"PARTHIBAN, M",INDEPENDENT,1,499,499
2021,MLA,29,423,296,A(W),"LEENA, V",INDEPENDENT,1,499,499
2021,MLA,29,423,296,A(W),"VASANTHI, E",INDEPENDENT,1,499,499
2021,MLA,29,423,296,A(W),"VEDHAGIRI, R",INDEPENDENT,1,499,499
2021,MLA,29,423,296,A(W),"VAIRAMUTHU, D",INDEPENDENT,6,499,499
2021,MLA,29,423,296,A(W),NOTA,,4,499,499
2021,MLA,29,424,297,M,"SELVAPERUNTHAGAI, K",INDIAN NATIONAL CONGRESS,184,476,476
2021,MLA,29,424,297,M,"PALANI, K",ALL INDIA ANNA DRAVIDA MUNNETRA KAZHAGAM,248,476,476
2021,MLA,29,424,297,M,"VINOTH, E",BAHUJAN SAMAJ PARTY,2,476,476
2021,MLA,29,424,297,M,"THANIGAIVEL, M",MAKKAL NEEDHI MAIAM,4,476,476
2021,MLA,29,424,297,M,"PUSHPARAJ, D",NAAM TAMILAR KATCHI,28,476,476
2021,MLA,29,424,297,M,"PERUMAL, R",AMMA MAKKAL MUNNETTRA KAZAGAM,3,476,476
2021,MLA,29,424,297,M,"LOKESH, E",DESIYA MAKKAL SAKTHI KATCHI,0,476,476
2021,MLA,29,424,297,M,"SAROJA, S",INDEPENDENT,0,476,476
2021,MLA,29,424,297,M,"SUDHAKAR, P",INDEPENDENT,0,476,476
2021,MLA,29,424,297,M,"DEVARAJAN, K",INDEPENDENT,0,476,476
2021,MLA,29,424,297,M,"PARTHIBAN, M",INDEPENDENT,0,476,476
2021,MLA,29,424,297,M,"LEENA, V",INDEPENDENT,2,476,476
2021,MLA,29,424,297,M,"VASANTHI, E",INDEPENDENT,0,476,476
2021,MLA,29,424,297,M,"VEDHAGIRI, R",INDEPENDENT,0,476,476
2021,MLA,29,424,297,M,"VAIRAMUTHU, D",INDEPENDENT,4,476,476
2021,MLA,29,424,297,M,NOTA,,1,476,476
2021,MLA,29,425,297,A(W),"SELVAPERUNTHAGAI, K",INDIAN NATIONAL CONGRESS,207,523,523
2021,MLA,29,425,297,A(W),"PALANI, K",ALL INDIA ANNA DRAVIDA MUNNETRA KAZHAGAM,226,523,523
2021,MLA,29,425,297,A(W),"VINOTH, E",BAHUJAN SAMAJ PARTY,2,523,523
2021,MLA,29,425,297,A(W),"THANIGAIVEL, M",MAKKAL NEEDHI MAIAM,3,523,523
2021,MLA,29,425,297,A(W),"PUSHPARAJ, D",NAAM TAMILAR KATCHI,77,523,523
2021,MLA,29,425,297,A(W),"PERUMAL, R",AMMA MAKKAL MUNNETTRA KAZAGAM,6,523,523
2021,MLA,29,425,297,A(W),"LOKESH, E",DESIYA MAKKAL SAKTHI KATCHI,0,523,523
2021,MLA,29,425,297,A(W),"SAROJA, S",INDEPENDENT,0,523,523
2021,MLA,29,425,297,A(W),"SUDHAKAR, P",INDEPENDENT,0,523,523
2021,MLA,29,425,297,A(W),"DEVARAJAN, K",INDEPENDENT,0,523,523
2021,MLA,29,425,297,A(W),"PARTHIBAN, M",INDEPENDENT,0,523,523
2021,MLA,29,425,297,A(W),"LEENA, V",INDEPENDENT,0,523,523
2021,MLA,29,425,297,A(W),"VASANTHI, E",INDEPENDENT,0,523,523
2021,MLA,29,425,297,A(W),"VEDHAGIRI, R",INDEPENDENT,0,523,523
2021,MLA,29,425,297,A(W),"VAIRAMUTHU, D",INDEPENDENT,2,523,523
2021,MLA,29,425,297,A(W),NOTA,,0,523,523
2021,MLA,29,426,298,M,"SELVAPERUNTHAGAI, K",INDIAN NATIONAL CONGRESS,185,481,481
2021,MLA,29,426,298,M,"PALANI, K",ALL INDIA ANNA DRAVIDA MUNNETRA KAZHAGAM,230,481,481
2021,MLA,29,426,298,M,"VINOTH, E",BAHUJAN SAMAJ PARTY,0,481,481
2021,MLA,29,426,298,M,"THANIGAIVEL, M",MAKKAL NEEDHI MAIAM,13,481,481
2021,MLA,29,426,298,M,"PUSHPARAJ, D",NAAM TAMILAR KATCHI,38,481,481
2021,MLA,29,426,298,M,"PERUMAL, R",AMMA MAKKAL MUNNETTRA KAZAGAM,3,481,481
2021,MLA,29,426,298,M,"LOKESH, E",DESIYA MAKKAL SAKTHI KATCHI,0,481,481
2021,MLA,29,426,298,M,"SAROJA, S",INDEPENDENT,1,481,481
2021,MLA,29,426,298,M,"SUDHAKAR, P",INDEPENDENT,0,481,481
2021,MLA,29,426,298,M,"DEVARAJAN, K",INDEPENDENT,0,481,481
2021,MLA,29,426,298,M,"PARTHIBAN, M",INDEPENDENT,0,481,481
2021,MLA,29,426,298,M,"LEENA, V",INDEPENDENT,0,481,481
2021,MLA,29,426,298,M,"VASANTHI, E",INDEPENDENT,0,481,481
2021,MLA,29,426,298,M,"VEDHAGIRI, R",INDEPENDENT,2,481,481
2021,MLA,29,426,298,M,"VAIRAMUTHU, D",INDEPENDENT,7,481,481
2021,MLA,29,426,298,M,NOTA,,2,481,481
2021,MLA,29,427,298,A(W),"SELVAPERUNTHAGAI, K",INDIAN NATIONAL CONGRESS,187,454,454
2021,MLA,29,427,298,A(W),"PALANI, K",ALL INDIA ANNA DRAVIDA MUNNETRA KAZHAGAM,225,454,454
2021,MLA,29,427,298,A(W),"VINOTH, E",BAHUJAN SAMAJ PARTY,0,454,454
2021,MLA,29,427,298,A(W),"THANIGAIVEL, M",MAKKAL NEEDHI MAIAM,9,454,454
2021,MLA,29,427,298,A(W),"PUSHPARAJ, D",NAAM TAMILAR KATCHI,19,454,454
2021,MLA,29,427,298,A(W),"PERUMAL, R",AMMA MAKKAL MUNNETTRA KAZAGAM,2,454,454
2021,MLA,29,427,298,A(W),"LOKESH, E",DESIYA MAKKAL SAKTHI KATCHI,1,454,454
2021,MLA,29,427,298,A(W),"SAROJA, S",INDEPENDENT,0,454,454
2021,MLA,29,427,298,A(W),"SUDHAKAR, P",INDEPENDENT,0,454,454
2021,MLA,29,427,298,A(W),"DEVARAJAN, K",INDEPENDENT,1,454,454
2021,MLA,29,427,298,A(W),"PARTHIBAN, M",INDEPENDENT,0,454,454
2021,MLA,29,427,298,A(W),"LEENA, V",INDEPENDENT,0,454,454
2021,MLA,29,427,298,A(W),"VASANTHI, E",INDEPENDENT,1,454,454
2021,MLA,29,427,298,A(W),"VEDHAGIRI, R",INDEPENDENT,0,454,454
2021,MLA,29,427,298,A(W),"VAIRAMUTHU, D",INDEPENDENT,6,454,454
2021,MLA,29,427,298,A(W),NOTA,,3,454,454
2021,MLA,29,428,299,,"SELVAPERUNTHAGAI, K",INDIAN NATIONAL CONGRESS,364,831,831
2021,MLA,29,428,299,,"PALANI, K",ALL INDIA ANNA DRAVIDA MUNNETRA KAZHAGAM,340,831,831
2021,MLA,29,428,299,,"VINOTH, E",BAHUJAN SAMAJ PARTY,2,831,831
2021,MLA,29,428,299,,"THANIGAIVEL, M",MAKKAL NEEDHI MAIAM,6,831,831
2021,MLA,29,428,299,,"PUSHPARAJ, D",NAAM TAMILAR KATCHI,37,831,831
2021,MLA,29,428,299,,"PERUMAL, R",AMMA MAKKAL MUNNETTRA KAZAGAM,5,831,831
2021,MLA,29,428,299,,"LOKESH, E",DESIYA MAKKAL SAKTHI KATCHI,1,831,831
2021,MLA,29,428,299,,"SAROJA, S",INDEPENDENT,4,831,831
2021,MLA,29,428,299,,"SUDHAKAR, P",INDEPENDENT,0,831,831
2021,MLA,29,428,299,,"DEVARAJAN, K",INDEPENDENT,0,831,831
2021,MLA,29,428,299,,"PARTHIBAN, M",INDEPENDENT,0,831,831
2021,MLA,29,428,299,,"LEENA, V",INDEPENDENT,0,831,831
2021,MLA,29,428,299,,"VASANTHI, E",INDEPENDENT,0,831,831
2021,MLA,29,428,299,,"VEDHAGIRI, R",INDEPENDENT,0,831,831
2021,MLA,29,428,299,,"VAIRAMUTHU, D",INDEPENDENT,65,831,831
2021,MLA,29,428,299,,NOTA,,7,831,831
2021,MLA,29,429,300,,"SELVAPERUNTHAGAI, K",INDIAN NATIONAL CONGRESS,310,677,677
2021,MLA,29,429,300,,"PALANI, K",ALL INDIA ANNA DRAVIDA MUNNETRA KAZHAGAM,290,677,677
2021,MLA,29,429,300,,"VINOTH, E",BAHUJAN SAMAJ PARTY,0,677,677
2021,MLA,29,429,300,,"THANIGAIVEL, M",MAKKAL NEEDHI MAIAM,2,677,677
2021,MLA,29,429,300,,"PUSHPARAJ, D",NAAM TAMILAR KATCHI,59,677,677
2021,MLA,29,429,300,,"PERUMAL, R",AMMA MAKKAL MUNNETTRA KAZAGAM,4,677,677
2021,MLA,29,429,300,,"LOKESH, E",DESIYA MAKKAL SAKTHI KATCHI,0,677,677
2021,MLA,29,429,300,,"SAROJA, S",INDEPENDENT,0,677,677
2021,MLA,29,429,300,,"SUDHAKAR, P",INDEPENDENT,1,677,677
2021,MLA,29,429,300,,"DEVARAJAN, K",INDEPENDENT,0,677,677
2021,MLA,29,429,300,,"PARTHIBAN, M",INDEPENDENT,0,677,677
2021,MLA,29,429,300,,"LEENA, V",INDEPENDENT,0,677,677
2021,MLA,29,429,300,,"VASANTHI, E",INDEPENDENT,0,677,677
2021,MLA,29,429,300,,"VEDHAGIRI, R",INDEPENDENT,1,677,677
2021,MLA,29,429,300,,"VAIRAMUTHU, D",INDEPENDENT,7,677,677
2021,MLA,29,429,300,,NOTA,,3,677,677
2021,MLA,29,430,301,,"SELVAPERUNTHAGAI, K",INDIAN NATIONAL CONGRESS,336,727,727
2021,MLA,29,430,301,,"PALANI, K",ALL INDIA ANNA DRAVIDA MUNNETRA KAZHAGAM,336,727,727
2021,MLA,29,430,301,,"VINOTH, E",BAHUJAN SAMAJ PARTY,1,727,727
2021,MLA,29,430,301,,"THANIGAIVEL, M",MAKKAL NEEDHI MAIAM,1,727,727
2021,MLA,29,430,301,,"PUSHPARAJ, D",NAAM TAMILAR KATCHI,41,727,727
2021,MLA,29,430,301,,"PERUMAL, R",AMMA MAKKAL MUNNETTRA KAZAGAM,8,727,727
2021,MLA,29,430,301,,"LOKESH, E",DESIYA MAKKAL SAKTHI KATCHI,0,727,727
2021,MLA,29,430,301,,"SAROJA, S",INDEPENDENT,0,727,727
2021,MLA,29,430,301,,"SUDHAKAR, P",INDEPENDENT,0,727,727
2021,MLA,29,430,301,,"DEVARAJAN, K",INDEPENDENT,0,727,727
2021,MLA,29,430,301,,"PARTHIBAN, M",INDEPENDENT,0,727,727
2021,MLA,29,430,301,,"LEENA, V",INDEPENDENT,0,727,727
2021,MLA,29,430,301,,"VASANTHI, E",INDEPENDENT,1,727,727
2021,MLA,29,430,301,,"VEDHAGIRI, R",INDEPENDENT,2,727,727
2021,MLA,29,430,301,,"VAIRAMUTHU, D",INDEPENDENT,0,727,727
2021,MLA,29,430,301,,NOTA,,1,727,727
2021,MLA,29,431,302,M,"SELVAPERUNTHAGAI, K",INDIAN NATIONAL CONGRESS,244,491,491
2021,MLA,29,431,302,M,"PALANI, K",ALL INDIA ANNA DRAVIDA MUNNETRA KAZHAGAM,191,491,491
2021,MLA,29,431,302,M,"VINOTH, E",BAHUJAN SAMAJ PARTY,1,491,491
2021,MLA,29,431,302,M,"THANIGAIVEL, M",MAKKAL NEEDHI MAIAM,3,491,491
2021,MLA,29,431,302,M,"PUSHPARAJ, D",NAAM TAMILAR KATCHI,49,491,491
2021,MLA,29,431,302,M,"PERUMAL, R",AMMA MAKKAL MUNNETTRA KAZAGAM,1,491,491
2021,MLA,29,431,302,M,"LOKESH, E",DESIYA MAKKAL SAKTHI KATCHI,0,491,491
2021,MLA,29,431,302,M,"SAROJA, S",INDEPENDENT,0,491,491
2021,MLA,29,431,302,M,"SUDHAKAR, P",INDEPENDENT,0,491,491
2021,MLA,29,431,302,M,"DEVARAJAN, K",INDEPENDENT,0,491,491
2021,MLA,29,431,302,M,"PARTHIBAN, M",INDEPENDENT,0,491,491
2021,MLA,29,431,302,M,"LEENA, V",INDEPENDENT,0,491,491
2021,MLA,29,431,302,M,"VASANTHI, E",INDEPENDENT,0,491,491
2021,MLA,29,431,302,M,"VEDHAGIRI, R",INDEPENDENT,1,491,491
2021,MLA,29,431,302,M,"VAIRAMUTHU, D",INDEPENDENT,1,491,491
2021,MLA,29,431,302,M,NOTA,,0,491,491
2021,MLA,29,432,302,A(W),"SELVAPERUNTHAGAI, K",INDIAN NATIONAL CONGRESS,239,486,486
2021,MLA,29,432,302,A(W),"PALANI, K",ALL INDIA ANNA DRAVIDA MUNNETRA KAZHAGAM,207,486,486
2021,MLA,29,432,302,A(W),"VINOTH, E",BAHUJAN SAMAJ PARTY,1,486,486
2021,MLA,29,432,302,A(W),"THANIGAIVEL, M",MAKKAL NEEDHI MAIAM,1,486,486
2021,MLA,29,432,302,A(W),"PUSHPARAJ, D",NAAM TAMILAR KATCHI,33,486,486
2021,MLA,29,432,302,A(W),"PERUMAL, R",AMMA MAKKAL MUNNETTRA KAZAGAM,0,486,486
2021,MLA,29,432,302,A(W),"LOKESH, E",DESIYA MAKKAL SAKTHI KATCHI,0,486,486
2021,MLA,29,432,302,A(W),"SAROJA, S",INDEPENDENT,0,486,486
2021,MLA,29,432,302,A(W),"SUDHAKAR, P",INDEPENDENT,0,486,486
2021,MLA,29,432,302,A(W),"DEVARAJAN, K",INDEPENDENT,0,486,486
2021,MLA,29,432,302,A(W),"PARTHIBAN, M",INDEPENDENT,0,486,486
2021,MLA,29,432,302,A(W),"LEENA, V",INDEPENDENT,0,486,486
2021,MLA,29,432,302,A(W),"VASANTHI, E",INDEPENDENT,0,486,486
2021,MLA,29,432,302,A(W),"VEDHAGIRI, R",INDEPENDENT,1,486,486
2021,MLA,29,432,302,A(W),"VAIRAMUTHU, D",INDEPENDENT,3,486,486
2021,MLA,29,432,302,A(W),NOTA,,1,486,486
2021,MLA,29,433,303,,"SELVAPERUNTHAGAI, K",INDIAN NATIONAL CONGRESS,290,662,662
2021,MLA,29,433,303,,"PALANI, K",ALL INDIA ANNA DRAVIDA MUNNETRA KAZHAGAM,249,662,662
2021,MLA,29,433,303,,"VINOTH, E",BAHUJAN SAMAJ PARTY,0,662,662
2021,MLA,29,433,303,,"THANIGAIVEL, M",MAKKAL NEEDHI MAIAM,9,662,662
2021,MLA,29,433,303,,"PUSHPARAJ, D",NAAM TAMILAR KATCHI,91,662,662
2021,MLA,29,433,303,,"PERUMAL, R",AMMA MAKKAL MUNNETTRA KAZAGAM,10,662,662
2021,MLA,29,433,303,,"LOKESH, E",DESIYA MAKKAL SAKTHI KATCHI,0,662,662
2021,MLA,29,433,303,,"SAROJA, S",INDEPENDENT,2,662,662
2021,MLA,29,433,303,,"SUDHAKAR, P",INDEPENDENT,0,662,662
2021,MLA,29,433,303,,"DEVARAJAN, K",INDEPENDENT,0,662,662
2021,MLA,29,433,303,,"PARTHIBAN, M",INDEPENDENT,0,662,662
2021,MLA,29,433,303,,"LEENA, V",INDEPENDENT,0,662,662
2021,MLA,29,433,303,,"VASANTHI, E",INDEPENDENT,0,662,662
2021,MLA,29,433,303,,"VEDHAGIRI, R",INDEPENDENT,0,662,662
2021,MLA,29,433,303,,"VAIRAMUTHU, D",INDEPENDENT,7,662,662
2021,MLA,29,433,303,,NOTA,,4,662,662
2021,MLA,29,434,304,,"SELVAPERUNTHAGAI, K",INDIAN NATIONAL CONGRESS,337,755,755
2021,MLA,29,434,304,,"PALANI, K",ALL INDIA ANNA DRAVIDA MUNNETRA KAZHAGAM,315,755,755
2021,MLA,29,434,304,,"VINOTH, E",BAHUJAN SAMAJ PARTY,1,755,755
2021,MLA,29,434,304,,"THANIGAIVEL, M",MAKKAL NEEDHI MAIAM,7,755,755
2021,MLA,29,434,304,,"PUSHPARAJ, D",NAAM TAMILAR KATCHI,74,755,755
2021,MLA,29,434,304,,"PERUMAL, R",AMMA MAKKAL MUNNETTRA KAZAGAM,10,755,755
2021,MLA,29,434,304,,"LOKESH, E",DESIYA MAKKAL SAKTHI KATCHI,0,755,755
2021,MLA,29,434,304,,"SAROJA, S",INDEPENDENT,0,755,755
2021,MLA,29,434,304,,"SUDHAKAR, P",INDEPENDENT,0,755,755
2021,MLA,29,434,304,,"DEVARAJAN, K",INDEPENDENT,0,755,755
2021,MLA,29,434,304,,"PARTHIBAN, M",INDEPENDENT,0,755,755
2021,MLA,29,434,304,,"LEENA, V",INDEPENDENT,0,755,755
2021,MLA,29,434,304,,"VASANTHI, E",INDEPENDENT,0,755,755
2021,MLA,29,434,304,,"VEDHAGIRI, R",INDEPENDENT,0,755,755
2021,MLA,29,434,304,,"VAIRAMUTHU, D",INDEPENDENT,5,755,755
2021,MLA,29,434,304,,NOTA,,6,755,755
2021,MLA,29,435,305,M,"SELVAPERUNTHAGAI, K",INDIAN NATIONAL CONGRESS,166,490,490
2021,MLA,29,435,305,M,"PALANI, K",ALL INDIA ANNA DRAVIDA MUNNETRA KAZHAGAM,216,490,490
2021,MLA,29,435,305,M,"VINOTH, E",BAHUJAN SAMAJ PARTY,1,490,490
2021,MLA,29,435,305,M,"THANIGAIVEL, M",MAKKAL NEEDHI MAIAM,2,490,490
2021,MLA,29,435,305,M,"PUSHPARAJ, D",NAAM TAMILAR KATCHI,68,490,490
2021,MLA,29,435,305,M,"PERUMAL, R",AMMA MAKKAL MUNNETTRA KAZAGAM,9,490,490
2021,MLA,29,435,305,M,"LOKESH, E",DESIYA MAKKAL SAKTHI KATCHI,0,490,490
2021,MLA,29,435,305,M,"SAROJA, S",INDEPENDENT,0,490,490
2021,MLA,29,435,305,M,"SUDHAKAR, P",INDEPENDENT,0,490,490
2021,MLA,29,435,305,M,"DEVARAJAN, K",INDEPENDENT,0,490,490
2021,MLA,29,435,305,M,"PARTHIBAN, M",INDEPENDENT,0,490,490
2021,MLA,29,435,305,M,"LEENA, V",INDEPENDENT,0,490,490
2021,MLA,29,435,305,M,"VASANTHI, E",INDEPENDENT,0,490,490
2021,MLA,29,435,305,M,"VEDHAGIRI, R",INDEPENDENT,0,490,490
2021,MLA,29,435,305,M,"VAIRAMUTHU, D",INDEPENDENT,25,490,490
2021,MLA,29,435,305,M,NOTA,,3,490,490
2021,MLA,29,436,305,A(W),"SELVAPERUNTHAGAI, K",INDIAN NATIONAL CONGRESS,159,483,483
2021,MLA,29,436,305,A(W),"PALANI, K",ALL INDIA ANNA DRAVIDA MUNNETRA KAZHAGAM,243,483,483
2021,MLA,29,436,305,A(W),"VINOTH, E",BAHUJAN SAMAJ PARTY,3,483,483
2021,MLA,29,436,305,A(W),"THANIGAIVEL, M",MAKKAL NEEDHI MAIAM,8,483,483
2021,MLA,29,436,305,A(W),"PUSHPARAJ, D",NAAM TAMILAR KATCHI,33,483,483
2021,MLA,29,436,305,A(W),"PERUMAL, R",AMMA MAKKAL MUNNETTRA KAZAGAM,8,483,483
2021,MLA,29,436,305,A(W),"LOKESH, E",DESIYA MAKKAL SAKTHI KATCHI,0,483,483
2021,MLA,29,436,305,A(W),"SAROJA, S",INDEPENDENT,0,483,483
2021,MLA,29,436,305,A(W),"SUDHAKAR, P",INDEPENDENT,1,483,483
2021,MLA,29,436,305,A(W),"DEVARAJAN, K",INDEPENDENT,0,483,483
2021,MLA,29,436,305,A(W),"PARTHIBAN, M",INDEPENDENT,2,483,483
2021,MLA,29,436,305,A(W),"LEENA, V",INDEPENDENT,0,483,483
2021,MLA,29,436,305,A(W),"VASANTHI, E",INDEPENDENT,1,483,483
2021,MLA,29,436,305,A(W),"VEDHAGIRI, R",INDEPENDENT,0,483,483
2021,MLA,29,436,305,A(W),"VAIRAMUTHU, D",INDEPENDENT,21,483,483
2021,MLA,29,436,305,A(W),NOTA,,4,483,483
2021,MLA,29,437,306,,"SELVAPERUNTHAGAI, K",INDIAN NATIONAL CONGRESS,235,525,525
2021,MLA,29,437,306,,"PALANI, K",ALL INDIA ANNA DRAVIDA MUNNETRA KAZHAGAM,203,525,525
2021,MLA,29,437,306,,"VINOTH, E",BAHUJAN SAMAJ PARTY,2,525,525
2021,MLA,29,437,306,,"THANIGAIVEL, M",MAKKAL NEEDHI MAIAM,6,525,525
2021,MLA,29,437,306,,"PUSHPARAJ, D",NAAM TAMILAR KATCHI,64,525,525
2021,MLA,29,437,306,,"PERUMAL, R",AMMA MAKKAL MUNNETTRA KAZAGAM,7,525,525
2021,MLA,29,437,306,,"LOKESH, E",DESIYA MAKKAL SAKTHI KATCHI,0,525,525
2021,MLA,29,437,306,,"SAROJA, S",INDEPENDENT,0,525,525
2021,MLA,29,437,306,,"SUDHAKAR, P",INDEPENDENT,2,525,525
2021,MLA,29,437,306,,"DEVARAJAN, K",INDEPENDENT,0,525,525
2021,MLA,29,437,306,,"PARTHIBAN, M",INDEPENDENT,0,525,525
2021,MLA,29,437,306,,"LEENA, V",INDEPENDENT,1,525,525
2021,MLA,29,437,306,,"VASANTHI, E",INDEPENDENT,0,525,525
2021,MLA,29,437,306,,"VEDHAGIRI, R",INDEPENDENT,0,525,525
2021,MLA,29,437,306,,"VAIRAMUTHU, D",INDEPENDENT,0,525,525
2021,MLA,29,437,306,,NOTA,,5,525,525
2021,MLA,29,438,307,,"SELVAPERUNTHAGAI, K",INDIAN NATIONAL CONGRESS,195,605,605
2021,MLA,29,438,307,,"PALANI, K",ALL INDIA ANNA DRAVIDA MUNNETRA KAZHAGAM,306,605,605
2021,MLA,29,438,307,,"VINOTH, E",BAHUJAN SAMAJ PARTY,4,605,605
2021,MLA,29,438,307,,"THANIGAIVEL, M",MAKKAL NEEDHI MAIAM,7,605,605
2021,MLA,29,438,307,,"PUSHPARAJ, D",NAAM TAMILAR KATCHI,76,605,605
2021,MLA,29,438,307,,"PERUMAL, R",AMMA MAKKAL MUNNETTRA KAZAGAM,7,605,605
2021,MLA,29,438,307,,"LOKESH, E",DESIYA MAKKAL SAKTHI KATCHI,0,605,605
2021,MLA,29,438,307,,"SAROJA, S",INDEPENDENT,1,605,605
2021,MLA,29,438,307,,"SUDHAKAR, P",INDEPENDENT,0,605,605
2021,MLA,29,438,307,,"DEVARAJAN, K",INDEPENDENT,0,605,605
2021,MLA,29,438,307,,"PARTHIBAN, M",INDEPENDENT,0,605,605
2021,MLA,29,438,307,,"LEENA, V",INDEPENDENT,1,605,605
2021,MLA,29,438,307,,"VASANTHI, E",INDEPENDENT,0,605,605
2021,MLA,29,438,307,,"VEDHAGIRI, R",INDEPENDENT,0,605,605
2021,MLA,29,438,307,,"VAIRAMUTHU, D",INDEPENDENT,2,605,605
2021,MLA,29,438,307,,NOTA,,6,605,605
2021,MLA,29,439,308,M,"SELVAPERUNTHAGAI, K",INDIAN NATIONAL CONGRESS,111,318,318
2021,MLA,29,439,308,M,"PALANI, K",ALL INDIA ANNA DRAVIDA MUNNETRA KAZHAGAM,138,318,318
2021,MLA,29,439,308,M,"VINOTH, E",BAHUJAN SAMAJ PARTY,4,318,318
2021,MLA,29,439,308,M,"THANIGAIVEL, M",MAKKAL NEEDHI MAIAM,10,318,318
2021,MLA,29,439,308,M,"PUSHPARAJ, D",NAAM TAMILAR KATCHI,48,318,318
2021,MLA,29,439,308,M,"PERUMAL, R",AMMA MAKKAL MUNNETTRA KAZAGAM,2,318,318
2021,MLA,29,439,308,M,"LOKESH, E",DESIYA MAKKAL SAKTHI KATCHI,1,318,318
2021,MLA,29,439,308,M,"SAROJA, S",INDEPENDENT,0,318,318
2021,MLA,29,439,308,M,"SUDHAKAR, P",INDEPENDENT,0,318,318
2021,MLA,29,439,308,M,"DEVARAJAN, K",INDEPENDENT,0,318,318
2021,MLA,29,439,308,M,"PARTHIBAN, M",INDEPENDENT,0,318,318
2021,MLA,29,439,308,M,"LEENA, V",INDEPENDENT,0,318,318
2021,MLA,29,439,308,M,"VASANTHI, E",INDEPENDENT,0,318,318
2021,MLA,29,439,308,M,"VEDHAGIRI, R",INDEPENDENT,0,318,318
2021,MLA,29,439,308,M,"VAIRAMUTHU, D",INDEPENDENT,0,318,318
2021,MLA,29,439,308,M,NOTA,,4,318,318
2021,MLA,29,440,308,A(W),"SELVAPERUNTHAGAI, K",INDIAN NATIONAL CONGRESS,133,419,419
2021,MLA,29,440,308,A(W),"PALANI, K",ALL INDIA ANNA DRAVIDA MUNNETRA KAZHAGAM,221,419,419
2021,MLA,29,440,308,A(W),"VINOTH, E",BAHUJAN SAMAJ PARTY,0,419,419
2021,MLA,29,440,308,A(W),"THANIGAIVEL, M",MAKKAL NEEDHI MAIAM,6,419,419
2021,MLA,29,440,308,A(W),"PUSHPARAJ, D",NAAM TAMILAR KATCHI,43,419,419
2021,MLA,29,440,308,A(W),"PERUMAL, R",AMMA MAKKAL MUNNETTRA KAZAGAM,3,419,419
2021,MLA,29,440,308,A(W),"LOKESH, E",DESIYA MAKKAL SAKTHI KATCHI,0,419,419
2021,MLA,29,440,308,A(W),"SAROJA, S",INDEPENDENT,0,419,419
2021,MLA,29,440,308,A(W),"SUDHAKAR, P",INDEPENDENT,0,419,419
2021,MLA,29,440,308,A(W),"DEVARAJAN, K",INDEPENDENT,0,419,419
2021,MLA,29,440,308,A(W),"PARTHIBAN, M",INDEPENDENT,0,419,419
2021,MLA,29,440,308,A(W),"LEENA, V",INDEPENDENT,0,419,419
2021,MLA,29,440,308,A(W),"VASANTHI, E",INDEPENDENT,0,419,419
2021,MLA,29,440,308,A(W),"VEDHAGIRI, R",INDEPENDENT,0,419,419
2021,MLA,29,440,308,A(W),"VAIRAMUTHU, D",INDEPENDENT,3,419,419
2021,MLA,29,440,308,A(W),NOTA,,10,419,419
2021,MLA,29,441,309,M,"SELVAPERUNTHAGAI, K",INDIAN NATIONAL CONGRESS,199,458,458
2021,MLA,29,441,309,M,"PALANI, K",ALL INDIA ANNA DRAVIDA MUNNETRA KAZHAGAM,163,458,458
2021,MLA,29,441,309,M,"VINOTH, E",BAHUJAN SAMAJ PARTY,0,458,458
2021,MLA,29,441,309,M,"THANIGAIVEL, M",MAKKAL NEEDHI MAIAM,12,458,458
2021,MLA,29,441,309,M,"PUSHPARAJ, D",NAAM TAMILAR KATCHI,72,458,458
2021,MLA,29,441,309,M,"PERUMAL, R",AMMA MAKKAL MUNNETTRA KAZAGAM,6,458,458
2021,MLA,29,441,309,M,"LOKESH, E",DESIYA MAKKAL SAKTHI KATCHI,0,458,458
2021,MLA,29,441,309,M,"SAROJA, S",INDEPENDENT,0,458,458
2021,MLA,29,441,309,M,"SUDHAKAR, P",INDEPENDENT,0,458,458
2021,MLA,29,441,309,M,"DEVARAJAN, K",INDEPENDENT,0,458,458
2021,MLA,29,441,309,M,"PARTHIBAN, M",INDEPENDENT,0,458,458
2021,MLA,29,441,309,M,"LEENA, V",INDEPENDENT,0,458,458
2021,MLA,29,441,309,M,"VASANTHI, E",INDEPENDENT,0,458,458
2021,MLA,29,441,309,M,"VEDHAGIRI, R",INDEPENDENT,0,458,458
2021,MLA,29,441,309,M,"VAIRAMUTHU, D",INDEPENDENT,1,458,458
2021,MLA,29,441,309,M,NOTA,,5,458,458
2021,MLA,29,442,309,A(W),"SELVAPERUNTHAGAI, K",INDIAN NATIONAL CONGRESS,210,449,449
2021,MLA,29,442,309,A(W),"PALANI, K",ALL INDIA ANNA DRAVIDA MUNNETRA KAZHAGAM,181,449,449
2021,MLA,29,442,309,A(W),"VINOTH, E",BAHUJAN SAMAJ PARTY,0,449,449
2021,MLA,29,442,309,A(W),"THANIGAIVEL, M",MAKKAL NEEDHI MAIAM,14,449,449
2021,MLA,29,442,309,A(W),"PUSHPARAJ, D",NAAM TAMILAR KATCHI,33,449,449
2021,MLA,29,442,309,A(W),"PERUMAL, R",AMMA MAKKAL MUNNETTRA KAZAGAM,5,449,449
2021,MLA,29,442,309,A(W),"LOKESH, E",DESIYA MAKKAL SAKTHI KATCHI,0,449,449
2021,MLA,29,442,309,A(W),"SAROJA, S",INDEPENDENT,0,449,449
2021,MLA,29,442,309,A(W),"SUDHAKAR, P",INDEPENDENT,0,449,449
2021,MLA,29,442,309,A(W),"DEVARAJAN, K",INDEPENDENT,1,449,449
2021,MLA,29,442,309,A(W),"PARTHIBAN, M",INDEPENDENT,0,449,449
2021,MLA,29,442,309,A(W),"LEENA, V",INDEPENDENT,0,449,449
2021,MLA,29,442,309,A(W),"VASANTHI, E",INDEPENDENT,0,449,449
2021,MLA,29,442,309,A(W),"VEDHAGIRI, R",INDEPENDENT,2,449,449
2021,MLA,29,442,309,A(W),"VAIRAMUTHU, D",INDEPENDENT,0,449,449
2021,MLA,29,442,309,A(W),NOTA,,3,449,449
2021,MLA,29,443,310,M,"SELVAPERUNTHAGAI, K",INDIAN NATIONAL CONGRESS,235,502,502
2021,MLA,29,443,310,M,"PALANI, K",ALL INDIA ANNA DRAVIDA MUNNETRA KAZHAGAM,195,502,502
2021,MLA,29,443,310,M,"VINOTH, E",BAHUJAN SAMAJ PARTY,1,502,502
2021,MLA,29,443,310,M,"THANIGAIVEL, M",MAKKAL NEEDHI MAIAM,8,502,502
2021,MLA,29,443,310,M,"PUSHPARAJ, D",NAAM TAMILAR KATCHI,52,502,502
2021,MLA,29,443,310,M,"PERUMAL, R",AMMA MAKKAL MUNNETTRA KAZAGAM,4,502,502
2021,MLA,29,443,310,M,"LOKESH, E",DESIYA MAKKAL SAKTHI KATCHI,1,502,502
2021,MLA,29,443,310,M,"SAROJA, S",INDEPENDENT,0,502,502
2021,MLA,29,443,310,M,"SUDHAKAR, P",INDEPENDENT,0,502,502
2021,MLA,29,443,310,M,"DEVARAJAN, K",INDEPENDENT,0,502,502
2021,MLA,29,443,310,M,"PARTHIBAN, M",INDEPENDENT,0,502,502
2021,MLA,29,443,310,M,"LEENA, V",INDEPENDENT,0,502,502
2021,MLA,29,443,310,M,"VASANTHI, E",INDEPENDENT,0,502,502
2021,MLA,29,443,310,M,"VEDHAGIRI, R",INDEPENDENT,1,502,502
2021,MLA,29,443,310,M,"VAIRAMUTHU, D",INDEPENDENT,3,502,502
2021,MLA,29,443,310,M,NOTA,,2,502,502
2021,MLA,29,444,310,A(W),"SELVAPERUNTHAGAI, K",INDIAN NATIONAL CONGRESS,239,479,479
2021,MLA,29,444,310,A(W),"PALANI, K",ALL INDIA ANNA DRAVIDA MUNNETRA KAZHAGAM,198,479,479
2021,MLA,29,444,310,A(W),"VINOTH, E",BAHUJAN SAMAJ PARTY,1,479,479
2021,MLA,29,444,310,A(W),"THANIGAIVEL, M",MAKKAL NEEDHI MAIAM,11,479,479
2021,MLA,29,444,310,A(W),"PUSHPARAJ, D",NAAM TAMILAR KATCHI,23,479,479
2021,MLA,29,444,310,A(W),"PERUMAL, R",AMMA MAKKAL MUNNETTRA KAZAGAM,3,479,479
2021,MLA,29,444,310,A(W),"LOKESH, E",DESIYA MAKKAL SAKTHI KATCHI,0,479,479
2021,MLA,29,444,310,A(W),"SAROJA, S",INDEPENDENT,0,479,479
2021,MLA,29,444,310,A(W),"SUDHAKAR, P",INDEPENDENT,0,479,479
2021,MLA,29,444,310,A(W),"DEVARAJAN, K",INDEPENDENT,0,479,479
2021,MLA,29,444,310,A(W),"PARTHIBAN, M",INDEPENDENT,0,479,479
2021,MLA,29,444,310,A(W),"LEENA, V",INDEPENDENT,0,479,479
2021,MLA,29,444,310,A(W),"VASANTHI, E",INDEPENDENT,0,479,479
2021,MLA,29,444,310,A(W),"VEDHAGIRI, R",INDEPENDENT,0,479,479
2021,MLA,29,444,310,A(W),"VAIRAMUTHU, D",INDEPENDENT,2,479,479
2021,MLA,29,444,310,A(W),NOTA,,2,479,479
2021,MLA,29,445,311,,"SELVAPERUNTHAGAI, K",INDIAN NATIONAL CONGRESS,314,622,622
2021,MLA,29,445,311,,"PALANI, K",ALL INDIA ANNA DRAVIDA MUNNETRA KAZHAGAM,221,622,622
2021,MLA,29,445,311,,"VINOTH, E",BAHUJAN SAMAJ PARTY,1,622,622
2021,MLA,29,445,311,,"THANIGAIVEL, M",MAKKAL NEEDHI MAIAM,14,622,622
2021,MLA,29,445,311,,"PUSHPARAJ, D",NAAM TAMILAR KATCHI,55,622,622
2021,MLA,29,445,311,,"PERUMAL, R",AMMA MAKKAL MUNNETTRA KAZAGAM,5,622,622
2021,MLA,29,445,311,,"LOKESH, E",DESIYA MAKKAL SAKTHI KATCHI,0,622,622
2021,MLA,29,445,311,,"SAROJA, S",INDEPENDENT,0,622,622
2021,MLA,29,445,311,,"SUDHAKAR, P",INDEPENDENT,0,622,622
2021,MLA,29,445,311,,"DEVARAJAN, K",INDEPENDENT,0,622,622
2021,MLA,29,445,311,,"PARTHIBAN, M",INDEPENDENT,0,622,622
2021,MLA,29,445,311,,"LEENA, V",INDEPENDENT,0,622,622
2021,MLA,29,445,311,,"VASANTHI, E",INDEPENDENT,0,622,622
2021,MLA,29,445,311,,"VEDHAGIRI, R",INDEPENDENT,1,622,622
2021,MLA,29,445,311,,"VAIRAMUTHU, D",INDEPENDENT,5,622,622
2021,MLA,29,445,311,,NOTA,,6,622,622
2021,MLA,29,446,312,,"SELVAPERUNTHAGAI, K",INDIAN NATIONAL CONGRESS,278,609,609
2021,MLA,29,446,312,,"PALANI, K",ALL INDIA ANNA DRAVIDA MUNNETRA KAZHAGAM,253,609,609
2021,MLA,29,446,312,,"VINOTH, E",BAHUJAN SAMAJ PARTY,0,609,609
2021,MLA,29,446,312,,"THANIGAIVEL, M",MAKKAL NEEDHI MAIAM,10,609,609
2021,MLA,29,446,312,,"PUSHPARAJ, D",NAAM TAMILAR KATCHI,56,609,609
2021,MLA,29,446,312,,"PERUMAL, R",AMMA MAKKAL MUNNETTRA KAZAGAM,2,609,609
2021,MLA,29,446,312,,"LOKESH, E",DESIYA MAKKAL SAKTHI KATCHI,0,609,609
2021,MLA,29,446,312,,"SAROJA, S",INDEPENDENT,0,609,609
2021,MLA,29,446,312,,"SUDHAKAR, P",INDEPENDENT,0,609,609
2021,MLA,29,446,312,,"DEVARAJAN, K",INDEPENDENT,0,609,609
2021,MLA,29,446,312,,"PARTHIBAN, M",INDEPENDENT,0,609,609
2021,MLA,29,446,312,,"LEENA, V",INDEPENDENT,0,609,609
2021,MLA,29,446,312,,"VASANTHI, E",INDEPENDENT,0,609,609
2021,MLA,29,446,312,,"VEDHAGIRI, R",INDEPENDENT,1,609,609
2021,MLA,29,446,312,,"VAIRAMUTHU, D",INDEPENDENT,5,609,609
2021,MLA,29,446,312,,NOTA,,4,609,609
2021,MLA,29,447,313,,"SELVAPERUNTHAGAI, K",INDIAN NATIONAL CONGRESS,383,724,724
2021,MLA,29,447,313,,"PALANI, K",ALL INDIA ANNA DRAVIDA MUNNETRA KAZHAGAM,251,724,724
2021,MLA,29,447,313,,"VINOTH, E",BAHUJAN SAMAJ PARTY,1,724,724
2021,MLA,29,447,313,,"THANIGAIVEL, M",MAKKAL NEEDHI MAIAM,18,724,724
2021,MLA,29,447,313,,"PUSHPARAJ, D",NAAM TAMILAR KATCHI,60,724,724
2021,MLA,29,447,313,,"PERUMAL, R",AMMA MAKKAL MUNNETTRA KAZAGAM,3,724,724
2021,MLA,29,447,313,,"LOKESH, E",DESIYA MAKKAL SAKTHI KATCHI,0,724,724
2021,MLA,29,447,313,,"SAROJA, S",INDEPENDENT,0,724,724
2021,MLA,29,447,313,,"SUDHAKAR, P",INDEPENDENT,0,724,724
2021,MLA,29,447,313,,"DEVARAJAN, K",INDEPENDENT,0,724,724
2021,MLA,29,447,313,,"PARTHIBAN, M",INDEPENDENT,0,724,724
2021,MLA,29,447,313,,"LEENA, V",INDEPENDENT,1,724,724
2021,MLA,29,447,313,,"VASANTHI, E",INDEPENDENT,0,724,724
2021,MLA,29,447,313,,"VEDHAGIRI, R",INDEPENDENT,0,724,724
2021,MLA,29,447,313,,"VAIRAMUTHU, D",INDEPENDENT,4,724,724
2021,MLA,29,447,313,,NOTA,,3,724,724
2021,MLA,29,448,314,M,"SELVAPERUNTHAGAI, K",INDIAN NATIONAL CONGRESS,233,433,433
2021,MLA,29,448,314,M,"PALANI, K",ALL INDIA ANNA DRAVIDA MUNNETRA KAZHAGAM,107,433,433
2021,MLA,29,448,314,M,"VINOTH, E",BAHUJAN SAMAJ PARTY,0,433,433
2021,MLA,29,448,314,M,"THANIGAIVEL, M",MAKKAL NEEDHI MAIAM,13,433,433
2021,MLA,29,448,314,M,"PUSHPARAJ, D",NAAM TAMILAR KATCHI,70,433,433
2021,MLA,29,448,314,M,"PERUMAL, R",AMMA MAKKAL MUNNETTRA KAZAGAM,7,433,433
2021,MLA,29,448,314,M,"LOKESH, E",DESIYA MAKKAL SAKTHI KATCHI,0,433,433
2021,MLA,29,448,314,M,"SAROJA, S",INDEPENDENT,0,433,433
2021,MLA,29,448,314,M,"SUDHAKAR, P",INDEPENDENT,0,433,433
2021,MLA,29,448,314,M,"DEVARAJAN, K",INDEPENDENT,0,433,433
2021,MLA,29,448,314,M,"PARTHIBAN, M",INDEPENDENT,0,433,433
2021,MLA,29,448,314,M,"LEENA, V",INDEPENDENT,0,433,433
2021,MLA,29,448,314,M,"VASANTHI, E",INDEPENDENT,0,433,433
2021,MLA,29,448,314,M,"VEDHAGIRI, R",INDEPENDENT,0,433,433
2021,MLA,29,448,314,M,"VAIRAMUTHU, D",INDEPENDENT,1,433,433
2021,MLA,29,448,314,M,NOTA,,2,433,433
2021,MLA,29,449,314,A(W),"SELVAPERUNTHAGAI, K",INDIAN NATIONAL CONGRESS,235,421,421
2021,MLA,29,449,314,A(W),"PALANI, K",ALL INDIA ANNA DRAVIDA MUNNETRA KAZHAGAM,129,421,421
2021,MLA,29,449,314,A(W),"VINOTH, E",BAHUJAN SAMAJ PARTY,0,421,421
2021,MLA,29,449,314,A(W),"THANIGAIVEL, M",MAKKAL NEEDHI MAIAM,11,421,421
2021,MLA,29,449,314,A(W),"PUSHPARAJ, D",NAAM TAMILAR KATCHI,41,421,421
2021,MLA,29,449,314,A(W),"PERUMAL, R",AMMA MAKKAL MUNNETTRA KAZAGAM,2,421,421
2021,MLA,29,449,314,A(W),"LOKESH, E",DESIYA MAKKAL SAKTHI KATCHI,0,421,421
2021,MLA,29,449,314,A(W),"SAROJA, S",INDEPENDENT,1,421,421
2021,MLA,29,449,314,A(W),"SUDHAKAR, P",INDEPENDENT,0,421,421
2021,MLA,29,449,314,A(W),"DEVARAJAN, K",INDEPENDENT,0,421,421
2021,MLA,29,449,314,A(W),"PARTHIBAN, M",INDEPENDENT,0,421,421
2021,MLA,29,449,314,A(W),"LEENA, V",INDEPENDENT,0,421,421
2021,MLA,29,449,314,A(W),"VASANTHI, E",INDEPENDENT,0,421,421
2021,MLA,29,449,314,A(W),"VEDHAGIRI, R",INDEPENDENT,0,421,421
2021,MLA,29,449,314,A(W),"VAIRAMUTHU, D",INDEPENDENT,0,421,421
2021,MLA,29,449,314,A(W),NOTA,,2,421,421
2021,MLA,29,450,315,,"SELVAPERUNTHAGAI, K",INDIAN NATIONAL CONGRESS,357,730,730
2021,MLA,29,450,315,,"PALANI, K",ALL INDIA ANNA DRAVIDA MUNNETRA KAZHAGAM,264,730,730
2021,MLA,29,450,315,,"VINOTH, E",BAHUJAN SAMAJ PARTY,1,730,730
2021,MLA,29,450,315,,"THANIGAIVEL, M",MAKKAL NEEDHI MAIAM,21,730,730
2021,MLA,29,450,315,,"PUSHPARAJ, D",NAAM TAMILAR KATCHI,77,730,730
2021,MLA,29,450,315,,"PERUMAL, R",AMMA MAKKAL MUNNETTRA KAZAGAM,2,730,730
2021,MLA,29,450,315,,"LOKESH, E",DESIYA MAKKAL SAKTHI KATCHI,0,730,730
2021,MLA,29,450,315,,"SAROJA, S",INDEPENDENT,0,730,730
2021,MLA,29,450,315,,"SUDHAKAR, P",INDEPENDENT,0,730,730
2021,MLA,29,450,315,,"DEVARAJAN, K",INDEPENDENT,0,730,730
2021,MLA,29,450,315,,"PARTHIBAN, M",INDEPENDENT,1,730,730
2021,MLA,29,450,315,,"LEENA, V",INDEPENDENT,0,730,730
2021,MLA,29,450,315,,"VASANTHI, E",INDEPENDENT,0,730,730
2021,MLA,29,450,315,,"VEDHAGIRI, R",INDEPENDENT,0,730,730
2021,MLA,29,450,315,,"VAIRAMUTHU, D",INDEPENDENT,0,730,730
2021,MLA,29,450,315,,NOTA,,7,730,730
2021,MLA,29,451,316,M,"SELVAPERUNTHAGAI, K",INDIAN NATIONAL CONGRESS,161,468,468
2021,MLA,29,451,316,M,"PALANI, K",ALL INDIA ANNA DRAVIDA MUNNETRA KAZHAGAM,209,468,468
2021,MLA,29,451,316,M,"VINOTH, E",BAHUJAN SAMAJ PARTY,0,468,468
2021,MLA,29,451,316,M,"THANIGAIVEL, M",MAKKAL NEEDHI MAIAM,22,468,468
2021,MLA,29,451,316,M,"PUSHPARAJ, D",NAAM TAMILAR KATCHI,64,468,468
2021,MLA,29,451,316,M,"PERUMAL, R",AMMA MAKKAL MUNNETTRA KAZAGAM,3,468,468
2021,MLA,29,451,316,M,"LOKESH, E",DESIYA MAKKAL SAKTHI KATCHI,0,468,468
2021,MLA,29,451,316,M,"SAROJA, S",INDEPENDENT,0,468,468
2021,MLA,29,451,316,M,"SUDHAKAR, P",INDEPENDENT,1,468,468
2021,MLA,29,451,316,M,"DEVARAJAN, K",INDEPENDENT,0,468,468
2021,MLA,29,451,316,M,"PARTHIBAN, M",INDEPENDENT,0,468,468
2021,MLA,29,451,316,M,"LEENA, V",INDEPENDENT,0,468,468
2021,MLA,29,451,316,M,"VASANTHI, E",INDEPENDENT,0,468,468
2021,MLA,29,451,316,M,"VEDHAGIRI, R",INDEPENDENT,0,468,468
2021,MLA,29,451,316,M,"VAIRAMUTHU, D",INDEPENDENT,2,468,468
2021,MLA,29,451,316,M,NOTA,,6,468,468
2021,MLA,29,452,316,A(W),"SELVAPERUNTHAGAI, K",INDIAN NATIONAL CONGRESS,167,473,473
2021,MLA,29,452,316,A(W),"PALANI, K",ALL INDIA ANNA DRAVIDA MUNNETRA KAZHAGAM,242,473,473
2021,MLA,29,452,316,A(W),"VINOTH, E",BAHUJAN SAMAJ PARTY,0,473,473
2021,MLA,29,452,316,A(W),"THANIGAIVEL, M",MAKKAL NEEDHI MAIAM,17,473,473
2021,MLA,29,452,316,A(W),"PUSHPARAJ, D",NAAM TAMILAR KATCHI,38,473,473
2021,MLA,29,452,316,A(W),"PERUMAL, R",AMMA MAKKAL MUNNETTRA KAZAGAM,1,473,473
2021,MLA,29,452,316,A(W),"LOKESH, E",DESIYA MAKKAL SAKTHI KATCHI,0,473,473
2021,MLA,29,452,316,A(W),"SAROJA, S",INDEPENDENT,1,473,473
2021,MLA,29,452,316,A(W),"SUDHAKAR, P",INDEPENDENT,0,473,473
2021,MLA,29,452,316,A(W),"DEVARAJAN, K",INDEPENDENT,0,473,473
2021,MLA,29,452,316,A(W),"PARTHIBAN, M",INDEPENDENT,0,473,473
2021,MLA,29,452,316,A(W),"LEENA, V",INDEPENDENT,0,473,473
2021,MLA,29,452,316,A(W),"VASANTHI, E",INDEPENDENT,0,473,473
2021,MLA,29,452,316,A(W),"VEDHAGIRI, R",INDEPENDENT,0,473,473
2021,MLA,29,452,316,A(W),"VAIRAMUTHU, D",INDEPENDENT,1,473,473
2021,MLA,29,452,316,A(W),NOTA,,6,473,473
2021,MLA,29,453,317,,"SELVAPERUNTHAGAI, K",INDIAN NATIONAL CONGRESS,325,654,654
2021,MLA,29,453,317,,"PALANI, K",ALL INDIA ANNA DRAVIDA MUNNETRA KAZHAGAM,211,654,654
2021,MLA,29,453,317,,"VINOTH, E",BAHUJAN SAMAJ PARTY,0,654,654
2021,MLA,29,453,317,,"THANIGAIVEL, M",MAKKAL NEEDHI MAIAM,25,654,654
2021,MLA,29,453,317,,"PUSHPARAJ, D",NAAM TAMILAR KATCHI,78,654,654
2021,MLA,29,453,317,,"PERUMAL, R",AMMA MAKKAL MUNNETTRA KAZAGAM,4,654,654
2021,MLA,29,453,317,,"LOKESH, E",DESIYA MAKKAL SAKTHI KATCHI,1,654,654
2021,MLA,29,453,317,,"SAROJA, S",INDEPENDENT,1,654,654
2021,MLA,29,453,317,,"SUDHAKAR, P",INDEPENDENT,1,654,654
2021,MLA,29,453,317,,"DEVARAJAN, K",INDEPENDENT,0,654,654
2021,MLA,29,453,317,,"PARTHIBAN, M",INDEPENDENT,0,654,654
2021,MLA,29,453,317,,"LEENA, V",INDEPENDENT,0,654,654
2021,MLA,29,453,317,,"VASANTHI, E",INDEPENDENT,0,654,654
2021,MLA,29,453,317,,"VEDHAGIRI, R",INDEPENDENT,0,654,654
2021,MLA,29,453,317,,"VAIRAMUTHU, D",INDEPENDENT,5,654,654
2021,MLA,29,453,317,,NOTA,,3,654,654
2021,MLA,29,454,318,,"SELVAPERUNTHAGAI, K",INDIAN NATIONAL CONGRESS,261,538,538
2021,MLA,29,454,318,,"PALANI, K",ALL INDIA ANNA DRAVIDA MUNNETRA KAZHAGAM,164,538,538
2021,MLA,29,454,318,,"VINOTH, E",BAHUJAN SAMAJ PARTY,1,538,538
2021,MLA,29,454,318,,"THANIGAIVEL, M",MAKKAL NEEDHI MAIAM,20,538,538
2021,MLA,29,454,318,,"PUSHPARAJ, D",NAAM TAMILAR KATCHI,84,538,538
2021,MLA,29,454,318,,"PERUMAL, R",AMMA MAKKAL MUNNETTRA KAZAGAM,0,538,538
2021,MLA,29,454,318,,"LOKESH, E",DESIYA MAKKAL SAKTHI KATCHI,0,538,538
2021,MLA,29,454,318,,"SAROJA, S",INDEPENDENT,0,538,538
2021,MLA,29,454,318,,"SUDHAKAR, P",INDEPENDENT,0,538,538
2021,MLA,29,454,318,,"DEVARAJAN, K",INDEPENDENT,1,538,538
2021,MLA,29,454,318,,"PARTHIBAN, M",INDEPENDENT,0,538,538
2021,MLA,29,454,318,,"LEENA, V",INDEPENDENT,0,538,538
2021,MLA,29,454,318,,"VASANTHI, E",INDEPENDENT,2,538,538
2021,MLA,29,454,318,,"VEDHAGIRI, R",INDEPENDENT,0,538,538
2021,MLA,29,454,318,,"VAIRAMUTHU, D",INDEPENDENT,0,538,538
2021,MLA,29,454,318,,NOTA,,5,538,538
2021,MLA,29,455,319,M,"SELVAPERUNTHAGAI, K",INDIAN NATIONAL CONGRESS,171,453,453
2021,MLA,29,455,319,M,"PALANI, K",ALL INDIA ANNA DRAVIDA MUNNETRA KAZHAGAM,217,453,453
2021,MLA,29,455,319,M,"VINOTH, E",BAHUJAN SAMAJ PARTY,2,453,453
2021,MLA,29,455,319,M,"THANIGAIVEL, M",MAKKAL NEEDHI MAIAM,9,453,453
2021,MLA,29,455,319,M,"PUSHPARAJ, D",NAAM TAMILAR KATCHI,49,453,453
2021,MLA,29,455,319,M,"PERUMAL, R",AMMA MAKKAL MUNNETTRA KAZAGAM,1,453,453
2021,MLA,29,455,319,M,"LOKESH, E",DESIYA MAKKAL SAKTHI KATCHI,0,453,453
2021,MLA,29,455,319,M,"SAROJA, S",INDEPENDENT,0,453,453
2021,MLA,29,455,319,M,"SUDHAKAR, P",INDEPENDENT,0,453,453
2021,MLA,29,455,319,M,"DEVARAJAN, K",INDEPENDENT,0,453,453
2021,MLA,29,455,319,M,"PARTHIBAN, M",INDEPENDENT,0,453,453
2021,MLA,29,455,319,M,"LEENA, V",INDEPENDENT,0,453,453
2021,MLA,29,455,319,M,"VASANTHI, E",INDEPENDENT,1,453,453
2021,MLA,29,455,319,M,"VEDHAGIRI, R",INDEPENDENT,1,453,453
2021,MLA,29,455,319,M,"VAIRAMUTHU, D",INDEPENDENT,2,453,453
2021,MLA,29,455,319,M,NOTA,,0,453,453
2021,MLA,29,456,319,A(W),"SELVAPERUNTHAGAI, K",INDIAN NATIONAL CONGRESS,166,435,435
2021,MLA,29,456,319,A(W),"PALANI, K",ALL INDIA ANNA DRAVIDA MUNNETRA KAZHAGAM,214,435,435
2021,MLA,29,456,319,A(W),"VINOTH, E",BAHUJAN SAMAJ PARTY,1,435,435
2021,MLA,29,456,319,A(W),"THANIGAIVEL, M",MAKKAL NEEDHI MAIAM,18,435,435
2021,MLA,29,456,319,A(W),"PUSHPARAJ, D",NAAM TAMILAR KATCHI,27,435,435
2021,MLA,29,456,319,A(W),"PERUMAL, R",AMMA MAKKAL MUNNETTRA KAZAGAM,2,435,435
2021,MLA,29,456,319,A(W),"LOKESH, E",DESIYA MAKKAL SAKTHI KATCHI,0,435,435
2021,MLA,29,456,319,A(W),"SAROJA, S",INDEPENDENT,0,435,435
2021,MLA,29,456,319,A(W),"SUDHAKAR, P",INDEPENDENT,0,435,435
2021,MLA,29,456,319,A(W),"DEVARAJAN, K",INDEPENDENT,1,435,435
2021,MLA,29,456,319,A(W),"PARTHIBAN, M",INDEPENDENT,0,435,435
2021,MLA,29,456,319,A(W),"LEENA, V",INDEPENDENT,0,435,435
2021,MLA,29,456,319,A(W),"VASANTHI, E",INDEPENDENT,0,435,435
2021,MLA,29,456,319,A(W),"VEDHAGIRI, R",INDEPENDENT,0,435,435
2021,MLA,29,456,319,A(W),"VAIRAMUTHU, D",INDEPENDENT,2,435,435
2021,MLA,29,456,319,A(W),NOTA,,4,435,435
2021,MLA,29,457,320,,"SELVAPERUNTHAGAI, K",INDIAN NATIONAL CONGRESS,279,703,703
2021,MLA,29,457,320,,"PALANI, K",ALL INDIA ANNA DRAVIDA MUNNETRA KAZHAGAM,303,703,703
2021,MLA,29,457,320,,"VINOTH, E",BAHUJAN SAMAJ PARTY,1,703,703
2021,MLA,29,457,320,,"THANIGAIVEL, M",MAKKAL NEEDHI MAIAM,18,703,703
2021,MLA,29,457,320,,"PUSHPARAJ, D",NAAM TAMILAR KATCHI,62,703,703
2021,MLA,29,457,320,,"PERUMAL, R",AMMA MAKKAL MUNNETTRA KAZAGAM,5,703,703
2021,MLA,29,457,320,,"LOKESH, E",DESIYA MAKKAL SAKTHI KATCHI,0,703,703
2021,MLA,29,457,320,,"SAROJA, S",INDEPENDENT,0,703,703
2021,MLA,29,457,320,,"SUDHAKAR, P",INDEPENDENT,0,703,703
2021,MLA,29,457,320,,"DEVARAJAN, K",INDEPENDENT,1,703,703
2021,MLA,29,457,320,,"PARTHIBAN, M",INDEPENDENT,0,703,703
2021,MLA,29,457,320,,"LEENA, V",INDEPENDENT,3,703,703
2021,MLA,29,457,320,,"VASANTHI, E",INDEPENDENT,0,703,703
2021,MLA,29,457,320,,"VEDHAGIRI, R",INDEPENDENT,1,703,703
2021,MLA,29,457,320,,"VAIRAMUTHU, D",INDEPENDENT,18,703,703
2021,MLA,29,457,320,,NOTA,,12,703,703
2021,MLA,29,458,321,,"SELVAPERUNTHAGAI, K",INDIAN NATIONAL CONGRESS,184,496,496
2021,MLA,29,458,321,,"PALANI, K",ALL INDIA ANNA DRAVIDA MUNNETRA KAZHAGAM,255,496,496
2021,MLA,29,458,321,,"VINOTH, E",BAHUJAN SAMAJ PARTY,1,496,496
2021,MLA,29,458,321,,"THANIGAIVEL, M",MAKKAL NEEDHI MAIAM,7,496,496
2021,MLA,29,458,321,,"PUSHPARAJ, D",NAAM TAMILAR KATCHI,37,496,496
2021,MLA,29,458,321,,"PERUMAL, R",AMMA MAKKAL MUNNETTRA KAZAGAM,1,496,496
2021,MLA,29,458,321,,"LOKESH, E",DESIYA MAKKAL SAKTHI KATCHI,0,496,496
2021,MLA,29,458,321,,"SAROJA, S",INDEPENDENT,0,496,496
2021,MLA,29,458,321,,"SUDHAKAR, P",INDEPENDENT,0,496,496
2021,MLA,29,458,321,,"DEVARAJAN, K",INDEPENDENT,0,496,496
2021,MLA,29,458,321,,"PARTHIBAN, M",INDEPENDENT,0,496,496
2021,MLA,29,458,321,,"LEENA, V",INDEPENDENT,1,496,496
2021,MLA,29,458,321,,"VASANTHI, E",INDEPENDENT,0,496,496
2021,MLA,29,458,321,,"VEDHAGIRI, R",INDEPENDENT,0,496,496
2021,MLA,29,458,321,,"VAIRAMUTHU, D",INDEPENDENT,4,496,496
2021,MLA,29,458,321,,NOTA,,6,496,496
2021,MLA,29,459,322,,"SELVAPERUNTHAGAI, K",INDIAN NATIONAL CONGRESS,371,747,747
2021,MLA,29,459,322,,"PALANI, K",ALL INDIA ANNA DRAVIDA MUNNETRA KAZHAGAM,286,747,747
2021,MLA,29,459,322,,"VINOTH, E",BAHUJAN SAMAJ PARTY,1,747,747
2021,MLA,29,459,322,,"THANIGAIVEL, M",MAKKAL NEEDHI MAIAM,20,747,747
2021,MLA,29,459,322,,"PUSHPARAJ, D",NAAM TAMILAR KATCHI,57,747,747
2021,MLA,29,459,322,,"PERUMAL, R",AMMA MAKKAL MUNNETTRA KAZAGAM,2,747,747
2021,MLA,29,459,322,,"LOKESH, E",DESIYA MAKKAL SAKTHI KATCHI,0,747,747
2021,MLA,29,459,322,,"SAROJA, S",INDEPENDENT,0,747,747
2021,MLA,29,459,322,,"SUDHAKAR, P",INDEPENDENT,1,747,747
2021,MLA,29,459,322,,"DEVARAJAN, K",INDEPENDENT,1,747,747
2021,MLA,29,459,322,,"PARTHIBAN, M",INDEPENDENT,1,747,747
2021,MLA,29,459,322,,"LEENA, V",INDEPENDENT,0,747,747
2021,MLA,29,459,322,,"VASANTHI, E",INDEPENDENT,0,747,747
2021,MLA,29,459,322,,"VEDHAGIRI, R",INDEPENDENT,0,747,747
2021,MLA,29,459,322,,"VAIRAMUTHU, D",INDEPENDENT,3,747,747
2021,MLA,29,459,322,,NOTA,,4,747,747
2021,MLA,29,460,323,,"SELVAPERUNTHAGAI, K",INDIAN NATIONAL CONGRESS,365,832,832
2021,MLA,29,460,323,,"PALANI, K",ALL INDIA ANNA DRAVIDA MUNNETRA KAZHAGAM,363,832,832
2021,MLA,29,460,323,,"VINOTH, E",BAHUJAN SAMAJ PARTY,2,832,832
2021,MLA,29,460,323,,"THANIGAIVEL, M",MAKKAL NEEDHI MAIAM,14,832,832
2021,MLA,29,460,323,,"PUSHPARAJ, D",NAAM TAMILAR KATCHI,66,832,832
2021,MLA,29,460,323,,"PERUMAL, R",AMMA MAKKAL MUNNETTRA KAZAGAM,7,832,832
2021,MLA,29,460,323,,"LOKESH, E",DESIYA MAKKAL SAKTHI KATCHI,0,832,832
2021,MLA,29,460,323,,"SAROJA, S",INDEPENDENT,2,832,832
2021,MLA,29,460,323,,"SUDHAKAR, P",INDEPENDENT,0,832,832
2021,MLA,29,460,323,,"DEVARAJAN, K",INDEPENDENT,0,832,832
2021,MLA,29,460,323,,"PARTHIBAN, M",INDEPENDENT,1,832,832
2021,MLA,29,460,323,,"LEENA, V",INDEPENDENT,0,832,832
2021,MLA,29,460,323,,"VASANTHI, E",INDEPENDENT,0,832,832
2021,MLA,29,460,323,,"VEDHAGIRI, R",INDEPENDENT,0,832,832
2021,MLA,29,460,323,,"VAIRAMUTHU, D",INDEPENDENT,4,832,832
2021,MLA,29,460,323,,NOTA,,8,832,832
2021,MLA,29,461,324,,"SELVAPERUNTHAGAI, K",INDIAN NATIONAL CONGRESS,247,504,504
2021,MLA,29,461,324,,"PALANI, K",ALL INDIA ANNA DRAVIDA MUNNETRA KAZHAGAM,164,504,504
2021,MLA,29,461,324,,"VINOTH, E",BAHUJAN SAMAJ PARTY,0,504,504
2021,MLA,29,461,324,,"THANIGAIVEL, M",MAKKAL NEEDHI MAIAM,25,504,504
2021,MLA,29,461,324,,"PUSHPARAJ, D",NAAM TAMILAR KATCHI,58,504,504
2021,MLA,29,461,324,,"PERUMAL, R",AMMA MAKKAL MUNNETTRA KAZAGAM,4,504,504
2021,MLA,29,461,324,,"LOKESH, E",DESIYA MAKKAL SAKTHI KATCHI,0,504,504
2021,MLA,29,461,324,,"SAROJA, S",INDEPENDENT,0,504,504
2021,MLA,29,461,324,,"SUDHAKAR, P",INDEPENDENT,0,504,504
2021,MLA,29,461,324,,"DEVARAJAN, K",INDEPENDENT,0,504,504
2021,MLA,29,461,324,,"PARTHIBAN, M",INDEPENDENT,0,504,504
2021,MLA,29,461,324,,"LEENA, V",INDEPENDENT,0,504,504
2021,MLA,29,461,324,,"VASANTHI, E",INDEPENDENT,0,504,504
2021,MLA,29,461,324,,"VEDHAGIRI, R",INDEPENDENT,0,504,504
2021,MLA,29,461,324,,"VAIRAMUTHU, D",INDEPENDENT,2,504,504
2021,MLA,29,461,324,,NOTA,,4,504,504
2021,MLA,29,462,325,,"SELVAPERUNTHAGAI, K",INDIAN NATIONAL CONGRESS,230,487,487
2021,MLA,29,462,325,,"PALANI, K",ALL INDIA ANNA DRAVIDA MUNNETRA KAZHAGAM,155,487,487
2021,MLA,29,462,325,,"VINOTH, E",BAHUJAN SAMAJ PARTY,2,487,487
2021,MLA,29,462,325,,"THANIGAIVEL, M",MAKKAL NEEDHI MAIAM,37,487,487
2021,MLA,29,462,325,,"PUSHPARAJ, D",NAAM TAMILAR KATCHI,53,487,487
2021,MLA,29,462,325,,"PERUMAL, R",AMMA MAKKAL MUNNETTRA KAZAGAM,7,487,487
2021,MLA,29,462,325,,"LOKESH, E",DESIYA MAKKAL SAKTHI KATCHI,0,487,487
2021,MLA,29,462,325,,"SAROJA, S",INDEPENDENT,0,487,487
2021,MLA,29,462,325,,"SUDHAKAR, P",INDEPENDENT,0,487,487
2021,MLA,29,462,325,,"DEVARAJAN, K",INDEPENDENT,0,487,487
2021,MLA,29,462,325,,"PARTHIBAN, M",INDEPENDENT,0,487,487
2021,MLA,29,462,325,,"LEENA, V",INDEPENDENT,0,487,487
2021,MLA,29,462,325,,"VASANTHI, E",INDEPENDENT,0,487,487
2021,MLA,29,462,325,,"VEDHAGIRI, R",INDEPENDENT,0,487,487
2021,MLA,29,462,325,,"VAIRAMUTHU, D",INDEPENDENT,1,487,487
2021,MLA,29,462,325,,NOTA,,2,487,487
2021,MLA,29,463,326,,"SELVAPERUNTHAGAI, K",INDIAN NATIONAL CONGRESS,265,517,517
2021,MLA,29,463,326,,"PALANI, K",ALL INDIA ANNA DRAVIDA MUNNETRA KAZHAGAM,171,517,517
2021,MLA,29,463,326,,"VINOTH, E",BAHUJAN SAMAJ PARTY,0,517,517
2021,MLA,29,463,326,,"THANIGAIVEL, M",MAKKAL NEEDHI MAIAM,31,517,517
2021,MLA,29,463,326,,"PUSHPARAJ, D",NAAM TAMILAR KATCHI,41,517,517
2021,MLA,29,463,326,,"PERUMAL, R",AMMA MAKKAL MUNNETTRA KAZAGAM,3,517,517
2021,MLA,29,463,326,,"LOKESH, E",DESIYA MAKKAL SAKTHI KATCHI,0,517,517
2021,MLA,29,463,326,,"SAROJA, S",INDEPENDENT,0,517,517
2021,MLA,29,463,326,,"SUDHAKAR, P",INDEPENDENT,1,517,517
2021,MLA,29,463,326,,"DEVARAJAN, K",INDEPENDENT,0,517,517
2021,MLA,29,463,326,,"PARTHIBAN, M",INDEPENDENT,0,517,517
2021,MLA,29,463,326,,"LEENA, V",INDEPENDENT,0,517,517
2021,MLA,29,463,326,,"VASANTHI, E",INDEPENDENT,0,517,517
2021,MLA,29,463,326,,"VEDHAGIRI, R",INDEPENDENT,0,517,517
2021,MLA,29,463,326,,"VAIRAMUTHU, D",INDEPENDENT,0,517,517
2021,MLA,29,463,326,,NOTA,,5,517,517
2021,MLA,29,464,327,,"SELVAPERUNTHAGAI, K",INDIAN NATIONAL CONGRESS,223,465,465
2021,MLA,29,464,327,,"PALANI, K",ALL INDIA ANNA DRAVIDA MUNNETRA KAZHAGAM,158,465,465
2021,MLA,29,464,327,,"VINOTH, E",BAHUJAN SAMAJ PARTY,0,465,465
2021,MLA,29,464,327,,"THANIGAIVEL, M",MAKKAL NEEDHI MAIAM,28,465,465
2021,MLA,29,464,327,,"PUSHPARAJ, D",NAAM TAMILAR KATCHI,42,465,465
2021,MLA,29,464,327,,"PERUMAL, R",AMMA MAKKAL MUNNETTRA KAZAGAM,6,465,465
2021,MLA,29,464,327,,"LOKESH, E",DESIYA MAKKAL SAKTHI KATCHI,0,465,465
2021,MLA,29,464,327,,"SAROJA, S",INDEPENDENT,0,465,465
2021,MLA,29,464,327,,"SUDHAKAR, P",INDEPENDENT,0,465,465
2021,MLA,29,464,327,,"DEVARAJAN, K",INDEPENDENT,0,465,465
2021,MLA,29,464,327,,"PARTHIBAN, M",INDEPENDENT,0,465,465
2021,MLA,29,464,327,,"LEENA, V",INDEPENDENT,0,465,465
2021,MLA,29,464,327,,"VASANTHI, E",INDEPENDENT,0,465,465
2021,MLA,29,464,327,,"VEDHAGIRI, R",INDEPENDENT,0,465,465
2021,MLA,29,464,327,,"VAIRAMUTHU, D",INDEPENDENT,5,465,465
2021,MLA,29,464,327,,NOTA,,3,465,465
2021,MLA,29,465,328,,"SELVAPERUNTHAGAI, K",INDIAN NATIONAL CONGRESS,260,548,548
2021,MLA,29,465,328,,"PALANI, K",ALL INDIA ANNA DRAVIDA MUNNETRA KAZHAGAM,196,548,548
2021,MLA,29,465,328,,"VINOTH, E",BAHUJAN SAMAJ PARTY,2,548,548
2021,MLA,29,465,328,,"THANIGAIVEL, M",MAKKAL NEEDHI MAIAM,17,548,548
2021,MLA,29,465,328,,"PUSHPARAJ, D",NAAM TAMILAR KATCHI,59,548,548
2021,MLA,29,465,328,,"PERUMAL, R",AMMA MAKKAL MUNNETTRA KAZAGAM,3,548,548
2021,MLA,29,465,328,,"LOKESH, E",DESIYA MAKKAL SAKTHI KATCHI,1,548,548
2021,MLA,29,465,328,,"SAROJA, S",INDEPENDENT,0,548,548
2021,MLA,29,465,328,,"SUDHAKAR, P",INDEPENDENT,0,548,548
2021,MLA,29,465,328,,"DEVARAJAN, K",INDEPENDENT,0,548,548
2021,MLA,29,465,328,,"PARTHIBAN, M",INDEPENDENT,0,548,548
2021,MLA,29,465,328,,"LEENA, V",INDEPENDENT,0,548,548
2021,MLA,29,465,328,,"VASANTHI, E",INDEPENDENT,0,548,548
2021,MLA,29,465,328,,"VEDHAGIRI, R",INDEPENDENT,0,548,548
2021,MLA,29,465,328,,"VAIRAMUTHU, D",INDEPENDENT,3,548,548
2021,MLA,29,465,328,,NOTA,,7,548,548
2021,MLA,29,466,329,,"SELVAPERUNTHAGAI, K",INDIAN NATIONAL CONGRESS,298,560,560
2021,MLA,29,466,329,,"PALANI, K",ALL INDIA ANNA DRAVIDA MUNNETRA KAZHAGAM,171,560,560
2021,MLA,29,466,329,,"VINOTH, E",BAHUJAN SAMAJ PARTY,0,560,560
2021,MLA,29,466,329,,"THANIGAIVEL, M",MAKKAL NEEDHI MAIAM,22,560,560
2021,MLA,29,466,329,,"PUSHPARAJ, D",NAAM TAMILAR KATCHI,52,560,560
2021,MLA,29,466,329,,"PERUMAL, R",AMMA MAKKAL MUNNETTRA KAZAGAM,6,560,560
2021,MLA,29,466,329,,"LOKESH, E",DESIYA MAKKAL SAKTHI KATCHI,1,560,560
2021,MLA,29,466,329,,"SAROJA, S",INDEPENDENT,0,560,560
2021,MLA,29,466,329,,"SUDHAKAR, P",INDEPENDENT,1,560,560
2021,MLA,29,466,329,,"DEVARAJAN, K",INDEPENDENT,0,560,560
2021,MLA,29,466,329,,"PARTHIBAN, M",INDEPENDENT,0,560,560
2021,MLA,29,466,329,,"LEENA, V",INDEPENDENT,2,560,560
2021,MLA,29,466,329,,"VASANTHI, E",INDEPENDENT,0,560,560
2021,MLA,29,466,329,,"VEDHAGIRI, R",INDEPENDENT,0,560,560
2021,MLA,29,466,329,,"VAIRAMUTHU, D",INDEPENDENT,3,560,560
2021,MLA,29,466,329,,NOTA,,4,560,560
2021,MLA,29,467,330,,"SELVAPERUNTHAGAI, K",INDIAN NATIONAL CONGRESS,315,618,618
2021,MLA,29,467,330,,"PALANI, K",ALL INDIA ANNA DRAVIDA MUNNETRA KAZHAGAM,209,618,618
2021,MLA,29,467,330,,"VINOTH, E",BAHUJAN SAMAJ PARTY,2,618,618
2021,MLA,29,467,330,,"THANIGAIVEL, M",MAKKAL NEEDHI MAIAM,12,618,618
2021,MLA,29,467,330,,"PUSHPARAJ, D",NAAM TAMILAR KATCHI,57,618,618
2021,MLA,29,467,330,,"PERUMAL, R",AMMA MAKKAL MUNNETTRA KAZAGAM,3,618,618
2021,MLA,29,467,330,,"LOKESH, E",DESIYA MAKKAL SAKTHI KATCHI,1,618,618
2021,MLA,29,467,330,,"SAROJA, S",INDEPENDENT,0,618,618
2021,MLA,29,467,330,,"SUDHAKAR, P",INDEPENDENT,0,618,618
2021,MLA,29,467,330,,"DEVARAJAN, K",INDEPENDENT,0,618,618
2021,MLA,29,467,330,,"PARTHIBAN, M",INDEPENDENT,0,618,618
2021,MLA,29,467,330,,"LEENA, V",INDEPENDENT,0,618,618
2021,MLA,29,467,330,,"VASANTHI, E",INDEPENDENT,1,618,618
2021,MLA,29,467,330,,"VEDHAGIRI, R",INDEPENDENT,0,618,618
2021,MLA,29,467,330,,"VAIRAMUTHU, D",INDEPENDENT,10,618,618
2021,MLA,29,467,330,,NOTA,,8,618,618
2021,MLA,29,468,331,M,"SELVAPERUNTHAGAI, K",INDIAN NATIONAL CONGRESS,208,423,423
2021,MLA,29,468,331,M,"PALANI, K",ALL INDIA ANNA DRAVIDA MUNNETRA KAZHAGAM,139,423,423
2021,MLA,29,468,331,M,"VINOTH, E",BAHUJAN SAMAJ PARTY,0,423,423
2021,MLA,29,468,331,M,"THANIGAIVEL, M",MAKKAL NEEDHI MAIAM,19,423,423
2021,MLA,29,468,331,M,"PUSHPARAJ, D",NAAM TAMILAR KATCHI,51,423,423
2021,MLA,29,468,331,M,"PERUMAL, R",AMMA MAKKAL MUNNETTRA KAZAGAM,5,423,423
2021,MLA,29,468,331,M,"LOKESH, E",DESIYA MAKKAL SAKTHI KATCHI,0,423,423
2021,MLA,29,468,331,M,"SAROJA, S",INDEPENDENT,0,423,423
2021,MLA,29,468,331,M,"SUDHAKAR, P",INDEPENDENT,0,423,423
2021,MLA,29,468,331,M,"DEVARAJAN, K",INDEPENDENT,0,423,423
2021,MLA,29,468,331,M,"PARTHIBAN, M",INDEPENDENT,0,423,423
2021,MLA,29,468,331,M,"LEENA, V",INDEPENDENT,0,423,423
2021,MLA,29,468,331,M,"VASANTHI, E",INDEPENDENT,0,423,423
2021,MLA,29,468,331,M,"VEDHAGIRI, R",INDEPENDENT,0,423,423
2021,MLA,29,468,331,M,"VAIRAMUTHU, D",INDEPENDENT,1,423,423
2021,MLA,29,468,331,M,NOTA,,0,423,423
2021,MLA,29,469,331,A(W),"SELVAPERUNTHAGAI, K",INDIAN NATIONAL CONGRESS,187,448,448
2021,MLA,29,469,331,A(W),"PALANI, K",ALL INDIA ANNA DRAVIDA MUNNETRA KAZHAGAM,194,448,448
2021,MLA,29,469,331,A(W),"VINOTH, E",BAHUJAN SAMAJ PARTY,1,448,448
2021,MLA,29,469,331,A(W),"THANIGAIVEL, M",MAKKAL NEEDHI MAIAM,19,448,448
2021,MLA,29,469,331,A(W),"PUSHPARAJ, D",NAAM TAMILAR KATCHI,38,448,448
2021,MLA,29,469,331,A(W),"PERUMAL, R",AMMA MAKKAL MUNNETTRA KAZAGAM,3,448,448
2021,MLA,29,469,331,A(W),"LOKESH, E",DESIYA MAKKAL SAKTHI KATCHI,0,448,448
2021,MLA,29,469,331,A(W),"SAROJA, S",INDEPENDENT,0,448,448
2021,MLA,29,469,331,A(W),"SUDHAKAR, P",INDEPENDENT,0,448,448
2021,MLA,29,469,331,A(W),"DEVARAJAN, K",INDEPENDENT,0,448,448
2021,MLA,29,469,331,A(W),"PARTHIBAN, M",INDEPENDENT,0,448,448
2021,MLA,29,469,331,A(W),"LEENA, V",INDEPENDENT,0,448,448
2021,MLA,29,469,331,A(W),"VASANTHI, E",INDEPENDENT,1,448,448
2021,MLA,29,469,331,A(W),"VEDHAGIRI, R",INDEPENDENT,0,448,448
2021,MLA,29,469,331,A(W),"VAIRAMUTHU, D",INDEPENDENT,1,448,448
2021,MLA,29,469,331,A(W),NOTA,,4,448,448
2021,MLA,29,470,332,,"SELVAPERUNTHAGAI, K",INDIAN NATIONAL CONGRESS,184,426,426
2021,MLA,29,470,332,,"PALANI, K",ALL INDIA ANNA DRAVIDA MUNNETRA KAZHAGAM,176,426,426
2021,MLA,29,470,332,,"VINOTH, E",BAHUJAN SAMAJ PARTY,1,426,426
2021,MLA,29,470,332,,"THANIGAIVEL, M",MAKKAL NEEDHI MAIAM,30,426,426
2021,MLA,29,470,332,,"PUSHPARAJ, D",NAAM TAMILAR KATCHI,24,426,426
2021,MLA,29,470,332,,"PERUMAL, R",AMMA MAKKAL MUNNETTRA KAZAGAM,1,426,426
2021,MLA,29,470,332,,"LOKESH, E",DESIYA MAKKAL SAKTHI KATCHI,0,426,426
2021,MLA,29,470,332,,"SAROJA, S",INDEPENDENT,0,426,426
2021,MLA,29,470,332,,"SUDHAKAR, P",INDEPENDENT,0,426,426
2021,MLA,29,470,332,,"DEVARAJAN, K",INDEPENDENT,1,426,426
2021,MLA,29,470,332,,"PARTHIBAN, M",INDEPENDENT,0,426,426
2021,MLA,29,470,332,,"LEENA, V",INDEPENDENT,1,426,426
2021,MLA,29,470,332,,"VASANTHI, E",INDEPENDENT,0,426,426
2021,MLA,29,470,332,,"VEDHAGIRI, R",INDEPENDENT,0,426,426
2021,MLA,29,470,332,,"VAIRAMUTHU, D",INDEPENDENT,6,426,426
2021,MLA,29,470,332,,NOTA,,2,426,426
2021,MLA,29,471,333,M,"SELVAPERUNTHAGAI, K",INDIAN NATIONAL CONGRESS,212,451,451
2021,MLA,29,471,333,M,"PALANI, K",ALL INDIA ANNA DRAVIDA MUNNETRA KAZHAGAM,138,451,451
2021,MLA,29,471,333,M,"VINOTH, E",BAHUJAN SAMAJ PARTY,0,451,451
2021,MLA,29,471,333,M,"THANIGAIVEL, M",MAKKAL NEEDHI MAIAM,25,451,451
2021,MLA,29,471,333,M,"PUSHPARAJ, D",NAAM TAMILAR KATCHI,61,451,451
2021,MLA,29,471,333,M,"PERUMAL, R",AMMA MAKKAL MUNNETTRA KAZAGAM,8,451,451
2021,MLA,29,471,333,M,"LOKESH, E",DESIYA MAKKAL SAKTHI KATCHI,0,451,451
2021,MLA,29,471,333,M,"SAROJA, S",INDEPENDENT,1,451,451
2021,MLA,29,471,333,M,"SUDHAKAR, P",INDEPENDENT,0,451,451
2021,MLA,29,471,333,M,"DEVARAJAN, K",INDEPENDENT,0,451,451
2021,MLA,29,471,333,M,"PARTHIBAN, M",INDEPENDENT,0,451,451
2021,MLA,29,471,333,M,"LEENA, V",INDEPENDENT,0,451,451
2021,MLA,29,471,333,M,"VASANTHI, E",INDEPENDENT,0,451,451
2021,MLA,29,471,333,M,"VEDHAGIRI, R",INDEPENDENT,0,451,451
2021,MLA,29,471,333,M,"VAIRAMUTHU, D",INDEPENDENT,2,451,451
2021,MLA,29,471,333,M,NOTA,,4,451,451
2021,MLA,29,472,333,A(W),"SELVAPERUNTHAGAI, K",INDIAN NATIONAL CONGRESS,228,462,462
2021,MLA,29,472,333,A(W),"PALANI, K",ALL INDIA ANNA DRAVIDA MUNNETRA KAZHAGAM,165,462,462
2021,MLA,29,472,333,A(W),"VINOTH, E",BAHUJAN SAMAJ PARTY,0,462,462
2021,MLA,29,472,333,A(W),"THANIGAIVEL, M",MAKKAL NEEDHI MAIAM,29,462,462
2021,MLA,29,472,333,A(W),"PUSHPARAJ, D",NAAM TAMILAR KATCHI,33,462,462
2021,MLA,29,472,333,A(W),"PERUMAL, R",AMMA MAKKAL MUNNETTRA KAZAGAM,2,462,462
2021,MLA,29,472,333,A(W),"LOKESH, E",DESIYA MAKKAL SAKTHI KATCHI,0,462,462
2021,MLA,29,472,333,A(W),"SAROJA, S",INDEPENDENT,0,462,462
2021,MLA,29,472,333,A(W),"SUDHAKAR, P",INDEPENDENT,0,462,462
2021,MLA,29,472,333,A(W),"DEVARAJAN, K",INDEPENDENT,0,462,462
2021,MLA,29,472,333,A(W),"PARTHIBAN, M",INDEPENDENT,0,462,462
2021,MLA,29,472,333,A(W),"LEENA, V",INDEPENDENT,1,462,462
2021,MLA,29,472,333,A(W),"VASANTHI, E",INDEPENDENT,0,462,462
2021,MLA,29,472,333,A(W),"VEDHAGIRI, R",INDEPENDENT,1,462,462
2021,MLA,29,472,333,A(W),"VAIRAMUTHU, D",INDEPENDENT,1,462,462
2021,MLA,29,472,333,A(W),NOTA,,2,462,462
2021,MLA,29,473,334,,"SELVAPERUNTHAGAI, K",INDIAN NATIONAL CONGRESS,193,360,360
2021,MLA,29,473,334,,"PALANI, K",ALL INDIA ANNA DRAVIDA MUNNETRA KAZHAGAM,95,360,360
2021,MLA,29,473,334,,"VINOTH, E",BAHUJAN SAMAJ PARTY,0,360,360
2021,MLA,29,473,334,,"THANIGAIVEL, M",MAKKAL NEEDHI MAIAM,41,360,360
2021,MLA,29,473,334,,"PUSHPARAJ, D",NAAM TAMILAR KATCHI,23,360,360
2021,MLA,29,473,334,,"PERUMAL, R",AMMA MAKKAL MUNNETTRA KAZAGAM,0,360,360
2021,MLA,29,473,334,,"LOKESH, E",DESIYA MAKKAL SAKTHI KATCHI,0,360,360
2021,MLA,29,473,334,,"SAROJA, S",INDEPENDENT,0,360,360
2021,MLA,29,473,334,,"SUDHAKAR, P",INDEPENDENT,0,360,360
2021,MLA,29,473,334,,"DEVARAJAN, K",INDEPENDENT,0,360,360
2021,MLA,29,473,334,,"PARTHIBAN, M",INDEPENDENT,0,360,360
2021,MLA,29,473,334,,"LEENA, V",INDEPENDENT,0,360,360
2021,MLA,29,473,334,,"VASANTHI, E",INDEPENDENT,0,360,360
2021,MLA,29,473,334,,"VEDHAGIRI, R",INDEPENDENT,0,360,360
2021,MLA,29,473,334,,"VAIRAMUTHU, D",INDEPENDENT,1,360,360
2021,MLA,29,473,334,,NOTA,,7,360,360
2021,MLA,29,474,335,,"SELVAPERUNTHAGAI, K",INDIAN NATIONAL CONGRESS,317,587,587
2021,MLA,29,474,335,,"PALANI, K",ALL INDIA ANNA DRAVIDA MUNNETRA KAZHAGAM,171,587,587
2021,MLA,29,474,335,,"VINOTH, E",BAHUJAN SAMAJ PARTY,0,587,587
2021,MLA,29,474,335,,"THANIGAIVEL, M",MAKKAL NEEDHI MAIAM,34,587,587
2021,MLA,29,474,335,,"PUSHPARAJ, D",NAAM TAMILAR KATCHI,57,587,587
2021,MLA,29,474,335,,"PERUMAL, R",AMMA MAKKAL MUNNETTRA KAZAGAM,1,587,587
2021,MLA,29,474,335,,"LOKESH, E",DESIYA MAKKAL SAKTHI KATCHI,0,587,587
2021,MLA,29,474,335,,"SAROJA, S",INDEPENDENT,0,587,587
2021,MLA,29,474,335,,"SUDHAKAR, P",INDEPENDENT,0,587,587
2021,MLA,29,474,335,,"DEVARAJAN, K",INDEPENDENT,0,587,587
2021,MLA,29,474,335,,"PARTHIBAN, M",INDEPENDENT,1,587,587
2021,MLA,29,474,335,,"LEENA, V",INDEPENDENT,0,587,587
2021,MLA,29,474,335,,"VASANTHI, E",INDEPENDENT,0,587,587
2021,MLA,29,474,335,,"VEDHAGIRI, R",INDEPENDENT,0,587,587
2021,MLA,29,474,335,,"VAIRAMUTHU, D",INDEPENDENT,0,587,587
2021,MLA,29,474,335,,NOTA,,6,587,587
2021,MLA,29,475,336,,"SELVAPERUNTHAGAI, K",INDIAN NATIONAL CONGRESS,290,523,523
2021,MLA,29,475,336,,"PALANI, K",ALL INDIA ANNA DRAVIDA MUNNETRA KAZHAGAM,139,523,523
2021,MLA,29,475,336,,"VINOTH, E",BAHUJAN SAMAJ PARTY,1,523,523
2021,MLA,29,475,336,,"THANIGAIVEL, M",MAKKAL NEEDHI MAIAM,44,523,523
2021,MLA,29,475,336,,"PUSHPARAJ, D",NAAM TAMILAR KATCHI,40,523,523
2021,MLA,29,475,336,,"PERUMAL, R",AMMA MAKKAL MUNNETTRA KAZAGAM,1,523,523
2021,MLA,29,475,336,,"LOKESH, E",DESIYA MAKKAL SAKTHI KATCHI,0,523,523
2021,MLA,29,475,336,,"SAROJA, S",INDEPENDENT,0,523,523
2021,MLA,29,475,336,,"SUDHAKAR, P",INDEPENDENT,0,523,523
2021,MLA,29,475,336,,"DEVARAJAN, K",INDEPENDENT,0,523,523
2021,MLA,29,475,336,,"PARTHIBAN, M",INDEPENDENT,0,523,523
2021,MLA,29,475,336,,"LEENA, V",INDEPENDENT,0,523,523
2021,MLA,29,475,336,,"VASANTHI, E",INDEPENDENT,0,523,523
2021,MLA,29,475,336,,"VEDHAGIRI, R",INDEPENDENT,1,523,523
2021,MLA,29,475,336,,"VAIRAMUTHU, D",INDEPENDENT,0,523,523
2021,MLA,29,475,336,,NOTA,,7,523,523
2021,MLA,29,476,337,,"SELVAPERUNTHAGAI, K",INDIAN NATIONAL CONGRESS,290,530,530
2021,MLA,29,476,337,,"PALANI, K",ALL INDIA ANNA DRAVIDA MUNNETRA KAZHAGAM,139,530,530
2021,MLA,29,476,337,,"VINOTH, E",BAHUJAN SAMAJ PARTY,1,530,530
2021,MLA,29,476,337,,"THANIGAIVEL, M",MAKKAL NEEDHI MAIAM,52,530,530
2021,MLA,29,476,337,,"PUSHPARAJ, D",NAAM TAMILAR KATCHI,43,530,530
2021,MLA,29,476,337,,"PERUMAL, R",AMMA MAKKAL MUNNETTRA KAZAGAM,1,530,530
2021,MLA,29,476,337,,"LOKESH, E",DESIYA MAKKAL SAKTHI KATCHI,1,530,530
2021,MLA,29,476,337,,"SAROJA, S",INDEPENDENT,0,530,530
2021,MLA,29,476,337,,"SUDHAKAR, P",INDEPENDENT,0,530,530
2021,MLA,29,476,337,,"DEVARAJAN, K",INDEPENDENT,0,530,530
2021,MLA,29,476,337,,"PARTHIBAN, M",INDEPENDENT,0,530,530
2021,MLA,29,476,337,,"LEENA, V",INDEPENDENT,0,530,530
2021,MLA,29,476,337,,"VASANTHI, E",INDEPENDENT,0,530,530
2021,MLA,29,476,337,,"VEDHAGIRI, R",INDEPENDENT,0,530,530
2021,MLA,29,476,337,,"VAIRAMUTHU, D",INDEPENDENT,0,530,530
2021,MLA,29,476,337,,NOTA,,3,530,530
2021,MLA,29,477,338,M,"SELVAPERUNTHAGAI, K",INDIAN NATIONAL CONGRESS,185,406,406
2021,MLA,29,477,338,M,"PALANI, K",ALL INDIA ANNA DRAVIDA MUNNETRA KAZHAGAM,134,406,406
2021,MLA,29,477,338,M,"VINOTH, E",BAHUJAN SAMAJ PARTY,1,406,406
2021,MLA,29,477,338,M,"THANIGAIVEL, M",MAKKAL NEEDHI MAIAM,26,406,406
2021,MLA,29,477,338,M,"PUSHPARAJ, D",NAAM TAMILAR KATCHI,57,406,406
2021,MLA,29,477,338,M,"PERUMAL, R",AMMA MAKKAL MUNNETTRA KAZAGAM,0,406,406
2021,MLA,29,477,338,M,"LOKESH, E",DESIYA MAKKAL SAKTHI KATCHI,0,406,406
2021,MLA,29,477,338,M,"SAROJA, S",INDEPENDENT,0,406,406
2021,MLA,29,477,338,M,"SUDHAKAR, P",INDEPENDENT,0,406,406
2021,MLA,29,477,338,M,"DEVARAJAN, K",INDEPENDENT,0,406,406
2021,MLA,29,477,338,M,"PARTHIBAN, M",INDEPENDENT,0,406,406
2021,MLA,29,477,338,M,"LEENA, V",INDEPENDENT,0,406,406
2021,MLA,29,477,338,M,"VASANTHI, E",INDEPENDENT,0,406,406
2021,MLA,29,477,338,M,"VEDHAGIRI, R",INDEPENDENT,0,406,406
2021,MLA,29,477,338,M,"VAIRAMUTHU, D",INDEPENDENT,0,406,406
2021,MLA,29,477,338,M,NOTA,,3,406,406
2021,MLA,29,478,338,A(W),"SELVAPERUNTHAGAI, K",INDIAN NATIONAL CONGRESS,167,329,329
2021,MLA,29,478,338,A(W),"PALANI, K",ALL INDIA ANNA DRAVIDA MUNNETRA KAZHAGAM,107,329,329
2021,MLA,29,478,338,A(W),"VINOTH, E",BAHUJAN SAMAJ PARTY,0,329,329
2021,MLA,29,478,338,A(W),"THANIGAIVEL, M",MAKKAL NEEDHI MAIAM,24,329,329
2021,MLA,29,478,338,A(W),"PUSHPARAJ, D",NAAM TAMILAR KATCHI,24,329,329
2021,MLA,29,478,338,A(W),"PERUMAL, R",AMMA MAKKAL MUNNETTRA KAZAGAM,0,329,329
2021,MLA,29,478,338,A(W),"LOKESH, E",DESIYA MAKKAL SAKTHI KATCHI,1,329,329
2021,MLA,29,478,338,A(W),"SAROJA, S",INDEPENDENT,0,329,329
2021,MLA,29,478,338,A(W),"SUDHAKAR, P",INDEPENDENT,0,329,329
2021,MLA,29,478,338,A(W),"DEVARAJAN, K",INDEPENDENT,1,329,329
2021,MLA,29,478,338,A(W),"PARTHIBAN, M",INDEPENDENT,0,329,329
2021,MLA,29,478,338,A(W),"LEENA, V",INDEPENDENT,1,329,329
2021,MLA,29,478,338,A(W),"VASANTHI, E",INDEPENDENT,0,329,329
2021,MLA,29,478,338,A(W),"VEDHAGIRI, R",INDEPENDENT,0,329,329
2021,MLA,29,478,338,A(W),"VAIRAMUTHU, D",INDEPENDENT,2,329,329
2021,MLA,29,478,338,A(W),NOTA,,2,329,329
2021,MLA,29,479,339,M,"SELVAPERUNTHAGAI, K",INDIAN NATIONAL CONGRESS,256,553,553
2021,MLA,29,479,339,M,"PALANI, K",ALL INDIA ANNA DRAVIDA MUNNETRA KAZHAGAM,178,553,553
2021,MLA,29,479,339,M,"VINOTH, E",BAHUJAN SAMAJ PARTY,2,553,553
2021,MLA,29,479,339,M,"THANIGAIVEL, M",MAKKAL NEEDHI MAIAM,33,553,553
2021,MLA,29,479,339,M,"PUSHPARAJ, D",NAAM TAMILAR KATCHI,76,553,553
2021,MLA,29,479,339,M,"PERUMAL, R",AMMA MAKKAL MUNNETTRA KAZAGAM,3,553,553
2021,MLA,29,479,339,M,"LOKESH, E",DESIYA MAKKAL SAKTHI KATCHI,0,553,553
2021,MLA,29,479,339,M,"SAROJA, S",INDEPENDENT,0,553,553
2021,MLA,29,479,339,M,"SUDHAKAR, P",INDEPENDENT,0,553,553
2021,MLA,29,479,339,M,"DEVARAJAN, K",INDEPENDENT,0,553,553
2021,MLA,29,479,339,M,"PARTHIBAN, M",INDEPENDENT,0,553,553
2021,MLA,29,479,339,M,"LEENA, V",INDEPENDENT,0,553,553
2021,MLA,29,479,339,M,"VASANTHI, E",INDEPENDENT,0,553,553
2021,MLA,29,479,339,M,"VEDHAGIRI, R",INDEPENDENT,1,553,553
2021,MLA,29,479,339,M,"VAIRAMUTHU, D",INDEPENDENT,2,553,553
2021,MLA,29,479,339,M,NOTA,,2,553,553
2021,MLA,29,480,339,A(W),"SELVAPERUNTHAGAI, K",INDIAN NATIONAL CONGRESS,279,513,513
2021,MLA,29,480,339,A(W),"PALANI, K",ALL INDIA ANNA DRAVIDA MUNNETRA KAZHAGAM,153,513,513
2021,MLA,29,480,339,A(W),"VINOTH, E",BAHUJAN SAMAJ PARTY,2,513,513
2021,MLA,29,480,339,A(W),"THANIGAIVEL, M",MAKKAL NEEDHI MAIAM,37,513,513
2021,MLA,29,480,339,A(W),"PUSHPARAJ, D",NAAM TAMILAR KATCHI,35,513,513
2021,MLA,29,480,339,A(W),"PERUMAL, R",AMMA MAKKAL MUNNETTRA KAZAGAM,3,513,513
2021,MLA,29,480,339,A(W),"LOKESH, E",DESIYA MAKKAL SAKTHI KATCHI,0,513,513
2021,MLA,29,480,339,A(W),"SAROJA, S",INDEPENDENT,0,513,513
2021,MLA,29,480,339,A(W),"SUDHAKAR, P",INDEPENDENT,0,513,513
2021,MLA,29,480,339,A(W),"DEVARAJAN, K",INDEPENDENT,0,513,513
2021,MLA,29,480,339,A(W),"PARTHIBAN, M",INDEPENDENT,0,513,513
2021,MLA,29,480,339,A(W),"LEENA, V",INDEPENDENT,0,513,513
2021,MLA,29,480,339,A(W),"VASANTHI, E",INDEPENDENT,0,513,513
2021,MLA,29,480,339,A(W),"VEDHAGIRI, R",INDEPENDENT,0,513,513
2021,MLA,29,480,339,A(W),"VAIRAMUTHU, D",INDEPENDENT,1,513,513
2021,MLA,29,480,339,A(W),NOTA,,3,513,513
2021,MLA,29,481,340,,"SELVAPERUNTHAGAI, K",INDIAN NATIONAL CONGRESS,275,636,636
2021,MLA,29,481,340,,"PALANI, K",ALL INDIA ANNA DRAVIDA MUNNETRA KAZHAGAM,257,636,636
2021,MLA,29,481,340,,"VINOTH, E",BAHUJAN SAMAJ PARTY,0,636,636
2021,MLA,29,481,340,,"THANIGAIVEL, M",MAKKAL NEEDHI MAIAM,32,636,636
2021,MLA,29,481,340,,"PUSHPARAJ, D",NAAM TAMILAR KATCHI,56,636,636
2021,MLA,29,481,340,,"PERUMAL, R",AMMA MAKKAL MUNNETTRA KAZAGAM,11,636,636
2021,MLA,29,481,340,,"LOKESH, E",DESIYA MAKKAL SAKTHI KATCHI,0,636,636
2021,MLA,29,481,340,,"SAROJA, S",INDEPENDENT,0,636,636
2021,MLA,29,481,340,,"SUDHAKAR, P",INDEPENDENT,0,636,636
2021,MLA,29,481,340,,"DEVARAJAN, K",INDEPENDENT,0,636,636
2021,MLA,29,481,340,,"PARTHIBAN, M",INDEPENDENT,1,636,636
2021,MLA,29,481,340,,"LEENA, V",INDEPENDENT,0,636,636
2021,MLA,29,481,340,,"VASANTHI, E",INDEPENDENT,0,636,636
2021,MLA,29,481,340,,"VEDHAGIRI, R",INDEPENDENT,0,636,636
2021,MLA,29,481,340,,"VAIRAMUTHU, D",INDEPENDENT,1,636,636
2021,MLA,29,481,340,,NOTA,,3,636,636
2021,MLA,29,482,341,M,"SELVAPERUNTHAGAI, K",INDIAN NATIONAL CONGRESS,175,402,402
2021,MLA,29,482,341,M,"PALANI, K",ALL INDIA ANNA DRAVIDA MUNNETRA KAZHAGAM,124,402,402
2021,MLA,29,482,341,M,"VINOTH, E",BAHUJAN SAMAJ PARTY,1,402,402
2021,MLA,29,482,341,M,"THANIGAIVEL, M",MAKKAL NEEDHI MAIAM,35,402,402
2021,MLA,29,482,341,M,"PUSHPARAJ, D",NAAM TAMILAR KATCHI,57,402,402
2021,MLA,29,482,341,M,"PERUMAL, R",AMMA MAKKAL MUNNETTRA KAZAGAM,1,402,402
2021,MLA,29,482,341,M,"LOKESH, E",DESIYA MAKKAL SAKTHI KATCHI,0,402,402
2021,MLA,29,482,341,M,"SAROJA, S",INDEPENDENT,0,402,402
2021,MLA,29,482,341,M,"SUDHAKAR, P",INDEPENDENT,0,402,402
2021,MLA,29,482,341,M,"DEVARAJAN, K",INDEPENDENT,1,402,402
2021,MLA,29,482,341,M,"PARTHIBAN, M",INDEPENDENT,0,402,402
2021,MLA,29,482,341,M,"LEENA, V",INDEPENDENT,0,402,402
2021,MLA,29,482,341,M,"VASANTHI, E",INDEPENDENT,0,402,402
2021,MLA,29,482,341,M,"VEDHAGIRI, R",INDEPENDENT,0,402,402
2021,MLA,29,482,341,M,"VAIRAMUTHU, D",INDEPENDENT,0,402,402
2021,MLA,29,482,341,M,NOTA,,8,402,402
2021,MLA,29,483,341,A(W),"SELVAPERUNTHAGAI, K",INDIAN NATIONAL CONGRESS,169,388,388
2021,MLA,29,483,341,A(W),"PALANI, K",ALL INDIA ANNA DRAVIDA MUNNETRA KAZHAGAM,131,388,388
2021,MLA,29,483,341,A(W),"VINOTH, E",BAHUJAN SAMAJ PARTY,1,388,388
2021,MLA,29,483,341,A(W),"THANIGAIVEL, M",MAKKAL NEEDHI MAIAM,43,388,388
2021,MLA,29,483,341,A(W),"PUSHPARAJ, D",NAAM TAMILAR KATCHI,35,388,388
2021,MLA,29,483,341,A(W),"PERUMAL, R",AMMA MAKKAL MUNNETTRA KAZAGAM,0,388,388
2021,MLA,29,483,341,A(W),"LOKESH, E",DESIYA MAKKAL SAKTHI KATCHI,0,388,388
2021,MLA,29,483,341,A(W),"SAROJA, S",INDEPENDENT,0,388,388
2021,MLA,29,483,341,A(W),"SUDHAKAR, P",INDEPENDENT,0,388,388
2021,MLA,29,483,341,A(W),"DEVARAJAN, K",INDEPENDENT,0,388,388
2021,MLA,29,483,341,A(W),"PARTHIBAN, M",INDEPENDENT,0,388,388
2021,MLA,29,483,341,A(W),"LEENA, V",INDEPENDENT,0,388,388
2021,MLA,29,483,341,A(W),"VASANTHI, E",INDEPENDENT,0,388,388
2021,MLA,29,483,341,A(W),"VEDHAGIRI, R",INDEPENDENT,1,388,388
2021,MLA,29,483,341,A(W),"VAIRAMUTHU, D",INDEPENDENT,0,388,388
2021,MLA,29,483,341,A(W),NOTA,,8,388,388
2021,MLA,29,484,342,,"SELVAPERUNTHAGAI, K",INDIAN NATIONAL CONGRESS,257,667,667
2021,MLA,29,484,342,,"PALANI, K",ALL INDIA ANNA DRAVIDA MUNNETRA KAZHAGAM,340,667,667
2021,MLA,29,484,342,,"VINOTH, E",BAHUJAN SAMAJ PARTY,1,667,667
2021,MLA,29,484,342,,"THANIGAIVEL, M",MAKKAL NEEDHI MAIAM,4,667,667
2021,MLA,29,484,342,,"PUSHPARAJ, D",NAAM TAMILAR KATCHI,42,667,667
2021,MLA,29,484,342,,"PERUMAL, R",AMMA MAKKAL MUNNETTRA KAZAGAM,15,667,667
2021,MLA,29,484,342,,"LOKESH, E",DESIYA MAKKAL SAKTHI KATCHI,0,667,667
2021,MLA,29,484,342,,"SAROJA, S",INDEPENDENT,0,667,667
2021,MLA,29,484,342,,"SUDHAKAR, P",INDEPENDENT,0,667,667
2021,MLA,29,484,342,,"DEVARAJAN, K",INDEPENDENT,2,667,667
2021,MLA,29,484,342,,"PARTHIBAN, M",INDEPENDENT,0,667,667
2021,MLA,29,484,342,,"LEENA, V",INDEPENDENT,1,667,667
2021,MLA,29,484,342,,"VASANTHI, E",INDEPENDENT,0,667,667
2021,MLA,29,484,342,,"VEDHAGIRI, R",INDEPENDENT,1,667,667
2021,MLA,29,484,342,,"VAIRAMUTHU, D",INDEPENDENT,3,667,667
2021,MLA,29,484,342,,NOTA,,1,667,667
2021,MLA,29,485,343,,"SELVAPERUNTHAGAI, K",INDIAN NATIONAL CONGRESS,224,655,655
2021,MLA,29,485,343,,"PALANI, K",ALL INDIA ANNA DRAVIDA MUNNETRA KAZHAGAM,374,655,655
2021,MLA,29,485,343,,"VINOTH, E",BAHUJAN SAMAJ PARTY,1,655,655
2021,MLA,29,485,343,,"THANIGAIVEL, M",MAKKAL NEEDHI MAIAM,6,655,655
2021,MLA,29,485,343,,"PUSHPARAJ, D",NAAM TAMILAR KATCHI,40,655,655
2021,MLA,29,485,343,,"PERUMAL, R",AMMA MAKKAL MUNNETTRA KAZAGAM,4,655,655
2021,MLA,29,485,343,,"LOKESH, E",DESIYA MAKKAL SAKTHI KATCHI,1,655,655
2021,MLA,29,485,343,,"SAROJA, S",INDEPENDENT,0,655,655
2021,MLA,29,485,343,,"SUDHAKAR, P",INDEPENDENT,0,655,655
2021,MLA,29,485,343,,"DEVARAJAN, K",INDEPENDENT,0,655,655
2021,MLA,29,485,343,,"PARTHIBAN, M",INDEPENDENT,0,655,655
2021,MLA,29,485,343,,"LEENA, V",INDEPENDENT,0,655,655
2021,MLA,29,485,343,,"VASANTHI, E",INDEPENDENT,0,655,655
2021,MLA,29,485,343,,"VEDHAGIRI, R",INDEPENDENT,0,655,655
2021,MLA,29,485,343,,"VAIRAMUTHU, D",INDEPENDENT,1,655,655
2021,MLA,29,485,343,,NOTA,,4,655,655
2021,MLA,29,486,344,M,"SELVAPERUNTHAGAI, K",INDIAN NATIONAL CONGRESS,164,418,418
2021,MLA,29,486,344,M,"PALANI, K",ALL INDIA ANNA DRAVIDA MUNNETRA KAZHAGAM,193,418,418
2021,MLA,29,486,344,M,"VINOTH, E",BAHUJAN SAMAJ PARTY,0,418,418
2021,MLA,29,486,344,M,"THANIGAIVEL, M",MAKKAL NEEDHI MAIAM,15,418,418
2021,MLA,29,486,344,M,"PUSHPARAJ, D",NAAM TAMILAR KATCHI,42,418,418
2021,MLA,29,486,344,M,"PERUMAL, R",AMMA MAKKAL MUNNETTRA KAZAGAM,2,418,418
2021,MLA,29,486,344,M,"LOKESH, E",DESIYA MAKKAL SAKTHI KATCHI,0,418,418
2021,MLA,29,486,344,M,"SAROJA, S",INDEPENDENT,0,418,418
2021,MLA,29,486,344,M,"SUDHAKAR, P",INDEPENDENT,0,418,418
2021,MLA,29,486,344,M,"DEVARAJAN, K",INDEPENDENT,0,418,418
2021,MLA,29,486,344,M,"PARTHIBAN, M",INDEPENDENT,0,418,418
2021,MLA,29,486,344,M,"LEENA, V",INDEPENDENT,0,418,418
2021,MLA,29,486,344,M,"VASANTHI, E",INDEPENDENT,0,418,418
2021,MLA,29,486,344,M,"VEDHAGIRI, R",INDEPENDENT,0,418,418
2021,MLA,29,486,344,M,"VAIRAMUTHU, D",INDEPENDENT,0,418,418
2021,MLA,29,486,344,M,NOTA,,2,418,418
2021,MLA,29,487,344,A(W),"SELVAPERUNTHAGAI, K",INDIAN NATIONAL CONGRESS,168,397,397
2021,MLA,29,487,344,A(W),"PALANI, K",ALL INDIA ANNA DRAVIDA MUNNETRA KAZHAGAM,193,397,397
2021,MLA,29,487,344,A(W),"VINOTH, E",BAHUJAN SAMAJ PARTY,0,397,397
2021,MLA,29,487,344,A(W),"THANIGAIVEL, M",MAKKAL NEEDHI MAIAM,17,397,397
2021,MLA,29,487,344,A(W),"PUSHPARAJ, D",NAAM TAMILAR KATCHI,10,397,397
2021,MLA,29,487,344,A(W),"PERUMAL, R",AMMA MAKKAL MUNNETTRA KAZAGAM,4,397,397
2021,MLA,29,487,344,A(W),"LOKESH, E",DESIYA MAKKAL SAKTHI KATCHI,0,397,397
2021,MLA,29,487,344,A(W),"SAROJA, S",INDEPENDENT,0,397,397
2021,MLA,29,487,344,A(W),"SUDHAKAR, P",INDEPENDENT,0,397,397
2021,MLA,29,487,344,A(W),"DEVARAJAN, K",INDEPENDENT,0,397,397
2021,MLA,29,487,344,A(W),"PARTHIBAN, M",INDEPENDENT,0,397,397
2021,MLA,29,487,344,A(W),"LEENA, V",INDEPENDENT,0,397,397
2021,MLA,29,487,344,A(W),"VASANTHI, E",INDEPENDENT,0,397,397
2021,MLA,29,487,344,A(W),"VEDHAGIRI, R",INDEPENDENT,0,397,397
2021,MLA,29,487,344,A(W),"VAIRAMUTHU, D",INDEPENDENT,2,397,397
2021,MLA,29,487,344,A(W),NOTA,,3,397,397
2021,MLA,29,488,345,M,"SELVAPERUNTHAGAI, K",INDIAN NATIONAL CONGRESS,160,464,464
2021,MLA,29,488,345,M,"PALANI, K",ALL INDIA ANNA DRAVIDA MUNNETRA KAZHAGAM,233,464,464
2021,MLA,29,488,345,M,"VINOTH, E",BAHUJAN SAMAJ PARTY,0,464,464
2021,MLA,29,488,345,M,"THANIGAIVEL, M",MAKKAL NEEDHI MAIAM,21,464,464
2021,MLA,29,488,345,M,"PUSHPARAJ, D",NAAM TAMILAR KATCHI,43,464,464
2021,MLA,29,488,345,M,"PERUMAL, R",AMMA MAKKAL MUNNETTRA KAZAGAM,2,464,464
2021,MLA,29,488,345,M,"LOKESH, E",DESIYA MAKKAL SAKTHI KATCHI,0,464,464
2021,MLA,29,488,345,M,"SAROJA, S",INDEPENDENT,0,464,464
2021,MLA,29,488,345,M,"SUDHAKAR, P",INDEPENDENT,0,464,464
2021,MLA,29,488,345,M,"DEVARAJAN, K",INDEPENDENT,0,464,464
2021,MLA,29,488,345,M,"PARTHIBAN, M",INDEPENDENT,0,464,464
2021,MLA,29,488,345,M,"LEENA, V",INDEPENDENT,0,464,464
2021,MLA,29,488,345,M,"VASANTHI, E",INDEPENDENT,0,464,464
2021,MLA,29,488,345,M,"VEDHAGIRI, R",INDEPENDENT,0,464,464
2021,MLA,29,488,345,M,"VAIRAMUTHU, D",INDEPENDENT,0,464,464
2021,MLA,29,488,345,M,NOTA,,5,464,464
2021,MLA,29,489,345,A(W),"SELVAPERUNTHAGAI, K",INDIAN NATIONAL CONGRESS,132,468,468
2021,MLA,29,489,345,A(W),"PALANI, K",ALL INDIA ANNA DRAVIDA MUNNETRA KAZHAGAM,286,468,468
2021,MLA,29,489,345,A(W),"VINOTH, E",BAHUJAN SAMAJ PARTY,0,468,468
2021,MLA,29,489,345,A(W),"THANIGAIVEL, M",MAKKAL NEEDHI MAIAM,22,468,468
2021,MLA,29,489,345,A(W),"PUSHPARAJ, D",NAAM TAMILAR KATCHI,25,468,468
2021,MLA,29,489,345,A(W),"PERUMAL, R",AMMA MAKKAL MUNNETTRA KAZAGAM,1,468,468
2021,MLA,29,489,345,A(W),"LOKESH, E",DESIYA MAKKAL SAKTHI KATCHI,0,468,468
2021,MLA,29,489,345,A(W),"SAROJA, S",INDEPENDENT,0,468,468
2021,MLA,29,489,345,A(W),"SUDHAKAR, P",INDEPENDENT,0,468,468
2021,MLA,29,489,345,A(W),"DEVARAJAN, K",INDEPENDENT,0,468,468
2021,MLA,29,489,345,A(W),"PARTHIBAN, M",INDEPENDENT,0,468,468
2021,MLA,29,489,345,A(W),"LEENA, V",INDEPENDENT,0,468,468
2021,MLA,29,489,345,A(W),"VASANTHI, E",INDEPENDENT,0,468,468
2021,MLA,29,489,345,A(W),"VEDHAGIRI, R",INDEPENDENT,0,468,468
2021,MLA,29,489,345,A(W),"VAIRAMUTHU, D",INDEPENDENT,0,468,468
2021,MLA,29,489,345,A(W),NOTA,,2,468,468
2021,MLA,29,490,346,,"SELVAPERUNTHAGAI, K",INDIAN NATIONAL CONGRESS,397,780,780
2021,MLA,29,490,346,,"PALANI, K",ALL INDIA ANNA DRAVIDA MUNNETRA KAZHAGAM,330,780,780
2021,MLA,29,490,346,,"VINOTH, E",BAHUJAN SAMAJ PARTY,1,780,780
2021,MLA,29,490,346,,"THANIGAIVEL, M",MAKKAL NEEDHI MAIAM,6,780,780
2021,MLA,29,490,346,,"PUSHPARAJ, D",NAAM TAMILAR KATCHI,33,780,780
2021,MLA,29,490,346,,"PERUMAL, R",AMMA MAKKAL MUNNETTRA KAZAGAM,1,780,780
2021,MLA,29,490,346,,"LOKESH, E",DESIYA MAKKAL SAKTHI KATCHI,0,780,780
2021,MLA,29,490,346,,"SAROJA, S",INDEPENDENT,0,780,780
2021,MLA,29,490,346,,"SUDHAKAR, P",INDEPENDENT,1,780,780
2021,MLA,29,490,346,,"DEVARAJAN, K",INDEPENDENT,0,780,780
2021,MLA,29,490,346,,"PARTHIBAN, M",INDEPENDENT,1,780,780
2021,MLA,29,490,346,,"LEENA, V",INDEPENDENT,0,780,780
2021,MLA,29,490,346,,"VASANTHI, E",INDEPENDENT,1,780,780
2021,MLA,29,490,346,,"VEDHAGIRI, R",INDEPENDENT,2,780,780
2021,MLA,29,490,346,,"VAIRAMUTHU, D",INDEPENDENT,3,780,780
2021,MLA,29,490,346,,NOTA,,4,780,780
2021,MLA,29,491,347,M,"SELVAPERUNTHAGAI, K",INDIAN NATIONAL CONGRESS,239,527,527
2021,MLA,29,491,347,M,"PALANI, K",ALL INDIA ANNA DRAVIDA MUNNETRA KAZHAGAM,218,527,527
2021,MLA,29,491,347,M,"VINOTH, E",BAHUJAN SAMAJ PARTY,1,527,527
2021,MLA,29,491,347,M,"THANIGAIVEL, M",MAKKAL NEEDHI MAIAM,20,527,527
2021,MLA,29,491,347,M,"PUSHPARAJ, D",NAAM TAMILAR KATCHI,41,527,527
2021,MLA,29,491,347,M,"PERUMAL, R",AMMA MAKKAL MUNNETTRA KAZAGAM,3,527,527
2021,MLA,29,491,347,M,"LOKESH, E",DESIYA MAKKAL SAKTHI KATCHI,0,527,527
2021,MLA,29,491,347,M,"SAROJA, S",INDEPENDENT,0,527,527
2021,MLA,29,491,347,M,"SUDHAKAR, P",INDEPENDENT,0,527,527
2021,MLA,29,491,347,M,"DEVARAJAN, K",INDEPENDENT,0,527,527
2021,MLA,29,491,347,M,"PARTHIBAN, M",INDEPENDENT,0,527,527
2021,MLA,29,491,347,M,"LEENA, V",INDEPENDENT,0,527,527
2021,MLA,29,491,347,M,"VASANTHI, E",INDEPENDENT,0,527,527
2021,MLA,29,491,347,M,"VEDHAGIRI, R",INDEPENDENT,0,527,527
2021,MLA,29,491,347,M,"VAIRAMUTHU, D",INDEPENDENT,1,527,527
2021,MLA,29,491,347,M,NOTA,,4,527,527
2021,MLA,29,492,347,A(W),"SELVAPERUNTHAGAI, K",INDIAN NATIONAL CONGRESS,224,508,508
2021,MLA,29,492,347,A(W),"PALANI, K",ALL INDIA ANNA DRAVIDA MUNNETRA KAZHAGAM,234,508,508
2021,MLA,29,492,347,A(W),"VINOTH, E",BAHUJAN SAMAJ PARTY,1,508,508
2021,MLA,29,492,347,A(W),"THANIGAIVEL, M",MAKKAL NEEDHI MAIAM,13,508,508
2021,MLA,29,492,347,A(W),"PUSHPARAJ, D",NAAM TAMILAR KATCHI,24,508,508
2021,MLA,29,492,347,A(W),"PERUMAL, R",AMMA MAKKAL MUNNETTRA KAZAGAM,4,508,508
2021,MLA,29,492,347,A(W),"LOKESH, E",DESIYA MAKKAL SAKTHI KATCHI,0,508,508
2021,MLA,29,492,347,A(W),"SAROJA, S",INDEPENDENT,0,508,508
2021,MLA,29,492,347,A(W),"SUDHAKAR, P",INDEPENDENT,0,508,508
2021,MLA,29,492,347,A(W),"DEVARAJAN, K",INDEPENDENT,0,508,508
2021,MLA,29,492,347,A(W),"PARTHIBAN, M",INDEPENDENT,0,508,508
2021,MLA,29,492,347,A(W),"LEENA, V",INDEPENDENT,1,508,508
2021,MLA,29,492,347,A(W),"VASANTHI, E",INDEPENDENT,0,508,508
2021,MLA,29,492,347,A(W),"VEDHAGIRI, R",INDEPENDENT,0,508,508
2021,MLA,29,492,347,A(W),"VAIRAMUTHU, D",INDEPENDENT,1,508,508
2021,MLA,29,492,347,A(W),NOTA,,6,508,508
2021,MLA,29,493,348,M,"SELVAPERUNTHAGAI, K",INDIAN NATIONAL CONGRESS,216,378,378
2021,MLA,29,493,348,M,"PALANI, K",ALL INDIA ANNA DRAVIDA MUNNETRA KAZHAGAM,117,378,378
2021,MLA,29,493,348,M,"VINOTH, E",BAHUJAN SAMAJ PARTY,1,378,378
2021,MLA,29,493,348,M,"THANIGAIVEL, M",MAKKAL NEEDHI MAIAM,10,378,378
2021,MLA,29,493,348,M,"PUSHPARAJ, D",NAAM TAMILAR KATCHI,30,378,378
2021,MLA,29,493,348,M,"PERUMAL, R",AMMA MAKKAL MUNNETTRA KAZAGAM,1,378,378
2021,MLA,29,493,348,M,"LOKESH, E",DESIYA MAKKAL SAKTHI KATCHI,0,378,378
2021,MLA,29,493,348,M,"SAROJA, S",INDEPENDENT,0,378,378
2021,MLA,29,493,348,M,"SUDHAKAR, P",INDEPENDENT,0,378,378
2021,MLA,29,493,348,M,"DEVARAJAN, K",INDEPENDENT,0,378,378
2021,MLA,29,493,348,M,"PARTHIBAN, M",INDEPENDENT,0,378,378
2021,MLA,29,493,348,M,"LEENA, V",INDEPENDENT,0,378,378
2021,MLA,29,493,348,M,"VASANTHI, E",INDEPENDENT,0,378,378
2021,MLA,29,493,348,M,"VEDHAGIRI, R",INDEPENDENT,0,378,378
2021,MLA,29,493,348,M,"VAIRAMUTHU, D",INDEPENDENT,0,378,378
2021,MLA,29,493,348,M,NOTA,,3,378,378
2021,MLA,29,494,348,A(W),"SELVAPERUNTHAGAI, K",INDIAN NATIONAL CONGRESS,243,380,380
2021,MLA,29,494,348,A(W),"PALANI, K",ALL INDIA ANNA DRAVIDA MUNNETRA KAZHAGAM,113,380,380
2021,MLA,29,494,348,A(W),"VINOTH, E",BAHUJAN SAMAJ PARTY,0,380,380
2021,MLA,29,494,348,A(W),"THANIGAIVEL, M",MAKKAL NEEDHI MAIAM,7,380,380
2021,MLA,29,494,348,A(W),"PUSHPARAJ, D",NAAM TAMILAR KATCHI,13,380,380
2021,MLA,29,494,348,A(W),"PERUMAL, R",AMMA MAKKAL MUNNETTRA KAZAGAM,3,380,380
2021,MLA,29,494,348,A(W),"LOKESH, E",DESIYA MAKKAL SAKTHI KATCHI,0,380,380
2021,MLA,29,494,348,A(W),"SAROJA, S",INDEPENDENT,0,380,380
2021,MLA,29,494,348,A(W),"SUDHAKAR, P",INDEPENDENT,0,380,380
2021,MLA,29,494,348,A(W),"DEVARAJAN, K",INDEPENDENT,0,380,380
2021,MLA,29,494,348,A(W),"PARTHIBAN, M",INDEPENDENT,0,380,380
2021,MLA,29,494,348,A(W),"LEENA, V",INDEPENDENT,0,380,380
2021,MLA,29,494,348,A(W),"VASANTHI, E",INDEPENDENT,0,380,380
2021,MLA,29,494,348,A(W),"VEDHAGIRI, R",INDEPENDENT,0,380,380
2021,MLA,29,494,348,A(W),"VAIRAMUTHU, D",INDEPENDENT,0,380,380
2021,MLA,29,494,348,A(W),NOTA,,1,380,380
2021,MLA,29,495,349,,"SELVAPERUNTHAGAI, K",INDIAN NATIONAL CONGRESS,303,503,503
2021,MLA,29,495,349,,"PALANI, K",ALL INDIA ANNA DRAVIDA MUNNETRA KAZHAGAM,150,503,503
2021,MLA,29,495,349,,"VINOTH, E",BAHUJAN SAMAJ PARTY,0,503,503
2021,MLA,29,495,349,,"THANIGAIVEL, M",MAKKAL NEEDHI MAIAM,17,503,503
2021,MLA,29,495,349,,"PUSHPARAJ, D",NAAM TAMILAR KATCHI,22,503,503
2021,MLA,29,495,349,,"PERUMAL, R",AMMA MAKKAL MUNNETTRA KAZAGAM,5,503,503
2021,MLA,29,495,349,,"LOKESH, E",DESIYA MAKKAL SAKTHI KATCHI,1,503,503
2021,MLA,29,495,349,,"SAROJA, S",INDEPENDENT,0,503,503
2021,MLA,29,495,349,,"SUDHAKAR, P",INDEPENDENT,0,503,503
2021,MLA,29,495,349,,"DEVARAJAN, K",INDEPENDENT,0,503,503
2021,MLA,29,495,349,,"PARTHIBAN, M",INDEPENDENT,0,503,503
2021,MLA,29,495,349,,"LEENA, V",INDEPENDENT,0,503,503
2021,MLA,29,495,349,,"VASANTHI, E",INDEPENDENT,1,503,503
2021,MLA,29,495,349,,"VEDHAGIRI, R",INDEPENDENT,0,503,503
2021,MLA,29,495,349,,"VAIRAMUTHU, D",INDEPENDENT,0,503,503
2021,MLA,29,495,349,,NOTA,,4,503,503
2021,MLA,29,496,350,M,"SELVAPERUNTHAGAI, K",INDIAN NATIONAL CONGRESS,225,477,477
2021,MLA,29,496,350,M,"PALANI, K",ALL INDIA ANNA DRAVIDA MUNNETRA KAZHAGAM,182,477,477
2021,MLA,29,496,350,M,"VINOTH, E",BAHUJAN SAMAJ PARTY,0,477,477
2021,MLA,29,496,350,M,"THANIGAIVEL, M",MAKKAL NEEDHI MAIAM,23,477,477
2021,MLA,29,496,350,M,"PUSHPARAJ, D",NAAM TAMILAR KATCHI,35,477,477
2021,MLA,29,496,350,M,"PERUMAL, R",AMMA MAKKAL MUNNETTRA KAZAGAM,6,477,477
2021,MLA,29,496,350,M,"LOKESH, E",DESIYA MAKKAL SAKTHI KATCHI,1,477,477
2021,MLA,29,496,350,M,"SAROJA, S",INDEPENDENT,0,477,477
2021,MLA,29,496,350,M,"SUDHAKAR, P",INDEPENDENT,1,477,477
2021,MLA,29,496,350,M,"DEVARAJAN, K",INDEPENDENT,0,477,477
2021,MLA,29,496,350,M,"PARTHIBAN, M",INDEPENDENT,0,477,477
2021,MLA,29,496,350,M,"LEENA, V",INDEPENDENT,0,477,477
2021,MLA,29,496,350,M,"VASANTHI, E",INDEPENDENT,0,477,477
2021,MLA,29,496,350,M,"VEDHAGIRI, R",INDEPENDENT,1,477,477
2021,MLA,29,496,350,M,"VAIRAMUTHU, D",INDEPENDENT,0,477,477
2021,MLA,29,496,350,M,NOTA,,3,477,477
2021,MLA,29,497,350,A(W),"SELVAPERUNTHAGAI, K",INDIAN NATIONAL CONGRESS,226,455,455
2021,MLA,29,497,350,A(W),"PALANI, K",ALL INDIA ANNA DRAVIDA MUNNETRA KAZHAGAM,175,455,455
2021,MLA,29,497,350,A(W),"VINOTH, E",BAHUJAN SAMAJ PARTY,0,455,455
2021,MLA,29,497,350,A(W),"THANIGAIVEL, M",MAKKAL NEEDHI MAIAM,19,455,455
2021,MLA,29,497,350,A(W),"PUSHPARAJ, D",NAAM TAMILAR KATCHI,26,455,455
2021,MLA,29,497,350,A(W),"PERUMAL, R",AMMA MAKKAL MUNNETTRA KAZAGAM,1,455,455
2021,MLA,29,497,350,A(W),"LOKESH, E",DESIYA MAKKAL SAKTHI KATCHI,0,455,455
2021,MLA,29,497,350,A(W),"SAROJA, S",INDEPENDENT,0,455,455
2021,MLA,29,497,350,A(W),"SUDHAKAR, P",INDEPENDENT,0,455,455
2021,MLA,29,497,350,A(W),"DEVARAJAN, K",INDEPENDENT,0,455,455
2021,MLA,29,497,350,A(W),"PARTHIBAN, M",INDEPENDENT,0,455,455
2021,MLA,29,497,350,A(W),"LEENA, V",INDEPENDENT,1,455,455
2021,MLA,29,497,350,A(W),"VASANTHI, E",INDEPENDENT,0,455,455
2021,MLA,29,497,350,A(W),"VEDHAGIRI, R",INDEPENDENT,0,455,455
2021,MLA,29,497,350,A(W),"VAIRAMUTHU, D",INDEPENDENT,3,455,455
2021,MLA,29,497,350,A(W),NOTA,,4,455,455
2021,MLA,29,498,351,M,"SELVAPERUNTHAGAI, K",INDIAN NATIONAL CONGRESS,270,522,522
2021,MLA,29,498,351,M,"PALANI, K",ALL INDIA ANNA DRAVIDA MUNNETRA KAZHAGAM,151,522,522
2021,MLA,29,498,351,M,"VINOTH, E",BAHUJAN SAMAJ PARTY,0,522,522
2021,MLA,29,498,351,M,"THANIGAIVEL, M",MAKKAL NEEDHI MAIAM,25,522,522
2021,MLA,29,498,351,M,"PUSHPARAJ, D",NAAM TAMILAR KATCHI,58,522,522
2021,MLA,29,498,351,M,"PERUMAL, R",AMMA MAKKAL MUNNETTRA KAZAGAM,9,522,522
2021,MLA,29,498,351,M,"LOKESH, E",DESIYA MAKKAL SAKTHI KATCHI,0,522,522
2021,MLA,29,498,351,M,"SAROJA, S",INDEPENDENT,0,522,522
2021,MLA,29,498,351,M,"SUDHAKAR, P",INDEPENDENT,1,522,522
2021,MLA,29,498,351,M,"DEVARAJAN, K",INDEPENDENT,0,522,522
2021,MLA,29,498,351,M,"PARTHIBAN, M",INDEPENDENT,0,522,522
2021,MLA,29,498,351,M,"LEENA, V",INDEPENDENT,0,522,522
2021,MLA,29,498,351,M,"VASANTHI, E",INDEPENDENT,0,522,522
2021,MLA,29,498,351,M,"VEDHAGIRI, R",INDEPENDENT,0,522,522
2021,MLA,29,498,351,M,"VAIRAMUTHU, D",INDEPENDENT,1,522,522
2021,MLA,29,498,351,M,NOTA,,7,522,522
2021,MLA,29,499,351,A(W),"SELVAPERUNTHAGAI, K",INDIAN NATIONAL CONGRESS,256,473,473
2021,MLA,29,499,351,A(W),"PALANI, K",ALL INDIA ANNA DRAVIDA MUNNETRA KAZHAGAM,136,473,473
2021,MLA,29,499,351,A(W),"VINOTH, E",BAHUJAN SAMAJ PARTY,1,473,473
2021,MLA,29,499,351,A(W),"THANIGAIVEL, M",MAKKAL NEEDHI MAIAM,34,473,473
2021,MLA,29,499,351,A(W),"PUSHPARAJ, D",NAAM TAMILAR KATCHI,31,473,473
2021,MLA,29,499,351,A(W),"PERUMAL, R",AMMA MAKKAL MUNNETTRA KAZAGAM,6,473,473
2021,MLA,29,499,351,A(W),"LOKESH, E",DESIYA MAKKAL SAKTHI KATCHI,0,473,473
2021,MLA,29,499,351,A(W),"SAROJA, S",INDEPENDENT,0,473,473
2021,MLA,29,499,351,A(W),"SUDHAKAR, P",INDEPENDENT,1,473,473
2021,MLA,29,499,351,A(W),"DEVARAJAN, K",INDEPENDENT,0,473,473
2021,MLA,29,499,351,A(W),"PARTHIBAN, M",INDEPENDENT,1,473,473
2021,MLA,29,499,351,A(W),"LEENA, V",INDEPENDENT,0,473,473
2021,MLA,29,499,351,A(W),"VASANTHI, E",INDEPENDENT,0,473,473
2021,MLA,29,499,351,A(W),"VEDHAGIRI, R",INDEPENDENT,0,473,473
2021,MLA,29,499,351,A(W),"VAIRAMUTHU, D",INDEPENDENT,0,473,473
2021,MLA,29,499,351,A(W),NOTA,,7,473,473
2021,MLA,29,500,352,,"SELVAPERUNTHAGAI, K",INDIAN NATIONAL CONGRESS,401,714,714
2021,MLA,29,500,352,,"PALANI, K",ALL INDIA ANNA DRAVIDA MUNNETRA KAZHAGAM,180,714,714
2021,MLA,29,500,352,,"VINOTH, E",BAHUJAN SAMAJ PARTY,0,714,714
2021,MLA,29,500,352,,"THANIGAIVEL, M",MAKKAL NEEDHI MAIAM,37,714,714
2021,MLA,29,500,352,,"PUSHPARAJ, D",NAAM TAMILAR KATCHI,81,714,714
2021,MLA,29,500,352,,"PERUMAL, R",AMMA MAKKAL MUNNETTRA KAZAGAM,5,714,714
2021,MLA,29,500,352,,"LOKESH, E",DESIYA MAKKAL SAKTHI KATCHI,0,714,714
2021,MLA,29,500,352,,"SAROJA, S",INDEPENDENT,0,714,714
2021,MLA,29,500,352,,"SUDHAKAR, P",INDEPENDENT,0,714,714
2021,MLA,29,500,352,,"DEVARAJAN, K",INDEPENDENT,0,714,714
2021,MLA,29,500,352,,"PARTHIBAN, M",INDEPENDENT,2,714,714
2021,MLA,29,500,352,,"LEENA, V",INDEPENDENT,0,714,714
2021,MLA,29,500,352,,"VASANTHI, E",INDEPENDENT,0,714,714
2021,MLA,29,500,352,,"VEDHAGIRI, R",INDEPENDENT,0,714,714
2021,MLA,29,500,352,,"VAIRAMUTHU, D",INDEPENDENT,0,714,714
2021,MLA,29,500,352,,NOTA,,8,714,714
2021,MLA,29,501,353,M,"SELVAPERUNTHAGAI, K",INDIAN NATIONAL CONGRESS,197,449,449
2021,MLA,29,501,353,M,"PALANI, K",ALL INDIA ANNA DRAVIDA MUNNETRA KAZHAGAM,143,449,449
2021,MLA,29,501,353,M,"VINOTH, E",BAHUJAN SAMAJ PARTY,0,449,449
2021,MLA,29,501,353,M,"THANIGAIVEL, M",MAKKAL NEEDHI MAIAM,22,449,449
2021,MLA,29,501,353,M,"PUSHPARAJ, D",NAAM TAMILAR KATCHI,79,449,449
2021,MLA,29,501,353,M,"PERUMAL, R",AMMA MAKKAL MUNNETTRA KAZAGAM,2,449,449
2021,MLA,29,501,353,M,"LOKESH, E",DESIYA MAKKAL SAKTHI KATCHI,1,449,449
2021,MLA,29,501,353,M,"SAROJA, S",INDEPENDENT,0,449,449
2021,MLA,29,501,353,M,"SUDHAKAR, P",INDEPENDENT,0,449,449
2021,MLA,29,501,353,M,"DEVARAJAN, K",INDEPENDENT,0,449,449
2021,MLA,29,501,353,M,"PARTHIBAN, M",INDEPENDENT,0,449,449
2021,MLA,29,501,353,M,"LEENA, V",INDEPENDENT,1,449,449
2021,MLA,29,501,353,M,"VASANTHI, E",INDEPENDENT,0,449,449
2021,MLA,29,501,353,M,"VEDHAGIRI, R",INDEPENDENT,0,449,449
2021,MLA,29,501,353,M,"VAIRAMUTHU, D",INDEPENDENT,0,449,449
2021,MLA,29,501,353,M,NOTA,,4,449,449
2021,MLA,29,502,353,A(W),"SELVAPERUNTHAGAI, K",INDIAN NATIONAL CONGRESS,212,449,449
2021,MLA,29,502,353,A(W),"PALANI, K",ALL INDIA ANNA DRAVIDA MUNNETRA KAZHAGAM,162,449,449
2021,MLA,29,502,353,A(W),"VINOTH, E",BAHUJAN SAMAJ PARTY,1,449,449
2021,MLA,29,502,353,A(W),"THANIGAIVEL, M",MAKKAL NEEDHI MAIAM,20,449,449
2021,MLA,29,502,353,A(W),"PUSHPARAJ, D",NAAM TAMILAR KATCHI,50,449,449
2021,MLA,29,502,353,A(W),"PERUMAL, R",AMMA MAKKAL MUNNETTRA KAZAGAM,1,449,449
2021,MLA,29,502,353,A(W),"LOKESH, E",DESIYA MAKKAL SAKTHI KATCHI,0,449,449
2021,MLA,29,502,353,A(W),"SAROJA, S",INDEPENDENT,0,449,449
2021,MLA,29,502,353,A(W),"SUDHAKAR, P",INDEPENDENT,0,449,449
2021,MLA,29,502,353,A(W),"DEVARAJAN, K",INDEPENDENT,0,449,449
2021,MLA,29,502,353,A(W),"PARTHIBAN, M",INDEPENDENT,0,449,449
2021,MLA,29,502,353,A(W),"LEENA, V",INDEPENDENT,0,449,449
2021,MLA,29,502,353,A(W),"VASANTHI, E",INDEPENDENT,1,449,449
2021,MLA,29,502,353,A(W),"VEDHAGIRI, R",INDEPENDENT,0,449,449
2021,MLA,29,502,353,A(W),"VAIRAMUTHU, D",INDEPENDENT,1,449,449
2021,MLA,29,502,353,A(W),NOTA,,1,449,449
2021,MLA,29,503,354,M,"SELVAPERUNTHAGAI, K",INDIAN NATIONAL CONGRESS,210,456,456
2021,MLA,29,503,354,M,"PALANI, K",ALL INDIA ANNA DRAVIDA MUNNETRA KAZHAGAM,141,456,456
2021,MLA,29,503,354,M,"VINOTH, E",BAHUJAN SAMAJ PARTY,0,456,456
2021,MLA,29,503,354,M,"THANIGAIVEL, M",MAKKAL NEEDHI MAIAM,32,456,456
2021,MLA,29,503,354,M,"PUSHPARAJ, D",NAAM TAMILAR KATCHI,59,456,456
2021,MLA,29,503,354,M,"PERUMAL, R",AMMA MAKKAL MUNNETTRA KAZAGAM,5,456,456
2021,MLA,29,503,354,M,"LOKESH, E",DESIYA MAKKAL SAKTHI KATCHI,1,456,456
2021,MLA,29,503,354,M,"SAROJA, S",INDEPENDENT,0,456,456
2021,MLA,29,503,354,M,"SUDHAKAR, P",INDEPENDENT,0,456,456
2021,MLA,29,503,354,M,"DEVARAJAN, K",INDEPENDENT,0,456,456
2021,MLA,29,503,354,M,"PARTHIBAN, M",INDEPENDENT,0,456,456
2021,MLA,29,503,354,M,"LEENA, V",INDEPENDENT,0,456,456
2021,MLA,29,503,354,M,"VASANTHI, E",INDEPENDENT,0,456,456
2021,MLA,29,503,354,M,"VEDHAGIRI, R",INDEPENDENT,1,456,456
2021,MLA,29,503,354,M,"VAIRAMUTHU, D",INDEPENDENT,0,456,456
2021,MLA,29,503,354,M,NOTA,,7,456,456
2021,MLA,29,504,354,A(W),"SELVAPERUNTHAGAI, K",INDIAN NATIONAL CONGRESS,193,439,439
2021,MLA,29,504,354,A(W),"PALANI, K",ALL INDIA ANNA DRAVIDA MUNNETRA KAZHAGAM,139,439,439
2021,MLA,29,504,354,A(W),"VINOTH, E",BAHUJAN SAMAJ PARTY,2,439,439
2021,MLA,29,504,354,A(W),"THANIGAIVEL, M",MAKKAL NEEDHI MAIAM,40,439,439
2021,MLA,29,504,354,A(W),"PUSHPARAJ, D",NAAM TAMILAR KATCHI,55,439,439
2021,MLA,29,504,354,A(W),"PERUMAL, R",AMMA MAKKAL MUNNETTRA KAZAGAM,2,439,439
2021,MLA,29,504,354,A(W),"LOKESH, E",DESIYA MAKKAL SAKTHI KATCHI,0,439,439
2021,MLA,29,504,354,A(W),"SAROJA, S",INDEPENDENT,0,439,439
2021,MLA,29,504,354,A(W),"SUDHAKAR, P",INDEPENDENT,0,439,439
2021,MLA,29,504,354,A(W),"DEVARAJAN, K",INDEPENDENT,0,439,439
2021,MLA,29,504,354,A(W),"PARTHIBAN, M",INDEPENDENT,0,439,439
2021,MLA,29,504,354,A(W),"LEENA, V",INDEPENDENT,0,439,439
2021,MLA,29,504,354,A(W),"VASANTHI, E",INDEPENDENT,1,439,439
2021,MLA,29,504,354,A(W),"VEDHAGIRI, R",INDEPENDENT,2,439,439
2021,MLA,29,504,354,A(W),"VAIRAMUTHU, D",INDEPENDENT,1,439,439
2021,MLA,29,504,354,A(W),NOTA,,4,439,439
2021,MLA,29,505,355,M,"SELVAPERUNTHAGAI, K",INDIAN NATIONAL CONGRESS,234,495,495
2021,MLA,29,505,355,M,"PALANI, K",ALL INDIA ANNA DRAVIDA MUNNETRA KAZHAGAM,118,495,495
2021,MLA,29,505,355,M,"VINOTH, E",BAHUJAN SAMAJ PARTY,1,495,495
2021,MLA,29,505,355,M,"THANIGAIVEL, M",MAKKAL NEEDHI MAIAM,56,495,495
2021,MLA,29,505,355,M,"PUSHPARAJ, D",NAAM TAMILAR KATCHI,70,495,495
2021,MLA,29,505,355,M,"PERUMAL, R",AMMA MAKKAL MUNNETTRA KAZAGAM,6,495,495
2021,MLA,29,505,355,M,"LOKESH, E",DESIYA MAKKAL SAKTHI KATCHI,0,495,495
2021,MLA,29,505,355,M,"SAROJA, S",INDEPENDENT,1,495,495
2021,MLA,29,505,355,M,"SUDHAKAR, P",INDEPENDENT,0,495,495
2021,MLA,29,505,355,M,"DEVARAJAN, K",INDEPENDENT,0,495,495
2021,MLA,29,505,355,M,"PARTHIBAN, M",INDEPENDENT,1,495,495
2021,MLA,29,505,355,M,"LEENA, V",INDEPENDENT,0,495,495
2021,MLA,29,505,355,M,"VASANTHI, E",INDEPENDENT,1,495,495
2021,MLA,29,505,355,M,"VEDHAGIRI, R",INDEPENDENT,0,495,495
2021,MLA,29,505,355,M,"VAIRAMUTHU, D",INDEPENDENT,1,495,495
2021,MLA,29,505,355,M,NOTA,,6,495,495
2021,MLA,29,506,355,A(W),"SELVAPERUNTHAGAI, K",INDIAN NATIONAL CONGRESS,213,436,436
2021,MLA,29,506,355,A(W),"PALANI, K",ALL INDIA ANNA DRAVIDA MUNNETRA KAZHAGAM,122,436,436
2021,MLA,29,506,355,A(W),"VINOTH, E",BAHUJAN SAMAJ PARTY,0,436,436
2021,MLA,29,506,355,A(W),"THANIGAIVEL, M",MAKKAL NEEDHI MAIAM,53,436,436
2021,MLA,29,506,355,A(W),"PUSHPARAJ, D",NAAM TAMILAR KATCHI,37,436,436
2021,MLA,29,506,355,A(W),"PERUMAL, R",AMMA MAKKAL MUNNETTRA KAZAGAM,4,436,436
2021,MLA,29,506,355,A(W),"LOKESH, E",DESIYA MAKKAL SAKTHI KATCHI,0,436,436
2021,MLA,29,506,355,A(W),"SAROJA, S",INDEPENDENT,0,436,436
2021,MLA,29,506,355,A(W),"SUDHAKAR, P",INDEPENDENT,1,436,436
2021,MLA,29,506,355,A(W),"DEVARAJAN, K",INDEPENDENT,0,436,436
2021,MLA,29,506,355,A(W),"PARTHIBAN, M",INDEPENDENT,0,436,436
2021,MLA,29,506,355,A(W),"LEENA, V",INDEPENDENT,0,436,436
2021,MLA,29,506,355,A(W),"VASANTHI, E",INDEPENDENT,0,436,436
2021,MLA,29,506,355,A(W),"VEDHAGIRI, R",INDEPENDENT,1,436,436
2021,MLA,29,506,355,A(W),"VAIRAMUTHU, D",INDEPENDENT,0,436,436
2021,MLA,29,506,355,A(W),NOTA,,5,436,436
2021,MLA,29,507,356,M,"SELVAPERUNTHAGAI, K",INDIAN NATIONAL CONGRESS,238,460,460
2021,MLA,29,507,356,M,"PALANI, K",ALL INDIA ANNA DRAVIDA MUNNETRA KAZHAGAM,117,460,460
2021,MLA,29,507,356,M,"VINOTH, E",BAHUJAN SAMAJ PARTY,1,460,460
2021,MLA,29,507,356,M,"THANIGAIVEL, M",MAKKAL NEEDHI MAIAM,24,460,460
2021,MLA,29,507,356,M,"PUSHPARAJ, D",NAAM TAMILAR KATCHI,73,460,460
2021,MLA,29,507,356,M,"PERUMAL, R",AMMA MAKKAL MUNNETTRA KAZAGAM,1,460,460
2021,MLA,29,507,356,M,"LOKESH, E",DESIYA MAKKAL SAKTHI KATCHI,0,460,460
2021,MLA,29,507,356,M,"SAROJA, S",INDEPENDENT,0,460,460
2021,MLA,29,507,356,M,"SUDHAKAR, P",INDEPENDENT,0,460,460
2021,MLA,29,507,356,M,"DEVARAJAN, K",INDEPENDENT,0,460,460
2021,MLA,29,507,356,M,"PARTHIBAN, M",INDEPENDENT,0,460,460
2021,MLA,29,507,356,M,"LEENA, V",INDEPENDENT,0,460,460
2021,MLA,29,507,356,M,"VASANTHI, E",INDEPENDENT,0,460,460
2021,MLA,29,507,356,M,"VEDHAGIRI, R",INDEPENDENT,1,460,460
2021,MLA,29,507,356,M,"VAIRAMUTHU, D",INDEPENDENT,0,460,460
2021,MLA,29,507,356,M,NOTA,,5,460,460
2021,MLA,29,508,356,A(W),"SELVAPERUNTHAGAI, K",INDIAN NATIONAL CONGRESS,229,427,427
2021,MLA,29,508,356,A(W),"PALANI, K",ALL INDIA ANNA DRAVIDA MUNNETRA KAZHAGAM,129,427,427
2021,MLA,29,508,356,A(W),"VINOTH, E",BAHUJAN SAMAJ PARTY,2,427,427
2021,MLA,29,508,356,A(W),"THANIGAIVEL, M",MAKKAL NEEDHI MAIAM,20,427,427
2021,MLA,29,508,356,A(W),"PUSHPARAJ, D",NAAM TAMILAR KATCHI,39,427,427
2021,MLA,29,508,356,A(W),"PERUMAL, R",AMMA MAKKAL MUNNETTRA KAZAGAM,1,427,427
2021,MLA,29,508,356,A(W),"LOKESH, E",DESIYA MAKKAL SAKTHI KATCHI,0,427,427
2021,MLA,29,508,356,A(W),"SAROJA, S",INDEPENDENT,0,427,427
2021,MLA,29,508,356,A(W),"SUDHAKAR, P",INDEPENDENT,1,427,427
2021,MLA,29,508,356,A(W),"DEVARAJAN, K",INDEPENDENT,0,427,427
2021,MLA,29,508,356,A(W),"PARTHIBAN, M",INDEPENDENT,0,427,427
2021,MLA,29,508,356,A(W),"LEENA, V",INDEPENDENT,0,427,427
2021,MLA,29,508,356,A(W),"VASANTHI, E",INDEPENDENT,0,427,427
2021,MLA,29,508,356,A(W),"VEDHAGIRI, R",INDEPENDENT,0,427,427
2021,MLA,29,508,356,A(W),"VAIRAMUTHU, D",INDEPENDENT,1,427,427
2021,MLA,29,508,356,A(W),NOTA,,5,427,427
2021,MLA,29,509,357,M,"SELVAPERUNTHAGAI, K",INDIAN NATIONAL CONGRESS,238,415,415
2021,MLA,29,509,357,M,"PALANI, K",ALL INDIA ANNA DRAVIDA MUNNETRA KAZHAGAM,102,415,415
2021,MLA,29,509,357,M,"VINOTH, E",BAHUJAN SAMAJ PARTY,0,415,415
2021,MLA,29,509,357,M,"THANIGAIVEL, M",MAKKAL NEEDHI MAIAM,18,415,415
2021,MLA,29,509,357,M,"PUSHPARAJ, D",NAAM TAMILAR KATCHI,48,415,415
2021,MLA,29,509,357,M,"PERUMAL, R",AMMA MAKKAL MUNNETTRA KAZAGAM,5,415,415
2021,MLA,29,509,357,M,"LOKESH, E",DESIYA MAKKAL SAKTHI KATCHI,0,415,415
2021,MLA,29,509,357,M,"SAROJA, S",INDEPENDENT,0,415,415
2021,MLA,29,509,357,M,"SUDHAKAR, P",INDEPENDENT,0,415,415
2021,MLA,29,509,357,M,"DEVARAJAN, K",INDEPENDENT,1,415,415
2021,MLA,29,509,357,M,"PARTHIBAN, M",INDEPENDENT,0,415,415
2021,MLA,29,509,357,M,"LEENA, V",INDEPENDENT,0,415,415
2021,MLA,29,509,357,M,"VASANTHI, E",INDEPENDENT,1,415,415
2021,MLA,29,509,357,M,"VEDHAGIRI, R",INDEPENDENT,0,415,415
2021,MLA,29,509,357,M,"VAIRAMUTHU, D",INDEPENDENT,0,415,415
2021,MLA,29,509,357,M,NOTA,,2,415,415
2021,MLA,29,510,357,A(W),"SELVAPERUNTHAGAI, K",INDIAN NATIONAL CONGRESS,241,404,404
2021,MLA,29,510,357,A(W),"PALANI, K",ALL INDIA ANNA DRAVIDA MUNNETRA KAZHAGAM,113,404,404
2021,MLA,29,510,357,A(W),"VINOTH, E",BAHUJAN SAMAJ PARTY,1,404,404
2021,MLA,29,510,357,A(W),"THANIGAIVEL, M",MAKKAL NEEDHI MAIAM,14,404,404
2021,MLA,29,510,357,A(W),"PUSHPARAJ, D",NAAM TAMILAR KATCHI,25,404,404
2021,MLA,29,510,357,A(W),"PERUMAL, R",AMMA MAKKAL MUNNETTRA KAZAGAM,3,404,404
2021,MLA,29,510,357,A(W),"LOKESH, E",DESIYA MAKKAL SAKTHI KATCHI,1,404,404
2021,MLA,29,510,357,A(W),"SAROJA, S",INDEPENDENT,0,404,404
2021,MLA,29,510,357,A(W),"SUDHAKAR, P",INDEPENDENT,0,404,404
2021,MLA,29,510,357,A(W),"DEVARAJAN, K",INDEPENDENT,0,404,404
2021,MLA,29,510,357,A(W),"PARTHIBAN, M",INDEPENDENT,0,404,404
2021,MLA,29,510,357,A(W),"LEENA, V",INDEPENDENT,0,404,404
2021,MLA,29,510,357,A(W),"VASANTHI, E",INDEPENDENT,0,404,404
2021,MLA,29,510,357,A(W),"VEDHAGIRI, R",INDEPENDENT,0,404,404
2021,MLA,29,510,357,A(W),"VAIRAMUTHU, D",INDEPENDENT,2,404,404
2021,MLA,29,510,357,A(W),NOTA,,4,404,404
2021,MLA,29,511,358,M,"SELVAPERUNTHAGAI, K",INDIAN NATIONAL CONGRESS,226,471,471
2021,MLA,29,511,358,M,"PALANI, K",ALL INDIA ANNA DRAVIDA MUNNETRA KAZHAGAM,139,471,471
2021,MLA,29,511,358,M,"VINOTH, E",BAHUJAN SAMAJ PARTY,1,471,471
2021,MLA,29,511,358,M,"THANIGAIVEL, M",MAKKAL NEEDHI MAIAM,45,471,471
2021,MLA,29,511,358,M,"PUSHPARAJ, D",NAAM TAMILAR KATCHI,54,471,471
2021,MLA,29,511,358,M,"PERUMAL, R",AMMA MAKKAL MUNNETTRA KAZAGAM,2,471,471
2021,MLA,29,511,358,M,"LOKESH, E",DESIYA MAKKAL SAKTHI KATCHI,0,471,471
2021,MLA,29,511,358,M,"SAROJA, S",INDEPENDENT,0,471,471
2021,MLA,29,511,358,M,"SUDHAKAR, P",INDEPENDENT,0,471,471
2021,MLA,29,511,358,M,"DEVARAJAN, K",INDEPENDENT,0,471,471
2021,MLA,29,511,358,M,"PARTHIBAN, M",INDEPENDENT,0,471,471
2021,MLA,29,511,358,M,"LEENA, V",INDEPENDENT,1,471,471
2021,MLA,29,511,358,M,"VASANTHI, E",INDEPENDENT,0,471,471
2021,MLA,29,511,358,M,"VEDHAGIRI, R",INDEPENDENT,0,471,471
2021,MLA,29,511,358,M,"VAIRAMUTHU, D",INDEPENDENT,1,471,471
2021,MLA,29,511,358,M,NOTA,,2,471,471
2021,MLA,29,512,358,A(W),"SELVAPERUNTHAGAI, K",INDIAN NATIONAL CONGRESS,247,463,463
2021,MLA,29,512,358,A(W),"PALANI, K",ALL INDIA ANNA DRAVIDA MUNNETRA KAZHAGAM,127,463,463
2021,MLA,29,512,358,A(W),"VINOTH, E",BAHUJAN SAMAJ PARTY,1,463,463
2021,MLA,29,512,358,A(W),"THANIGAIVEL, M",MAKKAL NEEDHI MAIAM,44,463,463
2021,MLA,29,512,358,A(W),"PUSHPARAJ, D",NAAM TAMILAR KATCHI,39,463,463
2021,MLA,29,512,358,A(W),"PERUMAL, R",AMMA MAKKAL MUNNETTRA KAZAGAM,1,463,463
2021,MLA,29,512,358,A(W),"LOKESH, E",DESIYA MAKKAL SAKTHI KATCHI,0,463,463
2021,MLA,29,512,358,A(W),"SAROJA, S",INDEPENDENT,0,463,463
2021,MLA,29,512,358,A(W),"SUDHAKAR, P",INDEPENDENT,0,463,463
2021,MLA,29,512,358,A(W),"DEVARAJAN, K",INDEPENDENT,0,463,463
2021,MLA,29,512,358,A(W),"PARTHIBAN, M",INDEPENDENT,0,463,463
2021,MLA,29,512,358,A(W),"LEENA, V",INDEPENDENT,0,463,463
2021,MLA,29,512,358,A(W),"VASANTHI, E",INDEPENDENT,0,463,463
2021,MLA,29,512,358,A(W),"VEDHAGIRI, R",INDEPENDENT,1,463,463
2021,MLA,29,512,358,A(W),"VAIRAMUTHU, D",INDEPENDENT,2,463,463
2021,MLA,29,512,358,A(W),NOTA,,1,463,463
