ps_no,party_clean,votes_2016,candidate_count_2016,valid_votes_2016,total_votes_2016,vote_share_2016,valid_ratio_2016,votes_2021,candidate_count_2021,valid_votes_2021,total_votes_2021,vote_share_2021,valid_ratio_2021,vote_share_change,vote_count_change
1,AIADMK,440,1,876,876,0.502283105022831,1.0,280,1,873,873,0.3207331042382589,1.0,-0.18155000078457212,-160
1,BSP,11,1,876,876,0.012557077625570776,1.0,3,1,873,873,0.003436426116838488,1.0,-0.009120651508732288,-8
1,INC,351,1,876,876,0.4006849315068493,1.0,458,1,873,873,0.5246277205040092,1.0,0.12394278899715988,107
1,IND,17,6,876,876,0.019406392694063926,1.0,40,8,873,873,0.045819014891179836,1.0,0.02641262219711591,23
1,NTK,4,1,876,876,0.0045662100456621,1.0,64,1,873,873,0.07331042382588775,1.0,0.06874421378022565,60
1,UNKNOWN,39,3,876,876,0.04452054794520548,1.0,18,1,873,873,0.020618556701030927,1.0,-0.02390199124417455,-21
2,AIADMK,223,1,597,597,0.37353433835845895,1.0,257,1,636,636,0.40408805031446543,1.0,0.03055371195600648,34
2,BSP,6,1,597,597,0.010050251256281407,1.0,4,1,636,636,0.006289308176100629,1.0,-0.003760943080180778,-2
2,INC,215,1,597,597,0.3601340033500838,1.0,310,1,636,636,0.48742138364779874,1.0,0.12728738029771497,95
2,IND,5,6,597,597,0.008375209380234505,1.0,14,8,636,636,0.0220125786163522,1.0,0.013637369236117695,9
2,NTK,2,1,597,597,0.0033500837520938024,1.0,42,1,636,636,0.0660377358490566,1.0,0.0626876520969628,40
2,UNKNOWN,22,3,597,597,0.03685092127303183,1.0,4,1,636,636,0.006289308176100629,1.0,-0.0305616130969312,-18
3,AIADMK,202,1,547,547,0.3692870201096892,1.0,335,1,569,569,0.5887521968365553,1.0,0.2194651767268661,133
3,BSP,4,1,547,547,0.007312614259597806,1.0,2,1,569,569,0.0035149384885764497,1.0,-0.0037976757710213565,-2
3,INC,120,1,547,547,0.21937842778793418,1.0,183,1,569,569,0.3216168717047452,1.0,0.102238443916811,63
3,IND,2,6,547,547,0.003656307129798903,1.0,7,8,569,569,0.012302284710017574,1.0,0.00864597758021867,5
3,NTK,1,1,547,547,0.0018281535648994515,1.0,27,1,569,569,0.04745166959578207,1.0,0.04562351603088262,26
3,UNKNOWN,11,3,547,547,0.02010968921389397,1.0,6,1,569,569,0.01054481546572935,1.0,-0.009564873748164619,-5
4,AIADMK,262,1,867,867,0.3021914648212226,1.0,499,1,874,874,0.5709382151029748,1.0,0.2687467502817522,237
4,BSP,10,1,867,867,0.011534025374855825,1.0,9,1,874,874,0.010297482837528604,1.0,-0.0012365425373272211,-1
4,INC,196,1,867,867,0.22606689734717417,1.0,284,1,874,874,0.32494279176201374,1.0,0.09887589441483957,88
4,IND,12,6,867,867,0.01384083044982699,1.0,9,8,874,874,0.010297482837528604,1.0,-0.003543347612298386,-3
4,NTK,6,1,867,867,0.006920415224913495,1.0,50,1,874,874,0.057208237986270026,1.0,0.05028782276135653,44
4,UNKNOWN,49,3,867,867,0.05651672433679354,1.0,5,1,874,874,0.005720823798627002,1.0,-0.05079590053816654,-44
5,AIADMK,226,1,838,838,0.26968973747016706,1.0,413,1,856,856,0.4824766355140187,1.0,0.21278689804385165,187
5,BSP,7,1,838,838,0.008353221957040573,1.0,10,1,856,856,0.011682242990654205,1.0,0.0033290210336136324,3
5,INC,281,1,838,838,0.3353221957040573,1.0,345,1,856,856,0.4030373831775701,1.0,0.0677151874735128,64
5,IND,13,6,838,838,0.015513126491646777,1.0,14,8,856,856,0.016355140186915886,1.0,0.0008420136952691087,1
5,NTK,7,1,838,838,0.008353221957040573,1.0,48,1,856,856,0.056074766355140186,1.0,0.04772154439809961,41
5,UNKNOWN,25,3,838,838,0.029832935560859187,1.0,10,1,856,856,0.011682242990654205,1.0,-0.018150692570204983,-15
6,AIADMK,216,1,491,491,0.439918533604888,1.0,267,1,458,458,0.5829694323144105,1.0,0.14305089870952248,51
6,BSP,4,1,491,491,0.008146639511201629,1.0,4,1,458,458,0.008733624454148471,1.0,0.0005869849429468426,0
6,INC,124,1,491,491,0.2525458248472505,1.0,144,1,458,458,0.314410480349345,1.0,0.06186465550209447,20
6,IND,2,6,491,491,0.004073319755600814,1.0,1,8,458,458,0.002183406113537118,1.0,-0.0018899136420636965,-1
6,NTK,7,1,491,491,0.014256619144602852,1.0,30,1,458,458,0.06550218340611354,1.0,0.05124556426151068,23
6,UNKNOWN,20,3,491,491,0.04073319755600815,1.0,1,1,458,458,0.002183406113537118,1.0,-0.03854979144247103,-19
7,AIADMK,262,1,689,689,0.3802612481857765,1.0,443,1,712,712,0.6221910112359551,1.0,0.2419297630501786,181
7,BSP,33,1,689,689,0.047895500725689405,1.0,19,1,712,712,0.026685393258426966,1.0,-0.02121010746726244,-14
7,INC,211,1,689,689,0.3062409288824383,1.0,177,1,712,712,0.24859550561797752,1.0,-0.05764542326446079,-34
7,IND,19,6,689,689,0.027576197387518143,1.0,18,8,712,712,0.025280898876404494,1.0,-0.002295298511113649,-1
7,NTK,0,1,689,689,0.0,1.0,40,1,712,712,0.056179775280898875,1.0,0.056179775280898875,40
7,UNKNOWN,52,3,689,689,0.07547169811320754,1.0,3,1,712,712,0.004213483146067416,1.0,-0.07125821496714013,-49
8,AIADMK,172,1,597,597,0.288107202680067,1.0,128,1,594,594,0.21548821548821548,1.0,-0.07261898719185153,-44
8,BSP,5,1,597,597,0.008375209380234505,1.0,3,1,594,594,0.005050505050505051,1.0,-0.003324704329729454,-2
8,INC,354,1,597,597,0.592964824120603,1.0,386,1,594,594,0.6498316498316499,1.0,0.05686682571104684,32
8,IND,3,6,597,597,0.005025125628140704,1.0,3,8,594,594,0.005050505050505051,1.0,2.5379422364347343e-05,0
8,NTK,7,1,597,597,0.011725293132328308,1.0,51,1,594,594,0.08585858585858586,1.0,0.07413329272625754,44
8,UNKNOWN,37,3,597,597,0.06197654941373534,1.0,4,1,594,594,0.006734006734006734,1.0,-0.05524254267972861,-33
9,AIADMK,221,1,409,409,0.5403422982885085,1.0,182,1,419,419,0.4343675417661098,1.0,-0.10597475652239874,-39
9,BSP,1,1,409,409,0.0024449877750611247,1.0,2,1,419,419,0.00477326968973747,1.0,0.0023282819146763457,1
9,INC,153,1,409,409,0.3740831295843521,1.0,161,1,419,419,0.38424821002386633,1.0,0.010165080439514251,8
9,IND,4,6,409,409,0.009779951100244499,1.0,9,8,419,419,0.021479713603818614,1.0,0.011699762503574115,5
9,NTK,6,1,409,409,0.014669926650366748,1.0,45,1,419,419,0.10739856801909307,1.0,0.09272864136872633,39
9,UNKNOWN,10,3,409,409,0.02444987775061125,1.0,7,1,419,419,0.016706443914081145,1.0,-0.007743433836530103,-3
10,AIADMK,323,1,906,906,0.3565121412803532,1.0,349,1,867,867,0.40253748558246827,1.0,0.04602534430211508,26
10,BSP,9,1,906,906,0.009933774834437087,1.0,6,1,867,867,0.006920415224913495,1.0,-0.0030133596095235915,-3
10,INC,399,1,906,906,0.44039735099337746,1.0,398,1,867,867,0.4590542099192618,1.0,0.018656858925884368,-1
10,IND,5,6,906,906,0.005518763796909493,1.0,11,8,867,867,0.012687427912341407,1.0,0.007168664115431914,6
10,NTK,6,1,906,906,0.006622516556291391,1.0,93,1,867,867,0.10726643598615918,1.0,0.10064391942986778,87
10,UNKNOWN,111,3,906,906,0.12251655629139073,1.0,4,1,867,867,0.00461361014994233,1.0,-0.1179029461414484,-107
11,AIADMK,291,1,661,661,0.4402420574886536,1.0,313,1,858,858,0.36480186480186483,1.0,-0.07544019268678875,22
11,BSP,5,1,661,661,0.007564296520423601,1.0,7,1,858,858,0.008158508158508158,1.0,0.0005942116380845573,2
11,INC,264,1,661,661,0.39939485627836613,1.0,407,1,858,858,0.47435897435897434,1.0,0.07496411808060821,143
11,IND,9,6,661,661,0.01361573373676248,1.0,9,8,858,858,0.01048951048951049,1.0,-0.0031262232472519906,0
11,NTK,2,1,661,661,0.0030257186081694403,1.0,105,1,858,858,0.12237762237762238,1.0,0.11935190376945294,103
11,UNKNOWN,59,3,661,661,0.08925869894099848,1.0,8,1,858,858,0.009324009324009324,1.0,-0.07993468961698916,-51
12,AIADMK,162,1,587,587,0.27597955706984667,1.0,439,1,607,607,0.7232289950576606,1.0,0.4472494379878139,277
12,BSP,1,1,587,587,0.0017035775127768314,1.0,1,1,607,607,0.0016474464579901153,1.0,-5.6131054786716025e-05,0
12,INC,91,1,587,587,0.15502555366269166,1.0,116,1,607,607,0.19110378912685339,1.0,0.03607823546416172,25
12,IND,5,6,587,587,0.008517887563884156,1.0,2,8,607,607,0.0032948929159802307,1.0,-0.005222994647903926,-3
12,NTK,2,1,587,587,0.0034071550255536627,1.0,37,1,607,607,0.060955518945634266,1.0,0.0575483639200806,35
12,UNKNOWN,19,3,587,587,0.03236797274275979,1.0,2,1,607,607,0.0032948929159802307,1.0,-0.029073079826779563,-17
13,AIADMK,307,1,714,714,0.42997198879551823,1.0,412,1,735,735,0.5605442176870749,1.0,0.13057222889155662,105
13,BSP,2,1,714,714,0.0028011204481792717,1.0,0,1,735,735,0.0,1.0,-0.0028011204481792717,-2
13,INC,167,1,714,714,0.2338935574229692,1.0,221,1,735,735,0.3006802721088435,1.0,0.06678671468587433,54
13,IND,1,6,714,714,0.0014005602240896359,1.0,11,8,735,735,0.014965986394557823,1.0,0.013565426170468187,10
13,NTK,4,1,714,714,0.0056022408963585435,1.0,71,1,735,735,0.09659863945578231,1.0,0.09099639855942378,67
13,UNKNOWN,38,3,714,714,0.05322128851540616,1.0,8,1,735,735,0.010884353741496598,1.0,-0.04233693477390956,-30
14,AIADMK,128,1,476,476,0.2689075630252101,1.0,308,1,462,462,0.6666666666666666,1.0,0.39775910364145656,180
14,BSP,4,1,476,476,0.008403361344537815,1.0,0,1,462,462,0.0,1.0,-0.008403361344537815,-4
14,INC,121,1,476,476,0.2542016806722689,1.0,129,1,462,462,0.2792207792207792,1.0,0.02501909854851031,8
14,IND,2,6,476,476,0.004201680672268907,1.0,9,8,462,462,0.01948051948051948,1.0,0.015278838808250574,7
14,NTK,2,1,476,476,0.004201680672268907,1.0,10,1,462,462,0.021645021645021644,1.0,0.017443340972752738,8
14,UNKNOWN,12,3,476,476,0.025210084033613446,1.0,1,1,462,462,0.0021645021645021645,1.0,-0.023045581869111282,-11
15,AIADMK,144,1,501,501,0.2874251497005988,1.0,177,1,505,505,0.3504950495049505,1.0,0.06306989980435168,33
15,BSP,5,1,501,501,0.00998003992015968,1.0,5,1,505,505,0.009900990099009901,1.0,-7.904982114977956e-05,0
15,INC,259,1,501,501,0.5169660678642715,1.0,254,1,505,505,0.502970297029703,1.0,-0.013995770834568488,-5
15,IND,4,6,501,501,0.007984031936127744,1.0,23,8,505,505,0.04554455445544554,1.0,0.037560522519317796,19
15,NTK,2,1,501,501,0.003992015968063872,1.0,31,1,505,505,0.061386138613861385,1.0,0.05739412264579751,29
15,UNKNOWN,17,3,501,501,0.033932135728542916,1.0,4,1,505,505,0.007920792079207921,1.0,-0.026011343649334995,-13
16,AIADMK,146,1,241,241,0.6058091286307054,1.0,164,1,263,263,0.623574144486692,1.0,0.017765015855986666,18
16,BSP,2,1,241,241,0.008298755186721992,1.0,1,1,263,263,0.0038022813688212928,1.0,-0.004496473817900699,-1
16,INC,86,1,241,241,0.35684647302904565,1.0,81,1,263,263,0.30798479087452474,1.0,-0.04886168215452091,-5
16,IND,2,6,241,241,0.008298755186721992,1.0,0,8,263,263,0.0,1.0,-0.008298755186721992,-2
16,NTK,4,1,241,241,0.016597510373443983,1.0,6,1,263,263,0.022813688212927757,1.0,0.006216177839483774,2
16,UNKNOWN,2,3,241,241,0.008298755186721992,1.0,1,1,263,263,0.0038022813688212928,1.0,-0.004496473817900699,-1
17,AIADMK,154,1,498,498,0.3092369477911647,1.0,252,1,519,519,0.48554913294797686,1.0,0.17631218515681218,98
17,BSP,3,1,498,498,0.006024096385542169,1.0,2,1,519,519,0.0038535645472061657,1.0,-0.0021705318383360033,-1
17,INC,199,1,498,498,0.39959839357429716,1.0,243,1,519,519,0.4682080924855491,1.0,0.06860969891125196,44
17,IND,1,6,498,498,0.002008032128514056,1.0,1,8,519,519,0.0019267822736030828,1.0,-8.124985491097321e-05,0
17,NTK,2,1,498,498,0.004016064257028112,1.0,16,1,519,519,0.030828516377649325,1.0,0.026812452120621215,14
17,UNKNOWN,9,3,498,498,0.018072289156626505,1.0,2,1,519,519,0.0038535645472061657,1.0,-0.01421872460942034,-7
18,AIADMK,228,1,409,409,0.5574572127139364,1.0,205,1,447,447,0.45861297539149887,1.0,-0.09884423732243758,-23
18,BSP,0,1,409,409,0.0,1.0,2,1,447,447,0.0044742729306487695,1.0,0.0044742729306487695,2
18,INC,135,1,409,409,0.33007334963325186,1.0,197,1,447,447,0.4407158836689038,1.0,0.11064253403565194,62
18,IND,1,6,409,409,0.0024449877750611247,1.0,5,8,447,447,0.011185682326621925,1.0,0.0087406945515608,4
18,NTK,3,1,409,409,0.007334963325183374,1.0,30,1,447,447,0.06711409395973154,1.0,0.05977913063454817,27
18,UNKNOWN,23,3,409,409,0.05623471882640587,1.0,4,1,447,447,0.008948545861297539,1.0,-0.04728617296510833,-19
19,AIADMK,385,1,1022,1022,0.3767123287671233,1.0,361,1,660,660,0.546969696969697,1.0,0.1702573682025737,-24
19,BSP,4,1,1022,1022,0.003913894324853229,1.0,2,1,660,660,0.0030303030303030303,1.0,-0.0008835912945501984,-2
19,INC,564,1,1022,1022,0.5518590998043053,1.0,234,1,660,660,0.35454545454545455,1.0,-0.1973136452588507,-330
19,IND,7,6,1022,1022,0.00684931506849315,1.0,5,8,660,660,0.007575757575757576,1.0,0.0007264425072644257,-2
19,NTK,8,1,1022,1022,0.007827788649706457,1.0,33,1,660,660,0.05,1.0,0.042172211350293545,25
19,UNKNOWN,43,3,1022,1022,0.04207436399217221,1.0,6,1,660,660,0.00909090909090909,1.0,-0.032983454901263115,-37
20,AIADMK,231,1,630,630,0.36666666666666664,1.0,452,1,684,684,0.6608187134502924,1.0,0.2941520467836258,221
20,BSP,7,1,630,630,0.011111111111111112,1.0,4,1,684,684,0.005847953216374269,1.0,-0.005263157894736843,-3
20,INC,194,1,630,630,0.30793650793650795,1.0,203,1,684,684,0.29678362573099415,1.0,-0.011152882205513803,9
20,IND,12,6,630,630,0.01904761904761905,1.0,2,8,684,684,0.0029239766081871343,1.0,-0.016123642439431915,-10
20,NTK,0,1,630,630,0.0,1.0,16,1,684,684,0.023391812865497075,1.0,0.023391812865497075,16
20,UNKNOWN,24,3,630,630,0.0380952380952381,1.0,2,1,684,684,0.0029239766081871343,1.0,-0.035171261487050964,-22
21,AIADMK,228,1,672,672,0.3392857142857143,1.0,385,1,623,623,0.6179775280898876,1.0,0.2786918138041733,157
21,BSP,3,1,672,672,0.004464285714285714,1.0,2,1,623,623,0.0032102728731942215,1.0,-0.0012540128410914926,-1
21,INC,210,1,672,672,0.3125,1.0,166,1,623,623,0.2664526484751204,1.0,-0.0460473515248796,-44
21,IND,5,6,672,672,0.00744047619047619,1.0,4,8,623,623,0.006420545746388443,1.0,-0.001019930444087747,-1
21,NTK,4,1,672,672,0.005952380952380952,1.0,38,1,623,623,0.060995184590690206,1.0,0.055042803638309254,34
21,UNKNOWN,14,3,672,672,0.020833333333333332,1.0,10,1,623,623,0.016051364365971106,1.0,-0.004781968967362226,-4
22,AIADMK,199,1,606,606,0.32838283828382836,1.0,430,1,792,792,0.5429292929292929,1.0,0.21454645464546457,231
22,BSP,0,1,606,606,0.0,1.0,4,1,792,792,0.005050505050505051,1.0,0.005050505050505051,4
22,INC,176,1,606,606,0.29042904290429045,1.0,252,1,792,792,0.3181818181818182,1.0,0.02775277527752773,76
22,IND,5,6,606,606,0.00825082508250825,1.0,13,8,792,792,0.016414141414141416,1.0,0.008163316331633166,8
22,NTK,3,1,606,606,0.0049504950495049506,1.0,73,1,792,792,0.09217171717171717,1.0,0.08722122212221221,70
22,UNKNOWN,29,3,606,606,0.04785478547854786,1.0,2,1,792,792,0.0025252525252525255,1.0,-0.04532953295329533,-27
23,AIADMK,315,1,679,679,0.4639175257731959,1.0,418,1,1054,1054,0.396584440227704,1.0,-0.06733308554549189,103
23,BSP,2,1,679,679,0.0029455081001472753,1.0,1,1,1054,1054,0.0009487666034155598,1.0,-0.0019967414967317154,-1
23,INC,167,1,679,679,0.24594992636229748,1.0,538,1,1054,1054,0.5104364326375711,1.0,0.2644865062752736,371
23,IND,5,6,679,679,0.007363770250368188,1.0,18,8,1054,1054,0.017077798861480076,1.0,0.009714028611111888,13
23,NTK,4,1,679,679,0.005891016200294551,1.0,59,1,1054,1054,0.055977229601518026,1.0,0.050086213401223476,55
23,UNKNOWN,79,3,679,679,0.11634756995581738,1.0,4,1,1054,1054,0.003795066413662239,1.0,-0.11255250354215514,-75
24,AIADMK,371,1,1006,1006,0.3687872763419483,1.0,606,1,1035,1035,0.5855072463768116,1.0,0.21671997003486332,235
24,BSP,0,1,1006,1006,0.0,1.0,1,1,1035,1035,0.000966183574879227,1.0,0.000966183574879227,1
24,INC,346,1,1006,1006,0.34393638170974156,1.0,353,1,1035,1035,0.34106280193236715,1.0,-0.002873579777374402,7
24,IND,2,6,1006,1006,0.0019880715705765406,1.0,8,8,1035,1035,0.007729468599033816,1.0,0.005741397028457275,6
24,NTK,3,1,1006,1006,0.002982107355864811,1.0,31,1,1035,1035,0.02995169082125604,1.0,0.026969583465391227,28
24,UNKNOWN,17,3,1006,1006,0.016898608349900597,1.0,8,1,1035,1035,0.007729468599033816,1.0,-0.009169139750866782,-9
25,AIADMK,81,1,571,571,0.14185639229422067,1.0,397,1,638,638,0.622257053291536,1.0,0.4804006609973154,316
25,BSP,0,1,571,571,0.0,1.0,0,1,638,638,0.0,1.0,0.0,0
25,INC,208,1,571,571,0.36427320490367776,1.0,213,1,638,638,0.3338557993730408,1.0,-0.030417405530636987,5
25,IND,3,6,571,571,0.005253940455341506,1.0,2,8,638,638,0.003134796238244514,1.0,-0.002119144217096992,-1
25,NTK,0,1,571,571,0.0,1.0,13,1,638,638,0.02037617554858934,1.0,0.02037617554858934,13
25,UNKNOWN,35,3,571,571,0.06129597197898424,1.0,3,1,638,638,0.004702194357366771,1.0,-0.056593777621617464,-32
27,AIADMK,177,1,541,541,0.32717190388170053,1.0,369,1,747,747,0.4939759036144578,1.0,0.16680399973275728,192
27,BSP,1,1,541,541,0.0018484288354898336,1.0,5,1,747,747,0.006693440428380187,1.0,0.004845011592890354,4
27,INC,215,1,541,541,0.3974121996303142,1.0,293,1,747,747,0.392235609103079,1.0,-0.005176590527235236,78
27,IND,2,6,541,541,0.0036968576709796672,1.0,10,8,747,747,0.013386880856760375,1.0,0.009690023185780708,8
27,NTK,1,1,541,541,0.0018484288354898336,1.0,42,1,747,747,0.05622489959839357,1.0,0.054376470762903736,41
27,UNKNOWN,24,3,541,541,0.04436229205175601,1.0,3,1,747,747,0.004016064257028112,1.0,-0.04034622779472789,-21
28,AIADMK,362,1,1035,1035,0.3497584541062802,1.0,232,1,502,502,0.46215139442231074,1.0,0.11239294031603053,-130
28,BSP,3,1,1035,1035,0.002898550724637681,1.0,0,1,502,502,0.0,1.0,-0.002898550724637681,-3
28,INC,398,1,1035,1035,0.38454106280193234,1.0,225,1,502,502,0.448207171314741,1.0,0.06366610851280868,-173
28,IND,6,6,1035,1035,0.005797101449275362,1.0,4,8,502,502,0.00796812749003984,1.0,0.002171026040764478,-2
28,NTK,2,1,1035,1035,0.001932367149758454,1.0,23,1,502,502,0.045816733067729085,1.0,0.04388436591797063,21
28,UNKNOWN,37,3,1035,1035,0.035748792270531404,1.0,3,1,502,502,0.00597609561752988,1.0,-0.029772696653001522,-34
29,AIADMK,76,1,198,198,0.3838383838383838,1.0,478,1,1037,1037,0.4609450337512054,1.0,0.07710664991282157,402
29,BSP,1,1,198,198,0.005050505050505051,1.0,1,1,1037,1037,0.0009643201542912247,1.0,-0.004086184896213826,0
29,INC,56,1,198,198,0.2828282828282828,1.0,466,1,1037,1037,0.4493731918997107,1.0,0.16654490907142788,410
29,IND,1,6,198,198,0.005050505050505051,1.0,6,8,1037,1037,0.0057859209257473485,1.0,0.0007354158752422976,5
29,NTK,3,1,198,198,0.015151515151515152,1.0,68,1,1037,1037,0.06557377049180328,1.0,0.05042225534028813,65
29,UNKNOWN,13,3,198,198,0.06565656565656566,1.0,6,1,1037,1037,0.0057859209257473485,1.0,-0.059870644730818316,-7
30,AIADMK,148,1,566,566,0.26148409893992935,1.0,105,1,221,221,0.4751131221719457,1.0,0.21362902323201632,-43
30,BSP,4,1,566,566,0.007067137809187279,1.0,0,1,221,221,0.0,1.0,-0.007067137809187279,-4
30,INC,343,1,566,566,0.6060070671378092,1.0,76,1,221,221,0.3438914027149321,1.0,-0.26211566442287704,-267
30,IND,2,6,566,566,0.0035335689045936395,1.0,2,8,221,221,0.00904977375565611,1.0,0.00551620485106247,0
30,NTK,3,1,566,566,0.00530035335689046,1.0,20,1,221,221,0.09049773755656108,1.0,0.08519738419967063,17
30,UNKNOWN,36,3,566,566,0.0636042402826855,1.0,3,1,221,221,0.013574660633484163,1.0,-0.05002957964920134,-33
31,AIADMK,179,1,588,588,0.304421768707483,1.0,105,1,567,567,0.18518518518518517,1.0,-0.11923658352229782,-74
31,BSP,1,1,588,588,0.0017006802721088435,1.0,0,1,567,567,0.0,1.0,-0.0017006802721088435,-1
31,INC,278,1,588,588,0.47278911564625853,1.0,346,1,567,567,0.6102292768959435,1.0,0.137440161249685,68
31,IND,3,6,588,588,0.00510204081632653,1.0,4,8,567,567,0.007054673721340388,1.0,0.0019526329050138574,1
31,NTK,10,1,588,588,0.017006802721088437,1.0,33,1,567,567,0.0582010582010582,1.0,0.04119425547996976,23
31,UNKNOWN,51,3,588,588,0.08673469387755102,1.0,3,1,567,567,0.005291005291005291,1.0,-0.08144368858654573,-48
32,AIADMK,153,1,494,494,0.3097165991902834,1.0,157,1,634,634,0.2476340694006309,1.0,-0.06208252978965248,4
32,BSP,2,1,494,494,0.004048582995951417,1.0,4,1,634,634,0.006309148264984227,1.0,0.00226056526903281,2
32,INC,232,1,494,494,0.46963562753036436,1.0,327,1,634,634,0.5157728706624606,1.0,0.04613724313209622,95
32,IND,2,6,494,494,0.004048582995951417,1.0,5,8,634,634,0.007886435331230283,1.0,0.0038378523352788664,3
32,NTK,6,1,494,494,0.012145748987854251,1.0,61,1,634,634,0.09621451104100946,1.0,0.08406876205315521,55
32,UNKNOWN,50,3,494,494,0.10121457489878542,1.0,6,1,634,634,0.00946372239747634,1.0,-0.09175085250130909,-44
33,AIADMK,332,1,744,744,0.44623655913978494,1.0,170,1,557,557,0.3052064631956912,1.0,-0.14103009594409371,-162
33,BSP,3,1,744,744,0.004032258064516129,1.0,1,1,557,557,0.0017953321364452424,1.0,-0.0022369259280708865,-2
33,INC,255,1,744,744,0.34274193548387094,1.0,266,1,557,557,0.47755834829443444,1.0,0.1348164128105635,11
33,IND,6,6,744,744,0.008064516129032258,1.0,0,8,557,557,0.0,1.0,-0.008064516129032258,-6
33,NTK,4,1,744,744,0.005376344086021506,1.0,55,1,557,557,0.09874326750448834,1.0,0.09336692341846684,51
33,UNKNOWN,75,3,744,744,0.10080645161290322,1.0,4,1,557,557,0.00718132854578097,1.0,-0.09362512306712226,-71
34,AIADMK,396,1,902,902,0.43902439024390244,1.0,230,1,760,760,0.3026315789473684,1.0,-0.13639281129653402,-166
34,BSP,5,1,902,902,0.005543237250554324,1.0,2,1,760,760,0.002631578947368421,1.0,-0.002911658303185903,-3
34,INC,303,1,902,902,0.33592017738359203,1.0,300,1,760,760,0.39473684210526316,1.0,0.05881666472167113,-3
34,IND,3,6,902,902,0.0033259423503325942,1.0,12,8,760,760,0.015789473684210527,1.0,0.012463531333877932,9
34,NTK,5,1,902,902,0.005543237250554324,1.0,65,1,760,760,0.08552631578947369,1.0,0.07998307853891937,60
34,UNKNOWN,113,3,902,902,0.12527716186252771,1.0,7,1,760,760,0.009210526315789473,1.0,-0.11606663554673824,-106
35,AIADMK,161,1,422,422,0.3815165876777251,1.0,258,1,985,985,0.26192893401015227,1.0,-0.11958765366757285,97
35,BSP,1,1,422,422,0.002369668246445498,1.0,2,1,985,985,0.0020304568527918783,1.0,-0.00033921139365361954,1
35,INC,189,1,422,422,0.44786729857819907,1.0,459,1,985,985,0.46598984771573604,1.0,0.01812254913753697,270
35,IND,0,6,422,422,0.0,1.0,9,8,985,985,0.009137055837563452,1.0,0.009137055837563452,9
35,NTK,9,1,422,422,0.02132701421800948,1.0,87,1,985,985,0.0883248730964467,1.0,0.06699785887843722,78
35,UNKNOWN,35,3,422,422,0.08293838862559241,1.0,7,1,985,985,0.007106598984771574,1.0,-0.07583178964082084,-28
36,AIADMK,223,1,588,588,0.3792517006802721,1.0,105,1,423,423,0.24822695035460993,1.0,-0.13102475032566216,-118
36,BSP,4,1,588,588,0.006802721088435374,1.0,1,1,423,423,0.002364066193853428,1.0,-0.004438654894581946,-3
36,INC,240,1,588,588,0.40816326530612246,1.0,224,1,423,423,0.5295508274231678,1.0,0.12138756211704538,-16
36,IND,1,6,588,588,0.0017006802721088435,1.0,2,8,423,423,0.004728132387706856,1.0,0.003027452115598012,1
36,NTK,8,1,588,588,0.013605442176870748,1.0,40,1,423,423,0.09456264775413711,1.0,0.08095720557726636,32
36,UNKNOWN,39,3,588,588,0.0663265306122449,1.0,1,1,423,423,0.002364066193853428,1.0,-0.06396246441839147,-38
37,AIADMK,131,1,557,557,0.23518850987432674,1.0,210,1,561,561,0.37433155080213903,1.0,0.1391430409278123,79
37,BSP,2,1,557,557,0.003590664272890485,1.0,0,1,561,561,0.0,1.0,-0.003590664272890485,-2
37,INC,295,1,557,557,0.5296229802513465,1.0,262,1,561,561,0.46702317290552586,1.0,-0.0625998073458206,-33
37,IND,5,6,557,557,0.008976660682226212,1.0,0,8,561,561,0.0,1.0,-0.008976660682226212,-5
37,NTK,4,1,557,557,0.00718132854578097,1.0,41,1,561,561,0.07308377896613191,1.0,0.06590245042035095,37
37,UNKNOWN,24,3,557,557,0.04308797127468582,1.0,2,1,561,561,0.0035650623885918,1.0,-0.03952290888609402,-22
38,AIADMK,260,1,692,692,0.37572254335260113,1.0,230,1,608,608,0.3782894736842105,1.0,0.002566930331609374,-30
38,BSP,0,1,692,692,0.0,1.0,0,1,608,608,0.0,1.0,0.0,0
38,INC,325,1,692,692,0.46965317919075145,1.0,297,1,608,608,0.48848684210526316,1.0,0.018833662914511717,-28
38,IND,5,6,692,692,0.0072254335260115606,1.0,4,8,608,608,0.006578947368421052,1.0,-0.0006464861575905083,-1
38,NTK,2,1,692,692,0.002890173410404624,1.0,56,1,608,608,0.09210526315789473,1.0,0.08921508974749011,54
38,UNKNOWN,73,3,692,692,0.10549132947976879,1.0,3,1,608,608,0.004934210526315789,1.0,-0.100557118953453,-70
39,AIADMK,208,1,1037,1037,0.20057859209257473,1.0,273,1,755,755,0.3615894039735099,1.0,0.1610108118809352,65
39,BSP,3,1,1037,1037,0.0028929604628736743,1.0,1,1,755,755,0.0013245033112582781,1.0,-0.0015684571516153961,-2
39,INC,236,1,1037,1037,0.22757955641272903,1.0,363,1,755,755,0.48079470198675495,1.0,0.2532151455740259,127
39,IND,7,6,1037,1037,0.006750241080038573,1.0,5,8,755,755,0.006622516556291391,1.0,-0.00012772452374718198,-2
39,NTK,4,1,1037,1037,0.003857280617164899,1.0,74,1,755,755,0.09801324503311258,1.0,0.09415596441594769,70
39,UNKNOWN,39,3,1037,1037,0.037608486017357765,1.0,4,1,755,755,0.005298013245033113,1.0,-0.032310472772324655,-35
40,AIADMK,127,1,250,250,0.508,1.0,726,1,1104,1104,0.657608695652174,1.0,0.14960869565217394,599
40,BSP,1,1,250,250,0.004,1.0,6,1,1104,1104,0.005434782608695652,1.0,0.001434782608695652,5
40,INC,81,1,250,250,0.324,1.0,283,1,1104,1104,0.2563405797101449,1.0,-0.06765942028985511,202
40,IND,5,6,250,250,0.02,1.0,8,8,1104,1104,0.007246376811594203,1.0,-0.012753623188405797,3
40,NTK,3,1,250,250,0.012,1.0,43,1,1104,1104,0.03894927536231884,1.0,0.02694927536231884,40
40,UNKNOWN,14,3,250,250,0.056,1.0,14,1,1104,1104,0.012681159420289856,1.0,-0.043318840579710145,0
41,AIADMK,219,1,799,799,0.27409261576971217,1.0,76,1,236,236,0.3220338983050847,1.0,0.047941282535372554,-143
41,BSP,2,1,799,799,0.0025031289111389237,1.0,0,1,236,236,0.0,1.0,-0.0025031289111389237,-2
41,INC,261,1,799,799,0.32665832290362956,1.0,93,1,236,236,0.3940677966101695,1.0,0.06740947370653994,-168
41,IND,3,6,799,799,0.0037546933667083854,1.0,25,8,236,236,0.1059322033898305,1.0,0.10217751002312211,22
41,NTK,3,1,799,799,0.0037546933667083854,1.0,28,1,236,236,0.11864406779661017,1.0,0.11488937442990178,25
41,UNKNOWN,29,3,799,799,0.03629536921151439,1.0,1,1,236,236,0.00423728813559322,1.0,-0.03205808107592117,-28
42,AIADMK,323,1,903,903,0.3576965669988926,1.0,481,1,815,815,0.5901840490797546,1.0,0.23248748208086206,158
42,BSP,9,1,903,903,0.009966777408637873,1.0,1,1,815,815,0.001226993865030675,1.0,-0.008739783543607198,-8
42,INC,330,1,903,903,0.3654485049833887,1.0,273,1,815,815,0.33496932515337424,1.0,-0.03047917983001447,-57
42,IND,9,6,903,903,0.009966777408637873,1.0,3,8,815,815,0.0036809815950920245,1.0,-0.006285795813545849,-6
42,NTK,3,1,903,903,0.0033222591362126247,1.0,41,1,815,815,0.05030674846625767,1.0,0.046984489330045044,38
42,UNKNOWN,88,3,903,903,0.09745293466223699,1.0,3,1,815,815,0.0036809815950920245,1.0,-0.09377195306714496,-85
43,AIADMK,135,1,651,651,0.2073732718894009,1.0,345,1,1066,1066,0.3236397748592871,1.0,0.11626650296988617,210
43,BSP,3,1,651,651,0.004608294930875576,1.0,4,1,1066,1066,0.00375234521575985,1.0,-0.0008559497151157261,1
43,INC,294,1,651,651,0.45161290322580644,1.0,560,1,1066,1066,0.525328330206379,1.0,0.0737154269805726,266
43,IND,8,6,651,651,0.01228878648233487,1.0,8,8,1066,1066,0.0075046904315197,1.0,-0.00478409605081517,0
43,NTK,4,1,651,651,0.006144393241167435,1.0,92,1,1066,1066,0.08630393996247655,1.0,0.08015954672130912,88
43,UNKNOWN,37,3,651,651,0.05683563748079877,1.0,10,1,1066,1066,0.009380863039399626,1.0,-0.047454774441399145,-27
44,AIADMK,209,1,769,769,0.2717815344603381,1.0,336,1,697,697,0.48206599713055953,1.0,0.21028446267022144,127
44,BSP,2,1,769,769,0.002600780234070221,1.0,2,1,697,697,0.0028694404591104736,1.0,0.0002686602250402525,0
44,INC,229,1,769,769,0.2977893368010403,1.0,281,1,697,697,0.4031563845050215,1.0,0.1053670477039812,52
44,IND,7,6,769,769,0.009102730819245773,1.0,13,8,697,697,0.018651362984218076,1.0,0.009548632164972303,6
44,NTK,8,1,769,769,0.010403120936280884,1.0,37,1,697,697,0.05308464849354376,1.0,0.04268152755726287,29
44,UNKNOWN,32,3,769,769,0.04161248374512354,1.0,12,1,697,697,0.01721664275466284,1.0,-0.024395840990460698,-20
45,AIADMK,269,1,883,883,0.304643261608154,1.0,463,1,800,800,0.57875,1.0,0.27410673839184596,194
45,BSP,0,1,883,883,0.0,1.0,4,1,800,800,0.005,1.0,0.005,4
45,INC,278,1,883,883,0.31483578708946774,1.0,271,1,800,800,0.33875,1.0,0.02391421291053225,-7
45,IND,6,6,883,883,0.006795016987542469,1.0,10,8,800,800,0.0125,1.0,0.005704983012457532,4
45,NTK,10,1,883,883,0.011325028312570781,1.0,37,1,800,800,0.04625,1.0,0.03492497168742922,27
45,UNKNOWN,43,3,883,883,0.04869762174405436,1.0,3,1,800,800,0.00375,1.0,-0.04494762174405437,-40
46,AIADMK,246,1,831,831,0.296028880866426,1.0,490,1,924,924,0.5303030303030303,1.0,0.2342741494366043,244
46,BSP,0,1,831,831,0.0,1.0,0,1,924,924,0.0,1.0,0.0,0
46,INC,396,1,831,831,0.47653429602888087,1.0,328,1,924,924,0.354978354978355,1.0,-0.12155594105052586,-68
46,IND,9,6,831,831,0.010830324909747292,1.0,11,8,924,924,0.011904761904761904,1.0,0.0010744369950146122,2
46,NTK,2,1,831,831,0.0024067388688327317,1.0,80,1,924,924,0.08658008658008658,1.0,0.08417334771125384,78
46,UNKNOWN,34,3,831,831,0.04091456077015644,1.0,7,1,924,924,0.007575757575757576,1.0,-0.033338803194398865,-27
47,AIADMK,237,1,785,785,0.3019108280254777,1.0,333,1,880,880,0.3784090909090909,1.0,0.07649826288361322,96
47,BSP,3,1,785,785,0.003821656050955414,1.0,3,1,880,880,0.003409090909090909,1.0,-0.0004125651418645051,0
47,INC,317,1,785,785,0.40382165605095544,1.0,423,1,880,880,0.48068181818181815,1.0,0.07686016213086272,106
47,IND,17,6,785,785,0.02165605095541401,1.0,34,8,880,880,0.038636363636363635,1.0,0.016980312680949624,17
47,NTK,6,1,785,785,0.007643312101910828,1.0,65,1,880,880,0.07386363636363637,1.0,0.06622032426172554,59
47,UNKNOWN,47,3,785,785,0.05987261146496815,1.0,9,1,880,880,0.010227272727272727,1.0,-0.04964533873769543,-38
48,AIADMK,300,1,1063,1063,0.28222013170272814,1.0,378,1,854,854,0.4426229508196721,1.0,0.16040281911694398,78
48,BSP,3,1,1063,1063,0.0028222013170272815,1.0,2,1,854,854,0.00234192037470726,1.0,-0.0004802809423200215,-1
48,INC,318,1,1063,1063,0.2991533396048918,1.0,390,1,854,854,0.4566744730679157,1.0,0.15752113346302388,72
48,IND,8,6,1063,1063,0.007525870178739417,1.0,7,8,854,854,0.00819672131147541,1.0,0.0006708511327359933,-1
48,NTK,13,1,1063,1063,0.012229539040451553,1.0,48,1,854,854,0.05620608899297424,1.0,0.04397654995252269,35
48,UNKNOWN,105,3,1063,1063,0.09877704609595485,1.0,12,1,854,854,0.01405152224824356,1.0,-0.08472552384771129,-93
49,AIADMK,264,1,755,755,0.34966887417218545,1.0,438,1,993,993,0.44108761329305135,1.0,0.0914187391208659,174
49,BSP,1,1,755,755,0.0013245033112582781,1.0,2,1,993,993,0.002014098690835851,1.0,0.0006895953795775728,1
49,INC,279,1,755,755,0.3695364238410596,1.0,431,1,993,993,0.4340382678751259,1.0,0.06450184403406628,152
49,IND,7,6,755,755,0.009271523178807948,1.0,7,8,993,993,0.007049345417925478,1.0,-0.0022221777608824695,0
49,NTK,4,1,755,755,0.005298013245033113,1.0,79,1,993,993,0.07955689828801611,1.0,0.074258885042983,75
49,UNKNOWN,87,3,755,755,0.1152317880794702,1.0,7,1,993,993,0.007049345417925478,1.0,-0.10818244266154471,-80
50,AIADMK,234,1,746,746,0.3136729222520107,1.0,383,1,891,891,0.4298540965207632,1.0,0.11618117426875246,149
50,BSP,1,1,746,746,0.0013404825737265416,1.0,5,1,891,891,0.005611672278338945,1.0,0.004271189704612403,4
50,INC,276,1,746,746,0.3699731903485255,1.0,405,1,891,891,0.45454545454545453,1.0,0.08457226419692904,129
50,IND,1,6,746,746,0.0013404825737265416,1.0,8,8,891,891,0.008978675645342313,1.0,0.007638193071615771,7
50,NTK,6,1,746,746,0.00804289544235925,1.0,70,1,891,891,0.07856341189674523,1.0,0.07052051645438598,64
50,UNKNOWN,65,3,746,746,0.0871313672922252,1.0,4,1,891,891,0.004489337822671156,1.0,-0.08264202946955404,-61
51,AIADMK,436,1,960,960,0.45416666666666666,1.0,342,1,790,790,0.43291139240506327,1.0,-0.021255274261603396,-94
51,BSP,1,1,960,960,0.0010416666666666667,1.0,4,1,790,790,0.005063291139240506,1.0,0.00402162447257384,3
51,INC,339,1,960,960,0.353125,1.0,361,1,790,790,0.4569620253164557,1.0,0.10383702531645567,22
51,IND,9,6,960,960,0.009375,1.0,2,8,790,790,0.002531645569620253,1.0,-0.006843354430379747,-7
51,NTK,1,1,960,960,0.0010416666666666667,1.0,49,1,790,790,0.0620253164556962,1.0,0.06098364978902953,48
51,UNKNOWN,137,3,960,960,0.14270833333333333,1.0,5,1,790,790,0.006329113924050633,1.0,-0.1363792194092827,-132
52,AIADMK,206,1,447,447,0.4608501118568233,1.0,353,1,1032,1032,0.34205426356589147,1.0,-0.11879584829093182,147
52,BSP,2,1,447,447,0.0044742729306487695,1.0,2,1,1032,1032,0.001937984496124031,1.0,-0.0025362884345247385,0
52,INC,173,1,447,447,0.3870246085011186,1.0,520,1,1032,1032,0.5038759689922481,1.0,0.11685136049112949,347
52,IND,3,6,447,447,0.006711409395973154,1.0,26,8,1032,1032,0.025193798449612403,1.0,0.018482389053639248,23
52,NTK,0,1,447,447,0.0,1.0,77,1,1032,1032,0.07461240310077519,1.0,0.07461240310077519,77
52,UNKNOWN,28,3,447,447,0.06263982102908278,1.0,13,1,1032,1032,0.012596899224806201,1.0,-0.05004292180427657,-15
53,AIADMK,243,1,635,635,0.3826771653543307,1.0,190,1,475,475,0.4,1.0,0.017322834645669305,-53
53,BSP,1,1,635,635,0.0015748031496062992,1.0,2,1,475,475,0.004210526315789474,1.0,0.0026357231661831744,1
53,INC,208,1,635,635,0.32755905511811023,1.0,234,1,475,475,0.4926315789473684,1.0,0.1650725238292582,26
53,IND,3,6,635,635,0.004724409448818898,1.0,8,8,475,475,0.016842105263157894,1.0,0.012117695814338997,5
53,NTK,5,1,635,635,0.007874015748031496,1.0,36,1,475,475,0.07578947368421053,1.0,0.06791545793617904,31
53,UNKNOWN,30,3,635,635,0.047244094488188976,1.0,3,1,475,475,0.00631578947368421,1.0,-0.040928305014504764,-27
54,AIADMK,198,1,470,470,0.42127659574468085,1.0,343,1,705,705,0.48652482269503544,1.0,0.0652482269503546,145
54,BSP,1,1,470,470,0.002127659574468085,1.0,2,1,705,705,0.0028368794326241137,1.0,0.0007092198581560285,1
54,INC,167,1,470,470,0.3553191489361702,1.0,231,1,705,705,0.3276595744680851,1.0,-0.027659574468085146,64
54,IND,4,6,470,470,0.00851063829787234,1.0,23,8,705,705,0.032624113475177303,1.0,0.024113475177304965,19
54,NTK,3,1,470,470,0.006382978723404255,1.0,70,1,705,705,0.09929078014184398,1.0,0.09290780141843973,67
54,UNKNOWN,33,3,470,470,0.07021276595744681,1.0,9,1,705,705,0.01276595744680851,1.0,-0.057446808510638304,-24
55,AIADMK,314,1,700,700,0.44857142857142857,1.0,223,1,532,532,0.4191729323308271,1.0,-0.02939849624060148,-91
55,BSP,3,1,700,700,0.004285714285714286,1.0,0,1,532,532,0.0,1.0,-0.004285714285714286,-3
55,INC,283,1,700,700,0.4042857142857143,1.0,238,1,532,532,0.4473684210526316,1.0,0.04308270676691728,-45
55,IND,4,6,700,700,0.005714285714285714,1.0,5,8,532,532,0.009398496240601503,1.0,0.003684210526315789,1
55,NTK,4,1,700,700,0.005714285714285714,1.0,49,1,532,532,0.09210526315789473,1.0,0.08639097744360902,45
55,UNKNOWN,47,3,700,700,0.06714285714285714,1.0,5,1,532,532,0.009398496240601503,1.0,-0.05774436090225564,-42
56,AIADMK,492,1,900,900,0.5466666666666666,1.0,412,1,746,746,0.5522788203753352,1.0,0.005612153708668521,-80
56,BSP,5,1,900,900,0.005555555555555556,1.0,3,1,746,746,0.004021447721179625,1.0,-0.001534107834375931,-2
56,INC,283,1,900,900,0.31444444444444447,1.0,258,1,746,746,0.34584450402144773,1.0,0.03140005957700326,-25
56,IND,7,6,900,900,0.0077777777777777776,1.0,3,8,746,746,0.004021447721179625,1.0,-0.003756330056598153,-4
56,NTK,5,1,900,900,0.005555555555555556,1.0,53,1,746,746,0.07104557640750671,1.0,0.06549002085195116,48
56,UNKNOWN,90,3,900,900,0.1,1.0,5,1,746,746,0.006702412868632708,1.0,-0.0932975871313673,-85
57,AIADMK,177,1,508,508,0.3484251968503937,1.0,550,1,1007,1007,0.5461767626613704,1.0,0.1977515658109767,373
57,BSP,1,1,508,508,0.001968503937007874,1.0,9,1,1007,1007,0.00893743793445879,1.0,0.006968933997450915,8
57,INC,205,1,508,508,0.4035433070866142,1.0,318,1,1007,1007,0.3157894736842105,1.0,-0.08775383340240367,113
57,IND,4,6,508,508,0.007874015748031496,1.0,13,8,1007,1007,0.012909632571996028,1.0,0.005035616823964532,9
57,NTK,16,1,508,508,0.031496062992125984,1.0,92,1,1007,1007,0.0913604766633565,1.0,0.05986441367123052,76
57,UNKNOWN,38,3,508,508,0.07480314960629922,1.0,8,1,1007,1007,0.007944389275074478,1.0,-0.06685876033122475,-30
58,AIADMK,302,1,789,789,0.38276299112801015,1.0,258,1,538,538,0.4795539033457249,1.0,0.09679091221771474,-44
58,BSP,3,1,789,789,0.0038022813688212928,1.0,2,1,538,538,0.0037174721189591076,1.0,-8.480924986218512e-05,-1
58,INC,334,1,789,789,0.4233206590621039,1.0,196,1,538,538,0.3643122676579926,1.0,-0.05900839140411135,-138
58,IND,7,6,789,789,0.008871989860583017,1.0,1,8,538,538,0.0018587360594795538,1.0,-0.007013253801103463,-6
58,NTK,8,1,789,789,0.010139416983523447,1.0,37,1,538,538,0.0687732342007435,1.0,0.058633817217220045,29
58,UNKNOWN,93,3,789,789,0.11787072243346007,1.0,5,1,538,538,0.00929368029739777,1.0,-0.1085770421360623,-88
59,AIADMK,228,1,636,636,0.3584905660377358,1.0,275,1,859,859,0.320139697322468,1.0,-0.03835086871526783,47
59,BSP,0,1,636,636,0.0,1.0,2,1,859,859,0.002328288707799767,1.0,0.002328288707799767,2
59,INC,237,1,636,636,0.37264150943396224,1.0,417,1,859,859,0.48544819557625146,1.0,0.11280668614228923,180
59,IND,3,6,636,636,0.0047169811320754715,1.0,54,8,859,859,0.06286379511059371,1.0,0.058146813978518244,51
59,NTK,6,1,636,636,0.009433962264150943,1.0,78,1,859,859,0.09080325960419092,1.0,0.08136929734003998,72
59,UNKNOWN,29,3,636,636,0.04559748427672956,1.0,7,1,859,859,0.008149010477299184,1.0,-0.03744847379943037,-22
60,AIADMK,218,1,590,590,0.3694915254237288,1.0,287,1,666,666,0.43093093093093093,1.0,0.061439405507202116,69
60,BSP,0,1,590,590,0.0,1.0,3,1,666,666,0.0045045045045045045,1.0,0.0045045045045045045,3
60,INC,233,1,590,590,0.3949152542372881,1.0,297,1,666,666,0.44594594594594594,1.0,0.051030691708657816,64
60,IND,1,6,590,590,0.001694915254237288,1.0,2,8,666,666,0.003003003003003003,1.0,0.0013080877487657149,1
60,NTK,4,1,590,590,0.006779661016949152,1.0,36,1,666,666,0.05405405405405406,1.0,0.04727439303710491,32
60,UNKNOWN,49,3,590,590,0.08305084745762711,1.0,7,1,666,666,0.010510510510510511,1.0,-0.0725403369471166,-42
61,AIADMK,228,1,837,837,0.2724014336917563,1.0,306,1,632,632,0.48417721518987344,1.0,0.21177578149811715,78
61,BSP,4,1,837,837,0.0047789725209080045,1.0,5,1,632,632,0.007911392405063292,1.0,0.003132419884155287,1
61,INC,362,1,837,837,0.4324970131421744,1.0,235,1,632,632,0.37183544303797467,1.0,-0.06066157010419976,-127
61,IND,4,6,837,837,0.0047789725209080045,1.0,4,8,632,632,0.006329113924050633,1.0,0.0015501414031426283,0
61,NTK,13,1,837,837,0.015531660692951015,1.0,36,1,632,632,0.056962025316455694,1.0,0.041430364623504676,23
61,UNKNOWN,104,3,837,837,0.12425328554360812,1.0,5,1,632,632,0.007911392405063292,1.0,-0.11634189313854483,-99
62,AIADMK,159,1,454,454,0.3502202643171806,1.0,171,1,430,430,0.39767441860465114,1.0,0.04745415428747052,12
62,BSP,3,1,454,454,0.006607929515418502,1.0,0,1,430,430,0.0,1.0,-0.006607929515418502,-3
62,INC,198,1,454,454,0.43612334801762115,1.0,183,1,430,430,0.4255813953488372,1.0,-0.010541952668783938,-15
62,IND,3,6,454,454,0.006607929515418502,1.0,1,8,430,430,0.002325581395348837,1.0,-0.004282348120069665,-2
62,NTK,12,1,454,454,0.02643171806167401,1.0,34,1,430,430,0.07906976744186046,1.0,0.05263804938018646,22
62,UNKNOWN,20,3,454,454,0.04405286343612335,1.0,9,1,430,430,0.020930232558139535,1.0,-0.023122630877983816,-11
63,AIADMK,157,1,433,433,0.3625866050808314,1.0,177,1,470,470,0.37659574468085105,1.0,0.014009139600019649,20
63,BSP,2,1,433,433,0.004618937644341801,1.0,0,1,470,470,0.0,1.0,-0.004618937644341801,-2
63,INC,180,1,433,433,0.41570438799076215,1.0,194,1,470,470,0.4127659574468085,1.0,-0.0029384305439536518,14
63,IND,1,6,433,433,0.0023094688221709007,1.0,1,8,470,470,0.002127659574468085,1.0,-0.00018180924770281551,0
63,NTK,8,1,433,433,0.018475750577367205,1.0,32,1,470,470,0.06808510638297872,1.0,0.049609355805611516,24
63,UNKNOWN,38,3,433,433,0.08775981524249422,1.0,11,1,470,470,0.023404255319148935,1.0,-0.0643555599233453,-27
64,AIADMK,197,1,569,569,0.3462214411247803,1.0,230,1,472,472,0.4872881355932203,1.0,0.14106669446844,33
64,BSP,3,1,569,569,0.005272407732864675,1.0,2,1,472,472,0.00423728813559322,1.0,-0.0010351195972714547,-1
64,INC,221,1,569,569,0.3884007029876977,1.0,176,1,472,472,0.3728813559322034,1.0,-0.015519347055494292,-45
64,IND,2,6,569,569,0.0035149384885764497,1.0,1,8,472,472,0.00211864406779661,1.0,-0.0013962944207798395,-1
64,NTK,6,1,569,569,0.01054481546572935,1.0,27,1,472,472,0.057203389830508475,1.0,0.046658574364779125,21
64,UNKNOWN,43,3,569,569,0.07557117750439367,1.0,5,1,472,472,0.01059322033898305,1.0,-0.06497795716541062,-38
65,AIADMK,243,1,552,552,0.44021739130434784,1.0,189,1,439,439,0.4305239179954442,1.0,-0.009693473308903633,-54
65,BSP,0,1,552,552,0.0,1.0,0,1,439,439,0.0,1.0,0.0,0
65,INC,191,1,552,552,0.34601449275362317,1.0,171,1,439,439,0.3895216400911162,1.0,0.043507147337493,-20
65,IND,2,6,552,552,0.0036231884057971015,1.0,7,8,439,439,0.015945330296127564,1.0,0.012322141890330462,5
65,NTK,6,1,552,552,0.010869565217391304,1.0,48,1,439,439,0.10933940774487472,1.0,0.09846984252748342,42
65,UNKNOWN,27,3,552,552,0.04891304347826087,1.0,2,1,439,439,0.004555808656036446,1.0,-0.04435723482222442,-25
66,AIADMK,166,1,467,467,0.3554603854389722,1.0,277,1,655,655,0.42290076335877863,1.0,0.06744037791980645,111
66,BSP,2,1,467,467,0.004282655246252677,1.0,2,1,655,655,0.0030534351145038168,1.0,-0.0012292201317488601,0
66,INC,188,1,467,467,0.4025695931477516,1.0,262,1,655,655,0.4,1.0,-0.00256959314775157,74
66,IND,1,6,467,467,0.0021413276231263384,1.0,1,8,655,655,0.0015267175572519084,1.0,-0.0006146100658744301,0
66,NTK,9,1,467,467,0.019271948608137045,1.0,64,1,655,655,0.09770992366412214,1.0,0.0784379750559851,55
66,UNKNOWN,18,3,467,467,0.03854389721627409,1.0,6,1,655,655,0.00916030534351145,1.0,-0.02938359187276264,-12
67,AIADMK,147,1,459,459,0.3202614379084967,1.0,262,1,552,552,0.4746376811594203,1.0,0.15437624325092358,115
67,BSP,1,1,459,459,0.002178649237472767,1.0,3,1,552,552,0.005434782608695652,1.0,0.003256133371222885,2
67,INC,245,1,459,459,0.5337690631808278,1.0,196,1,552,552,0.35507246376811596,1.0,-0.17869659941271188,-49
67,IND,5,6,459,459,0.010893246187363835,1.0,3,8,552,552,0.005434782608695652,1.0,-0.005458463578668183,-2
67,NTK,9,1,459,459,0.0196078431372549,1.0,49,1,552,552,0.08876811594202899,1.0,0.06916027280477409,40
67,UNKNOWN,25,3,459,459,0.054466230936819175,1.0,9,1,552,552,0.016304347826086956,1.0,-0.03816188311073222,-16
68,AIADMK,153,1,494,494,0.3097165991902834,1.0,254,1,519,519,0.48940269749518306,1.0,0.17968609830489968,101
68,BSP,1,1,494,494,0.0020242914979757085,1.0,0,1,519,519,0.0,1.0,-0.0020242914979757085,-1
68,INC,197,1,494,494,0.39878542510121456,1.0,187,1,519,519,0.3603082851637765,1.0,-0.038477139937438065,-10
68,IND,2,6,494,494,0.004048582995951417,1.0,0,8,519,519,0.0,1.0,-0.004048582995951417,-2
68,NTK,5,1,494,494,0.010121457489878543,1.0,43,1,519,519,0.08285163776493257,1.0,0.07273018027505403,38
68,UNKNOWN,66,3,494,494,0.13360323886639677,1.0,4,1,519,519,0.007707129094412331,1.0,-0.12589610977198445,-62
69,AIADMK,238,1,677,677,0.3515509601181684,1.0,174,1,476,476,0.36554621848739494,1.0,0.013995258369226549,-64
69,BSP,2,1,677,677,0.0029542097488921715,1.0,0,1,476,476,0.0,1.0,-0.0029542097488921715,-2
69,INC,166,1,677,677,0.24519940915805022,1.0,225,1,476,476,0.4726890756302521,1.0,0.22748966647220187,59
69,IND,9,6,677,677,0.013293943870014771,1.0,13,8,476,476,0.0273109243697479,1.0,0.014016980499733128,4
69,NTK,6,1,677,677,0.008862629246676515,1.0,35,1,476,476,0.07352941176470588,1.0,0.06466678251802938,29
69,UNKNOWN,37,3,677,677,0.05465288035450517,1.0,5,1,476,476,0.01050420168067227,1.0,-0.0441486786738329,-32
70,AIADMK,246,1,564,564,0.43617021276595747,1.0,210,1,560,560,0.375,1.0,-0.061170212765957466,-36
70,BSP,0,1,564,564,0.0,1.0,1,1,560,560,0.0017857142857142857,1.0,0.0017857142857142857,1
70,INC,190,1,564,564,0.33687943262411346,1.0,229,1,560,560,0.4089285714285714,1.0,0.07204913880445796,39
70,IND,0,6,564,564,0.0,1.0,3,8,560,560,0.005357142857142857,1.0,0.005357142857142857,3
70,NTK,12,1,564,564,0.02127659574468085,1.0,59,1,560,560,0.10535714285714286,1.0,0.084080547112462,47
70,UNKNOWN,50,3,564,564,0.08865248226950355,1.0,7,1,560,560,0.0125,1.0,-0.07615248226950355,-43
71,AIADMK,266,1,628,628,0.42356687898089174,1.0,432,1,832,832,0.5192307692307693,1.0,0.09566389024987754,166
71,BSP,0,1,628,628,0.0,1.0,3,1,832,832,0.003605769230769231,1.0,0.003605769230769231,3
71,INC,217,1,628,628,0.34554140127388533,1.0,270,1,832,832,0.3245192307692308,1.0,-0.021022170504654547,53
71,IND,1,6,628,628,0.0015923566878980893,1.0,7,8,832,832,0.008413461538461538,1.0,0.006821104850563449,6
71,NTK,25,1,628,628,0.03980891719745223,1.0,68,1,832,832,0.08173076923076923,1.0,0.041921852033317004,43
71,UNKNOWN,43,3,628,628,0.06847133757961783,1.0,13,1,832,832,0.015625,1.0,-0.05284633757961783,-30
72,AIADMK,251,1,555,555,0.45225225225225224,1.0,262,1,677,677,0.3870014771048744,1.0,-0.06525077514737782,11
72,BSP,5,1,555,555,0.009009009009009009,1.0,2,1,677,677,0.0029542097488921715,1.0,-0.006054799260116837,-3
72,INC,194,1,555,555,0.34954954954954953,1.0,293,1,677,677,0.4327917282127031,1.0,0.08324217866315359,99
72,IND,8,6,555,555,0.014414414414414415,1.0,6,8,677,677,0.008862629246676515,1.0,-0.0055517851677379,-2
72,NTK,8,1,555,555,0.014414414414414415,1.0,63,1,677,677,0.0930576070901034,1.0,0.07864319267568898,55
72,UNKNOWN,67,3,555,555,0.12072072072072072,1.0,7,1,677,677,0.0103397341211226,1.0,-0.11038098659959812,-60
73,AIADMK,186,1,447,447,0.4161073825503356,1.0,256,1,631,631,0.40570522979397783,1.0,-0.010402152756357752,70
73,BSP,1,1,447,447,0.0022371364653243847,1.0,1,1,631,631,0.001584786053882726,1.0,-0.0006523504114416588,0
73,INC,120,1,447,447,0.2684563758389262,1.0,241,1,631,631,0.38193343898573695,1.0,0.11347706314681077,121
73,IND,0,6,447,447,0.0,1.0,4,8,631,631,0.006339144215530904,1.0,0.006339144215530904,4
73,NTK,4,1,447,447,0.008948545861297539,1.0,76,1,631,631,0.12044374009508717,1.0,0.11149519423378963,72
73,UNKNOWN,117,3,447,447,0.26174496644295303,1.0,5,1,631,631,0.00792393026941363,1.0,-0.2538210361735394,-112
74,AIADMK,150,1,466,466,0.3218884120171674,1.0,210,1,638,638,0.329153605015674,1.0,0.007265192998506587,60
74,BSP,0,1,466,466,0.0,1.0,4,1,638,638,0.006269592476489028,1.0,0.006269592476489028,4
74,INC,207,1,466,466,0.44420600858369097,1.0,279,1,638,638,0.4373040752351097,1.0,-0.006901933348581246,72
74,IND,0,6,466,466,0.0,1.0,55,8,638,638,0.08620689655172414,1.0,0.08620689655172414,55
74,NTK,13,1,466,466,0.027896995708154508,1.0,57,1,638,638,0.08934169278996865,1.0,0.06144469708181414,44
74,UNKNOWN,56,3,466,466,0.12017167381974249,1.0,8,1,638,638,0.012539184952978056,1.0,-0.10763248886676444,-48
75,AIADMK,159,1,504,504,0.31547619047619047,1.0,163,1,497,497,0.32796780684104626,1.0,0.012491616364855795,4
75,BSP,1,1,504,504,0.001984126984126984,1.0,0,1,497,497,0.0,1.0,-0.001984126984126984,-1
75,INC,199,1,504,504,0.3948412698412698,1.0,262,1,497,497,0.5271629778672032,1.0,0.1323217080259334,63
75,IND,2,6,504,504,0.003968253968253968,1.0,20,8,497,497,0.04024144869215292,1.0,0.03627319472389895,18
75,NTK,11,1,504,504,0.021825396825396824,1.0,40,1,497,497,0.08048289738430583,1.0,0.05865750055890901,29
75,UNKNOWN,69,3,504,504,0.13690476190476192,1.0,4,1,497,497,0.008048289738430584,1.0,-0.12885647216633134,-65
76,AIADMK,306,1,817,817,0.37454100367197063,1.0,197,1,516,516,0.3817829457364341,1.0,0.007241942064463491,-109
76,BSP,3,1,817,817,0.0036719706242350062,1.0,1,1,516,516,0.001937984496124031,1.0,-0.0017339861281109752,-2
76,INC,337,1,817,817,0.412484700122399,1.0,225,1,516,516,0.436046511627907,1.0,0.023561811505507957,-112
76,IND,3,6,817,817,0.0036719706242350062,1.0,3,8,516,516,0.005813953488372093,1.0,0.0021419828641370867,0
76,NTK,21,1,817,817,0.025703794369645042,1.0,53,1,516,516,0.10271317829457365,1.0,0.0770093839249286,32
76,UNKNOWN,97,3,817,817,0.11872705018359853,1.0,6,1,516,516,0.011627906976744186,1.0,-0.10709914320685435,-91
77,AIADMK,352,1,730,730,0.4821917808219178,1.0,236,1,618,618,0.3818770226537217,1.0,-0.10031475816819613,-116
77,BSP,36,1,730,730,0.049315068493150684,1.0,0,1,618,618,0.0,1.0,-0.049315068493150684,-36
77,INC,258,1,730,730,0.35342465753424657,1.0,242,1,618,618,0.39158576051779936,1.0,0.0381611029835528,-16
77,IND,7,6,730,730,0.009589041095890411,1.0,2,8,618,618,0.003236245954692557,1.0,-0.006352795141197855,-5
77,NTK,5,1,730,730,0.00684931506849315,1.0,70,1,618,618,0.11326860841423948,1.0,0.10641929334574633,65
77,UNKNOWN,56,3,730,730,0.07671232876712329,1.0,5,1,618,618,0.008090614886731391,1.0,-0.0686217138803919,-51
78,AIADMK,413,1,958,958,0.4311064718162839,1.0,273,1,726,726,0.3760330578512397,1.0,-0.05507341396504423,-140
78,BSP,4,1,958,958,0.0041753653444676405,1.0,1,1,726,726,0.0013774104683195593,1.0,-0.0027979548761480812,-3
78,INC,378,1,958,958,0.3945720250521921,1.0,320,1,726,726,0.44077134986225897,1.0,0.04619932481006689,-58
78,IND,10,6,958,958,0.010438413361169102,1.0,18,8,726,726,0.024793388429752067,1.0,0.014354975068582965,8
78,NTK,18,1,958,958,0.018789144050104383,1.0,76,1,726,726,0.1046831955922865,1.0,0.08589405154218212,58
78,UNKNOWN,107,3,958,958,0.11169102296450939,1.0,5,1,726,726,0.006887052341597796,1.0,-0.1048039706229116,-102
79,AIADMK,520,1,896,896,0.5803571428571429,1.0,464,1,903,903,0.5138427464008859,1.0,-0.06651439645625701,-56
79,BSP,6,1,896,896,0.006696428571428571,1.0,22,1,903,903,0.024363233665559248,1.0,0.017666805094130676,16
79,INC,253,1,896,896,0.28236607142857145,1.0,321,1,903,903,0.3554817275747508,1.0,0.07311565614617938,68
79,IND,2,6,896,896,0.002232142857142857,1.0,12,8,903,903,0.013289036544850499,1.0,0.011056893687707642,10
79,NTK,5,1,896,896,0.005580357142857143,1.0,55,1,903,903,0.06090808416389812,1.0,0.055327727021040975,50
79,UNKNOWN,67,3,896,896,0.07477678571428571,1.0,5,1,903,903,0.005537098560354375,1.0,-0.06923968715393133,-62
80,AIADMK,440,1,769,769,0.5721716514954487,1.0,386,1,926,926,0.4168466522678186,1.0,-0.1553249992276301,-54
80,BSP,4,1,769,769,0.005201560468140442,1.0,2,1,926,926,0.0021598272138228943,1.0,-0.003041733254317548,-2
80,INC,218,1,769,769,0.2834850455136541,1.0,408,1,926,926,0.4406047516198704,1.0,0.15711970610621628,190
80,IND,7,6,769,769,0.009102730819245773,1.0,31,8,926,926,0.03347732181425486,1.0,0.02437459099500909,24
80,NTK,5,1,769,769,0.006501950585175552,1.0,80,1,926,926,0.08639308855291576,1.0,0.07989113796774021,75
80,UNKNOWN,75,3,769,769,0.09752925877763328,1.0,10,1,926,926,0.01079913606911447,1.0,-0.08673012270851882,-65
81,AIADMK,386,1,763,763,0.5058977719528178,1.0,356,1,914,914,0.38949671772428884,1.0,-0.11640105422852898,-30
81,BSP,24,1,763,763,0.03145478374836173,1.0,0,1,914,914,0.0,1.0,-0.03145478374836173,-24
81,INC,283,1,763,763,0.3709043250327654,1.0,416,1,914,914,0.4551422319474836,1.0,0.08423790691471822,133
81,IND,4,6,763,763,0.005242463958060288,1.0,36,8,914,914,0.03938730853391685,1.0,0.034144844575856564,32
81,NTK,1,1,763,763,0.001310615989515072,1.0,73,1,914,914,0.07986870897155361,1.0,0.07855809298203854,72
81,UNKNOWN,34,3,763,763,0.04456094364351245,1.0,6,1,914,914,0.006564551422319475,1.0,-0.03799639222119298,-28
82,AIADMK,226,1,478,478,0.47280334728033474,1.0,266,1,835,835,0.318562874251497,1.0,-0.15424047302883775,40
82,BSP,32,1,478,478,0.06694560669456066,1.0,3,1,835,835,0.003592814371257485,1.0,-0.06335279232330318,-29
82,INC,159,1,478,478,0.33263598326359833,1.0,386,1,835,835,0.4622754491017964,1.0,0.12963946583819808,227
82,IND,2,6,478,478,0.0041841004184100415,1.0,18,8,835,835,0.02155688622754491,1.0,0.01737278580913487,16
82,NTK,1,1,478,478,0.0020920502092050207,1.0,128,1,835,835,0.1532934131736527,1.0,0.15120136296444767,127
82,UNKNOWN,55,3,478,478,0.11506276150627615,1.0,7,1,835,835,0.008383233532934131,1.0,-0.10667952797334201,-48
83,AIADMK,596,1,1163,1163,0.5124677558039553,1.0,398,1,848,848,0.4693396226415094,1.0,-0.0431281331624459,-198
83,BSP,6,1,1163,1163,0.005159071367153913,1.0,1,1,848,848,0.0011792452830188679,1.0,-0.003979826084135045,-5
83,INC,428,1,1163,1163,0.36801375752364573,1.0,355,1,848,848,0.4186320754716981,1.0,0.05061831794805238,-73
83,IND,10,6,1163,1163,0.008598452278589854,1.0,7,8,848,848,0.008254716981132075,1.0,-0.0003437352974577784,-3
83,NTK,5,1,1163,1163,0.004299226139294927,1.0,57,1,848,848,0.06721698113207547,1.0,0.06291775499278054,52
83,UNKNOWN,61,3,1163,1163,0.052450558899398106,1.0,9,1,848,848,0.01061320754716981,1.0,-0.0418373513522283,-52
84,AIADMK,244,1,542,542,0.45018450184501846,1.0,164,1,588,588,0.2789115646258503,1.0,-0.17127293721916814,-80
84,BSP,5,1,542,542,0.00922509225092251,1.0,2,1,588,588,0.003401360544217687,1.0,-0.005823731706704822,-3
84,INC,215,1,542,542,0.3966789667896679,1.0,366,1,588,588,0.6224489795918368,1.0,0.22577001280216885,151
84,IND,4,6,542,542,0.007380073800738007,1.0,9,8,588,588,0.015306122448979591,1.0,0.007926048648241583,5
84,NTK,9,1,542,542,0.016605166051660517,1.0,32,1,588,588,0.05442176870748299,1.0,0.03781660265582247,23
84,UNKNOWN,61,3,542,542,0.11254612546125461,1.0,5,1,588,588,0.008503401360544218,1.0,-0.1040427241007104,-56
85,AIADMK,298,1,590,590,0.5050847457627119,1.0,279,1,667,667,0.41829085457271364,1.0,-0.08679389118999825,-19
85,BSP,2,1,590,590,0.003389830508474576,1.0,19,1,667,667,0.02848575712143928,1.0,0.025095926612964704,17
85,INC,187,1,590,590,0.3169491525423729,1.0,313,1,667,667,0.46926536731634183,1.0,0.15231621477396895,126
85,IND,2,6,590,590,0.003389830508474576,1.0,5,8,667,667,0.0074962518740629685,1.0,0.004106421365588392,3
85,NTK,5,1,590,590,0.00847457627118644,1.0,33,1,667,667,0.049475262368815595,1.0,0.041000686097629156,28
85,UNKNOWN,79,3,590,590,0.13389830508474576,1.0,4,1,667,667,0.005997001499250375,1.0,-0.1279013035854954,-75
86,AIADMK,340,1,795,795,0.4276729559748428,1.0,218,1,577,577,0.3778162911611785,1.0,-0.0498566648136643,-122
86,BSP,9,1,795,795,0.011320754716981131,1.0,40,1,577,577,0.06932409012131716,1.0,0.058003335404336026,31
86,INC,365,1,795,795,0.4591194968553459,1.0,254,1,577,577,0.44020797227036396,1.0,-0.018911524584981965,-111
86,IND,6,6,795,795,0.007547169811320755,1.0,3,8,577,577,0.005199306759098787,1.0,-0.0023478630522219676,-3
86,NTK,11,1,795,795,0.013836477987421384,1.0,55,1,577,577,0.09532062391681109,1.0,0.08148414592938971,44
86,UNKNOWN,47,3,795,795,0.05911949685534591,1.0,3,1,577,577,0.005199306759098787,1.0,-0.05392019009624713,-44
87,AIADMK,338,1,782,782,0.4322250639386189,1.0,154,1,556,556,0.27697841726618705,1.0,-0.15524664667243188,-184
87,BSP,9,1,782,782,0.011508951406649617,1.0,1,1,556,556,0.0017985611510791368,1.0,-0.00971039025557048,-8
87,INC,358,1,782,782,0.4578005115089514,1.0,332,1,556,556,0.5971223021582733,1.0,0.13932179064932193,-26
87,IND,1,6,782,782,0.0012787723785166241,1.0,13,8,556,556,0.023381294964028777,1.0,0.022102522585512152,12
87,NTK,4,1,782,782,0.005115089514066497,1.0,45,1,556,556,0.08093525179856115,1.0,0.07582016228449465,41
87,UNKNOWN,58,3,782,782,0.0741687979539642,1.0,1,1,556,556,0.0017985611510791368,1.0,-0.07237023680288505,-57
88,AIADMK,366,1,902,902,0.4057649667405765,1.0,219,1,641,641,0.3416536661466459,1.0,-0.06411130059393061,-147
88,BSP,1,1,902,902,0.0011086474501108647,1.0,3,1,641,641,0.0046801872074883,1.0,0.003571539757377435,2
88,INC,418,1,902,902,0.4634146341463415,1.0,303,1,641,641,0.47269890795631825,1.0,0.009284273809976762,-115
88,IND,8,6,902,902,0.008869179600886918,1.0,20,8,641,641,0.031201248049921998,1.0,0.02233206844903508,12
88,NTK,4,1,902,902,0.004434589800443459,1.0,81,1,641,641,0.12636505460218408,1.0,0.12193046480174062,77
88,UNKNOWN,41,3,902,902,0.045454545454545456,1.0,2,1,641,641,0.0031201248049922,1.0,-0.042334420649553256,-39
89,AIADMK,234,1,509,509,0.45972495088408644,1.0,304,1,939,939,0.32374866879659214,1.0,-0.1359762820874943,70
89,BSP,3,1,509,509,0.005893909626719057,1.0,5,1,939,939,0.005324813631522897,1.0,-0.0005690959951961602,2
89,INC,223,1,509,509,0.4381139489194499,1.0,449,1,939,939,0.47816826411075614,1.0,0.040054315191306256,226
89,IND,3,6,509,509,0.005893909626719057,1.0,29,8,939,939,0.0308839190628328,1.0,0.024990009436113743,26
89,NTK,3,1,509,509,0.005893909626719057,1.0,115,1,939,939,0.12247071352502663,1.0,0.11657680389830757,112
89,UNKNOWN,25,3,509,509,0.04911591355599214,1.0,7,1,939,939,0.007454739084132056,1.0,-0.04166117447186008,-18
90,AIADMK,202,1,585,585,0.3452991452991453,1.0,293,1,846,846,0.3463356973995272,1.0,0.0010365521003818934,91
90,BSP,0,1,585,585,0.0,1.0,5,1,846,846,0.00591016548463357,1.0,0.00591016548463357,5
90,INC,308,1,585,585,0.5264957264957265,1.0,414,1,846,846,0.48936170212765956,1.0,-0.037134024368066954,106
90,IND,4,6,585,585,0.006837606837606838,1.0,22,8,846,846,0.026004728132387706,1.0,0.01916712129478087,18
90,NTK,2,1,585,585,0.003418803418803419,1.0,86,1,846,846,0.1016548463356974,1.0,0.09823604291689397,84
90,UNKNOWN,31,3,585,585,0.05299145299145299,1.0,5,1,846,846,0.00591016548463357,1.0,-0.04708128750681942,-26
91,AIADMK,201,1,642,642,0.3130841121495327,1.0,295,1,532,532,0.5545112781954887,1.0,0.24142716604595604,94
91,BSP,1,1,642,642,0.001557632398753894,1.0,0,1,532,532,0.0,1.0,-0.001557632398753894,-1
91,INC,313,1,642,642,0.48753894080996885,1.0,220,1,532,532,0.41353383458646614,1.0,-0.0740051062235027,-93
91,IND,0,6,642,642,0.0,1.0,1,8,532,532,0.0018796992481203006,1.0,0.0018796992481203006,1
91,NTK,2,1,642,642,0.003115264797507788,1.0,8,1,532,532,0.015037593984962405,1.0,0.011922329187454617,6
91,UNKNOWN,79,3,642,642,0.12305295950155763,1.0,1,1,532,532,0.0018796992481203006,1.0,-0.12117326025343733,-78
92,AIADMK,336,1,665,665,0.5052631578947369,1.0,307,1,602,602,0.5099667774086378,1.0,0.0047036195139009696,-29
92,BSP,0,1,665,665,0.0,1.0,2,1,602,602,0.0033222591362126247,1.0,0.0033222591362126247,2
92,INC,195,1,665,665,0.2932330827067669,1.0,248,1,602,602,0.4119601328903654,1.0,0.11872705018359853,53
92,IND,3,6,665,665,0.004511278195488722,1.0,7,8,602,602,0.011627906976744186,1.0,0.007116628781255464,4
92,NTK,10,1,665,665,0.015037593984962405,1.0,18,1,602,602,0.029900332225913623,1.0,0.014862738240951218,8
92,UNKNOWN,77,3,665,665,0.11578947368421053,1.0,3,1,602,602,0.0049833887043189366,1.0,-0.11080608497989158,-74
93,AIADMK,276,1,770,770,0.35844155844155845,1.0,388,1,663,663,0.5852187028657617,1.0,0.22677714442420327,112
93,BSP,3,1,770,770,0.003896103896103896,1.0,2,1,663,663,0.0030165912518853697,1.0,-0.0008795126442185264,-1
93,INC,201,1,770,770,0.261038961038961,1.0,231,1,663,663,0.34841628959276016,1.0,0.08737732855379915,30
93,IND,7,6,770,770,0.00909090909090909,1.0,3,8,663,663,0.004524886877828055,1.0,-0.004566022213081036,-4
93,NTK,4,1,770,770,0.005194805194805195,1.0,28,1,663,663,0.042232277526395176,1.0,0.03703747233158998,24
93,UNKNOWN,28,3,770,770,0.03636363636363636,1.0,3,1,663,663,0.004524886877828055,1.0,-0.03183874948580831,-25
94,AIADMK,499,1,979,979,0.5097037793667007,1.0,178,1,715,715,0.24895104895104894,1.0,-0.26075273041565183,-321
94,BSP,2,1,979,979,0.0020429009193054137,1.0,39,1,715,715,0.05454545454545454,1.0,0.052502553626149126,37
94,INC,298,1,979,979,0.30439223697650664,1.0,372,1,715,715,0.5202797202797202,1.0,0.2158874833032136,74
94,IND,3,6,979,979,0.0030643513789581204,1.0,18,8,715,715,0.025174825174825177,1.0,0.022110473795867055,15
94,NTK,2,1,979,979,0.0020429009193054137,1.0,50,1,715,715,0.06993006993006994,1.0,0.06788716901076453,48
94,UNKNOWN,56,3,979,979,0.05720122574055159,1.0,6,1,715,715,0.008391608391608392,1.0,-0.04880961734894319,-50
95,AIADMK,393,1,830,830,0.4734939759036145,1.0,284,1,738,738,0.38482384823848237,1.0,-0.0886701276651321,-109
95,BSP,10,1,830,830,0.012048192771084338,1.0,20,1,738,738,0.02710027100271003,1.0,0.01505207823162569,10
95,INC,277,1,830,830,0.3337349397590361,1.0,274,1,738,738,0.3712737127371274,1.0,0.03753877297809127,-3
95,IND,10,6,830,830,0.012048192771084338,1.0,19,8,738,738,0.025745257452574527,1.0,0.013697064681490189,9
95,NTK,1,1,830,830,0.0012048192771084338,1.0,99,1,738,738,0.13414634146341464,1.0,0.1329415221863062,98
95,UNKNOWN,44,3,830,830,0.05301204819277108,1.0,7,1,738,738,0.009485094850948509,1.0,-0.04352695334182258,-37
96,AIADMK,291,1,711,711,0.4092827004219409,1.0,362,1,829,829,0.436670687575392,1.0,0.027387987153451088,71
96,BSP,6,1,711,711,0.008438818565400843,1.0,5,1,829,829,0.006031363088057901,1.0,-0.0024074554773429423,-1
96,INC,190,1,711,711,0.2672292545710267,1.0,300,1,829,829,0.3618817852834741,1.0,0.09465253071244739,110
96,IND,1,6,711,711,0.0014064697609001407,1.0,31,8,829,829,0.03739445114595899,1.0,0.03598798138505885,30
96,NTK,4,1,711,711,0.005625879043600563,1.0,100,1,829,829,0.12062726176115803,1.0,0.11500138271755746,96
96,UNKNOWN,54,3,711,711,0.0759493670886076,1.0,6,1,829,829,0.007237635705669481,1.0,-0.06871173138293811,-48
97,AIADMK,375,1,743,743,0.5047106325706595,1.0,513,1,1159,1159,0.4426229508196721,1.0,-0.06208768175098739,138
97,BSP,7,1,743,743,0.009421265141318977,1.0,2,1,1159,1159,0.001725625539257981,1.0,-0.007695639602060996,-5
97,INC,123,1,743,743,0.1655450874831763,1.0,434,1,1159,1159,0.3744607420189819,1.0,0.20891565453580557,311
97,IND,6,6,743,743,0.008075370121130552,1.0,71,8,1159,1159,0.061259706643658325,1.0,0.05318433652252777,65
97,NTK,11,1,743,743,0.014804845222072678,1.0,91,1,1159,1159,0.07851596203623813,1.0,0.06371111681416546,80
97,UNKNOWN,185,3,743,743,0.2489905787348587,1.0,20,1,1159,1159,0.01725625539257981,1.0,-0.2317343233422789,-165
98,AIADMK,326,1,668,668,0.4880239520958084,1.0,249,1,467,467,0.5331905781584583,1.0,0.04516662606264987,-77
98,BSP,9,1,668,668,0.01347305389221557,1.0,3,1,467,467,0.006423982869379015,1.0,-0.007049071022836554,-6
98,INC,269,1,668,668,0.4026946107784431,1.0,173,1,467,467,0.37044967880085655,1.0,-0.032244931977586544,-96
98,IND,2,6,668,668,0.0029940119760479044,1.0,10,8,467,467,0.021413276231263382,1.0,0.01841926425521548,8
98,NTK,7,1,668,668,0.010479041916167664,1.0,18,1,467,467,0.03854389721627409,1.0,0.028064855300106425,11
98,UNKNOWN,41,3,668,668,0.061377245508982034,1.0,4,1,467,467,0.008565310492505354,1.0,-0.05281193501647668,-37
99,AIADMK,358,1,729,729,0.49108367626886146,1.0,399,1,804,804,0.4962686567164179,1.0,0.005184980447556442,41
99,BSP,7,1,729,729,0.009602194787379973,1.0,5,1,804,804,0.006218905472636816,1.0,-0.003383289314743157,-2
99,INC,260,1,729,729,0.35665294924554186,1.0,279,1,804,804,0.34701492537313433,1.0,-0.00963802387240753,19
99,IND,2,6,729,729,0.0027434842249657062,1.0,8,8,804,804,0.009950248756218905,1.0,0.007206764531253199,6
99,NTK,11,1,729,729,0.015089163237311385,1.0,74,1,804,804,0.09203980099502487,1.0,0.07695063775771349,63
99,UNKNOWN,46,3,729,729,0.06310013717421124,1.0,7,1,804,804,0.008706467661691543,1.0,-0.0543936695125197,-39
100,AIADMK,227,1,771,771,0.29442282749675747,1.0,283,1,796,796,0.3555276381909548,1.0,0.06110481069419732,56
100,BSP,4,1,771,771,0.005188067444876783,1.0,4,1,796,796,0.005025125628140704,1.0,-0.0001629418167360796,0
100,INC,401,1,771,771,0.5201037613488976,1.0,402,1,796,796,0.5050251256281407,1.0,-0.01507863572075685,1
100,IND,1,6,771,771,0.0012970168612191958,1.0,17,8,796,796,0.02135678391959799,1.0,0.020059767058378794,16
100,NTK,5,1,771,771,0.00648508430609598,1.0,63,1,796,796,0.07914572864321608,1.0,0.07266064433712009,58
100,UNKNOWN,62,3,771,771,0.08041504539559015,1.0,2,1,796,796,0.002512562814070352,1.0,-0.0779024825815198,-60
101,AIADMK,265,1,663,663,0.3996983408748115,1.0,302,1,729,729,0.41426611796982166,1.0,0.01456777709501017,37
101,BSP,1,1,663,663,0.0015082956259426848,1.0,28,1,729,729,0.038408779149519894,1.0,0.03690048352357721,27
101,INC,302,1,663,663,0.4555052790346908,1.0,304,1,729,729,0.4170096021947874,1.0,-0.0384956768399034,2
101,IND,1,6,663,663,0.0015082956259426848,1.0,11,8,729,729,0.015089163237311385,1.0,0.0135808676113687,10
101,NTK,5,1,663,663,0.007541478129713424,1.0,69,1,729,729,0.09465020576131687,1.0,0.08710872763160345,64
101,UNKNOWN,62,3,663,663,0.09351432880844646,1.0,5,1,729,729,0.006858710562414266,1.0,-0.08665561824603218,-57
102,AIADMK,267,1,614,614,0.43485342019543977,1.0,297,1,781,781,0.38028169014084506,1.0,-0.0545717300545947,30
102,BSP,2,1,614,614,0.003257328990228013,1.0,18,1,781,781,0.023047375160051217,1.0,0.019790046169823203,16
102,INC,246,1,614,614,0.4006514657980456,1.0,367,1,781,781,0.469910371318822,1.0,0.0692589055207764,121
102,IND,6,6,614,614,0.009771986970684038,1.0,10,8,781,781,0.012804097311139564,1.0,0.003032110340455526,4
102,NTK,11,1,614,614,0.017915309446254073,1.0,57,1,781,781,0.07298335467349552,1.0,0.05506804522724145,46
102,UNKNOWN,64,3,614,614,0.10423452768729642,1.0,6,1,781,781,0.0076824583866837385,1.0,-0.09655206930061268,-58
103,AIADMK,277,1,600,600,0.46166666666666667,1.0,273,1,813,813,0.33579335793357934,1.0,-0.12587330873308733,-4
103,BSP,0,1,600,600,0.0,1.0,1,1,813,813,0.0012300123001230013,1.0,0.0012300123001230013,1
103,INC,241,1,600,600,0.40166666666666667,1.0,449,1,813,813,0.5522755227552275,1.0,0.15060885608856084,208
103,IND,6,6,600,600,0.01,1.0,31,8,813,813,0.038130381303813035,1.0,0.028130381303813033,25
103,NTK,14,1,600,600,0.023333333333333334,1.0,45,1,813,813,0.055350553505535055,1.0,0.032017220172201724,31
103,UNKNOWN,41,3,600,600,0.06833333333333333,1.0,2,1,813,813,0.0024600246002460025,1.0,-0.06587330873308733,-39
104,AIADMK,475,1,930,930,0.510752688172043,1.0,258,1,762,762,0.33858267716535434,1.0,-0.17217001100668866,-217
104,BSP,1,1,930,930,0.001075268817204301,1.0,3,1,762,762,0.003937007874015748,1.0,0.002861739056811447,2
104,INC,324,1,930,930,0.34838709677419355,1.0,309,1,762,762,0.40551181102362205,1.0,0.0571247142494285,-15
104,IND,7,6,930,930,0.007526881720430108,1.0,66,8,762,762,0.08661417322834646,1.0,0.07908729150791635,59
104,NTK,20,1,930,930,0.021505376344086023,1.0,90,1,762,762,0.11811023622047244,1.0,0.09660485987638642,70
104,UNKNOWN,76,3,930,930,0.08172043010752689,1.0,5,1,762,762,0.006561679790026247,1.0,-0.07515875031750063,-71
105,AIADMK,458,1,815,815,0.561963190184049,1.0,262,1,696,696,0.3764367816091954,1.0,-0.18552640857485364,-196
105,BSP,0,1,815,815,0.0,1.0,4,1,696,696,0.005747126436781609,1.0,0.005747126436781609,4
105,INC,290,1,815,815,0.3558282208588957,1.0,225,1,696,696,0.3232758620689655,1.0,-0.03255235878993018,-65
105,IND,7,6,815,815,0.008588957055214725,1.0,76,8,696,696,0.10919540229885058,1.0,0.10060644524363585,69
105,NTK,2,1,815,815,0.00245398773006135,1.0,98,1,696,696,0.14080459770114942,1.0,0.13835060997108806,96
105,UNKNOWN,46,3,815,815,0.05644171779141104,1.0,8,1,696,696,0.011494252873563218,1.0,-0.044947464917847825,-38
106,AIADMK,346,1,738,738,0.46883468834688347,1.0,265,1,674,674,0.39317507418397624,1.0,-0.07565961416290723,-81
106,BSP,0,1,738,738,0.0,1.0,0,1,674,674,0.0,1.0,0.0,0
106,INC,293,1,738,738,0.3970189701897019,1.0,258,1,674,674,0.3827893175074184,1.0,-0.014229652682283489,-35
106,IND,2,6,738,738,0.0027100271002710027,1.0,40,8,674,674,0.05934718100890208,1.0,0.056637153908631076,38
106,NTK,12,1,738,738,0.016260162601626018,1.0,77,1,674,674,0.1142433234421365,1.0,0.09798316084051048,65
106,UNKNOWN,54,3,738,738,0.07317073170731707,1.0,8,1,674,674,0.011869436201780416,1.0,-0.06130129550553665,-46
107,AIADMK,492,1,918,918,0.5359477124183006,1.0,177,1,452,452,0.3915929203539823,1.0,-0.14435479206431834,-315
107,BSP,0,1,918,918,0.0,1.0,0,1,452,452,0.0,1.0,0.0,0
107,INC,289,1,918,918,0.3148148148148148,1.0,147,1,452,452,0.3252212389380531,1.0,0.010406424123238278,-142
107,IND,6,6,918,918,0.006535947712418301,1.0,37,8,452,452,0.08185840707964602,1.0,0.07532245936722771,31
107,NTK,18,1,918,918,0.0196078431372549,1.0,58,1,452,452,0.12831858407079647,1.0,0.10871074093354156,40
107,UNKNOWN,85,3,918,918,0.09259259259259259,1.0,8,1,452,452,0.017699115044247787,1.0,-0.0748934775483448,-77
108,AIADMK,264,1,558,558,0.4731182795698925,1.0,207,1,670,670,0.30895522388059704,1.0,-0.16416305568929546,-57
108,BSP,3,1,558,558,0.005376344086021506,1.0,0,1,670,670,0.0,1.0,-0.005376344086021506,-3
108,INC,222,1,558,558,0.3978494623655914,1.0,309,1,670,670,0.46119402985074626,1.0,0.06334456748515488,87
108,IND,2,6,558,558,0.0035842293906810036,1.0,58,8,670,670,0.08656716417910448,1.0,0.08298293478842347,56
108,NTK,9,1,558,558,0.016129032258064516,1.0,72,1,670,670,0.10746268656716418,1.0,0.09133365430909966,63
108,UNKNOWN,41,3,558,558,0.07347670250896057,1.0,6,1,670,670,0.008955223880597015,1.0,-0.06452147862836356,-35
109,AIADMK,416,1,698,698,0.5959885386819485,1.0,418,1,1019,1019,0.4102060843964671,1.0,-0.18578245428548135,2
109,BSP,2,1,698,698,0.0028653295128939827,1.0,1,1,1019,1019,0.0009813542688910696,1.0,-0.0018839752440029131,-1
109,INC,186,1,698,698,0.2664756446991404,1.0,380,1,1019,1019,0.3729146221786065,1.0,0.10643897747946607,194
109,IND,3,6,698,698,0.004297994269340974,1.0,119,8,1019,1019,0.11678115799803729,1.0,0.11248316372869631,116
109,NTK,13,1,698,698,0.01862464183381089,1.0,79,1,1019,1019,0.0775269872423945,1.0,0.058902345408583606,66
109,UNKNOWN,55,3,698,698,0.07879656160458452,1.0,3,1,1019,1019,0.002944062806673209,1.0,-0.07585249879791131,-52
110,AIADMK,342,1,709,709,0.4823695345557123,1.0,297,1,931,931,0.31901181525241673,1.0,-0.16335771930329557,-45
110,BSP,2,1,709,709,0.0028208744710860366,1.0,1,1,931,931,0.0010741138560687433,1.0,-0.0017467606150172934,-1
110,INC,285,1,709,709,0.4019746121297602,1.0,347,1,931,931,0.3727175080558539,1.0,-0.029257104073906304,62
110,IND,3,6,709,709,0.004231311706629055,1.0,136,8,931,931,0.1460794844253491,1.0,0.14184817271872005,133
110,NTK,5,1,709,709,0.007052186177715092,1.0,99,1,931,931,0.10633727175080558,1.0,0.09928508557309049,94
110,UNKNOWN,54,3,709,709,0.076163610719323,1.0,14,1,931,931,0.015037593984962405,1.0,-0.06112601673436059,-40
111,AIADMK,213,1,410,410,0.5195121951219512,1.0,330,1,853,853,0.38686987104337633,1.0,-0.1326423240785749,117
111,BSP,0,1,410,410,0.0,1.0,3,1,853,853,0.0035169988276670576,1.0,0.0035169988276670576,3
111,INC,144,1,410,410,0.35121951219512193,1.0,303,1,853,853,0.3552168815943728,1.0,0.003997369399250883,159
111,IND,3,6,410,410,0.007317073170731708,1.0,75,8,853,853,0.08792497069167643,1.0,0.08060789752094472,72
111,NTK,3,1,410,410,0.007317073170731708,1.0,85,1,853,853,0.09964830011723329,1.0,0.09233122694650157,82
111,UNKNOWN,35,3,410,410,0.08536585365853659,1.0,12,1,853,853,0.01406799531066823,1.0,-0.07129785834786836,-23
112,AIADMK,470,1,844,844,0.556872037914692,1.0,59,1,202,202,0.29207920792079206,1.0,-0.2647928299938999,-411
112,BSP,0,1,844,844,0.0,1.0,1,1,202,202,0.0049504950495049506,1.0,0.0049504950495049506,1
112,INC,257,1,844,844,0.30450236966824645,1.0,100,1,202,202,0.49504950495049505,1.0,0.1905471352822486,-157
112,IND,4,6,844,844,0.004739336492890996,1.0,27,8,202,202,0.13366336633663367,1.0,0.12892402984374268,23
112,NTK,9,1,844,844,0.01066350710900474,1.0,8,1,202,202,0.039603960396039604,1.0,0.028940453287034866,-1
112,UNKNOWN,77,3,844,844,0.09123222748815166,1.0,3,1,202,202,0.01485148514851485,1.0,-0.0763807423396368,-74
113,AIADMK,355,1,591,591,0.6006768189509306,1.0,234,1,717,717,0.3263598326359833,1.0,-0.27431698631494733,-121
113,BSP,0,1,591,591,0.0,1.0,2,1,717,717,0.002789400278940028,1.0,0.002789400278940028,2
113,INC,181,1,591,591,0.3062605752961083,1.0,212,1,717,717,0.29567642956764295,1.0,-0.010584145728465333,31
113,IND,3,6,591,591,0.005076142131979695,1.0,172,8,717,717,0.2398884239888424,1.0,0.2348122818568627,169
113,NTK,7,1,591,591,0.011844331641285956,1.0,67,1,717,717,0.09344490934449093,1.0,0.08160057770320497,60
113,UNKNOWN,17,3,591,591,0.028764805414551606,1.0,6,1,717,717,0.008368200836820083,1.0,-0.02039660457773152,-11
114,AIADMK,285,1,620,620,0.4596774193548387,1.0,330,1,812,812,0.4064039408866995,1.0,-0.05327347846813918,45
114,BSP,2,1,620,620,0.0032258064516129032,1.0,2,1,812,812,0.0024630541871921183,1.0,-0.000762752264420785,0
114,INC,264,1,620,620,0.4258064516129032,1.0,270,1,812,812,0.33251231527093594,1.0,-0.09329413634196726,6
114,IND,4,6,620,620,0.0064516129032258064,1.0,74,8,812,812,0.09113300492610837,1.0,0.08468139202288257,70
114,NTK,4,1,620,620,0.0064516129032258064,1.0,101,1,812,812,0.12438423645320197,1.0,0.11793262354997616,97
114,UNKNOWN,18,3,620,620,0.02903225806451613,1.0,7,1,812,812,0.008620689655172414,1.0,-0.020411568409343717,-11
115,AIADMK,578,1,1083,1083,0.5337026777469991,1.0,337,1,867,867,0.3886966551326413,1.0,-0.1450060226143578,-241
115,BSP,4,1,1083,1083,0.003693444136657433,1.0,3,1,867,867,0.0034602076124567475,1.0,-0.0002332365242006854,-1
115,INC,418,1,1083,1083,0.38596491228070173,1.0,315,1,867,867,0.3633217993079585,1.0,-0.02264311297274324,-103
115,IND,2,6,1083,1083,0.0018467220683287165,1.0,96,8,867,867,0.11072664359861592,1.0,0.10887992153028721,94
115,NTK,6,1,1083,1083,0.00554016620498615,1.0,66,1,867,867,0.07612456747404844,1.0,0.07058440126906229,60
115,UNKNOWN,58,3,1083,1083,0.05355493998153278,1.0,10,1,867,867,0.011534025374855825,1.0,-0.04202091460667696,-48
116,AIADMK,221,1,453,453,0.4878587196467991,1.0,160,1,498,498,0.321285140562249,1.0,-0.16657357908455012,-61
116,BSP,0,1,453,453,0.0,1.0,5,1,498,498,0.010040160642570281,1.0,0.010040160642570281,5
116,INC,173,1,453,453,0.3818984547461369,1.0,182,1,498,498,0.3654618473895582,1.0,-0.016436607356578647,9
116,IND,1,6,453,453,0.002207505518763797,1.0,102,8,498,498,0.20481927710843373,1.0,0.20261177158966992,101
116,NTK,4,1,453,453,0.008830022075055188,1.0,34,1,498,498,0.06827309236947791,1.0,0.05944307029442272,30
116,UNKNOWN,44,3,453,453,0.09713024282560706,1.0,3,1,498,498,0.006024096385542169,1.0,-0.09110614644006489,-41
117,AIADMK,358,1,777,777,0.46074646074646075,1.0,283,1,880,880,0.3215909090909091,1.0,-0.13915555165555166,-75
117,BSP,4,1,777,777,0.005148005148005148,1.0,1,1,880,880,0.0011363636363636363,1.0,-0.004011641511641512,-3
117,INC,338,1,777,777,0.435006435006435,1.0,280,1,880,880,0.3181818181818182,1.0,-0.11682461682461681,-58
117,IND,2,6,777,777,0.002574002574002574,1.0,213,8,880,880,0.24204545454545454,1.0,0.23947145197145195,211
117,NTK,5,1,777,777,0.006435006435006435,1.0,57,1,880,880,0.06477272727272727,1.0,0.05833772083772084,52
117,UNKNOWN,59,3,777,777,0.07593307593307594,1.0,4,1,880,880,0.004545454545454545,1.0,-0.07138762138762139,-55
118,AIADMK,456,1,961,961,0.4745057232049948,1.0,320,1,611,611,0.5237315875613748,1.0,0.049225864356380045,-136
118,BSP,2,1,961,961,0.002081165452653486,1.0,2,1,611,611,0.0032733224222585926,1.0,0.0011921569696051065,0
118,INC,319,1,961,961,0.331945889698231,1.0,97,1,611,611,0.15875613747954173,1.0,-0.1731897522186893,-222
118,IND,3,6,961,961,0.003121748178980229,1.0,125,8,611,611,0.20458265139116202,1.0,0.2014609032121818,122
118,NTK,33,1,961,961,0.03433922996878252,1.0,52,1,611,611,0.0851063829787234,1.0,0.050767153009940884,19
118,UNKNOWN,74,3,961,961,0.07700312174817898,1.0,1,1,611,611,0.0016366612111292963,1.0,-0.07536646053704969,-73
119,AIADMK,185,1,415,415,0.4457831325301205,1.0,286,1,644,644,0.4440993788819876,1.0,-0.0016837536481328907,101
119,BSP,3,1,415,415,0.007228915662650603,1.0,2,1,644,644,0.003105590062111801,1.0,-0.004123325600538802,-1
119,INC,130,1,415,415,0.3132530120481928,1.0,113,1,644,644,0.17546583850931677,1.0,-0.137787173538876,-17
119,IND,4,6,415,415,0.00963855421686747,1.0,176,8,644,644,0.2732919254658385,1.0,0.26365337124897104,172
119,NTK,5,1,415,415,0.012048192771084338,1.0,46,1,644,644,0.07142857142857142,1.0,0.05938037865748709,41
119,UNKNOWN,24,3,415,415,0.05783132530120482,1.0,5,1,644,644,0.007763975155279503,1.0,-0.05006735014592532,-19
120,AIADMK,231,1,619,619,0.37318255250403876,1.0,289,1,794,794,0.36397984886649876,1.0,-0.00920270363754,58
120,BSP,0,1,619,619,0.0,1.0,3,1,794,794,0.003778337531486146,1.0,0.003778337531486146,3
120,INC,149,1,619,619,0.2407108239095315,1.0,74,1,794,794,0.09319899244332494,1.0,-0.14751183146620656,-75
120,IND,0,6,619,619,0.0,1.0,383,8,794,794,0.482367758186398,1.0,0.482367758186398,383
120,NTK,5,1,619,619,0.008077544426494346,1.0,27,1,794,794,0.03400503778337532,1.0,0.025927493356880972,22
120,UNKNOWN,23,3,619,619,0.03715670436187399,1.0,6,1,794,794,0.007556675062972292,1.0,-0.029600029298901695,-17
121,AIADMK,471,1,1031,1031,0.4568380213385063,1.0,427,1,932,932,0.4581545064377682,1.0,0.0013164850992619104,-44
121,BSP,2,1,1031,1031,0.0019398642095053346,1.0,0,1,932,932,0.0,1.0,-0.0019398642095053346,-2
121,INC,333,1,1031,1031,0.3229873908826382,1.0,100,1,932,932,0.1072961373390558,1.0,-0.21569125354358243,-233
121,IND,3,6,1031,1031,0.002909796314258002,1.0,324,8,932,932,0.34763948497854075,1.0,0.3447296886642827,321
121,NTK,29,1,1031,1031,0.028128031037827354,1.0,51,1,932,932,0.05472103004291846,1.0,0.026592999005091104,22
121,UNKNOWN,98,3,1031,1031,0.0950533462657614,1.0,8,1,932,932,0.008583690987124463,1.0,-0.08646965527863693,-90
122,AIADMK,300,1,572,572,0.5244755244755245,1.0,273,1,834,834,0.3273381294964029,1.0,-0.19713739497912158,-27
122,BSP,0,1,572,572,0.0,1.0,0,1,834,834,0.0,1.0,0.0,0
122,INC,189,1,572,572,0.3304195804195804,1.0,74,1,834,834,0.08872901678657075,1.0,-0.24169056363300967,-115
122,IND,2,6,572,572,0.0034965034965034965,1.0,431,8,834,834,0.5167865707434053,1.0,0.5132900672469017,429
122,NTK,9,1,572,572,0.015734265734265736,1.0,43,1,834,834,0.05155875299760192,1.0,0.03582448726333618,34
122,UNKNOWN,70,3,572,572,0.12237762237762238,1.0,3,1,834,834,0.0035971223021582736,1.0,-0.1187805000754641,-67
123,AIADMK,314,1,699,699,0.4492131616595136,1.0,339,1,847,847,0.4002361275088548,1.0,-0.048977034150658794,25
123,BSP,2,1,699,699,0.002861230329041488,1.0,2,1,847,847,0.0023612750885478157,1.0,-0.0004999552404936721,0
123,INC,241,1,699,699,0.3447782546494993,1.0,308,1,847,847,0.36363636363636365,1.0,0.018858108986864353,67
123,IND,2,6,699,699,0.002861230329041488,1.0,34,8,847,847,0.04014167650531287,1.0,0.03728044617627138,32
123,NTK,4,1,699,699,0.005722460658082976,1.0,84,1,847,847,0.09917355371900827,1.0,0.09345109306092529,80
123,UNKNOWN,129,3,699,699,0.18454935622317598,1.0,10,1,847,847,0.011806375442739079,1.0,-0.1727429807804369,-119
124,AIADMK,397,1,658,658,0.6033434650455927,1.0,182,1,520,520,0.35,1.0,-0.2533434650455927,-215
124,BSP,1,1,658,658,0.001519756838905775,1.0,3,1,520,520,0.0057692307692307696,1.0,0.004249473930324994,2
124,INC,196,1,658,658,0.2978723404255319,1.0,191,1,520,520,0.36730769230769234,1.0,0.06943535188216043,-5
124,IND,3,6,658,658,0.004559270516717325,1.0,42,8,520,520,0.08076923076923077,1.0,0.07620996025251345,39
124,NTK,18,1,658,658,0.02735562310030395,1.0,61,1,520,520,0.11730769230769231,1.0,0.08995206920738835,43
124,UNKNOWN,25,3,658,658,0.037993920972644375,1.0,3,1,520,520,0.0057692307692307696,1.0,-0.032224690203413606,-22
125,AIADMK,346,1,641,641,0.5397815912636506,1.0,146,1,438,438,0.3333333333333333,1.0,-0.20644825793031724,-200
125,BSP,2,1,641,641,0.0031201248049922,1.0,3,1,438,438,0.00684931506849315,1.0,0.0037291902635009505,1
125,INC,234,1,641,641,0.36505460218408736,1.0,191,1,438,438,0.4360730593607306,1.0,0.07101845717664323,-43
125,IND,6,6,641,641,0.0093603744149766,1.0,49,8,438,438,0.11187214611872145,1.0,0.10251177170374486,43
125,NTK,12,1,641,641,0.0187207488299532,1.0,33,1,438,438,0.07534246575342465,1.0,0.056621716923471455,21
125,UNKNOWN,31,3,641,641,0.0483619344773791,1.0,2,1,438,438,0.0045662100456621,1.0,-0.043795724431717,-29
126,AIADMK,316,1,647,647,0.4884080370942813,1.0,299,1,668,668,0.4476047904191617,1.0,-0.04080324667511964,-17
126,BSP,3,1,647,647,0.00463678516228748,1.0,0,1,668,668,0.0,1.0,-0.00463678516228748,-3
126,INC,269,1,647,647,0.41576506955177744,1.0,274,1,668,668,0.4101796407185629,1.0,-0.005585428833214556,5
126,IND,4,6,647,647,0.0061823802163833074,1.0,11,8,668,668,0.016467065868263474,1.0,0.010284685651880166,7
126,NTK,14,1,647,647,0.021638330757341576,1.0,48,1,668,668,0.0718562874251497,1.0,0.05021795666780812,34
126,UNKNOWN,34,3,647,647,0.05255023183925812,1.0,6,1,668,668,0.008982035928143712,1.0,-0.0435681959111144,-28
127,AIADMK,354,1,716,716,0.49441340782122906,1.0,122,1,425,425,0.28705882352941176,1.0,-0.2073545842918173,-232
127,BSP,2,1,716,716,0.002793296089385475,1.0,4,1,425,425,0.009411764705882352,1.0,0.006618468616496877,2
127,INC,274,1,716,716,0.38268156424581007,1.0,185,1,425,425,0.43529411764705883,1.0,0.05261255340124876,-89
127,IND,0,6,716,716,0.0,1.0,34,8,425,425,0.08,1.0,0.08,34
127,NTK,15,1,716,716,0.02094972067039106,1.0,56,1,425,425,0.13176470588235295,1.0,0.1108149852119619,41
127,UNKNOWN,43,3,716,716,0.06005586592178771,1.0,4,1,425,425,0.009411764705882352,1.0,-0.05064410121590536,-39
128,AIADMK,265,1,536,536,0.4944029850746269,1.0,339,1,831,831,0.40794223826714804,1.0,-0.08646074680747884,74
128,BSP,3,1,536,536,0.005597014925373134,1.0,3,1,831,831,0.0036101083032490976,1.0,-0.0019869066221240364,0
128,INC,174,1,536,536,0.3246268656716418,1.0,307,1,831,831,0.3694344163658243,1.0,0.04480755069418252,133
128,IND,4,6,536,536,0.007462686567164179,1.0,39,8,831,831,0.04693140794223827,1.0,0.03946872137507409,35
128,NTK,2,1,536,536,0.0037313432835820895,1.0,95,1,831,831,0.11432009626955475,1.0,0.11058875298597266,93
128,UNKNOWN,21,3,536,536,0.03917910447761194,1.0,5,1,831,831,0.006016847172081829,1.0,-0.033162257305530116,-16
129,AIADMK,385,1,718,718,0.5362116991643454,1.0,231,1,613,613,0.3768352365415987,1.0,-0.15937646262274674,-154
129,BSP,6,1,718,718,0.008356545961002786,1.0,3,1,613,613,0.004893964110929853,1.0,-0.0034625818500729332,-3
129,INC,237,1,718,718,0.33008356545961004,1.0,237,1,613,613,0.3866231647634584,1.0,0.05653959930384839,0
129,IND,1,6,718,718,0.001392757660167131,1.0,71,8,613,613,0.11582381729200653,1.0,0.11443105963183939,70
129,NTK,10,1,718,718,0.013927576601671309,1.0,42,1,613,613,0.06851549755301795,1.0,0.05458792095134664,32
129,UNKNOWN,17,3,718,718,0.023676880222841225,1.0,5,1,613,613,0.008156606851549755,1.0,-0.015520273371291471,-12
130,AIADMK,529,1,1040,1040,0.5086538461538461,1.0,299,1,724,724,0.4129834254143646,1.0,-0.09567042073948151,-230
130,BSP,2,1,1040,1040,0.0019230769230769232,1.0,11,1,724,724,0.015193370165745856,1.0,0.013270293242668933,9
130,INC,355,1,1040,1040,0.34134615384615385,1.0,246,1,724,724,0.3397790055248619,1.0,-0.0015671483212919557,-109
130,IND,2,6,1040,1040,0.0019230769230769232,1.0,127,8,724,724,0.17541436464088397,1.0,0.17349128771780706,125
130,NTK,37,1,1040,1040,0.035576923076923075,1.0,26,1,724,724,0.03591160220994475,1.0,0.00033467913302167446,-11
130,UNKNOWN,54,3,1040,1040,0.051923076923076926,1.0,1,1,724,724,0.0013812154696132596,1.0,-0.05054186145346366,-53
131,AIADMK,364,1,742,742,0.49056603773584906,1.0,269,1,595,595,0.45210084033613446,1.0,-0.0384651973997146,-95
131,BSP,1,1,742,742,0.0013477088948787063,1.0,1,1,595,595,0.0016806722689075631,1.0,0.00033296337402885685,0
131,INC,291,1,742,742,0.3921832884097035,1.0,216,1,595,595,0.3630252100840336,1.0,-0.02915807832566991,-75
131,IND,0,6,742,742,0.0,1.0,58,8,595,595,0.09747899159663866,1.0,0.09747899159663866,58
131,NTK,13,1,742,742,0.01752021563342318,1.0,33,1,595,595,0.05546218487394958,1.0,0.037941969240526396,20
131,UNKNOWN,45,3,742,742,0.06064690026954178,1.0,6,1,595,595,0.010084033613445379,1.0,-0.050562866656096404,-39
132,AIADMK,307,1,865,865,0.35491329479768785,1.0,387,1,698,698,0.5544412607449857,1.0,0.19952796594729783,80
132,BSP,5,1,865,865,0.005780346820809248,1.0,2,1,698,698,0.0028653295128939827,1.0,-0.0029150173079152655,-3
132,INC,464,1,865,865,0.5364161849710982,1.0,240,1,698,698,0.3438395415472779,1.0,-0.1925766434238203,-224
132,IND,5,6,865,865,0.005780346820809248,1.0,16,8,698,698,0.022922636103151862,1.0,0.017142289282342613,11
132,NTK,9,1,865,865,0.010404624277456647,1.0,41,1,698,698,0.05873925501432665,1.0,0.04833463073687,32
132,UNKNOWN,50,3,865,865,0.057803468208092484,1.0,2,1,698,698,0.0028653295128939827,1.0,-0.0549381386951985,-48
133,AIADMK,105,1,338,338,0.3106508875739645,1.0,334,1,749,749,0.4459279038718291,1.0,0.13527701629786465,229
133,BSP,0,1,338,338,0.0,1.0,0,1,749,749,0.0,1.0,0.0,0
133,INC,134,1,338,338,0.39644970414201186,1.0,288,1,749,749,0.38451268357810414,1.0,-0.011937020563907719,154
133,IND,0,6,338,338,0.0,1.0,22,8,749,749,0.029372496662216287,1.0,0.029372496662216287,22
133,NTK,17,1,338,338,0.05029585798816568,1.0,65,1,749,749,0.08678237650200267,1.0,0.03648651851383699,48
133,UNKNOWN,42,3,338,338,0.1242603550295858,1.0,6,1,749,749,0.00801068090787717,1.0,-0.11624967412170863,-36
134,AIADMK,383,1,970,970,0.39484536082474225,1.0,314,1,669,669,0.4693572496263079,1.0,0.07451188880156567,-69
134,BSP,4,1,970,970,0.004123711340206186,1.0,0,1,669,669,0.0,1.0,-0.004123711340206186,-4
134,INC,288,1,970,970,0.29690721649484536,1.0,277,1,669,669,0.414050822122571,1.0,0.11714360562772563,-11
134,IND,0,6,970,970,0.0,1.0,22,8,669,669,0.03288490284005979,1.0,0.03288490284005979,22
134,NTK,26,1,970,970,0.026804123711340205,1.0,43,1,669,669,0.06427503736920777,1.0,0.03747091365786756,17
134,UNKNOWN,62,3,970,970,0.06391752577319587,1.0,5,1,669,669,0.007473841554559043,1.0,-0.056443684218636825,-57
135,AIADMK,367,1,828,828,0.44323671497584544,1.0,313,1,679,679,0.46097201767304863,1.0,0.017735302697203192,-54
135,BSP,4,1,828,828,0.004830917874396135,1.0,2,1,679,679,0.0029455081001472753,1.0,-0.0018854097742488597,-2
135,INC,297,1,828,828,0.358695652173913,1.0,287,1,679,679,0.422680412371134,1.0,0.06398476019722099,-10
135,IND,2,6,828,828,0.0024154589371980675,1.0,34,8,679,679,0.050073637702503684,1.0,0.04765817876530562,32
135,NTK,23,1,828,828,0.027777777777777776,1.0,33,1,679,679,0.048600883652430045,1.0,0.02082310587465227,10
135,UNKNOWN,68,3,828,828,0.0821256038647343,1.0,2,1,679,679,0.0029455081001472753,1.0,-0.07918009576458702,-66
136,AIADMK,192,1,535,535,0.35887850467289717,1.0,374,1,834,834,0.44844124700239807,1.0,0.0895627423295009,182
136,BSP,3,1,535,535,0.005607476635514018,1.0,1,1,834,834,0.001199040767386091,1.0,-0.004408435868127928,-2
136,INC,225,1,535,535,0.4205607476635514,1.0,308,1,834,834,0.36930455635491605,1.0,-0.051256191308635346,83
136,IND,0,6,535,535,0.0,1.0,23,8,834,834,0.027577937649880094,1.0,0.027577937649880094,23
136,NTK,14,1,535,535,0.026168224299065422,1.0,78,1,834,834,0.09352517985611511,1.0,0.06735695555704968,64
136,UNKNOWN,46,3,535,535,0.08598130841121496,1.0,11,1,834,834,0.013189448441247002,1.0,-0.07279185996996795,-35
137,AIADMK,224,1,665,665,0.3368421052631579,1.0,407,1,1029,1029,0.39552964042759964,1.0,0.05868753516444175,183
137,BSP,1,1,665,665,0.0015037593984962407,1.0,3,1,1029,1029,0.0029154518950437317,1.0,0.001411692496547491,2
137,INC,284,1,665,665,0.4270676691729323,1.0,366,1,1029,1029,0.3556851311953353,1.0,-0.07138253797759703,82
137,IND,2,6,665,665,0.0030075187969924814,1.0,75,8,1029,1029,0.0728862973760933,1.0,0.06987877857910081,73
137,NTK,9,1,665,665,0.013533834586466165,1.0,102,1,1029,1029,0.09912536443148688,1.0,0.08559152984502072,93
137,UNKNOWN,107,3,665,665,0.16090225563909774,1.0,12,1,1029,1029,0.011661807580174927,1.0,-0.1492404480589228,-95
138,AIADMK,299,1,625,625,0.4784,1.0,352,1,1030,1030,0.341747572815534,1.0,-0.13665242718446602,53
138,BSP,3,1,625,625,0.0048,1.0,3,1,1030,1030,0.002912621359223301,1.0,-0.0018873786407766985,0
138,INC,196,1,625,625,0.3136,1.0,432,1,1030,1030,0.41941747572815535,1.0,0.10581747572815536,236
138,IND,0,6,625,625,0.0,1.0,115,8,1030,1030,0.11165048543689321,1.0,0.11165048543689321,115
138,NTK,17,1,625,625,0.0272,1.0,71,1,1030,1030,0.06893203883495146,1.0,0.041732038834951454,54
138,UNKNOWN,46,3,625,625,0.0736,1.0,10,1,1030,1030,0.009708737864077669,1.0,-0.06389126213592233,-36
140,AIADMK,301,1,707,707,0.42574257425742573,1.0,148,1,639,639,0.23161189358372458,1.0,-0.19413068067370115,-153
140,BSP,4,1,707,707,0.005657708628005658,1.0,1,1,639,639,0.001564945226917058,1.0,-0.0040927634010886,-3
140,INC,233,1,707,707,0.32956152758132956,1.0,351,1,639,639,0.5492957746478874,1.0,0.2197342470665578,118
140,IND,2,6,707,707,0.002828854314002829,1.0,1,8,639,639,0.001564945226917058,1.0,-0.001263909087085771,-1
140,NTK,21,1,707,707,0.0297029702970297,1.0,54,1,639,639,0.08450704225352113,1.0,0.054804071956491424,33
140,UNKNOWN,54,3,707,707,0.07637906647807638,1.0,4,1,639,639,0.006259780907668232,1.0,-0.07011928557040814,-50
141,AIADMK,448,1,1012,1012,0.4426877470355731,1.0,315,1,735,735,0.42857142857142855,1.0,-0.014116318464144573,-133
141,BSP,3,1,1012,1012,0.0029644268774703555,1.0,1,1,735,735,0.0013605442176870747,1.0,-0.0016038826597832808,-2
141,INC,356,1,1012,1012,0.35177865612648224,1.0,297,1,735,735,0.40408163265306124,1.0,0.052302976526579004,-59
141,IND,3,6,1012,1012,0.0029644268774703555,1.0,4,8,735,735,0.005442176870748299,1.0,0.0024777499932779434,1
141,NTK,16,1,1012,1012,0.015810276679841896,1.0,50,1,735,735,0.06802721088435375,1.0,0.05221693420451185,34
141,UNKNOWN,86,3,1012,1012,0.08498023715415019,1.0,10,1,735,735,0.013605442176870748,1.0,-0.07137479497727944,-76
142,AIADMK,378,1,1020,1020,0.37058823529411766,1.0,175,1,538,538,0.3252788104089219,1.0,-0.04530942488519574,-203
142,BSP,5,1,1020,1020,0.004901960784313725,1.0,1,1,538,538,0.0018587360594795538,1.0,-0.0030432247248341716,-4
142,INC,269,1,1020,1020,0.26372549019607844,1.0,241,1,538,538,0.4479553903345725,1.0,0.18422990013849405,-28
142,IND,7,6,1020,1020,0.006862745098039216,1.0,3,8,538,538,0.0055762081784386614,1.0,-0.0012865369196005541,-4
142,NTK,24,1,1020,1020,0.023529411764705882,1.0,50,1,538,538,0.09293680297397769,1.0,0.06940739120927181,26
142,UNKNOWN,52,3,1020,1020,0.050980392156862744,1.0,6,1,538,538,0.011152416356877323,1.0,-0.03982797579998542,-46
143,AIADMK,283,1,668,668,0.4236526946107784,1.0,149,1,462,462,0.3225108225108225,1.0,-0.1011418720999559,-134
143,BSP,1,1,668,668,0.0014970059880239522,1.0,2,1,462,462,0.004329004329004329,1.0,0.002831998340980377,1
143,INC,181,1,668,668,0.27095808383233533,1.0,194,1,462,462,0.4199134199134199,1.0,0.14895533608108458,13
143,IND,3,6,668,668,0.004491017964071856,1.0,4,8,462,462,0.008658008658008658,1.0,0.004166990693936802,1
143,NTK,11,1,668,668,0.016467065868263474,1.0,43,1,462,462,0.09307359307359307,1.0,0.0766065272053296,32
143,UNKNOWN,32,3,668,668,0.04790419161676647,1.0,5,1,462,462,0.010822510822510822,1.0,-0.037081680794255646,-27
144,AIADMK,141,1,406,406,0.3472906403940887,1.0,285,1,840,840,0.3392857142857143,1.0,-0.008004926108374388,144
144,BSP,0,1,406,406,0.0,1.0,3,1,840,840,0.0035714285714285713,1.0,0.0035714285714285713,3
144,INC,108,1,406,406,0.2660098522167488,1.0,394,1,840,840,0.46904761904761905,1.0,0.20303776683087027,286
144,IND,0,6,406,406,0.0,1.0,1,8,840,840,0.0011904761904761906,1.0,0.0011904761904761906,1
144,NTK,2,1,406,406,0.0049261083743842365,1.0,57,1,840,840,0.06785714285714285,1.0,0.06293103448275862,55
144,UNKNOWN,29,3,406,406,0.07142857142857142,1.0,12,1,840,840,0.014285714285714285,1.0,-0.05714285714285714,-17
145,AIADMK,272,1,580,580,0.4689655172413793,1.0,189,1,807,807,0.2342007434944238,1.0,-0.2347647737469555,-83
145,BSP,2,1,580,580,0.0034482758620689655,1.0,0,1,807,807,0.0,1.0,-0.0034482758620689655,-2
145,INC,169,1,580,580,0.2913793103448276,1.0,480,1,807,807,0.5947955390334573,1.0,0.30341622868862966,311
145,IND,2,6,580,580,0.0034482758620689655,1.0,30,8,807,807,0.03717472118959108,1.0,0.033726445327522114,28
145,NTK,12,1,580,580,0.020689655172413793,1.0,58,1,807,807,0.07187112763320942,1.0,0.05118147246079563,46
145,UNKNOWN,44,3,580,580,0.07586206896551724,1.0,6,1,807,807,0.007434944237918215,1.0,-0.06842712472759903,-38
146,AIADMK,204,1,512,512,0.3984375,1.0,300,1,834,834,0.3597122302158273,1.0,-0.03872526978417268,96
146,BSP,0,1,512,512,0.0,1.0,0,1,834,834,0.0,1.0,0.0,0
146,INC,176,1,512,512,0.34375,1.0,342,1,834,834,0.41007194244604317,1.0,0.06632194244604317,166
146,IND,1,6,512,512,0.001953125,1.0,2,8,834,834,0.002398081534772182,1.0,0.0004449565347721821,1
146,NTK,15,1,512,512,0.029296875,1.0,97,1,834,834,0.11630695443645084,1.0,0.08701007943645084,82
146,UNKNOWN,45,3,512,512,0.087890625,1.0,9,1,834,834,0.01079136690647482,1.0,-0.07709925809352518,-36
147,AIADMK,232,1,582,582,0.39862542955326463,1.0,329,1,991,991,0.33198789101917253,1.0,-0.0666375385340921,97
147,BSP,1,1,582,582,0.001718213058419244,1.0,1,1,991,991,0.0010090817356205853,1.0,-0.0007091313227986587,0
147,INC,186,1,582,582,0.31958762886597936,1.0,407,1,991,991,0.4106962663975782,1.0,0.09110863753159887,221
147,IND,4,6,582,582,0.006872852233676976,1.0,7,8,991,991,0.007063572149344097,1.0,0.0001907199156671209,3
147,NTK,11,1,582,582,0.018900343642611683,1.0,103,1,991,991,0.10393541876892028,1.0,0.08503507512630859,92
147,UNKNOWN,41,3,582,582,0.070446735395189,1.0,13,1,991,991,0.013118062563067608,1.0,-0.0573286728321214,-28
148,AIADMK,280,1,646,646,0.43343653250773995,1.0,337,1,951,951,0.35436382754994744,1.0,-0.0790727049577925,57
148,BSP,1,1,646,646,0.0015479876160990713,1.0,3,1,951,951,0.0031545741324921135,1.0,0.0016065865163930422,2
148,INC,235,1,646,646,0.3637770897832817,1.0,356,1,951,951,0.3743427970557308,1.0,0.010565707272449099,121
148,IND,2,6,646,646,0.0030959752321981426,1.0,8,8,951,951,0.008412197686645636,1.0,0.005316222454447493,6
148,NTK,19,1,646,646,0.029411764705882353,1.0,121,1,951,951,0.12723449001051526,1.0,0.0978227253046329,102
148,UNKNOWN,73,3,646,646,0.1130030959752322,1.0,14,1,951,951,0.014721345951629864,1.0,-0.09828175002360233,-59
149,AIADMK,440,1,1036,1036,0.4247104247104247,1.0,398,1,1076,1076,0.36988847583643125,1.0,-0.05482194887399344,-42
149,BSP,2,1,1036,1036,0.0019305019305019305,1.0,5,1,1076,1076,0.004646840148698885,1.0,0.0027163382181969544,3
149,INC,387,1,1036,1036,0.3735521235521235,1.0,501,1,1076,1076,0.4656133828996282,1.0,0.0920612593475047,114
149,IND,2,6,1036,1036,0.0019305019305019305,1.0,12,8,1076,1076,0.011152416356877323,1.0,0.009221914426375393,10
149,NTK,29,1,1036,1036,0.027992277992277992,1.0,89,1,1076,1076,0.08271375464684015,1.0,0.05472147665456216,60
149,UNKNOWN,109,3,1036,1036,0.10521235521235521,1.0,5,1,1076,1076,0.004646840148698885,1.0,-0.10056551506365632,-104
150,AIADMK,167,1,478,478,0.3493723849372385,1.0,426,1,814,814,0.5233415233415234,1.0,0.1739691384042849,259
150,BSP,4,1,478,478,0.008368200836820083,1.0,1,1,814,814,0.0012285012285012285,1.0,-0.007139699608318855,-3
150,INC,190,1,478,478,0.39748953974895396,1.0,256,1,814,814,0.3144963144963145,1.0,-0.08299322525263947,66
150,IND,1,6,478,478,0.0020920502092050207,1.0,2,8,814,814,0.002457002457002457,1.0,0.0003649522477974362,1
150,NTK,14,1,478,478,0.029288702928870293,1.0,69,1,814,814,0.08476658476658476,1.0,0.05547788183771447,55
150,UNKNOWN,63,3,478,478,0.13179916317991633,1.0,7,1,814,814,0.0085995085995086,1.0,-0.12319965458040773,-56
151,AIADMK,229,1,566,566,0.4045936395759717,1.0,419,1,848,848,0.49410377358490565,1.0,0.08951013400893393,190
151,BSP,0,1,566,566,0.0,1.0,2,1,848,848,0.0023584905660377358,1.0,0.0023584905660377358,2
151,INC,210,1,566,566,0.3710247349823322,1.0,283,1,848,848,0.33372641509433965,1.0,-0.03729831988799254,73
151,IND,3,6,566,566,0.00530035335689046,1.0,1,8,848,848,0.0011792452830188679,1.0,-0.004121108073871592,-2
151,NTK,16,1,566,566,0.028268551236749116,1.0,68,1,848,848,0.08018867924528301,1.0,0.0519201280085339,52
151,UNKNOWN,51,3,566,566,0.09010600706713781,1.0,11,1,848,848,0.012971698113207548,1.0,-0.07713430895393027,-40
152,AIADMK,498,1,907,907,0.5490628445424476,1.0,239,1,465,465,0.513978494623656,1.0,-0.03508434991879161,-259
152,BSP,4,1,907,907,0.004410143329658214,1.0,1,1,465,465,0.002150537634408602,1.0,-0.002259605695249612,-3
152,INC,319,1,907,907,0.35170893054024255,1.0,142,1,465,465,0.3053763440860215,1.0,-0.04633258645422106,-177
152,IND,2,6,907,907,0.002205071664829107,1.0,3,8,465,465,0.0064516129032258064,1.0,0.0042465412383966995,1
152,NTK,11,1,907,907,0.012127894156560088,1.0,51,1,465,465,0.10967741935483871,1.0,0.09754952519827863,40
152,UNKNOWN,60,3,907,907,0.06615214994487321,1.0,1,1,465,465,0.002150537634408602,1.0,-0.06400161231046461,-59
153,AIADMK,344,1,842,842,0.4085510688836104,1.0,142,1,353,353,0.40226628895184136,1.0,-0.006284779931769069,-202
153,BSP,3,1,842,842,0.0035629453681710215,1.0,0,1,353,353,0.0,1.0,-0.0035629453681710215,-3
153,INC,379,1,842,842,0.4501187648456057,1.0,139,1,353,353,0.3937677053824363,1.0,-0.05635105946316943,-240
153,IND,9,6,842,842,0.010688836104513063,1.0,0,8,353,353,0.0,1.0,-0.010688836104513063,-9
153,NTK,14,1,842,842,0.0166270783847981,1.0,28,1,353,353,0.07932011331444759,1.0,0.06269303492964949,14
153,UNKNOWN,71,3,842,842,0.08432304038004751,1.0,3,1,353,353,0.0084985835694051,1.0,-0.07582445681064241,-68
154,AIADMK,266,1,634,634,0.4195583596214511,1.0,197,1,676,676,0.29142011834319526,1.0,-0.12813824127825585,-69
154,BSP,6,1,634,634,0.00946372239747634,1.0,4,1,676,676,0.005917159763313609,1.0,-0.0035465626341627315,-2
154,INC,291,1,634,634,0.4589905362776025,1.0,328,1,676,676,0.48520710059171596,1.0,0.026216564314113455,37
154,IND,2,6,634,634,0.0031545741324921135,1.0,4,8,676,676,0.005917159763313609,1.0,0.002762585630821496,2
154,NTK,11,1,634,634,0.017350157728706624,1.0,69,1,676,676,0.10207100591715976,1.0,0.08472084818845313,58
154,UNKNOWN,56,3,634,634,0.08832807570977919,1.0,8,1,676,676,0.011834319526627219,1.0,-0.07649375618315196,-48
155,AIADMK,162,1,394,394,0.41116751269035534,1.0,278,1,785,785,0.354140127388535,1.0,-0.05702738530182033,116
155,BSP,5,1,394,394,0.012690355329949238,1.0,3,1,785,785,0.003821656050955414,1.0,-0.008868699278993825,-2
155,INC,184,1,394,394,0.467005076142132,1.0,360,1,785,785,0.4585987261146497,1.0,-0.008406350027482301,176
155,IND,2,6,394,394,0.005076142131979695,1.0,1,8,785,785,0.0012738853503184713,1.0,-0.003802256781661224,-1
155,NTK,7,1,394,394,0.017766497461928935,1.0,80,1,785,785,0.10191082802547771,1.0,0.08414433056354878,73
155,UNKNOWN,25,3,394,394,0.06345177664974619,1.0,11,1,785,785,0.014012738853503185,1.0,-0.04943903779624301,-14
156,AIADMK,340,1,624,624,0.5448717948717948,1.0,214,1,632,632,0.33860759493670883,1.0,-0.206264199935086,-126
156,BSP,2,1,624,624,0.003205128205128205,1.0,1,1,632,632,0.0015822784810126582,1.0,-0.0016228497241155468,-1
156,INC,211,1,624,624,0.33814102564102566,1.0,282,1,632,632,0.4462025316455696,1.0,0.10806150600454395,71
156,IND,2,6,624,624,0.003205128205128205,1.0,8,8,632,632,0.012658227848101266,1.0,0.00945309964297306,6
156,NTK,8,1,624,624,0.01282051282051282,1.0,66,1,632,632,0.10443037974683544,1.0,0.09160986692632263,58
156,UNKNOWN,41,3,624,624,0.06570512820512821,1.0,7,1,632,632,0.011075949367088608,1.0,-0.054629178838039597,-34
157,AIADMK,267,1,712,712,0.375,1.0,241,1,885,885,0.27231638418079096,1.0,-0.10268361581920904,-26
157,BSP,2,1,712,712,0.0028089887640449437,1.0,1,1,885,885,0.0011299435028248588,1.0,-0.001679045261220085,-1
157,INC,402,1,712,712,0.5646067415730337,1.0,460,1,885,885,0.519774011299435,1.0,-0.04483273027359869,58
157,IND,1,6,712,712,0.0014044943820224719,1.0,18,8,885,885,0.020338983050847456,1.0,0.018934488668824984,17
157,NTK,6,1,712,712,0.008426966292134831,1.0,77,1,885,885,0.08700564971751412,1.0,0.0785786834253793,71
157,UNKNOWN,23,3,712,712,0.032303370786516857,1.0,4,1,885,885,0.004519774011299435,1.0,-0.027783596775217422,-19
158,AIADMK,256,1,889,889,0.2879640044994376,1.0,287,1,938,938,0.30597014925373134,1.0,0.01800614475429374,31
158,BSP,1,1,889,889,0.0011248593925759281,1.0,1,1,938,938,0.0010660980810234541,1.0,-5.876131155247398e-05,0
158,INC,547,1,889,889,0.6152980877390326,1.0,455,1,938,938,0.48507462686567165,1.0,-0.13022346087336095,-92
158,IND,4,6,889,889,0.0044994375703037125,1.0,18,8,938,938,0.019189765458422176,1.0,0.014690327888118464,14
158,NTK,8,1,889,889,0.008998875140607425,1.0,75,1,938,938,0.07995735607675906,1.0,0.07095848093615165,67
158,UNKNOWN,25,3,889,889,0.0281214848143982,1.0,6,1,938,938,0.006396588486140725,1.0,-0.021724896328257477,-19
159,AIADMK,450,1,956,956,0.4707112970711297,1.0,198,1,667,667,0.29685157421289354,1.0,-0.17385972285823614,-252
159,BSP,5,1,956,956,0.005230125523012552,1.0,0,1,667,667,0.0,1.0,-0.005230125523012552,-5
159,INC,439,1,956,956,0.4592050209205021,1.0,341,1,667,667,0.5112443778110944,1.0,0.05203935689059236,-98
159,IND,3,6,956,956,0.0031380753138075313,1.0,3,8,667,667,0.004497751124437781,1.0,0.0013596758106302494,0
159,NTK,3,1,956,956,0.0031380753138075313,1.0,50,1,667,667,0.07496251874062969,1.0,0.07182444342682216,47
159,UNKNOWN,50,3,956,956,0.05230125523012552,1.0,3,1,667,667,0.004497751124437781,1.0,-0.04780350410568774,-47
160,AIADMK,281,1,590,590,0.47627118644067795,1.0,347,1,948,948,0.36603375527426163,1.0,-0.11023743116641632,66
160,BSP,1,1,590,590,0.001694915254237288,1.0,4,1,948,948,0.004219409282700422,1.0,0.0025244940284631333,3
160,INC,211,1,590,590,0.3576271186440678,1.0,489,1,948,948,0.5158227848101266,1.0,0.15819566616605873,278
160,IND,4,6,590,590,0.006779661016949152,1.0,6,8,948,948,0.006329113924050633,1.0,-0.00045054709289851953,2
160,NTK,8,1,590,590,0.013559322033898305,1.0,70,1,948,948,0.07383966244725738,1.0,0.06028034041335908,62
160,UNKNOWN,33,3,590,590,0.05593220338983051,1.0,5,1,948,948,0.005274261603375527,1.0,-0.05065794178645498,-28
161,AIADMK,229,1,664,664,0.34487951807228917,1.0,234,1,876,876,0.2671232876712329,1.0,-0.07775623040105628,5
161,BSP,1,1,664,664,0.0015060240963855422,1.0,0,1,876,876,0.0,1.0,-0.0015060240963855422,-1
161,INC,388,1,664,664,0.5843373493975904,1.0,490,1,876,876,0.5593607305936074,1.0,-0.024976618803983053,102
161,IND,2,6,664,664,0.0030120481927710845,1.0,61,8,876,876,0.06963470319634703,1.0,0.06662265500357595,59
161,NTK,3,1,664,664,0.004518072289156626,1.0,64,1,876,876,0.0730593607305936,1.0,0.06854128844143698,61
161,UNKNOWN,30,3,664,664,0.045180722891566265,1.0,9,1,876,876,0.010273972602739725,1.0,-0.03490675028882654,-21
162,AIADMK,265,1,752,752,0.3523936170212766,1.0,184,1,649,649,0.2835130970724191,1.0,-0.06888051994885747,-81
162,BSP,0,1,752,752,0.0,1.0,2,1,649,649,0.0030816640986132513,1.0,0.0030816640986132513,2
162,INC,262,1,752,752,0.3484042553191489,1.0,347,1,649,649,0.5346687211093991,1.0,0.1862644657902502,85
162,IND,8,6,752,752,0.010638297872340425,1.0,30,8,649,649,0.046224961479198766,1.0,0.03558666360685834,22
162,NTK,2,1,752,752,0.0026595744680851063,1.0,60,1,649,649,0.09244992295839753,1.0,0.08979034849031242,58
162,UNKNOWN,19,3,752,752,0.02526595744680851,1.0,6,1,649,649,0.009244992295839754,1.0,-0.016020965150968756,-13
163,AIADMK,415,1,961,961,0.43184183142559834,1.0,133,1,465,465,0.2860215053763441,1.0,-0.14582032604925427,-282
163,BSP,4,1,961,961,0.004162330905306972,1.0,1,1,465,465,0.002150537634408602,1.0,-0.00201179327089837,-3
163,INC,291,1,961,961,0.3028095733610822,1.0,262,1,465,465,0.5634408602150538,1.0,0.2606312868539716,-29
163,IND,3,6,961,961,0.003121748178980229,1.0,31,8,465,465,0.06666666666666667,1.0,0.06354491848768644,28
163,NTK,15,1,961,961,0.015608740894901144,1.0,25,1,465,465,0.053763440860215055,1.0,0.03815469996531391,10
163,UNKNOWN,73,3,961,961,0.07596253902185224,1.0,4,1,465,465,0.008602150537634409,1.0,-0.06736038848421783,-69
164,AIADMK,155,1,367,367,0.4223433242506812,1.0,204,1,619,619,0.3295638126009693,1.0,-0.09277951164971193,49
164,BSP,0,1,367,367,0.0,1.0,2,1,619,619,0.0032310177705977385,1.0,0.0032310177705977385,2
164,INC,118,1,367,367,0.3215258855585831,1.0,300,1,619,619,0.48465266558966075,1.0,0.16312678003107767,182
164,IND,0,6,367,367,0.0,1.0,34,8,619,619,0.05492730210016155,1.0,0.05492730210016155,34
164,NTK,7,1,367,367,0.01907356948228883,1.0,42,1,619,619,0.06785137318255251,1.0,0.048777803700263675,35
164,UNKNOWN,17,3,367,367,0.04632152588555858,1.0,2,1,619,619,0.0032310177705977385,1.0,-0.04309050811496084,-15
165,AIADMK,276,1,555,555,0.4972972972972973,1.0,113,1,796,796,0.14195979899497488,1.0,-0.3553374983023224,-163
165,BSP,3,1,555,555,0.005405405405405406,1.0,1,1,796,796,0.001256281407035176,1.0,-0.00414912399837023,-2
165,INC,152,1,555,555,0.27387387387387385,1.0,608,1,796,796,0.7638190954773869,1.0,0.48994522160351306,456
165,IND,2,6,555,555,0.0036036036036036037,1.0,2,8,796,796,0.002512562814070352,1.0,-0.0010910407895332519,0
165,NTK,14,1,555,555,0.025225225225225224,1.0,47,1,796,796,0.059045226130653265,1.0,0.03382000090542804,33
165,UNKNOWN,69,3,555,555,0.12432432432432433,1.0,5,1,796,796,0.00628140703517588,1.0,-0.11804291728914845,-64
166,AIADMK,361,1,764,764,0.4725130890052356,1.0,105,1,853,853,0.123094958968347,1.0,-0.3494181300368886,-256
166,BSP,4,1,764,764,0.005235602094240838,1.0,0,1,853,853,0.0,1.0,-0.005235602094240838,-4
166,INC,236,1,764,764,0.3089005235602094,1.0,671,1,853,853,0.7866354044548651,1.0,0.4777348808946557,435
166,IND,1,6,764,764,0.0013089005235602095,1.0,6,8,853,853,0.007033997655334115,1.0,0.005725097131773906,5
166,NTK,17,1,764,764,0.02225130890052356,1.0,44,1,853,853,0.05158264947245018,1.0,0.029331340571926618,27
166,UNKNOWN,64,3,764,764,0.08376963350785341,1.0,6,1,853,853,0.007033997655334115,1.0,-0.07673563585251929,-58
167,AIADMK,293,1,697,697,0.42037302725968434,1.0,231,1,893,893,0.25867861142217247,1.0,-0.16169441583751187,-62
167,BSP,2,1,697,697,0.0028694404591104736,1.0,1,1,893,893,0.0011198208286674132,1.0,-0.0017496196304430604,-1
167,INC,211,1,697,697,0.30272596843615496,1.0,584,1,893,893,0.6539753639417694,1.0,0.3512493955056144,373
167,IND,2,6,697,697,0.0028694404591104736,1.0,13,8,893,893,0.014557670772676373,1.0,0.0116882303135659,11
167,NTK,31,1,697,697,0.04447632711621234,1.0,40,1,893,893,0.04479283314669653,1.0,0.00031650603048418574,9
167,UNKNOWN,84,3,697,697,0.12051649928263988,1.0,10,1,893,893,0.011198208286674132,1.0,-0.10931829099596575,-74
168,AIADMK,268,1,554,554,0.48375451263537905,1.0,276,1,917,917,0.3009814612868048,1.0,-0.18277305134857424,8
168,BSP,5,1,554,554,0.009025270758122744,1.0,0,1,917,917,0.0,1.0,-0.009025270758122744,-5
168,INC,162,1,554,554,0.2924187725631769,1.0,436,1,917,917,0.47546346782988,1.0,0.18304469526670314,274
168,IND,2,6,554,554,0.0036101083032490976,1.0,12,8,917,917,0.013086150490730643,1.0,0.009476042187481545,10
168,NTK,4,1,554,554,0.007220216606498195,1.0,149,1,917,917,0.1624863685932388,1.0,0.15526615198674062,145
168,UNKNOWN,46,3,554,554,0.08303249097472924,1.0,7,1,917,917,0.007633587786259542,1.0,-0.0753989031884697,-39
169,AIADMK,458,1,869,869,0.5270425776754891,1.0,83,1,811,811,0.10234278668310727,1.0,-0.42469979099238186,-375
169,BSP,1,1,869,869,0.0011507479861910242,1.0,1,1,811,811,0.0012330456226880395,1.0,8.22976364970153e-05,0
169,INC,175,1,869,869,0.20138089758342922,1.0,678,1,811,811,0.8360049321824907,1.0,0.6346240345990615,503
169,IND,3,6,869,869,0.0034522439585730723,1.0,3,8,811,811,0.0036991368680641184,1.0,0.00024689290949104613,0
169,NTK,17,1,869,869,0.019562715765247412,1.0,27,1,811,811,0.03329223181257707,1.0,0.013729516047329655,10
169,UNKNOWN,44,3,869,869,0.05063291139240506,1.0,2,1,811,811,0.002466091245376079,1.0,-0.048166820147028985,-42
170,AIADMK,615,1,1071,1071,0.5742296918767507,1.0,374,1,811,811,0.46115906288532676,1.0,-0.1130706289914239,-241
170,BSP,1,1,1071,1071,0.0009337068160597573,1.0,1,1,811,811,0.0012330456226880395,1.0,0.0002993388066282822,0
170,INC,312,1,1071,1071,0.2913165266106443,1.0,348,1,811,811,0.42909987669543775,1.0,0.13778335008479348,36
170,IND,5,6,1071,1071,0.004668534080298786,1.0,9,8,811,811,0.011097410604192354,1.0,0.006428876523893568,4
170,NTK,19,1,1071,1071,0.017740429505135387,1.0,43,1,811,811,0.0530209617755857,1.0,0.03528053227045031,24
170,UNKNOWN,89,3,1071,1071,0.08309990662931839,1.0,11,1,811,811,0.013563501849568433,1.0,-0.06953640477974996,-78
171,AIADMK,280,1,615,615,0.45528455284552843,1.0,410,1,996,996,0.41164658634538154,1.0,-0.043637966500146896,130
171,BSP,2,1,615,615,0.0032520325203252032,1.0,2,1,996,996,0.002008032128514056,1.0,-0.0012440003918111472,0
171,INC,227,1,615,615,0.36910569105691055,1.0,435,1,996,996,0.4367469879518072,1.0,0.06764129689489667,208
171,IND,5,6,615,615,0.008130081300813009,1.0,15,8,996,996,0.015060240963855422,1.0,0.006930159663042413,10
171,NTK,10,1,615,615,0.016260162601626018,1.0,90,1,996,996,0.09036144578313253,1.0,0.07410128318150651,80
171,UNKNOWN,80,3,615,615,0.13008130081300814,1.0,12,1,996,996,0.012048192771084338,1.0,-0.11803310804192381,-68
172,AIADMK,346,1,946,946,0.3657505285412262,1.0,222,1,500,500,0.444,1.0,0.07824947145877381,-124
172,BSP,3,1,946,946,0.003171247357293869,1.0,1,1,500,500,0.002,1.0,-0.0011712473572938688,-2
172,INC,367,1,946,946,0.3879492600422833,1.0,180,1,500,500,0.36,1.0,-0.02794926004228332,-187
172,IND,1,6,946,946,0.0010570824524312897,1.0,15,8,500,500,0.03,1.0,0.028942917547568708,14
172,NTK,32,1,946,946,0.03382663847780127,1.0,62,1,500,500,0.124,1.0,0.09017336152219874,30
172,UNKNOWN,98,3,946,946,0.10359408033826638,1.0,2,1,500,500,0.004,1.0,-0.09959408033826637,-96
173,AIADMK,286,1,794,794,0.3602015113350126,1.0,254,1,629,629,0.40381558028616854,1.0,0.04361406895115594,-32
173,BSP,1,1,794,794,0.0012594458438287153,1.0,1,1,629,629,0.001589825119236884,1.0,0.0003303792754081687,0
173,INC,310,1,794,794,0.3904282115869018,1.0,252,1,629,629,0.40063593004769477,1.0,0.010207718460792992,-58
173,IND,3,6,794,794,0.003778337531486146,1.0,4,8,629,629,0.006359300476947536,1.0,0.00258096294546139,1
173,NTK,32,1,794,794,0.04030226700251889,1.0,56,1,629,629,0.0890302066772655,1.0,0.048727939674746604,24
173,UNKNOWN,85,3,794,794,0.1070528967254408,1.0,7,1,629,629,0.011128775834658187,1.0,-0.09592412089078262,-78
174,AIADMK,454,1,881,881,0.5153234960272418,1.0,341,1,970,970,0.3515463917525773,1.0,-0.16377710427466452,-113
174,BSP,2,1,881,881,0.0022701475595913734,1.0,3,1,970,970,0.003092783505154639,1.0,0.0008226359455632657,1
174,INC,275,1,881,881,0.31214528944381387,1.0,393,1,970,970,0.40515463917525774,1.0,0.09300934973144387,118
174,IND,7,6,881,881,0.007945516458569807,1.0,13,8,970,970,0.013402061855670102,1.0,0.0054565453971002955,6
174,NTK,21,1,881,881,0.02383654937570942,1.0,107,1,970,970,0.11030927835051546,1.0,0.08647272897480604,86
174,UNKNOWN,55,3,881,881,0.06242905788876277,1.0,15,1,970,970,0.015463917525773196,1.0,-0.04696514036298957,-40
175,AIADMK,298,1,617,617,0.4829821717990275,1.0,292,1,864,864,0.33796296296296297,1.0,-0.14501920883606456,-6
175,BSP,3,1,617,617,0.004862236628849271,1.0,1,1,864,864,0.0011574074074074073,1.0,-0.0037048292214418637,-2
175,INC,212,1,617,617,0.34359805510534847,1.0,345,1,864,864,0.3993055555555556,1.0,0.055707500450207115,133
175,IND,0,6,617,617,0.0,1.0,15,8,864,864,0.017361111111111112,1.0,0.017361111111111112,15
175,NTK,29,1,617,617,0.04700162074554295,1.0,116,1,864,864,0.13425925925925927,1.0,0.08725763851371632,87
175,UNKNOWN,51,3,617,617,0.08265802269043761,1.0,4,1,864,864,0.004629629629629629,1.0,-0.07802839306080797,-47
176,AIADMK,465,1,1037,1037,0.4484088717454195,1.0,324,1,635,635,0.510236220472441,1.0,0.0618273487270215,-141
176,BSP,2,1,1037,1037,0.0019286403085824494,1.0,2,1,635,635,0.0031496062992125984,1.0,0.001220965990630149,0
176,INC,339,1,1037,1037,0.32690453230472516,1.0,213,1,635,635,0.3354330708661417,1.0,0.008528538561416554,-126
176,IND,1,6,1037,1037,0.0009643201542912247,1.0,8,8,635,635,0.012598425196850394,1.0,0.011634105042559168,7
176,NTK,37,1,1037,1037,0.03567984570877531,1.0,62,1,635,635,0.09763779527559055,1.0,0.06195794956681524,25
176,UNKNOWN,115,3,1037,1037,0.11089681774349083,1.0,3,1,635,635,0.004724409448818898,1.0,-0.10617240829467194,-112
177,AIADMK,362,1,657,657,0.5509893455098934,1.0,490,1,930,930,0.5268817204301075,1.0,-0.02410762507978592,128
177,BSP,2,1,657,657,0.0030441400304414,1.0,3,1,930,930,0.0032258064516129032,1.0,0.0001816664211715031,1
177,INC,222,1,657,657,0.3378995433789954,1.0,296,1,930,930,0.31827956989247314,1.0,-0.01961997348652228,74
177,IND,1,6,657,657,0.0015220700152207,1.0,26,8,930,930,0.02795698924731183,1.0,0.02643491923209113,25
177,NTK,16,1,657,657,0.0243531202435312,1.0,78,1,930,930,0.08387096774193549,1.0,0.05951784749840429,62
177,UNKNOWN,27,3,657,657,0.0410958904109589,1.0,8,1,930,930,0.008602150537634409,1.0,-0.03249373987332449,-19
178,AIADMK,366,1,669,669,0.547085201793722,1.0,422,1,1116,1116,0.3781362007168459,1.0,-0.1689490010768761,56
178,BSP,2,1,669,669,0.0029895366218236174,1.0,2,1,1116,1116,0.0017921146953405018,1.0,-0.0011974219264831156,0
178,INC,208,1,669,669,0.3109118086696562,1.0,439,1,1116,1116,0.39336917562724016,1.0,0.08245736695758399,231
178,IND,2,6,669,669,0.0029895366218236174,1.0,123,8,1116,1116,0.11021505376344086,1.0,0.10722551714161724,121
178,NTK,10,1,669,669,0.014947683109118086,1.0,93,1,1116,1116,0.08333333333333333,1.0,0.06838565022421525,83
178,UNKNOWN,38,3,669,669,0.05680119581464873,1.0,6,1,1116,1116,0.005376344086021506,1.0,-0.05142485172862722,-32
179,AIADMK,259,1,556,556,0.4658273381294964,1.0,331,1,939,939,0.35250266240681577,1.0,-0.11332467572268062,72
179,BSP,2,1,556,556,0.0035971223021582736,1.0,0,1,939,939,0.0,1.0,-0.0035971223021582736,-2
179,INC,212,1,556,556,0.381294964028777,1.0,448,1,939,939,0.47710330138445156,1.0,0.09580833735567457,236
179,IND,1,6,556,556,0.0017985611510791368,1.0,53,8,939,939,0.05644302449414271,1.0,0.05464446334306357,52
179,NTK,10,1,556,556,0.017985611510791366,1.0,74,1,939,939,0.07880724174653887,1.0,0.060821630235747506,64
179,UNKNOWN,39,3,556,556,0.07014388489208633,1.0,5,1,939,939,0.005324813631522897,1.0,-0.06481907126056342,-34
180,AIADMK,416,1,746,746,0.5576407506702413,1.0,339,1,1095,1095,0.3095890410958904,1.0,-0.2480517095743509,-77
180,BSP,1,1,746,746,0.0013404825737265416,1.0,1,1,1095,1095,0.0009132420091324201,1.0,-0.0004272405645941215,0
180,INC,232,1,746,746,0.3109919571045576,1.0,470,1,1095,1095,0.4292237442922374,1.0,0.1182317871876798,238
180,IND,1,6,746,746,0.0013404825737265416,1.0,11,8,1095,1095,0.01004566210045662,1.0,0.00870517952673008,10
180,NTK,6,1,746,746,0.00804289544235925,1.0,99,1,1095,1095,0.09041095890410959,1.0,0.08236806346175034,93
180,UNKNOWN,64,3,746,746,0.08579088471849866,1.0,14,1,1095,1095,0.012785388127853882,1.0,-0.07300549659064479,-50
181,AIADMK,544,1,860,860,0.6325581395348837,1.0,277,1,740,740,0.37432432432432433,1.0,-0.2582338152105594,-267
181,BSP,3,1,860,860,0.0034883720930232558,1.0,0,1,740,740,0.0,1.0,-0.0034883720930232558,-3
181,INC,227,1,860,860,0.26395348837209304,1.0,284,1,740,740,0.3837837837837838,1.0,0.11983029541169077,57
181,IND,3,6,860,860,0.0034883720930232558,1.0,4,8,740,740,0.005405405405405406,1.0,0.00191703331238215,1
181,NTK,22,1,860,860,0.02558139534883721,1.0,71,1,740,740,0.09594594594594595,1.0,0.07036455059710875,49
181,UNKNOWN,46,3,860,860,0.053488372093023255,1.0,11,1,740,740,0.014864864864864866,1.0,-0.03862350722815839,-35
182,AIADMK,495,1,971,971,0.509783728115345,1.0,310,1,838,838,0.36992840095465396,1.0,-0.13985532716069105,-185
182,BSP,2,1,971,971,0.0020597322348094747,1.0,1,1,838,838,0.0011933174224343676,1.0,-0.0008664148123751071,-1
182,INC,289,1,971,971,0.2976313079299691,1.0,301,1,838,838,0.35918854415274465,1.0,0.061557236222775535,12
182,IND,2,6,971,971,0.0020597322348094747,1.0,7,8,838,838,0.008353221957040573,1.0,0.006293489722231098,5
182,NTK,29,1,971,971,0.029866117404737384,1.0,97,1,838,838,0.11575178997613365,1.0,0.08588567257139627,68
182,UNKNOWN,83,3,971,971,0.0854788877445932,1.0,12,1,838,838,0.014319809069212411,1.0,-0.07115907867538078,-71
183,AIADMK,208,1,779,779,0.26700898587933247,1.0,447,1,824,824,0.5424757281553398,1.0,0.27546674227600737,239
183,BSP,2,1,779,779,0.0025673940949935813,1.0,2,1,824,824,0.0024271844660194173,1.0,-0.00014020962897416406,0
183,INC,445,1,779,779,0.5712451861360719,1.0,247,1,824,824,0.29975728155339804,1.0,-0.27148790458267386,-198
183,IND,3,6,779,779,0.0038510911424903724,1.0,11,8,824,824,0.013349514563106795,1.0,0.009498423420616423,8
183,NTK,32,1,779,779,0.0410783055198973,1.0,57,1,824,824,0.0691747572815534,1.0,0.028096451761656094,25
183,UNKNOWN,64,3,779,779,0.0821566110397946,1.0,4,1,824,824,0.0048543689320388345,1.0,-0.07730224210775577,-60
184,AIADMK,328,1,864,864,0.37962962962962965,1.0,276,1,758,758,0.3641160949868074,1.0,-0.015513534642822235,-52
184,BSP,1,1,864,864,0.0011574074074074073,1.0,2,1,758,758,0.002638522427440633,1.0,0.0014811150200332258,1
184,INC,300,1,864,864,0.3472222222222222,1.0,294,1,758,758,0.38786279683377306,1.0,0.04064057461155085,-6
184,IND,2,6,864,864,0.0023148148148148147,1.0,7,8,758,758,0.009234828496042216,1.0,0.006920013681227402,5
184,NTK,40,1,864,864,0.046296296296296294,1.0,97,1,758,758,0.1279683377308707,1.0,0.08167204143457442,57
184,UNKNOWN,64,3,864,864,0.07407407407407407,1.0,6,1,758,758,0.0079155672823219,1.0,-0.06615850679175217,-58
185,AIADMK,200,1,404,404,0.49504950495049505,1.0,109,1,275,275,0.39636363636363636,1.0,-0.09868586858685868,-91
185,BSP,3,1,404,404,0.007425742574257425,1.0,1,1,275,275,0.0036363636363636364,1.0,-0.003789378937893789,-2
185,INC,144,1,404,404,0.3564356435643564,1.0,94,1,275,275,0.3418181818181818,1.0,-0.01461746174617462,-50
185,IND,5,6,404,404,0.012376237623762377,1.0,5,8,275,275,0.01818181818181818,1.0,0.005805580558055804,0
185,NTK,6,1,404,404,0.01485148514851485,1.0,35,1,275,275,0.12727272727272726,1.0,0.11242124212421241,29
185,UNKNOWN,20,3,404,404,0.04950495049504951,1.0,4,1,275,275,0.014545454545454545,1.0,-0.034959495949594965,-16
186,AIADMK,184,1,446,446,0.4125560538116592,1.0,343,1,874,874,0.39244851258581237,1.0,-0.020107541225846848,159
186,BSP,1,1,446,446,0.002242152466367713,1.0,0,1,874,874,0.0,1.0,-0.002242152466367713,-1
186,INC,201,1,446,446,0.45067264573991034,1.0,312,1,874,874,0.35697940503432496,1.0,-0.09369324070558538,111
186,IND,1,6,446,446,0.002242152466367713,1.0,7,8,874,874,0.008009153318077803,1.0,0.005767000851710091,6
186,NTK,7,1,446,446,0.01569506726457399,1.0,86,1,874,874,0.09839816933638444,1.0,0.08270310207181045,79
186,UNKNOWN,27,3,446,446,0.06053811659192825,1.0,9,1,874,874,0.010297482837528604,1.0,-0.05024063375439965,-18
187,AIADMK,336,1,694,694,0.484149855907781,1.0,277,1,719,719,0.3852573018080668,1.0,-0.0988925540997142,-59
187,BSP,2,1,694,694,0.002881844380403458,1.0,0,1,719,719,0.0,1.0,-0.002881844380403458,-2
187,INC,247,1,694,694,0.3559077809798271,1.0,302,1,719,719,0.4200278164116829,1.0,0.06412003543185579,55
187,IND,1,6,694,694,0.001440922190201729,1.0,10,8,719,719,0.013908205841446454,1.0,0.012467283651244726,9
187,NTK,14,1,694,694,0.020172910662824207,1.0,91,1,719,719,0.12656467315716272,1.0,0.10639176249433852,77
187,UNKNOWN,39,3,694,694,0.056195965417867436,1.0,4,1,719,719,0.005563282336578581,1.0,-0.050632683081288855,-35
188,AIADMK,313,1,643,643,0.4867807153965785,1.0,329,1,690,690,0.47681159420289854,1.0,-0.009969121193679986,16
188,BSP,1,1,643,643,0.0015552099533437014,1.0,2,1,690,690,0.002898550724637681,1.0,0.0013433407712939798,1
188,INC,236,1,643,643,0.36702954898911355,1.0,239,1,690,690,0.3463768115942029,1.0,-0.020652737394910636,3
188,IND,3,6,643,643,0.004665629860031105,1.0,7,8,690,690,0.010144927536231883,1.0,0.005479297676200779,4
188,NTK,14,1,643,643,0.02177293934681182,1.0,68,1,690,690,0.09855072463768116,1.0,0.07677778529086934,54
188,UNKNOWN,44,3,643,643,0.06842923794712286,1.0,11,1,690,690,0.015942028985507246,1.0,-0.052487208961615614,-33
189,AIADMK,267,1,667,667,0.4002998500749625,1.0,239,1,622,622,0.3842443729903537,1.0,-0.016055477084608805,-28
189,BSP,4,1,667,667,0.005997001499250375,1.0,3,1,622,622,0.00482315112540193,1.0,-0.001173850373848445,-1
189,INC,273,1,667,667,0.40929535232383807,1.0,271,1,622,622,0.43569131832797425,1.0,0.026395966004136184,-2
189,IND,1,6,667,667,0.0014992503748125937,1.0,6,8,622,622,0.00964630225080386,1.0,0.008147051875991266,5
189,NTK,20,1,667,667,0.029985007496251874,1.0,55,1,622,622,0.08842443729903537,1.0,0.0584394298027835,35
189,UNKNOWN,46,3,667,667,0.06896551724137931,1.0,6,1,622,622,0.00964630225080386,1.0,-0.05931921499057545,-40
190,AIADMK,354,1,693,693,0.5108225108225108,1.0,360,1,816,816,0.4411764705882353,1.0,-0.06964604023427556,6
190,BSP,4,1,693,693,0.005772005772005772,1.0,2,1,816,816,0.0024509803921568627,1.0,-0.0033210253798489093,-2
190,INC,207,1,693,693,0.2987012987012987,1.0,327,1,816,816,0.4007352941176471,1.0,0.10203399541634839,120
190,IND,5,6,693,693,0.007215007215007215,1.0,14,8,816,816,0.01715686274509804,1.0,0.009941855530090825,9
190,NTK,19,1,693,693,0.027417027417027416,1.0,50,1,816,816,0.061274509803921566,1.0,0.03385748238689415,31
190,UNKNOWN,50,3,693,693,0.07215007215007214,1.0,5,1,816,816,0.006127450980392157,1.0,-0.06602262116967998,-45
191,AIADMK,270,1,706,706,0.38243626062322944,1.0,432,1,929,929,0.465016146393972,1.0,0.08257988577074254,162
191,BSP,4,1,706,706,0.0056657223796034,1.0,3,1,929,929,0.0032292787944025836,1.0,-0.002436443585200816,-1
191,INC,334,1,706,706,0.4730878186968839,1.0,347,1,929,929,0.37351991388589884,1.0,-0.09956790481098504,13
191,IND,1,6,706,706,0.00141643059490085,1.0,20,8,929,929,0.021528525296017224,1.0,0.020112094701116374,19
191,NTK,18,1,706,706,0.025495750708215296,1.0,84,1,929,929,0.09041980624327234,1.0,0.06492405553505703,66
191,UNKNOWN,56,3,706,706,0.07932011331444759,1.0,8,1,929,929,0.008611410118406888,1.0,-0.0707087031960407,-48
192,AIADMK,363,1,677,677,0.5361890694239291,1.0,250,1,597,597,0.4187604690117253,1.0,-0.11742860041220377,-113
192,BSP,2,1,677,677,0.0029542097488921715,1.0,1,1,597,597,0.0016750418760469012,1.0,-0.0012791678728452703,-1
192,INC,228,1,677,677,0.33677991137370755,1.0,184,1,597,597,0.3082077051926298,1.0,-0.028572206181077753,-44
192,IND,0,6,677,677,0.0,1.0,14,8,597,597,0.023450586264656615,1.0,0.023450586264656615,14
192,NTK,13,1,677,677,0.019202363367799114,1.0,91,1,597,597,0.152428810720268,1.0,0.13322644735246889,78
192,UNKNOWN,42,3,677,677,0.0620384047267356,1.0,8,1,597,597,0.01340033500837521,1.0,-0.04863806971836039,-34
193,AIADMK,308,1,625,625,0.4928,1.0,234,1,551,551,0.4246823956442831,1.0,-0.0681176043557169,-74
193,BSP,5,1,625,625,0.008,1.0,2,1,551,551,0.003629764065335753,1.0,-0.004370235934664247,-3
193,INC,225,1,625,625,0.36,1.0,185,1,551,551,0.33575317604355714,1.0,-0.024246823956442842,-40
193,IND,2,6,625,625,0.0032,1.0,7,8,551,551,0.012704174228675136,1.0,0.009504174228675137,5
193,NTK,14,1,625,625,0.0224,1.0,69,1,551,551,0.12522686025408347,1.0,0.10282686025408347,55
193,UNKNOWN,46,3,625,625,0.0736,1.0,4,1,551,551,0.007259528130671506,1.0,-0.0663404718693285,-42
194,AIADMK,241,1,514,514,0.4688715953307393,1.0,128,1,393,393,0.3256997455470738,1.0,-0.14317184978366548,-113
194,BSP,2,1,514,514,0.0038910505836575876,1.0,4,1,393,393,0.010178117048346057,1.0,0.006287066464688469,2
194,INC,188,1,514,514,0.3657587548638132,1.0,207,1,393,393,0.5267175572519084,1.0,0.16095880238809518,19
194,IND,1,6,514,514,0.0019455252918287938,1.0,8,8,393,393,0.020356234096692113,1.0,0.01841070880486332,7
194,NTK,11,1,514,514,0.021400778210116732,1.0,21,1,393,393,0.05343511450381679,1.0,0.03203433629370006,10
194,UNKNOWN,50,3,514,514,0.09727626459143969,1.0,4,1,393,393,0.010178117048346057,1.0,-0.08709814754309364,-46
195,AIADMK,440,1,757,757,0.5812417437252312,1.0,244,1,684,684,0.3567251461988304,1.0,-0.2245165975264008,-196
195,BSP,1,1,757,757,0.001321003963011889,1.0,0,1,684,684,0.0,1.0,-0.001321003963011889,-1
195,INC,241,1,757,757,0.31836195508586523,1.0,264,1,684,684,0.38596491228070173,1.0,0.0676029571948365,23
195,IND,3,6,757,757,0.003963011889035667,1.0,7,8,684,684,0.01023391812865497,1.0,0.006270906239619303,4
195,NTK,10,1,757,757,0.013210039630118891,1.0,79,1,684,684,0.1154970760233918,1.0,0.10228703639327291,69
195,UNKNOWN,36,3,757,757,0.047556142668428,1.0,8,1,684,684,0.011695906432748537,1.0,-0.035860236235679466,-28
196,AIADMK,329,1,713,713,0.46143057503506313,1.0,306,1,816,816,0.375,1.0,-0.08643057503506313,-23
196,BSP,1,1,713,713,0.001402524544179523,1.0,1,1,816,816,0.0012254901960784314,1.0,-0.00017703434810109175,0
196,INC,285,1,713,713,0.3997194950911641,1.0,383,1,816,816,0.4693627450980392,1.0,0.0696432500068751,98
196,IND,5,6,713,713,0.0070126227208976155,1.0,13,8,816,816,0.015931372549019607,1.0,0.008918749828121991,8
196,NTK,7,1,713,713,0.009817671809256662,1.0,52,1,816,816,0.06372549019607843,1.0,0.053907818386821765,45
196,UNKNOWN,47,3,713,713,0.06591865357643759,1.0,4,1,816,816,0.004901960784313725,1.0,-0.061016692792123864,-43
197,AIADMK,375,1,731,731,0.5129958960328317,1.0,146,1,501,501,0.29141716566866266,1.0,-0.22157873036416903,-229
197,BSP,0,1,731,731,0.0,1.0,0,1,501,501,0.0,1.0,0.0,0
197,INC,277,1,731,731,0.3789329685362517,1.0,249,1,501,501,0.49700598802395207,1.0,0.11807301948770038,-28
197,IND,3,6,731,731,0.004103967168262654,1.0,5,8,501,501,0.00998003992015968,1.0,0.005876072751897027,2
197,NTK,8,1,731,731,0.01094391244870041,1.0,52,1,501,501,0.10379241516966067,1.0,0.09284850272096026,44
197,UNKNOWN,59,3,731,731,0.08071135430916553,1.0,5,1,501,501,0.00998003992015968,1.0,-0.07073131438900584,-54
198,AIADMK,535,1,994,994,0.5382293762575453,1.0,272,1,722,722,0.3767313019390582,1.0,-0.16149807431848712,-263
198,BSP,2,1,994,994,0.002012072434607646,1.0,1,1,722,722,0.0013850415512465374,1.0,-0.0006270308833611086,-1
198,INC,333,1,994,994,0.335010060362173,1.0,310,1,722,722,0.4293628808864266,1.0,0.09435282052425359,-23
198,IND,8,6,994,994,0.008048289738430584,1.0,7,8,722,722,0.009695290858725761,1.0,0.001647001120295177,-1
198,NTK,16,1,994,994,0.01609657947686117,1.0,69,1,722,722,0.09556786703601108,1.0,0.07947128755914992,53
198,UNKNOWN,72,3,994,994,0.07243460764587525,1.0,9,1,722,722,0.012465373961218837,1.0,-0.05996923368465642,-63
199,AIADMK,283,1,509,509,0.555992141453831,1.0,217,1,629,629,0.3449920508744038,1.0,-0.2110000905794272,-66
199,BSP,1,1,509,509,0.0019646365422396855,1.0,0,1,629,629,0.0,1.0,-0.0019646365422396855,-1
199,INC,169,1,509,509,0.3320235756385069,1.0,280,1,629,629,0.4451510333863275,1.0,0.11312745774782063,111
199,IND,1,6,509,509,0.0019646365422396855,1.0,9,8,629,629,0.014308426073131956,1.0,0.01234378953089227,8
199,NTK,5,1,509,509,0.009823182711198428,1.0,66,1,629,629,0.10492845786963434,1.0,0.0951052751584359,61
199,UNKNOWN,32,3,509,509,0.06286836935166994,1.0,11,1,629,629,0.017488076311605722,1.0,-0.04538029304006422,-21
200,AIADMK,460,1,783,783,0.5874840357598978,1.0,202,1,640,640,0.315625,1.0,-0.27185903575989784,-258
200,BSP,3,1,783,783,0.0038314176245210726,1.0,0,1,640,640,0.0,1.0,-0.0038314176245210726,-3
200,INC,210,1,783,783,0.2681992337164751,1.0,293,1,640,640,0.4578125,1.0,0.18961326628352493,83
200,IND,3,6,783,783,0.0038314176245210726,1.0,10,8,640,640,0.015625,1.0,0.011793582375478928,7
200,NTK,20,1,783,783,0.02554278416347382,1.0,66,1,640,640,0.103125,1.0,0.07758221583652618,46
200,UNKNOWN,54,3,783,783,0.06896551724137931,1.0,3,1,640,640,0.0046875,1.0,-0.06427801724137931,-51
201,AIADMK,366,1,725,725,0.5048275862068966,1.0,365,1,859,859,0.42491268917345754,1.0,-0.07991489703343907,-1
201,BSP,1,1,725,725,0.001379310344827586,1.0,2,1,859,859,0.002328288707799767,1.0,0.000948978362972181,1
201,INC,284,1,725,725,0.3917241379310345,1.0,294,1,859,859,0.34225844004656575,1.0,-0.04946569788446875,10
201,IND,3,6,725,725,0.004137931034482759,1.0,14,8,859,859,0.01629802095459837,1.0,0.012160089920115611,11
201,NTK,14,1,725,725,0.019310344827586208,1.0,95,1,859,859,0.11059371362048893,1.0,0.09128336879290272,81
201,UNKNOWN,31,3,725,725,0.04275862068965517,1.0,12,1,859,859,0.013969732246798603,1.0,-0.02878888844285657,-19
202,AIADMK,383,1,705,705,0.5432624113475177,1.0,228,1,718,718,0.31754874651810583,1.0,-0.2257136648294119,-155
202,BSP,3,1,705,705,0.00425531914893617,1.0,2,1,718,718,0.002785515320334262,1.0,-0.0014698038286019084,-1
202,INC,232,1,705,705,0.32907801418439714,1.0,365,1,718,718,0.5083565459610028,1.0,0.17927853177660563,133
202,IND,1,6,705,705,0.0014184397163120568,1.0,5,8,718,718,0.006963788300835654,1.0,0.005545348584523597,4
202,NTK,16,1,705,705,0.02269503546099291,1.0,67,1,718,718,0.09331476323119778,1.0,0.07061972777020487,51
202,UNKNOWN,31,3,705,705,0.04397163120567376,1.0,2,1,718,718,0.002785515320334262,1.0,-0.0411861158853395,-29
203,AIADMK,310,1,623,623,0.49759229534510435,1.0,291,1,690,690,0.4217391304347826,1.0,-0.07585316491032174,-19
203,BSP,4,1,623,623,0.006420545746388443,1.0,2,1,690,690,0.002898550724637681,1.0,-0.0035219950217507618,-2
203,INC,226,1,623,623,0.36276083467094705,1.0,285,1,690,690,0.41304347826086957,1.0,0.050282643589922515,59
203,IND,3,6,623,623,0.004815409309791332,1.0,8,8,690,690,0.011594202898550725,1.0,0.006778793588759393,5
203,NTK,14,1,623,623,0.02247191011235955,1.0,68,1,690,690,0.09855072463768116,1.0,0.07607881452532161,54
203,UNKNOWN,35,3,623,623,0.056179775280898875,1.0,7,1,690,690,0.010144927536231883,1.0,-0.04603484774466699,-28
204,AIADMK,335,1,682,682,0.4912023460410557,1.0,241,1,699,699,0.3447782546494993,1.0,-0.14642409139155643,-94
204,BSP,0,1,682,682,0.0,1.0,3,1,699,699,0.004291845493562232,1.0,0.004291845493562232,3
204,INC,240,1,682,682,0.3519061583577713,1.0,328,1,699,699,0.46924177396280403,1.0,0.11733561560503275,88
204,IND,5,6,682,682,0.007331378299120235,1.0,12,8,699,699,0.017167381974248927,1.0,0.009836003675128692,7
204,NTK,12,1,682,682,0.017595307917888565,1.0,64,1,699,699,0.09155937052932761,1.0,0.07396406261143905,52
204,UNKNOWN,66,3,682,682,0.0967741935483871,1.0,11,1,699,699,0.015736766809728183,1.0,-0.08103742673865891,-55
205,AIADMK,309,1,729,729,0.42386831275720166,1.0,168,1,539,539,0.3116883116883117,1.0,-0.11218000106888998,-141
205,BSP,1,1,729,729,0.0013717421124828531,1.0,0,1,539,539,0.0,1.0,-0.0013717421124828531,-1
205,INC,290,1,729,729,0.39780521262002744,1.0,279,1,539,539,0.5176252319109462,1.0,0.11982001929091879,-11
205,IND,1,6,729,729,0.0013717421124828531,1.0,15,8,539,539,0.027829313543599257,1.0,0.026457571431116406,14
205,NTK,27,1,729,729,0.037037037037037035,1.0,49,1,539,539,0.09090909090909091,1.0,0.05387205387205388,22
205,UNKNOWN,49,3,729,729,0.06721536351165981,1.0,4,1,539,539,0.0074211502782931356,1.0,-0.05979421323336668,-45
206,AIADMK,290,1,749,749,0.3871829105473965,1.0,374,1,821,821,0.45554202192448234,1.0,0.06835911137708583,84
206,BSP,0,1,749,749,0.0,1.0,4,1,821,821,0.0048721071863581,1.0,0.0048721071863581,4
206,INC,330,1,749,749,0.44058744993324434,1.0,308,1,821,821,0.3751522533495737,1.0,-0.06543519658367064,-22
206,IND,2,6,749,749,0.0026702269692923898,1.0,38,8,821,821,0.04628501827040195,1.0,0.04361479130110956,36
206,NTK,29,1,749,749,0.03871829105473965,1.0,47,1,821,821,0.057247259439707675,1.0,0.018528968384968023,18
206,UNKNOWN,45,3,749,749,0.06008010680907877,1.0,3,1,821,821,0.0036540803897685747,1.0,-0.056426026419310195,-42
207,AIADMK,288,1,715,715,0.4027972027972028,1.0,324,1,768,768,0.421875,1.0,0.019077797202797175,36
207,BSP,1,1,715,715,0.0013986013986013986,1.0,3,1,768,768,0.00390625,1.0,0.0025076486013986014,2
207,INC,272,1,715,715,0.3804195804195804,1.0,296,1,768,768,0.3854166666666667,1.0,0.00499708624708628,24
207,IND,1,6,715,715,0.0013986013986013986,1.0,38,8,768,768,0.049479166666666664,1.0,0.04808056526806526,37
207,NTK,33,1,715,715,0.046153846153846156,1.0,67,1,768,768,0.08723958333333333,1.0,0.04108573717948717,34
207,UNKNOWN,68,3,715,715,0.0951048951048951,1.0,6,1,768,768,0.0078125,1.0,-0.0872923951048951,-62
208,AIADMK,298,1,746,746,0.39946380697050937,1.0,361,1,840,840,0.4297619047619048,1.0,0.030298097791395417,63
208,BSP,0,1,746,746,0.0,1.0,3,1,840,840,0.0035714285714285713,1.0,0.0035714285714285713,3
208,INC,315,1,746,746,0.4222520107238606,1.0,352,1,840,840,0.41904761904761906,1.0,-0.003204391676241536,37
208,IND,10,6,746,746,0.013404825737265416,1.0,29,8,840,840,0.034523809523809526,1.0,0.02111898378654411,19
208,NTK,30,1,746,746,0.040214477211796246,1.0,59,1,840,840,0.07023809523809524,1.0,0.030023618026298993,29
208,UNKNOWN,41,3,746,746,0.054959785522788206,1.0,1,1,840,840,0.0011904761904761906,1.0,-0.05376930933231201,-40
209,AIADMK,443,1,937,937,0.4727854855923159,1.0,461,1,995,995,0.46331658291457284,1.0,-0.009468902677743085,18
209,BSP,0,1,937,937,0.0,1.0,2,1,995,995,0.0020100502512562816,1.0,0.0020100502512562816,2
209,INC,430,1,937,937,0.4589114194236926,1.0,405,1,995,995,0.40703517587939697,1.0,-0.05187624354429565,-25
209,IND,3,6,937,937,0.0032017075773745998,1.0,42,8,995,995,0.04221105527638191,1.0,0.03900934769900731,39
209,NTK,5,1,937,937,0.005336179295624333,1.0,54,1,995,995,0.054271356783919596,1.0,0.04893517748829526,49
209,UNKNOWN,36,3,937,937,0.0384204909284952,1.0,2,1,995,995,0.0020100502512562816,1.0,-0.03641044067723892,-34
210,AIADMK,297,1,666,666,0.44594594594594594,1.0,216,1,508,508,0.4251968503937008,1.0,-0.020749095552245134,-81
210,BSP,1,1,666,666,0.0015015015015015015,1.0,0,1,508,508,0.0,1.0,-0.0015015015015015015,-1
210,INC,307,1,666,666,0.46096096096096095,1.0,208,1,508,508,0.4094488188976378,1.0,-0.05151214206332316,-99
210,IND,8,6,666,666,0.012012012012012012,1.0,5,8,508,508,0.00984251968503937,1.0,-0.002169492326972642,-3
210,NTK,13,1,666,666,0.01951951951951952,1.0,58,1,508,508,0.1141732283464567,1.0,0.09465370882693717,45
210,UNKNOWN,25,3,666,666,0.03753753753753754,1.0,3,1,508,508,0.005905511811023622,1.0,-0.03163202572651391,-22
211,AIADMK,434,1,952,952,0.45588235294117646,1.0,379,1,823,823,0.46051032806804376,1.0,0.004627975126867301,-55
211,BSP,4,1,952,952,0.004201680672268907,1.0,1,1,823,823,0.001215066828675577,1.0,-0.0029866138435933305,-3
211,INC,398,1,952,952,0.4180672268907563,1.0,282,1,823,823,0.34264884568651277,1.0,-0.07541838120424355,-116
211,IND,6,6,952,952,0.0063025210084033615,1.0,7,8,823,823,0.00850546780072904,1.0,0.002202946792325678,1
211,NTK,12,1,952,952,0.012605042016806723,1.0,105,1,823,823,0.1275820170109356,1.0,0.11497697499412889,93
211,UNKNOWN,76,3,952,952,0.07983193277310924,1.0,5,1,823,823,0.006075334143377886,1.0,-0.07375659862973136,-71
212,AIADMK,569,1,975,975,0.5835897435897436,1.0,274,1,759,759,0.36100131752305664,1.0,-0.22258842606668694,-295
212,BSP,2,1,975,975,0.0020512820512820513,1.0,2,1,759,759,0.002635046113306983,1.0,0.0005837640620249317,0
212,INC,301,1,975,975,0.3087179487179487,1.0,366,1,759,759,0.48221343873517786,1.0,0.17349549001722914,65
212,IND,8,6,975,975,0.008205128205128205,1.0,5,8,759,759,0.006587615283267457,1.0,-0.001617512921860748,-3
212,NTK,10,1,975,975,0.010256410256410256,1.0,72,1,759,759,0.09486166007905138,1.0,0.08460524982264112,62
212,UNKNOWN,35,3,975,975,0.035897435897435895,1.0,5,1,759,759,0.006587615283267457,1.0,-0.02930982061416844,-30
213,AIADMK,478,1,888,888,0.5382882882882883,1.0,292,1,743,743,0.39300134589502017,1.0,-0.14528694239326817,-186
213,BSP,1,1,888,888,0.0011261261261261261,1.0,3,1,743,743,0.004037685060565276,1.0,0.00291155893443915,2
213,INC,353,1,888,888,0.3975225225225225,1.0,304,1,743,743,0.40915208613728127,1.0,0.011629563614758753,-49
213,IND,3,6,888,888,0.0033783783783783786,1.0,12,8,743,743,0.016150740242261104,1.0,0.012772361863882725,9
213,NTK,8,1,888,888,0.009009009009009009,1.0,94,1,743,743,0.126514131897712,1.0,0.11750512288870298,86
213,UNKNOWN,37,3,888,888,0.041666666666666664,1.0,7,1,743,743,0.009421265141318977,1.0,-0.03224540152534769,-30
214,AIADMK,417,1,903,903,0.46179401993355484,1.0,234,1,657,657,0.3561643835616438,1.0,-0.10562963637191103,-183
214,BSP,6,1,903,903,0.006644518272425249,1.0,2,1,657,657,0.0030441400304414,1.0,-0.003600378241983849,-4
214,INC,416,1,903,903,0.46068660022148394,1.0,306,1,657,657,0.4657534246575342,1.0,0.005066824436050277,-110
214,IND,7,6,903,903,0.007751937984496124,1.0,5,8,657,657,0.0076103500761035,1.0,-0.00014158790839262358,-2
214,NTK,4,1,903,903,0.004429678848283499,1.0,63,1,657,657,0.0958904109589041,1.0,0.0914607321106206,59
214,UNKNOWN,37,3,903,903,0.04097452934662237,1.0,6,1,657,657,0.0091324200913242,1.0,-0.03184210925529817,-31
215,AIADMK,273,1,537,537,0.5083798882681564,1.0,238,1,670,670,0.35522388059701493,1.0,-0.15315600767114146,-35
215,BSP,1,1,537,537,0.00186219739292365,1.0,1,1,670,670,0.0014925373134328358,1.0,-0.00036966007949081406,0
215,INC,204,1,537,537,0.37988826815642457,1.0,295,1,670,670,0.44029850746268656,1.0,0.06041023930626199,91
215,IND,5,6,537,537,0.00931098696461825,1.0,8,8,670,670,0.011940298507462687,1.0,0.0026293115428444366,3
215,NTK,13,1,537,537,0.024208566108007448,1.0,65,1,670,670,0.09701492537313433,1.0,0.07280635926512688,52
215,UNKNOWN,26,3,537,537,0.048417132216014895,1.0,8,1,670,670,0.011940298507462687,1.0,-0.03647683370855221,-18
216,AIADMK,309,1,829,829,0.37273823884197826,1.0,235,1,717,717,0.3277545327754533,1.0,-0.044983706066524964,-74
216,BSP,1,1,829,829,0.0012062726176115801,1.0,0,1,717,717,0.0,1.0,-0.0012062726176115801,-1
216,INC,400,1,829,829,0.4825090470446321,1.0,335,1,717,717,0.46722454672245467,1.0,-0.01528450032217743,-65
216,IND,1,6,829,829,0.0012062726176115801,1.0,6,8,717,717,0.008368200836820083,1.0,0.007161928219208503,5
216,NTK,14,1,829,829,0.016887816646562123,1.0,69,1,717,717,0.09623430962343096,1.0,0.07934649297686884,55
216,UNKNOWN,85,3,829,829,0.10253317249698432,1.0,3,1,717,717,0.0041841004184100415,1.0,-0.09834907207857428,-82
217,AIADMK,457,1,817,817,0.5593635250917993,1.0,232,1,804,804,0.2885572139303483,1.0,-0.27080631116145104,-225
217,BSP,2,1,817,817,0.0024479804161566705,1.0,2,1,804,804,0.0024875621890547263,1.0,3.958177289805579e-05,0
217,INC,210,1,817,817,0.25703794369645044,1.0,435,1,804,804,0.5410447761194029,1.0,0.2840068324229525,225
217,IND,4,6,817,817,0.004895960832313341,1.0,8,8,804,804,0.009950248756218905,1.0,0.005054287923905564,4
217,NTK,3,1,817,817,0.0036719706242350062,1.0,68,1,804,804,0.0845771144278607,1.0,0.08090514380362569,65
217,UNKNOWN,81,3,817,817,0.09914320685434516,1.0,8,1,804,804,0.009950248756218905,1.0,-0.08919295809812626,-73
218,AIADMK,501,1,846,846,0.5921985815602837,1.0,248,1,798,798,0.3107769423558897,1.0,-0.281421639204394,-253
218,BSP,0,1,846,846,0.0,1.0,0,1,798,798,0.0,1.0,0.0,0
218,INC,234,1,846,846,0.2765957446808511,1.0,360,1,798,798,0.45112781954887216,1.0,0.17453207486802108,126
218,IND,4,6,846,846,0.004728132387706856,1.0,15,8,798,798,0.018796992481203006,1.0,0.01406886009349615,11
218,NTK,7,1,846,846,0.008274231678486997,1.0,105,1,798,798,0.13157894736842105,1.0,0.12330471568993405,98
218,UNKNOWN,55,3,846,846,0.06501182033096926,1.0,6,1,798,798,0.007518796992481203,1.0,-0.05749302333848806,-49
219,AIADMK,336,1,611,611,0.5499181669394435,1.0,298,1,789,789,0.3776932826362484,1.0,-0.1722248843031951,-38
219,BSP,1,1,611,611,0.0016366612111292963,1.0,1,1,789,789,0.0012674271229404308,1.0,-0.00036923408818886547,0
219,INC,198,1,611,611,0.32405891980360063,1.0,378,1,789,789,0.4790874524714829,1.0,0.15502853266788225,180
219,IND,1,6,611,611,0.0016366612111292963,1.0,13,8,789,789,0.016476552598225603,1.0,0.014839891387096307,12
219,NTK,2,1,611,611,0.0032733224222585926,1.0,55,1,789,789,0.0697084917617237,1.0,0.0664351693394651,53
219,UNKNOWN,45,3,611,611,0.07364975450081833,1.0,4,1,789,789,0.005069708491761723,1.0,-0.06858004600905661,-41
220,AIADMK,294,1,598,598,0.4916387959866221,1.0,360,1,1149,1149,0.3133159268929504,1.0,-0.17832286909367168,66
220,BSP,2,1,598,598,0.0033444816053511705,1.0,3,1,1149,1149,0.0026109660574412533,1.0,-0.0007335155479099172,1
220,INC,218,1,598,598,0.36454849498327757,1.0,619,1,1149,1149,0.5387293298520452,1.0,0.17418083486876768,401
220,IND,2,6,598,598,0.0033444816053511705,1.0,28,8,1149,1149,0.024369016536118365,1.0,0.021024534930767193,26
220,NTK,5,1,598,598,0.008361204013377926,1.0,73,1,1149,1149,0.06353350739773717,1.0,0.05517230338435924,68
220,UNKNOWN,25,3,598,598,0.04180602006688963,1.0,4,1,1149,1149,0.0034812880765883376,1.0,-0.03832473199030129,-21
221,AIADMK,400,1,958,958,0.4175365344467641,1.0,251,1,732,732,0.34289617486338797,1.0,-0.07464035958337611,-149
221,BSP,3,1,958,958,0.003131524008350731,1.0,2,1,732,732,0.00273224043715847,1.0,-0.00039928357119226087,-1
221,INC,438,1,958,958,0.4572025052192067,1.0,373,1,732,732,0.5095628415300546,1.0,0.05236033631084791,-65
221,IND,8,6,958,958,0.008350730688935281,1.0,27,8,732,732,0.036885245901639344,1.0,0.028534515212704063,19
221,NTK,19,1,958,958,0.019832985386221295,1.0,46,1,732,732,0.06284153005464481,1.0,0.043008544668423514,27
221,UNKNOWN,54,3,958,958,0.05636743215031315,1.0,1,1,732,732,0.001366120218579235,1.0,-0.055001311931733916,-53
222,AIADMK,225,1,514,514,0.4377431906614786,1.0,349,1,972,972,0.35905349794238683,1.0,-0.07868969271909176,124
222,BSP,1,1,514,514,0.0019455252918287938,1.0,2,1,972,972,0.00205761316872428,1.0,0.00011208787689548621,1
222,INC,238,1,514,514,0.46303501945525294,1.0,485,1,972,972,0.49897119341563784,1.0,0.0359361739603849,247
222,IND,1,6,514,514,0.0019455252918287938,1.0,30,8,972,972,0.030864197530864196,1.0,0.028918672239035402,29
222,NTK,4,1,514,514,0.007782101167315175,1.0,47,1,972,972,0.04835390946502058,1.0,0.0405718082977054,43
222,UNKNOWN,29,3,514,514,0.05642023346303502,1.0,13,1,972,972,0.013374485596707819,1.0,-0.0430457478663272,-16
223,AIADMK,312,1,725,725,0.4303448275862069,1.0,281,1,571,571,0.4921190893169877,1.0,0.06177426173078082,-31
223,BSP,2,1,725,725,0.002758620689655172,1.0,2,1,571,571,0.0035026269702276708,1.0,0.0007440062805724986,0
223,INC,331,1,725,725,0.45655172413793105,1.0,207,1,571,571,0.36252189141856395,1.0,-0.0940298327193671,-124
223,IND,3,6,725,725,0.004137931034482759,1.0,8,8,571,571,0.014010507880910683,1.0,0.009872576846427925,5
223,NTK,5,1,725,725,0.006896551724137931,1.0,47,1,571,571,0.08231173380035026,1.0,0.07541518207621233,42
223,UNKNOWN,23,3,725,725,0.031724137931034485,1.0,6,1,571,571,0.010507880910683012,1.0,-0.021216257020351473,-17
224,AIADMK,173,1,356,356,0.4859550561797753,1.0,276,1,522,522,0.5287356321839081,1.0,0.042780576004132764,103
224,BSP,1,1,356,356,0.0028089887640449437,1.0,0,1,522,522,0.0,1.0,-0.0028089887640449437,-1
224,INC,114,1,356,356,0.3202247191011236,1.0,184,1,522,522,0.3524904214559387,1.0,0.03226570235481507,70
224,IND,1,6,356,356,0.0028089887640449437,1.0,8,8,522,522,0.01532567049808429,1.0,0.012516681734039347,7
224,NTK,5,1,356,356,0.014044943820224719,1.0,26,1,522,522,0.04980842911877394,1.0,0.035763485298549225,21
224,UNKNOWN,31,3,356,356,0.08707865168539326,1.0,4,1,522,522,0.007662835249042145,1.0,-0.07941581643635112,-27
225,AIADMK,408,1,834,834,0.4892086330935252,1.0,343,1,917,917,0.37404580152671757,1.0,-0.11516283156680762,-65
225,BSP,0,1,834,834,0.0,1.0,1,1,917,917,0.0010905125408942203,1.0,0.0010905125408942203,1
225,INC,262,1,834,834,0.31414868105515587,1.0,441,1,917,917,0.48091603053435117,1.0,0.1667673494791953,179
225,IND,3,6,834,834,0.0035971223021582736,1.0,8,8,917,917,0.008724100327153763,1.0,0.005126978024995489,5
225,NTK,13,1,834,834,0.015587529976019185,1.0,90,1,917,917,0.09814612868047982,1.0,0.08255859870446064,77
225,UNKNOWN,39,3,834,834,0.046762589928057555,1.0,7,1,917,917,0.007633587786259542,1.0,-0.039129002141798014,-32
226,AIADMK,353,1,804,804,0.43905472636815923,1.0,310,1,948,948,0.3270042194092827,1.0,-0.11205050695887653,-43
226,BSP,0,1,804,804,0.0,1.0,3,1,948,948,0.0031645569620253164,1.0,0.0031645569620253164,3
226,INC,302,1,804,804,0.3756218905472637,1.0,511,1,948,948,0.5390295358649789,1.0,0.16340764531771523,209
226,IND,2,6,804,804,0.0024875621890547263,1.0,16,8,948,948,0.016877637130801686,1.0,0.014390074941746961,14
226,NTK,10,1,804,804,0.012437810945273632,1.0,81,1,948,948,0.08544303797468354,1.0,0.07300522702940991,71
226,UNKNOWN,71,3,804,804,0.08830845771144279,1.0,10,1,948,948,0.010548523206751054,1.0,-0.07775993450469174,-61
227,AIADMK,335,1,745,745,0.44966442953020136,1.0,256,1,599,599,0.4273789649415693,1.0,-0.022285464588632065,-79
227,BSP,5,1,745,745,0.006711409395973154,1.0,2,1,599,599,0.00333889816360601,1.0,-0.003372511232367144,-3
227,INC,270,1,745,745,0.3624161073825503,1.0,277,1,599,599,0.46243739565943237,1.0,0.10002128827688206,7
227,IND,5,6,745,745,0.006711409395973154,1.0,8,8,599,599,0.01335559265442404,1.0,0.006644183258450886,3
227,NTK,12,1,745,745,0.016107382550335572,1.0,52,1,599,599,0.08681135225375626,1.0,0.07070396970342069,40
227,UNKNOWN,46,3,745,745,0.06174496644295302,1.0,2,1,599,599,0.00333889816360601,1.0,-0.05840606827934701,-44
228,AIADMK,314,1,924,924,0.3398268398268398,1.0,282,1,851,851,0.33137485311398357,1.0,-0.008451986712856241,-32
228,BSP,5,1,924,924,0.005411255411255411,1.0,2,1,851,851,0.0023501762632197414,1.0,-0.0030610791480356696,-3
228,INC,512,1,924,924,0.5541125541125541,1.0,459,1,851,851,0.5393654524089306,1.0,-0.014747101703623477,-53
228,IND,2,6,924,924,0.0021645021645021645,1.0,8,8,851,851,0.009400705052878966,1.0,0.0072362028883768015,6
228,NTK,8,1,924,924,0.008658008658008658,1.0,94,1,851,851,0.11045828437132785,1.0,0.10180027571331919,86
228,UNKNOWN,78,3,924,924,0.08441558441558442,1.0,1,1,851,851,0.0011750881316098707,1.0,-0.08324049628397455,-77
229,AIADMK,280,1,686,686,0.40816326530612246,1.0,433,1,927,927,0.4670981661272923,1.0,0.05893490082116987,153
229,BSP,3,1,686,686,0.004373177842565598,1.0,2,1,927,927,0.002157497303128371,1.0,-0.002215680539437227,-1
229,INC,359,1,686,686,0.5233236151603499,1.0,286,1,927,927,0.30852211434735705,1.0,-0.21480150081299282,-73
229,IND,4,6,686,686,0.0058309037900874635,1.0,100,8,927,927,0.10787486515641856,1.0,0.10204396136633109,96
229,NTK,6,1,686,686,0.008746355685131196,1.0,71,1,927,927,0.07659115426105717,1.0,0.06784479857592597,65
229,UNKNOWN,31,3,686,686,0.04518950437317784,1.0,5,1,927,927,0.005393743257820928,1.0,-0.03979576111535691,-26
230,AIADMK,293,1,682,682,0.42961876832844575,1.0,441,1,949,949,0.46469968387776606,1.0,0.0350809155493203,148
230,BSP,2,1,682,682,0.002932551319648094,1.0,1,1,949,949,0.001053740779768177,1.0,-0.0018788105398799169,-1
230,INC,276,1,682,682,0.4046920821114369,1.0,339,1,949,949,0.35721812434141204,1.0,-0.04747395777002489,63
230,IND,2,6,682,682,0.002932551319648094,1.0,60,8,949,949,0.06322444678609063,1.0,0.060291895466442536,58
230,NTK,6,1,682,682,0.008797653958944282,1.0,81,1,949,949,0.08535300316122234,1.0,0.07655534920227805,75
230,UNKNOWN,82,3,682,682,0.12023460410557185,1.0,10,1,949,949,0.01053740779768177,1.0,-0.10969719630789009,-72
231,AIADMK,312,1,542,542,0.5756457564575646,1.0,326,1,700,700,0.4657142857142857,1.0,-0.10993147074327886,14
231,BSP,0,1,542,542,0.0,1.0,1,1,700,700,0.0014285714285714286,1.0,0.0014285714285714286,1
231,INC,164,1,542,542,0.3025830258302583,1.0,280,1,700,700,0.4,1.0,0.09741697416974171,116
231,IND,3,6,542,542,0.005535055350553505,1.0,30,8,700,700,0.04285714285714286,1.0,0.03732208750658935,27
231,NTK,3,1,542,542,0.005535055350553505,1.0,51,1,700,700,0.07285714285714286,1.0,0.06732208750658936,48
231,UNKNOWN,56,3,542,542,0.1033210332103321,1.0,5,1,700,700,0.007142857142857143,1.0,-0.09617817606747496,-51
232,AIADMK,238,1,751,751,0.3169107856191744,1.0,281,1,643,643,0.4370139968895801,1.0,0.12010321127040569,43
232,BSP,2,1,751,751,0.002663115845539281,1.0,1,1,643,643,0.0015552099533437014,1.0,-0.0011079058921955797,-1
232,INC,375,1,751,751,0.4993342210386152,1.0,246,1,643,643,0.38258164852255055,1.0,-0.11675257251606463,-129
232,IND,0,6,751,751,0.0,1.0,34,8,643,643,0.05287713841368585,1.0,0.05287713841368585,34
232,NTK,17,1,751,751,0.022636484687083888,1.0,57,1,643,643,0.08864696734059098,1.0,0.06601048265350709,40
232,UNKNOWN,92,3,751,751,0.12250332889480692,1.0,8,1,643,643,0.012441679626749611,1.0,-0.11006164926805731,-84
233,AIADMK,293,1,924,924,0.3170995670995671,1.0,155,1,379,379,0.40897097625329815,1.0,0.09187140915373104,-138
233,BSP,3,1,924,924,0.003246753246753247,1.0,2,1,379,379,0.005277044854881266,1.0,0.0020302916081280193,-1
233,INC,490,1,924,924,0.5303030303030303,1.0,143,1,379,379,0.37730870712401055,1.0,-0.15299432317901973,-347
233,IND,2,6,924,924,0.0021645021645021645,1.0,20,8,379,379,0.052770448548812667,1.0,0.0506059463843105,18
233,NTK,9,1,924,924,0.00974025974025974,1.0,38,1,379,379,0.10026385224274406,1.0,0.09052359250248432,29
233,UNKNOWN,95,3,924,924,0.10281385281385282,1.0,1,1,379,379,0.002638522427440633,1.0,-0.10017533038641219,-94
234,AIADMK,424,1,935,935,0.453475935828877,1.0,420,1,940,940,0.44680851063829785,1.0,-0.006667425190579168,-4
234,BSP,0,1,935,935,0.0,1.0,2,1,940,940,0.002127659574468085,1.0,0.002127659574468085,2
234,INC,415,1,935,935,0.44385026737967914,1.0,336,1,940,940,0.3574468085106383,1.0,-0.08640345886904083,-79
234,IND,3,6,935,935,0.0032085561497326204,1.0,73,8,940,940,0.07765957446808511,1.0,0.07445101831835249,70
234,NTK,12,1,935,935,0.012834224598930482,1.0,84,1,940,940,0.08936170212765958,1.0,0.0765274775287291,72
234,UNKNOWN,44,3,935,935,0.047058823529411764,1.0,7,1,940,940,0.007446808510638298,1.0,-0.03961201501877347,-37
235,AIADMK,264,1,912,912,0.2894736842105263,1.0,326,1,714,714,0.4565826330532213,1.0,0.16710894884269495,62
235,BSP,1,1,912,912,0.0010964912280701754,1.0,2,1,714,714,0.0028011204481792717,1.0,0.0017046292201090964,1
235,INC,434,1,912,912,0.4758771929824561,1.0,303,1,714,714,0.42436974789915966,1.0,-0.051507445083296466,-131
235,IND,6,6,912,912,0.006578947368421052,1.0,17,8,714,714,0.023809523809523808,1.0,0.017230576441102756,11
235,NTK,32,1,912,912,0.03508771929824561,1.0,36,1,714,714,0.05042016806722689,1.0,0.01533244876898128,4
235,UNKNOWN,85,3,912,912,0.09320175438596491,1.0,5,1,714,714,0.0070028011204481795,1.0,-0.08619895326551673,-80
236,AIADMK,374,1,818,818,0.4572127139364303,1.0,181,1,439,439,0.4123006833712984,1.0,-0.04491203056513193,-193
236,BSP,3,1,818,818,0.003667481662591687,1.0,1,1,439,439,0.002277904328018223,1.0,-0.001389577334573464,-2
236,INC,321,1,818,818,0.3924205378973105,1.0,170,1,439,439,0.38724373576309795,1.0,-0.005176802134212566,-151
236,IND,10,6,818,818,0.012224938875305624,1.0,16,8,439,439,0.03644646924829157,1.0,0.024221530372985946,6
236,NTK,11,1,818,818,0.013447432762836185,1.0,57,1,439,439,0.12984054669703873,1.0,0.11639311393420254,46
236,UNKNOWN,67,3,818,818,0.08190709046454768,1.0,3,1,439,439,0.00683371298405467,1.0,-0.075073377480493,-64
237,AIADMK,80,1,235,235,0.3404255319148936,1.0,445,1,859,859,0.5180442374854481,1.0,0.17761870557055454,365
237,BSP,1,1,235,235,0.00425531914893617,1.0,1,1,859,859,0.0011641443538998836,1.0,-0.0030911747950362867,0
237,INC,83,1,235,235,0.35319148936170214,1.0,315,1,859,859,0.36670547147846333,1.0,0.013513982116761192,232
237,IND,0,6,235,235,0.0,1.0,13,8,859,859,0.015133876600698487,1.0,0.015133876600698487,13
237,NTK,14,1,235,235,0.059574468085106386,1.0,56,1,859,859,0.06519208381839348,1.0,0.00561761573328709,42
237,UNKNOWN,20,3,235,235,0.0851063829787234,1.0,2,1,859,859,0.002328288707799767,1.0,-0.08277809427092364,-18
238,AIADMK,174,1,766,766,0.22715404699738903,1.0,367,1,892,892,0.41143497757847536,1.0,0.18428093058108633,193
238,BSP,2,1,766,766,0.0026109660574412533,1.0,0,1,892,892,0.0,1.0,-0.0026109660574412533,-2
238,INC,318,1,766,766,0.4151436031331593,1.0,372,1,892,892,0.4170403587443946,1.0,0.0018967556112353123,54
238,IND,5,6,766,766,0.006527415143603133,1.0,16,8,892,892,0.017937219730941704,1.0,0.011409804587338571,11
238,NTK,38,1,766,766,0.04960835509138381,1.0,91,1,892,892,0.10201793721973094,1.0,0.052409582128347135,53
238,UNKNOWN,71,3,766,766,0.0926892950391645,1.0,10,1,892,892,0.011210762331838564,1.0,-0.08147853270732593,-61
239,AIADMK,580,1,1112,1112,0.5215827338129496,1.0,337,1,754,754,0.4469496021220159,1.0,-0.07463313169093372,-243
239,BSP,3,1,1112,1112,0.002697841726618705,1.0,2,1,754,754,0.002652519893899204,1.0,-4.532183271950107e-05,-1
239,INC,329,1,1112,1112,0.295863309352518,1.0,316,1,754,754,0.41909814323607425,1.0,0.12323483388355627,-13
239,IND,3,6,1112,1112,0.002697841726618705,1.0,14,8,754,754,0.01856763925729443,1.0,0.015869797530675724,11
239,NTK,20,1,1112,1112,0.017985611510791366,1.0,52,1,754,754,0.06896551724137931,1.0,0.05097990573058794,32
239,UNKNOWN,112,3,1112,1112,0.10071942446043165,1.0,5,1,754,754,0.006631299734748011,1.0,-0.09408812472568365,-107
240,AIADMK,135,1,321,321,0.4205607476635514,1.0,244,1,903,903,0.2702104097452935,1.0,-0.15035033791825791,109
240,BSP,1,1,321,321,0.003115264797507788,1.0,0,1,903,903,0.0,1.0,-0.003115264797507788,-1
240,INC,141,1,321,321,0.4392523364485981,1.0,543,1,903,903,0.6013289036544851,1.0,0.16207656720588698,402
240,IND,3,6,321,321,0.009345794392523364,1.0,12,8,903,903,0.013289036544850499,1.0,0.003943242152327135,9
240,NTK,1,1,321,321,0.003115264797507788,1.0,74,1,903,903,0.08194905869324474,1.0,0.07883379389573696,73
240,UNKNOWN,25,3,321,321,0.0778816199376947,1.0,6,1,903,903,0.006644518272425249,1.0,-0.07123710166526945,-19
241,AIADMK,344,1,786,786,0.43765903307888043,1.0,304,1,952,952,0.31932773109243695,1.0,-0.11833130198644348,-40
241,BSP,1,1,786,786,0.001272264631043257,1.0,0,1,952,952,0.0,1.0,-0.001272264631043257,-1
241,INC,235,1,786,786,0.2989821882951654,1.0,523,1,952,952,0.5493697478991597,1.0,0.25038755960399434,288
241,IND,11,6,786,786,0.013994910941475827,1.0,22,8,952,952,0.023109243697478993,1.0,0.009114332756003166,11
241,NTK,6,1,786,786,0.007633587786259542,1.0,66,1,952,952,0.06932773109243698,1.0,0.06169414330617744,60
241,UNKNOWN,84,3,786,786,0.10687022900763359,1.0,7,1,952,952,0.007352941176470588,1.0,-0.099517287831163,-77
242,AIADMK,210,1,578,578,0.3633217993079585,1.0,230,1,887,887,0.2593010146561443,1.0,-0.10402078465181419,20
242,BSP,3,1,578,578,0.005190311418685121,1.0,1,1,887,887,0.0011273957158962795,1.0,-0.004062915702788841,-2
242,INC,241,1,578,578,0.41695501730103807,1.0,531,1,887,887,0.5986471251409244,1.0,0.18169210783988637,290
242,IND,6,6,578,578,0.010380622837370242,1.0,14,8,887,887,0.015783540022547914,1.0,0.005402917185177672,8
242,NTK,7,1,578,578,0.012110726643598616,1.0,81,1,887,887,0.09131905298759865,1.0,0.07920832634400003,74
242,UNKNOWN,37,3,578,578,0.06401384083044982,1.0,8,1,887,887,0.009019165727170236,1.0,-0.054994675103279586,-29
243,AIADMK,217,1,560,560,0.3875,1.0,287,1,530,530,0.5415094339622641,1.0,0.15400943396226413,70
243,BSP,2,1,560,560,0.0035714285714285713,1.0,1,1,530,530,0.0018867924528301887,1.0,-0.0016846361185983826,-1
243,INC,242,1,560,560,0.43214285714285716,1.0,200,1,530,530,0.37735849056603776,1.0,-0.0547843665768194,-42
243,IND,5,6,560,560,0.008928571428571428,1.0,6,8,530,530,0.011320754716981131,1.0,0.0023921832884097032,1
243,NTK,11,1,560,560,0.019642857142857142,1.0,23,1,530,530,0.04339622641509434,1.0,0.023753369272237194,12
243,UNKNOWN,30,3,560,560,0.05357142857142857,1.0,4,1,530,530,0.007547169811320755,1.0,-0.046024258760107815,-26
244,AIADMK,420,1,972,972,0.43209876543209874,1.0,223,1,768,768,0.2903645833333333,1.0,-0.14173418209876543,-197
244,BSP,2,1,972,972,0.00205761316872428,1.0,1,1,768,768,0.0013020833333333333,1.0,-0.0007555298353909467,-1
244,INC,297,1,972,972,0.3055555555555556,1.0,466,1,768,768,0.6067708333333334,1.0,0.3012152777777778,169
244,IND,2,6,972,972,0.00205761316872428,1.0,5,8,768,768,0.006510416666666667,1.0,0.004452803497942387,3
244,NTK,6,1,972,972,0.006172839506172839,1.0,50,1,768,768,0.06510416666666667,1.0,0.05893132716049383,44
244,UNKNOWN,48,3,972,972,0.04938271604938271,1.0,3,1,768,768,0.00390625,1.0,-0.04547646604938271,-45
245,AIADMK,297,1,806,806,0.3684863523573201,1.0,276,1,1011,1011,0.27299703264094954,1.0,-0.09548931971637054,-21
245,BSP,2,1,806,806,0.0024813895781637717,1.0,2,1,1011,1011,0.0019782393669634025,1.0,-0.0005031502112003692,0
245,INC,398,1,806,806,0.49379652605459057,1.0,597,1,1011,1011,0.5905044510385756,1.0,0.09670792498398506,199
245,IND,8,6,806,806,0.009925558312655087,1.0,15,8,1011,1011,0.01483679525222552,1.0,0.004911236939570433,7
245,NTK,7,1,806,806,0.008684863523573201,1.0,68,1,1011,1011,0.06726013847675569,1.0,0.05857527495318249,61
245,UNKNOWN,67,3,806,806,0.08312655086848635,1.0,9,1,1011,1011,0.008902077151335312,1.0,-0.07422447371715103,-58
246,AIADMK,179,1,761,761,0.2352168199737188,1.0,184,1,674,674,0.27299703264094954,1.0,0.03778021266723075,5
246,BSP,2,1,761,761,0.002628120893561104,1.0,0,1,674,674,0.0,1.0,-0.002628120893561104,-2
246,INC,493,1,761,761,0.6478318002628121,1.0,332,1,674,674,0.49258160237388726,1.0,-0.1552501978889248,-161
246,IND,4,6,761,761,0.005256241787122208,1.0,1,8,674,674,0.001483679525222552,1.0,-0.0037725622618996557,-3
246,NTK,7,1,761,761,0.009198423127463863,1.0,60,1,674,674,0.08902077151335312,1.0,0.07982234838588925,53
246,UNKNOWN,64,3,761,761,0.08409986859395532,1.0,9,1,674,674,0.013353115727002967,1.0,-0.07074675286695235,-55
247,AIADMK,371,1,931,931,0.39849624060150374,1.0,185,1,439,439,0.4214123006833713,1.0,0.022916060081867584,-186
247,BSP,1,1,931,931,0.0010741138560687433,1.0,0,1,439,439,0.0,1.0,-0.0010741138560687433,-1
247,INC,487,1,931,931,0.523093447905478,1.0,171,1,439,439,0.3895216400911162,1.0,-0.1335718078143618,-316
247,IND,8,6,931,931,0.008592910848549946,1.0,1,8,439,439,0.002277904328018223,1.0,-0.006315006520531723,-7
247,NTK,10,1,931,931,0.010741138560687433,1.0,28,1,439,439,0.06378132118451026,1.0,0.053040182623822825,18
247,UNKNOWN,43,3,931,931,0.04618689581095596,1.0,2,1,439,439,0.004555808656036446,1.0,-0.04163108715491951,-41
248,AIADMK,183,1,694,694,0.26368876080691644,1.0,265,1,756,756,0.3505291005291005,1.0,0.08684033972218408,82
248,BSP,1,1,694,694,0.001440922190201729,1.0,2,1,756,756,0.0026455026455026454,1.0,0.0012045804553009163,1
248,INC,386,1,694,694,0.5561959654178674,1.0,310,1,756,756,0.41005291005291006,1.0,-0.14614305536495736,-76
248,IND,5,6,694,694,0.007204610951008645,1.0,8,8,756,756,0.010582010582010581,1.0,0.003377399631001936,3
248,NTK,0,1,694,694,0.0,1.0,72,1,756,756,0.09523809523809523,1.0,0.09523809523809523,72
248,UNKNOWN,14,3,694,694,0.020172910662824207,1.0,16,1,756,756,0.021164021164021163,1.0,0.0009911105011969554,2
249,AIADMK,282,1,704,704,0.4005681818181818,1.0,110,1,443,443,0.24830699774266365,1.0,-0.15226118407551817,-172
249,BSP,2,1,704,704,0.002840909090909091,1.0,2,1,443,443,0.004514672686230248,1.0,0.001673763595321157,0
249,INC,151,1,704,704,0.21448863636363635,1.0,215,1,443,443,0.4853273137697517,1.0,0.27083867740611534,64
249,IND,12,6,704,704,0.017045454545454544,1.0,3,8,443,443,0.006772009029345372,1.0,-0.010273445516109172,-9
249,NTK,9,1,704,704,0.01278409090909091,1.0,64,1,443,443,0.14446952595936793,1.0,0.13168543505027702,55
249,UNKNOWN,19,3,704,704,0.026988636363636364,1.0,6,1,443,443,0.013544018058690745,1.0,-0.01344461830494562,-13
250,AIADMK,437,1,918,918,0.4760348583877996,1.0,404,1,1059,1059,0.3814919735599622,1.0,-0.09454288482783735,-33
250,BSP,1,1,918,918,0.0010893246187363835,1.0,0,1,1059,1059,0.0,1.0,-0.0010893246187363835,-1
250,INC,367,1,918,918,0.3997821350762527,1.0,538,1,1059,1059,0.5080264400377715,1.0,0.10824430496151882,171
250,IND,7,6,918,918,0.007625272331154684,1.0,7,8,1059,1059,0.0066100094428706326,1.0,-0.0010152628882840516,0
250,NTK,0,1,918,918,0.0,1.0,61,1,1059,1059,0.05760151085930123,1.0,0.05760151085930123,61
250,UNKNOWN,26,3,918,918,0.02832244008714597,1.0,4,1,1059,1059,0.003777148253068933,1.0,-0.024545291834077033,-22
251,AIADMK,257,1,731,731,0.35157318741450067,1.0,91,1,316,316,0.2879746835443038,1.0,-0.06359850387019689,-166
251,BSP,2,1,731,731,0.0027359781121751026,1.0,0,1,316,316,0.0,1.0,-0.0027359781121751026,-2
251,INC,389,1,731,731,0.5321477428180574,1.0,142,1,316,316,0.44936708860759494,1.0,-0.08278065421046249,-247
251,IND,10,6,731,731,0.013679890560875513,1.0,0,8,316,316,0.0,1.0,-0.013679890560875513,-10
251,NTK,1,1,731,731,0.0013679890560875513,1.0,29,1,316,316,0.09177215189873418,1.0,0.09040416284264663,28
251,UNKNOWN,15,3,731,731,0.02051983584131327,1.0,5,1,316,316,0.015822784810126583,1.0,-0.004697051031186686,-10
252,AIADMK,286,1,674,674,0.42433234421364985,1.0,235,1,767,767,0.30638852672750977,1.0,-0.11794381748614008,-51
252,BSP,2,1,674,674,0.002967359050445104,1.0,0,1,767,767,0.0,1.0,-0.002967359050445104,-2
252,INC,211,1,674,674,0.31305637982195844,1.0,335,1,767,767,0.4367666232073012,1.0,0.12371024338534276,124
252,IND,4,6,674,674,0.005934718100890208,1.0,1,8,767,767,0.001303780964797914,1.0,-0.004630937136092294,-3
252,NTK,1,1,674,674,0.001483679525222552,1.0,84,1,767,767,0.10951760104302477,1.0,0.10803392151780222,83
252,UNKNOWN,36,3,674,674,0.05341246290801187,1.0,4,1,767,767,0.005215123859191656,1.0,-0.04819733904882021,-32
253,AIADMK,172,1,470,470,0.3659574468085106,1.0,165,1,608,608,0.2713815789473684,1.0,-0.0945758678611422,-7
253,BSP,8,1,470,470,0.01702127659574468,1.0,1,1,608,608,0.001644736842105263,1.0,-0.015376539753639418,-7
253,INC,132,1,470,470,0.28085106382978725,1.0,320,1,608,608,0.5263157894736842,1.0,0.24546472564389693,188
253,IND,3,6,470,470,0.006382978723404255,1.0,1,8,608,608,0.001644736842105263,1.0,-0.004738241881298992,-2
253,NTK,3,1,470,470,0.006382978723404255,1.0,56,1,608,608,0.09210526315789473,1.0,0.08572228443449048,53
253,UNKNOWN,15,3,470,470,0.031914893617021274,1.0,9,1,608,608,0.014802631578947368,1.0,-0.017112262038073908,-6
254,AIADMK,185,1,551,551,0.33575317604355714,1.0,322,1,828,828,0.3888888888888889,1.0,0.05313571284533175,137
254,BSP,1,1,551,551,0.0018148820326678765,1.0,0,1,828,828,0.0,1.0,-0.0018148820326678765,-1
254,INC,273,1,551,551,0.4954627949183303,1.0,352,1,828,828,0.4251207729468599,1.0,-0.07034202197147038,79
254,IND,2,6,551,551,0.003629764065335753,1.0,3,8,828,828,0.0036231884057971015,1.0,-6.575659538651541e-06,1
254,NTK,1,1,551,551,0.0018148820326678765,1.0,87,1,828,828,0.10507246376811594,1.0,0.10325758173544806,86
254,UNKNOWN,11,3,551,551,0.019963702359346643,1.0,9,1,828,828,0.010869565217391304,1.0,-0.009094137141955339,-2
255,AIADMK,216,1,652,652,0.3312883435582822,1.0,235,1,649,649,0.362095531587057,1.0,0.0308071880287748,19
255,BSP,1,1,652,652,0.0015337423312883436,1.0,1,1,649,649,0.0015408320493066256,1.0,7.089718018282037e-06,0
255,INC,297,1,652,652,0.455521472392638,1.0,284,1,649,649,0.43759630200308164,1.0,-0.017925170389556377,-13
255,IND,5,6,652,652,0.007668711656441718,1.0,1,8,649,649,0.0015408320493066256,1.0,-0.006127879607135092,-4
255,NTK,2,1,652,652,0.003067484662576687,1.0,66,1,649,649,0.1016949152542373,1.0,0.09862743059166061,64
255,UNKNOWN,23,3,652,652,0.0352760736196319,1.0,6,1,649,649,0.009244992295839754,1.0,-0.026031081323792143,-17
256,AIADMK,274,1,482,482,0.5684647302904564,1.0,139,1,384,384,0.3619791666666667,1.0,-0.20648556362378973,-135
256,BSP,1,1,482,482,0.002074688796680498,1.0,0,1,384,384,0.0,1.0,-0.002074688796680498,-1
256,INC,158,1,482,482,0.3278008298755187,1.0,194,1,384,384,0.5052083333333334,1.0,0.1774075034578147,36
256,IND,2,6,482,482,0.004149377593360996,1.0,1,8,384,384,0.0026041666666666665,1.0,-0.0015452109266943293,-1
256,NTK,2,1,482,482,0.004149377593360996,1.0,35,1,384,384,0.09114583333333333,1.0,0.08699645573997233,33
256,UNKNOWN,22,3,482,482,0.04564315352697095,1.0,3,1,384,384,0.0078125,1.0,-0.03783065352697095,-19
257,AIADMK,351,1,823,823,0.4264884568651276,1.0,334,1,930,930,0.35913978494623655,1.0,-0.06734867191889105,-17
257,BSP,1,1,823,823,0.001215066828675577,1.0,2,1,930,930,0.002150537634408602,1.0,0.0009354708057330251,1
257,INC,387,1,823,823,0.47023086269744835,1.0,436,1,930,930,0.46881720430107526,1.0,-0.0014136583963730853,49
257,IND,12,6,823,823,0.014580801944106925,1.0,2,8,930,930,0.002150537634408602,1.0,-0.012430264309698322,-10
257,NTK,1,1,823,823,0.001215066828675577,1.0,98,1,930,930,0.1053763440860215,1.0,0.10416127725734593,97
257,UNKNOWN,24,3,823,823,0.02916160388821385,1.0,6,1,930,930,0.0064516129032258064,1.0,-0.022709990984988045,-18
258,AIADMK,192,1,662,662,0.29003021148036257,1.0,340,1,896,896,0.3794642857142857,1.0,0.08943407423392313,148
258,BSP,2,1,662,662,0.0030211480362537764,1.0,0,1,896,896,0.0,1.0,-0.0030211480362537764,-2
258,INC,340,1,662,662,0.513595166163142,1.0,437,1,896,896,0.4877232142857143,1.0,-0.025871951877427746,97
258,IND,3,6,662,662,0.004531722054380665,1.0,5,8,896,896,0.005580357142857143,1.0,0.001048635088476478,2
258,NTK,7,1,662,662,0.010574018126888218,1.0,73,1,896,896,0.08147321428571429,1.0,0.07089919615882607,66
258,UNKNOWN,16,3,662,662,0.02416918429003021,1.0,6,1,896,896,0.006696428571428571,1.0,-0.01747275571860164,-10
259,AIADMK,425,1,973,973,0.4367934224049332,1.0,378,1,848,848,0.44575471698113206,1.0,0.008961294576198875,-47
259,BSP,2,1,973,973,0.0020554984583761563,1.0,2,1,848,848,0.0023584905660377358,1.0,0.0003029921076615795,0
259,INC,471,1,973,973,0.4840698869475848,1.0,344,1,848,848,0.4056603773584906,1.0,-0.0784095095890942,-127
259,IND,6,6,973,973,0.006166495375128468,1.0,1,8,848,848,0.0011792452830188679,1.0,-0.004987250092109601,-5
259,NTK,4,1,973,973,0.0041109969167523125,1.0,65,1,848,848,0.07665094339622641,1.0,0.0725399464794741,61
259,UNKNOWN,51,3,973,973,0.052415210688591986,1.0,9,1,848,848,0.01061320754716981,1.0,-0.04180200314142218,-42
260,AIADMK,250,1,512,512,0.48828125,1.0,190,1,493,493,0.385395537525355,1.0,-0.10288571247464501,-60
260,BSP,2,1,512,512,0.00390625,1.0,0,1,493,493,0.0,1.0,-0.00390625,-2
260,INC,196,1,512,512,0.3828125,1.0,230,1,493,493,0.4665314401622718,1.0,0.08371894016227183,34
260,IND,1,6,512,512,0.001953125,1.0,0,8,493,493,0.0,1.0,-0.001953125,-1
260,NTK,8,1,512,512,0.015625,1.0,41,1,493,493,0.08316430020283976,1.0,0.06753930020283976,33
260,UNKNOWN,34,3,512,512,0.06640625,1.0,4,1,493,493,0.008113590263691683,1.0,-0.05829265973630832,-30
261,AIADMK,345,1,622,622,0.5546623794212219,1.0,262,1,615,615,0.42601626016260163,1.0,-0.12864611925862024,-83
261,BSP,3,1,622,622,0.00482315112540193,1.0,2,1,615,615,0.0032520325203252032,1.0,-0.0015711186050767264,-1
261,INC,222,1,622,622,0.35691318327974275,1.0,274,1,615,615,0.44552845528455287,1.0,0.08861527200481012,52
261,IND,6,6,622,622,0.00964630225080386,1.0,4,8,615,615,0.0065040650406504065,1.0,-0.0031422372101534528,-2
261,NTK,3,1,622,622,0.00482315112540193,1.0,42,1,615,615,0.06829268292682927,1.0,0.06346953180142734,39
261,UNKNOWN,25,3,622,622,0.04019292604501608,1.0,9,1,615,615,0.014634146341463415,1.0,-0.025558779703552664,-16
262,AIADMK,347,1,825,825,0.4206060606060606,1.0,617,1,1191,1191,0.5180520570948782,1.0,0.09744599648881763,270
262,BSP,3,1,825,825,0.0036363636363636364,1.0,2,1,1191,1191,0.0016792611251049538,1.0,-0.0019571025112586826,-1
262,INC,340,1,825,825,0.4121212121212121,1.0,402,1,1191,1191,0.33753148614609574,1.0,-0.07458972597511637,62
262,IND,8,6,825,825,0.009696969696969697,1.0,3,8,1191,1191,0.0025188916876574307,1.0,-0.007178078009312266,-5
262,NTK,4,1,825,825,0.0048484848484848485,1.0,104,1,1191,1191,0.0873215785054576,1.0,0.08247309365697275,100
262,UNKNOWN,35,3,825,825,0.04242424242424243,1.0,17,1,1191,1191,0.014273719563392108,1.0,-0.02815052286085032,-18
263,AIADMK,179,1,574,574,0.3118466898954704,1.0,196,1,576,576,0.3402777777777778,1.0,0.028431087882307415,17
263,BSP,2,1,574,574,0.003484320557491289,1.0,0,1,576,576,0.0,1.0,-0.003484320557491289,-2
263,INC,195,1,574,574,0.3397212543554007,1.0,276,1,576,576,0.4791666666666667,1.0,0.139445412311266,81
263,IND,3,6,574,574,0.005226480836236934,1.0,2,8,576,576,0.003472222222222222,1.0,-0.0017542586140147122,-1
263,NTK,9,1,574,574,0.0156794425087108,1.0,78,1,576,576,0.13541666666666666,1.0,0.11973722415795586,69
263,UNKNOWN,37,3,574,574,0.06445993031358885,1.0,6,1,576,576,0.010416666666666666,1.0,-0.054043263646922184,-31
264,AIADMK,423,1,835,835,0.5065868263473053,1.0,155,1,581,581,0.2667814113597246,1.0,-0.23980541498758073,-268
264,BSP,1,1,835,835,0.0011976047904191617,1.0,0,1,581,581,0.0,1.0,-0.0011976047904191617,-1
264,INC,285,1,835,835,0.3413173652694611,1.0,329,1,581,581,0.5662650602409639,1.0,0.2249476949715028,44
264,IND,7,6,835,835,0.008383233532934131,1.0,4,8,581,581,0.0068846815834767644,1.0,-0.0014985519494573668,-3
264,NTK,6,1,835,835,0.00718562874251497,1.0,63,1,581,581,0.10843373493975904,1.0,0.10124810619724407,57
264,UNKNOWN,52,3,835,835,0.06227544910179641,1.0,4,1,581,581,0.0068846815834767644,1.0,-0.055390767518319645,-48
265,AIADMK,433,1,742,742,0.5835579514824798,1.0,120,1,718,718,0.1671309192200557,1.0,-0.41642703226242406,-313
265,BSP,1,1,742,742,0.0013477088948787063,1.0,0,1,718,718,0.0,1.0,-0.0013477088948787063,-1
265,INC,260,1,742,742,0.3504043126684636,1.0,527,1,718,718,0.733983286908078,1.0,0.3835789742396144,267
265,IND,2,6,742,742,0.0026954177897574125,1.0,6,8,718,718,0.008356545961002786,1.0,0.005661128171245373,4
265,NTK,11,1,742,742,0.014824797843665768,1.0,42,1,718,718,0.0584958217270195,1.0,0.04367102388335373,31
265,UNKNOWN,23,3,742,742,0.03099730458221024,1.0,5,1,718,718,0.006963788300835654,1.0,-0.024033516281374588,-18
266,AIADMK,507,1,1033,1033,0.49080348499515974,1.0,296,1,1084,1084,0.2730627306273063,1.0,-0.21774075436785345,-211
266,BSP,6,1,1033,1033,0.005808325266214908,1.0,1,1,1084,1084,0.0009225092250922509,1.0,-0.004885816041122658,-5
266,INC,448,1,1033,1033,0.43368828654404645,1.0,670,1,1084,1084,0.6180811808118081,1.0,0.18439289426776162,222
266,IND,11,6,1033,1033,0.010648596321393998,1.0,9,8,1084,1084,0.008302583025830259,1.0,-0.0023460132955637394,-2
266,NTK,8,1,1033,1033,0.007744433688286544,1.0,67,1,1084,1084,0.061808118081180814,1.0,0.05406368439289427,59
266,UNKNOWN,32,3,1033,1033,0.030977734753146177,1.0,7,1,1084,1084,0.006457564575645757,1.0,-0.02452017017750042,-25
267,AIADMK,243,1,594,594,0.4090909090909091,1.0,436,1,749,749,0.582109479305741,1.0,0.17301857021483186,193
267,BSP,3,1,594,594,0.005050505050505051,1.0,1,1,749,749,0.0013351134846461949,1.0,-0.003715391565858856,-2
267,INC,309,1,594,594,0.5202020202020202,1.0,228,1,749,749,0.30440587449933243,1.0,-0.2157961457026878,-81
267,IND,7,6,594,594,0.011784511784511785,1.0,7,8,749,749,0.009345794392523364,1.0,-0.002438717391988421,0
267,NTK,3,1,594,594,0.005050505050505051,1.0,37,1,749,749,0.049399198931909215,1.0,0.044348693881404166,34
267,UNKNOWN,25,3,594,594,0.04208754208754209,1.0,3,1,749,749,0.004005340453938585,1.0,-0.038082201633603506,-22
268,AIADMK,343,1,720,720,0.47638888888888886,1.0,453,1,739,739,0.6129905277401895,1.0,0.1366016388513006,110
268,BSP,2,1,720,720,0.002777777777777778,1.0,1,1,739,739,0.0013531799729364006,1.0,-0.0014245978048413772,-1
268,INC,318,1,720,720,0.44166666666666665,1.0,195,1,739,739,0.2638700947225981,1.0,-0.17779657194406856,-123
268,IND,7,6,720,720,0.009722222222222222,1.0,6,8,739,739,0.008119079837618403,1.0,-0.0016031423846038194,-1
268,NTK,2,1,720,720,0.002777777777777778,1.0,58,1,739,739,0.07848443843031123,1.0,0.07570666065253345,56
268,UNKNOWN,35,3,720,720,0.04861111111111111,1.0,4,1,739,739,0.005412719891745603,1.0,-0.04319839121936551,-31
269,AIADMK,398,1,1092,1092,0.36446886446886445,1.0,382,1,926,926,0.41252699784017277,1.0,0.04805813337130832,-16
269,BSP,6,1,1092,1092,0.005494505494505495,1.0,5,1,926,926,0.005399568034557235,1.0,-9.493745994825983e-05,-1
269,INC,437,1,1092,1092,0.4001831501831502,1.0,403,1,926,926,0.4352051835853132,1.0,0.03502203340216298,-34
269,IND,25,6,1092,1092,0.022893772893772892,1.0,32,8,926,926,0.03455723542116631,1.0,0.011663462527393417,7
269,NTK,12,1,1092,1092,0.01098901098901099,1.0,55,1,926,926,0.05939524838012959,1.0,0.0484062373911186,43
269,UNKNOWN,115,3,1092,1092,0.10531135531135531,1.0,7,1,926,926,0.00755939524838013,1.0,-0.09775196006297518,-108
270,AIADMK,314,1,694,694,0.45244956772334294,1.0,339,1,828,828,0.40942028985507245,1.0,-0.04302927786827049,25
270,BSP,2,1,694,694,0.002881844380403458,1.0,2,1,828,828,0.0024154589371980675,1.0,-0.0004663854432053905,0
270,INC,253,1,694,694,0.3645533141210375,1.0,414,1,828,828,0.5,1.0,0.13544668587896252,161
270,IND,6,6,694,694,0.008645533141210375,1.0,6,8,828,828,0.007246376811594203,1.0,-0.0013991563296161724,0
270,NTK,20,1,694,694,0.02881844380403458,1.0,55,1,828,828,0.06642512077294686,1.0,0.03760667696891228,35
270,UNKNOWN,91,3,694,694,0.13112391930835735,1.0,3,1,828,828,0.0036231884057971015,1.0,-0.12750073090256026,-88
271,AIADMK,259,1,693,693,0.37373737373737376,1.0,319,1,729,729,0.4375857338820302,1.0,0.06384836014465645,60
271,BSP,0,1,693,693,0.0,1.0,0,1,729,729,0.0,1.0,0.0,0
271,INC,253,1,693,693,0.36507936507936506,1.0,286,1,729,729,0.39231824417009603,1.0,0.027238879090730972,33
271,IND,1,6,693,693,0.001443001443001443,1.0,60,8,729,729,0.0823045267489712,1.0,0.08086152530596975,59
271,NTK,4,1,693,693,0.005772005772005772,1.0,47,1,729,729,0.0644718792866941,1.0,0.05869987351468832,43
271,UNKNOWN,35,3,693,693,0.050505050505050504,1.0,1,1,729,729,0.0013717421124828531,1.0,-0.04913330839256765,-34
272,AIADMK,286,1,573,573,0.49912739965095987,1.0,265,1,512,512,0.517578125,1.0,0.01845072534904013,-21
272,BSP,0,1,573,573,0.0,1.0,1,1,512,512,0.001953125,1.0,0.001953125,1
272,INC,242,1,573,573,0.4223385689354276,1.0,173,1,512,512,0.337890625,1.0,-0.0844479439354276,-69
272,IND,2,6,573,573,0.0034904013961605585,1.0,30,8,512,512,0.05859375,1.0,0.05510334860383944,28
272,NTK,2,1,573,573,0.0034904013961605585,1.0,37,1,512,512,0.072265625,1.0,0.06877522360383945,35
272,UNKNOWN,17,3,573,573,0.029668411867364748,1.0,2,1,512,512,0.00390625,1.0,-0.025762161867364748,-15
273,AIADMK,394,1,673,673,0.5854383358098069,1.0,223,1,555,555,0.4018018018018018,1.0,-0.18363653400800506,-171
273,BSP,1,1,673,673,0.0014858841010401188,1.0,0,1,555,555,0.0,1.0,-0.0014858841010401188,-1
273,INC,229,1,673,673,0.34026745913818723,1.0,257,1,555,555,0.46306306306306305,1.0,0.12279560392487582,28
273,IND,2,6,673,673,0.0029717682020802376,1.0,6,8,555,555,0.010810810810810811,1.0,0.007839042608730574,4
273,NTK,1,1,673,673,0.0014858841010401188,1.0,47,1,555,555,0.08468468468468468,1.0,0.08319880058364457,46
273,UNKNOWN,18,3,673,673,0.02674591381872214,1.0,7,1,555,555,0.012612612612612612,1.0,-0.014133301206109526,-11
274,AIADMK,330,1,667,667,0.4947526236881559,1.0,241,1,658,658,0.3662613981762918,1.0,-0.12849122551186415,-89
274,BSP,1,1,667,667,0.0014992503748125937,1.0,2,1,658,658,0.00303951367781155,1.0,0.0015402633029989565,1
274,INC,280,1,667,667,0.4197901049475262,1.0,314,1,658,658,0.47720364741641336,1.0,0.057413542468887135,34
274,IND,6,6,667,667,0.008995502248875561,1.0,6,8,658,658,0.00911854103343465,1.0,0.0001230387845590885,0
274,NTK,1,1,667,667,0.0014992503748125937,1.0,68,1,658,658,0.1033434650455927,1.0,0.10184421467078011,67
274,UNKNOWN,12,3,667,667,0.017991004497751123,1.0,7,1,658,658,0.010638297872340425,1.0,-0.007352706625410698,-5
275,AIADMK,528,1,959,959,0.5505735140771637,1.0,250,1,515,515,0.4854368932038835,1.0,-0.0651366208732802,-278
275,BSP,2,1,959,959,0.0020855057351407717,1.0,2,1,515,515,0.003883495145631068,1.0,0.001797989410490296,0
275,INC,317,1,959,959,0.3305526590198123,1.0,210,1,515,515,0.4077669902912621,1.0,0.07721433127144983,-107
275,IND,6,6,959,959,0.006256517205422315,1.0,6,8,515,515,0.011650485436893204,1.0,0.005393968231470889,0
275,NTK,3,1,959,959,0.0031282586027111575,1.0,38,1,515,515,0.07378640776699029,1.0,0.07065814916427914,35
275,UNKNOWN,39,3,959,959,0.040667361835245046,1.0,1,1,515,515,0.001941747572815534,1.0,-0.038725614262429514,-38
276,AIADMK,543,1,948,948,0.5727848101265823,1.0,359,1,927,927,0.38727076591154264,1.0,-0.1855140442150397,-184
276,BSP,4,1,948,948,0.004219409282700422,1.0,1,1,927,927,0.0010787486515641855,1.0,-0.003140660631136236,-3
276,INC,321,1,948,948,0.33860759493670883,1.0,491,1,927,927,0.5296655879180151,1.0,0.19105799298130627,170
276,IND,3,6,948,948,0.0031645569620253164,1.0,12,8,927,927,0.012944983818770227,1.0,0.009780426856744911,9
276,NTK,7,1,948,948,0.007383966244725738,1.0,45,1,927,927,0.04854368932038835,1.0,0.04115972307566261,38
276,UNKNOWN,31,3,948,948,0.03270042194092827,1.0,7,1,927,927,0.007551240560949299,1.0,-0.025149181379978975,-24
277,AIADMK,400,1,851,851,0.4700352526439483,1.0,232,1,674,674,0.34421364985163205,1.0,-0.12582160279231625,-168
277,BSP,3,1,851,851,0.0035252643948296123,1.0,2,1,674,674,0.002967359050445104,1.0,-0.0005579053443845084,-1
277,INC,332,1,851,851,0.3901292596944771,1.0,388,1,674,674,0.5756676557863502,1.0,0.18553839609187306,56
277,IND,8,6,851,851,0.009400705052878966,1.0,2,8,674,674,0.002967359050445104,1.0,-0.006433346002433862,-6
277,NTK,2,1,851,851,0.0023501762632197414,1.0,35,1,674,674,0.05192878338278932,1.0,0.04957860711956958,33
277,UNKNOWN,55,3,851,851,0.06462984723854288,1.0,7,1,674,674,0.010385756676557863,1.0,-0.05424409056198502,-48
278,AIADMK,358,1,751,751,0.4766977363515313,1.0,407,1,1018,1018,0.39980353634577603,1.0,-0.07689420000575525,49
278,BSP,1,1,751,751,0.0013315579227696406,1.0,1,1,1018,1018,0.0009823182711198428,1.0,-0.0003492396516497978,0
278,INC,304,1,751,751,0.4047936085219707,1.0,498,1,1018,1018,0.48919449901768175,1.0,0.08440089049571103,194
278,IND,3,6,751,751,0.0039946737683089215,1.0,11,8,1018,1018,0.010805500982318271,1.0,0.0068108272140093495,8
278,NTK,1,1,751,751,0.0013315579227696406,1.0,79,1,1018,1018,0.07760314341846758,1.0,0.07627158549569794,78
278,UNKNOWN,66,3,751,751,0.08788282290279627,1.0,5,1,1018,1018,0.004911591355599214,1.0,-0.08297123154719706,-61
279,AIADMK,530,1,1317,1317,0.4024297646165528,1.0,198,1,544,544,0.3639705882352941,1.0,-0.038459176381258675,-332
279,BSP,5,1,1317,1317,0.0037965072133637054,1.0,1,1,544,544,0.001838235294117647,1.0,-0.0019582719192460583,-4
279,INC,615,1,1317,1317,0.46697038724373574,1.0,257,1,544,544,0.4724264705882353,1.0,0.0054560833444995405,-358
279,IND,19,6,1317,1317,0.01442672741078208,1.0,7,8,544,544,0.012867647058823529,1.0,-0.0015590803519585517,-12
279,NTK,5,1,1317,1317,0.0037965072133637054,1.0,56,1,544,544,0.10294117647058823,1.0,0.09914466925722452,51
279,UNKNOWN,33,3,1317,1317,0.025056947608200455,1.0,8,1,544,544,0.014705882352941176,1.0,-0.010351065255259279,-25
280,AIADMK,365,1,805,805,0.453416149068323,1.0,282,1,629,629,0.4483306836248013,1.0,-0.005085465443521731,-83
280,BSP,0,1,805,805,0.0,1.0,2,1,629,629,0.003179650238473768,1.0,0.003179650238473768,2
280,INC,391,1,805,805,0.4857142857142857,1.0,272,1,629,629,0.43243243243243246,1.0,-0.05328185328185325,-119
280,IND,3,6,805,805,0.0037267080745341614,1.0,15,8,629,629,0.02384737678855326,1.0,0.0201206687140191,12
280,NTK,5,1,805,805,0.006211180124223602,1.0,40,1,629,629,0.06359300476947535,1.0,0.05738182464525175,35
280,UNKNOWN,13,3,805,805,0.016149068322981366,1.0,2,1,629,629,0.003179650238473768,1.0,-0.012969418084507599,-11
281,AIADMK,293,1,560,560,0.5232142857142857,1.0,282,1,880,880,0.32045454545454544,1.0,-0.2027597402597403,-11
281,BSP,0,1,560,560,0.0,1.0,1,1,880,880,0.0011363636363636363,1.0,0.0011363636363636363,1
281,INC,209,1,560,560,0.3732142857142857,1.0,473,1,880,880,0.5375,1.0,0.16428571428571426,264
281,IND,1,6,560,560,0.0017857142857142857,1.0,14,8,880,880,0.015909090909090907,1.0,0.014123376623376621,13
281,NTK,0,1,560,560,0.0,1.0,97,1,880,880,0.11022727272727273,1.0,0.11022727272727273,97
281,UNKNOWN,44,3,560,560,0.07857142857142857,1.0,4,1,880,880,0.004545454545454545,1.0,-0.07402597402597402,-40
282,AIADMK,368,1,706,706,0.5212464589235127,1.0,198,1,611,611,0.32405891980360063,1.0,-0.1971875391199121,-170
282,BSP,0,1,706,706,0.0,1.0,0,1,611,611,0.0,1.0,0.0,0
282,INC,249,1,706,706,0.3526912181303116,1.0,328,1,611,611,0.5368248772504092,1.0,0.18413365912009755,79
282,IND,4,6,706,706,0.0056657223796034,1.0,9,8,611,611,0.014729950900163666,1.0,0.009064228520560266,5
282,NTK,2,1,706,706,0.0028328611898017,1.0,60,1,611,611,0.09819967266775777,1.0,0.09536681147795607,58
282,UNKNOWN,59,3,706,706,0.08356940509915015,1.0,6,1,611,611,0.009819967266775777,1.0,-0.07374943783237436,-53
283,AIADMK,506,1,900,900,0.5622222222222222,1.0,352,1,865,865,0.4069364161849711,1.0,-0.15528580603725106,-154
283,BSP,2,1,900,900,0.0022222222222222222,1.0,1,1,865,865,0.0011560693641618498,1.0,-0.0010661528580603724,-1
283,INC,262,1,900,900,0.2911111111111111,1.0,443,1,865,865,0.5121387283236994,1.0,0.22102761721258835,181
283,IND,6,6,900,900,0.006666666666666667,1.0,6,8,865,865,0.006936416184971098,1.0,0.0002697495183044312,0
283,NTK,8,1,900,900,0.008888888888888889,1.0,41,1,865,865,0.047398843930635835,1.0,0.038509955041746945,33
283,UNKNOWN,61,3,900,900,0.06777777777777778,1.0,2,1,865,865,0.0023121387283236996,1.0,-0.06546563904945409,-59
284,AIADMK,161,1,425,425,0.3788235294117647,1.0,348,1,792,792,0.4393939393939394,1.0,0.06057040998217467,187
284,BSP,1,1,425,425,0.002352941176470588,1.0,1,1,792,792,0.0012626262626262627,1.0,-0.0010903149138443253,0
284,INC,198,1,425,425,0.46588235294117647,1.0,360,1,792,792,0.45454545454545453,1.0,-0.01133689839572194,162
284,IND,1,6,425,425,0.002352941176470588,1.0,4,8,792,792,0.005050505050505051,1.0,0.002697563874034463,3
284,NTK,6,1,425,425,0.01411764705882353,1.0,45,1,792,792,0.056818181818181816,1.0,0.04270053475935828,39
284,UNKNOWN,34,3,425,425,0.08,1.0,2,1,792,792,0.0025252525252525255,1.0,-0.07747474747474747,-32
285,AIADMK,285,1,639,639,0.4460093896713615,1.0,290,1,617,617,0.4700162074554295,1.0,0.02400681778406799,5
285,BSP,2,1,639,639,0.003129890453834116,1.0,2,1,617,617,0.0032414910858995136,1.0,0.00011160063206539774,0
285,INC,270,1,639,639,0.4225352112676056,1.0,272,1,617,617,0.44084278768233387,1.0,0.018307576414728244,2
285,IND,1,6,639,639,0.001564945226917058,1.0,2,8,617,617,0.0032414910858995136,1.0,0.0016765458589824557,1
285,NTK,6,1,639,639,0.009389671361502348,1.0,41,1,617,617,0.06645056726094004,1.0,0.05706089589943769,35
285,UNKNOWN,46,3,639,639,0.07198748043818466,1.0,3,1,617,617,0.004862236628849271,1.0,-0.06712524380933539,-43
286,AIADMK,332,1,861,861,0.38559814169570267,1.0,257,1,570,570,0.45087719298245615,1.0,0.06527905128675349,-75
286,BSP,3,1,861,861,0.003484320557491289,1.0,0,1,570,570,0.0,1.0,-0.003484320557491289,-3
286,INC,408,1,861,861,0.4738675958188153,1.0,235,1,570,570,0.41228070175438597,1.0,-0.061586894064429354,-173
286,IND,7,6,861,861,0.008130081300813009,1.0,6,8,570,570,0.010526315789473684,1.0,0.002396234488660675,-1
286,NTK,8,1,861,861,0.009291521486643438,1.0,43,1,570,570,0.07543859649122807,1.0,0.06614707500458464,35
286,UNKNOWN,52,3,861,861,0.06039488966318235,1.0,6,1,570,570,0.010526315789473684,1.0,-0.04986857387370867,-46
287,AIADMK,329,1,936,936,0.35149572649572647,1.0,168,1,583,583,0.2881646655231561,1.0,-0.06333106097257035,-161
287,BSP,2,1,936,936,0.002136752136752137,1.0,1,1,583,583,0.0017152658662092624,1.0,-0.00042148627054287456,-1
287,INC,453,1,936,936,0.483974358974359,1.0,350,1,583,583,0.6003430531732419,1.0,0.1163686941988829,-103
287,IND,4,6,936,936,0.004273504273504274,1.0,6,8,583,583,0.010291595197255575,1.0,0.006018090923751301,2
287,NTK,15,1,936,936,0.016025641025641024,1.0,38,1,583,583,0.06518010291595197,1.0,0.049154461890310946,23
287,UNKNOWN,96,3,936,936,0.10256410256410256,1.0,2,1,583,583,0.003430531732418525,1.0,-0.09913357083168403,-94
288,AIADMK,333,1,684,684,0.4868421052631579,1.0,299,1,714,714,0.41876750700280113,1.0,-0.06807459826035678,-34
288,BSP,1,1,684,684,0.0014619883040935672,1.0,2,1,714,714,0.0028011204481792717,1.0,0.0013391321440857046,1
288,INC,269,1,684,684,0.3932748538011696,1.0,349,1,714,714,0.4887955182072829,1.0,0.09552066440611329,80
288,IND,0,6,684,684,0.0,1.0,6,8,714,714,0.008403361344537815,1.0,0.008403361344537815,6
288,NTK,8,1,684,684,0.011695906432748537,1.0,40,1,714,714,0.056022408963585436,1.0,0.0443265025308369,32
288,UNKNOWN,56,3,684,684,0.08187134502923976,1.0,2,1,714,714,0.0028011204481792717,1.0,-0.07907022458106049,-54
289,AIADMK,294,1,786,786,0.37404580152671757,1.0,173,1,537,537,0.3221601489757914,1.0,-0.05188565255092614,-121
289,BSP,2,1,786,786,0.002544529262086514,1.0,2,1,537,537,0.0037243947858473,1.0,0.0011798655237607856,0
289,INC,375,1,786,786,0.4770992366412214,1.0,299,1,537,537,0.5567970204841713,1.0,0.07969778384294995,-76
289,IND,2,6,786,786,0.002544529262086514,1.0,2,8,537,537,0.0037243947858473,1.0,0.0011798655237607856,0
289,NTK,15,1,786,786,0.019083969465648856,1.0,28,1,537,537,0.0521415270018622,1.0,0.03305755753621334,13
289,UNKNOWN,63,3,786,786,0.08015267175572519,1.0,8,1,537,537,0.0148975791433892,1.0,-0.06525509261233599,-55
290,AIADMK,228,1,655,655,0.3480916030534351,1.0,208,1,653,653,0.31852986217457885,1.0,-0.02956174087885627,-20
290,BSP,0,1,655,655,0.0,1.0,1,1,653,653,0.0015313935681470138,1.0,0.0015313935681470138,1
290,INC,345,1,655,655,0.5267175572519084,1.0,369,1,653,653,0.5650842266462481,1.0,0.03836666939433975,24
290,IND,2,6,655,655,0.0030534351145038168,1.0,5,8,653,653,0.007656967840735069,1.0,0.004603532726231253,3
290,NTK,8,1,655,655,0.012213740458015267,1.0,49,1,653,653,0.07503828483920368,1.0,0.06282454438118841,41
290,UNKNOWN,44,3,655,655,0.06717557251908397,1.0,2,1,653,653,0.0030627871362940277,1.0,-0.06411278538278994,-42
291,AIADMK,298,1,835,835,0.3568862275449102,1.0,315,1,830,830,0.3795180722891566,1.0,0.022631844744246454,17
291,BSP,0,1,835,835,0.0,1.0,1,1,830,830,0.0012048192771084338,1.0,0.0012048192771084338,1
291,INC,429,1,835,835,0.5137724550898204,1.0,399,1,830,830,0.4807228915662651,1.0,-0.033049563523555314,-30
291,IND,3,6,835,835,0.003592814371257485,1.0,17,8,830,830,0.020481927710843374,1.0,0.016889113339585888,14
291,NTK,20,1,835,835,0.023952095808383235,1.0,70,1,830,830,0.08433734939759036,1.0,0.06038525358920712,50
291,UNKNOWN,47,3,835,835,0.0562874251497006,1.0,3,1,830,830,0.0036144578313253013,1.0,-0.0526729673183753,-44
292,AIADMK,464,1,1016,1016,0.4566929133858268,1.0,333,1,728,728,0.4574175824175824,1.0,0.0007246690317556093,-131
292,BSP,5,1,1016,1016,0.004921259842519685,1.0,2,1,728,728,0.0027472527472527475,1.0,-0.0021740070952669375,-3
292,INC,413,1,1016,1016,0.406496062992126,1.0,302,1,728,728,0.41483516483516486,1.0,0.008339101843038876,-111
292,IND,4,6,1016,1016,0.003937007874015748,1.0,10,8,728,728,0.013736263736263736,1.0,0.009799255862247988,6
292,NTK,10,1,1016,1016,0.00984251968503937,1.0,68,1,728,728,0.09340659340659341,1.0,0.08356407372155404,58
292,UNKNOWN,73,3,1016,1016,0.0718503937007874,1.0,3,1,728,728,0.004120879120879121,1.0,-0.06772951457990828,-70
293,AIADMK,362,1,772,772,0.4689119170984456,1.0,295,1,629,629,0.46899841017488075,1.0,8.64930764351568e-05,-67
293,BSP,4,1,772,772,0.0051813471502590676,1.0,1,1,629,629,0.001589825119236884,1.0,-0.0035915220310221837,-3
293,INC,246,1,772,772,0.31865284974093266,1.0,259,1,629,629,0.4117647058823529,1.0,0.09311185614142026,13
293,IND,7,6,772,772,0.009067357512953367,1.0,8,8,629,629,0.012718600953895072,1.0,0.0036512434409417052,1
293,NTK,5,1,772,772,0.006476683937823834,1.0,49,1,629,629,0.07790143084260731,1.0,0.07142474690478348,44
293,UNKNOWN,36,3,772,772,0.046632124352331605,1.0,5,1,629,629,0.00794912559618442,1.0,-0.03868299875614718,-31
294,AIADMK,298,1,637,637,0.46781789638932497,1.0,413,1,761,761,0.5427069645203679,1.0,0.07488906813104296,115
294,BSP,0,1,637,637,0.0,1.0,2,1,761,761,0.002628120893561104,1.0,0.002628120893561104,2
294,INC,216,1,637,637,0.3390894819466248,1.0,268,1,761,761,0.35216819973718794,1.0,0.013078717790563132,52
294,IND,2,6,637,637,0.0031397174254317113,1.0,3,8,761,761,0.003942181340341655,1.0,0.000802463914909944,1
294,NTK,8,1,637,637,0.012558869701726845,1.0,56,1,761,761,0.0735873850197109,1.0,0.06102851531798406,48
294,UNKNOWN,28,3,637,637,0.04395604395604396,1.0,0,1,761,761,0.0,1.0,-0.04395604395604396,-28
295,AIADMK,170,1,485,485,0.35051546391752575,1.0,369,1,739,739,0.4993234100135318,1.0,0.14880794609600606,199
295,BSP,1,1,485,485,0.002061855670103093,1.0,1,1,739,739,0.0013531799729364006,1.0,-0.0007086756971666922,0
295,INC,160,1,485,485,0.32989690721649484,1.0,275,1,739,739,0.3721244925575101,1.0,0.042227585341015283,115
295,IND,2,6,485,485,0.004123711340206186,1.0,36,8,739,739,0.04871447902571042,1.0,0.04459076768550423,34
295,NTK,4,1,485,485,0.008247422680412371,1.0,51,1,739,739,0.06901217861975643,1.0,0.060764755939344064,47
295,UNKNOWN,18,3,485,485,0.03711340206185567,1.0,2,1,739,739,0.0027063599458728013,1.0,-0.03440704211598287,-16
296,AIADMK,337,1,805,805,0.4186335403726708,1.0,519,1,983,983,0.5279755849440488,1.0,0.10934204457137803,182
296,BSP,5,1,805,805,0.006211180124223602,1.0,4,1,983,983,0.004069175991861648,1.0,-0.002142004132361954,-1
296,INC,290,1,805,805,0.36024844720496896,1.0,335,1,983,983,0.340793489318413,1.0,-0.019454957886555935,45
296,IND,8,6,805,805,0.009937888198757764,1.0,23,8,983,983,0.023397761953204477,1.0,0.013459873754446712,15
296,NTK,12,1,805,805,0.014906832298136646,1.0,73,1,983,983,0.07426246185147507,1.0,0.059355629553338424,61
296,UNKNOWN,72,3,805,805,0.08944099378881988,1.0,13,1,983,983,0.013224821973550356,1.0,-0.07621617181526952,-59
297,AIADMK,274,1,756,756,0.36243386243386244,1.0,474,1,999,999,0.4744744744744745,1.0,0.11204061204061205,200
297,BSP,1,1,756,756,0.0013227513227513227,1.0,4,1,999,999,0.004004004004004004,1.0,0.0026812526812526813,3
297,INC,202,1,756,756,0.2671957671957672,1.0,391,1,999,999,0.3913913913913914,1.0,0.12419562419562419,189
297,IND,1,6,756,756,0.0013227513227513227,1.0,8,8,999,999,0.008008008008008008,1.0,0.006685256685256685,7
297,NTK,21,1,756,756,0.027777777777777776,1.0,105,1,999,999,0.10510510510510511,1.0,0.07732732732732733,84
297,UNKNOWN,97,3,756,756,0.1283068783068783,1.0,1,1,999,999,0.001001001001001001,1.0,-0.1273058773058773,-96
298,AIADMK,346,1,735,735,0.4707482993197279,1.0,455,1,935,935,0.48663101604278075,1.0,0.01588271672305286,109
298,BSP,2,1,735,735,0.0027210884353741495,1.0,0,1,935,935,0.0,1.0,-0.0027210884353741495,-2
298,INC,286,1,735,735,0.3891156462585034,1.0,372,1,935,935,0.39786096256684494,1.0,0.008745316308341522,86
298,IND,5,6,735,735,0.006802721088435374,1.0,18,8,935,935,0.019251336898395723,1.0,0.012448615809960348,13
298,NTK,6,1,735,735,0.00816326530612245,1.0,57,1,935,935,0.06096256684491978,1.0,0.05279930153879733,51
298,UNKNOWN,63,3,735,735,0.08571428571428572,1.0,5,1,935,935,0.0053475935828877,1.0,-0.08036669213139802,-58
299,AIADMK,445,1,774,774,0.5749354005167958,1.0,340,1,831,831,0.4091456077015644,1.0,-0.16578979281523143,-105
299,BSP,4,1,774,774,0.00516795865633075,1.0,2,1,831,831,0.0024067388688327317,1.0,-0.002761219787498018,-2
299,INC,220,1,774,774,0.2842377260981912,1.0,364,1,831,831,0.4380264741275572,1.0,0.15378874802936598,144
299,IND,8,6,774,774,0.0103359173126615,1.0,69,8,831,831,0.08303249097472924,1.0,0.07269657366206775,61
299,NTK,10,1,774,774,0.012919896640826873,1.0,37,1,831,831,0.044524669073405534,1.0,0.031604772432578664,27
299,UNKNOWN,74,3,774,774,0.09560723514211886,1.0,7,1,831,831,0.00842358604091456,1.0,-0.0871836491012043,-67
300,AIADMK,180,1,453,453,0.3973509933774834,1.0,290,1,677,677,0.42836041358936483,1.0,0.03100942021188141,110
300,BSP,0,1,453,453,0.0,1.0,0,1,677,677,0.0,1.0,0.0,0
300,INC,204,1,453,453,0.4503311258278146,1.0,310,1,677,677,0.45790251107828656,1.0,0.0075713852504719625,106
300,IND,0,6,453,453,0.0,1.0,9,8,677,677,0.013293943870014771,1.0,0.013293943870014771,9
300,NTK,6,1,453,453,0.013245033112582781,1.0,59,1,677,677,0.08714918759231906,1.0,0.07390415447973628,53
300,UNKNOWN,45,3,453,453,0.09933774834437085,1.0,3,1,677,677,0.004431314623338257,1.0,-0.0949064337210326,-42
301,AIADMK,257,1,647,647,0.3972179289026275,1.0,336,1,727,727,0.4621733149931224,1.0,0.0649553860904949,79
301,BSP,3,1,647,647,0.00463678516228748,1.0,1,1,727,727,0.001375515818431912,1.0,-0.0032612693438555684,-2
301,INC,270,1,647,647,0.41731066460587324,1.0,336,1,727,727,0.4621733149931224,1.0,0.04486265038724918,66
301,IND,1,6,647,647,0.0015455950540958269,1.0,3,8,727,727,0.0041265474552957355,1.0,0.0025809524011999084,2
301,NTK,11,1,647,647,0.017001545595054096,1.0,41,1,727,727,0.05639614855570839,1.0,0.03939460296065429,30
301,UNKNOWN,73,3,647,647,0.11282843894899536,1.0,1,1,727,727,0.001375515818431912,1.0,-0.11145292313056344,-72
302,AIADMK,284,1,793,793,0.35813366960907944,1.0,398,1,977,977,0.40736949846468784,1.0,0.0492358288556084,114
302,BSP,4,1,793,793,0.005044136191677175,1.0,2,1,977,977,0.0020470829068577278,1.0,-0.0029970532848194475,-2
302,INC,394,1,793,793,0.4968474148802018,1.0,483,1,977,977,0.49437052200614123,1.0,-0.0024768928740605545,89
302,IND,3,6,793,793,0.0037831021437578815,1.0,6,8,977,977,0.006141248720573183,1.0,0.0023581465768153015,3
302,NTK,19,1,793,793,0.02395964691046658,1.0,82,1,977,977,0.08393039918116683,1.0,0.059970752270700256,63
302,UNKNOWN,59,3,793,793,0.07440100882723834,1.0,1,1,977,977,0.0010235414534288639,1.0,-0.07337746737380947,-58
303,AIADMK,209,1,474,474,0.4409282700421941,1.0,249,1,662,662,0.37613293051359514,1.0,-0.06479533952859895,40
303,BSP,1,1,474,474,0.002109704641350211,1.0,0,1,662,662,0.0,1.0,-0.002109704641350211,-1
303,INC,217,1,474,474,0.4578059071729958,1.0,290,1,662,662,0.4380664652567976,1.0,-0.019739441916198197,73
303,IND,0,6,474,474,0.0,1.0,9,8,662,662,0.013595166163141994,1.0,0.013595166163141994,9
303,NTK,1,1,474,474,0.002109704641350211,1.0,91,1,662,662,0.13746223564954682,1.0,0.1353525310081966,90
303,UNKNOWN,36,3,474,474,0.0759493670886076,1.0,4,1,662,662,0.006042296072507553,1.0,-0.06990707101610004,-32
304,AIADMK,192,1,535,535,0.35887850467289717,1.0,315,1,755,755,0.41721854304635764,1.0,0.05834003837346047,123
304,BSP,1,1,535,535,0.001869158878504673,1.0,1,1,755,755,0.0013245033112582781,1.0,-0.0005446555672463948,0
304,INC,249,1,535,535,0.4654205607476635,1.0,337,1,755,755,0.4463576158940397,1.0,-0.01906294485362381,88
304,IND,0,6,535,535,0.0,1.0,5,8,755,755,0.006622516556291391,1.0,0.006622516556291391,5
304,NTK,11,1,535,535,0.020560747663551402,1.0,74,1,755,755,0.09801324503311258,1.0,0.07745249736956118,63
304,UNKNOWN,65,3,535,535,0.12149532710280374,1.0,6,1,755,755,0.007947019867549669,1.0,-0.11354830723525407,-59
305,AIADMK,224,1,551,551,0.40653357531760437,1.0,459,1,973,973,0.47173689619732784,1.0,0.06520332087972347,235
305,BSP,1,1,551,551,0.0018148820326678765,1.0,4,1,973,973,0.0041109969167523125,1.0,0.002296114884084436,3
305,INC,239,1,551,551,0.4337568058076225,1.0,325,1,973,973,0.3340184994861254,1.0,-0.0997383063214971,86
305,IND,2,6,551,551,0.003629764065335753,1.0,50,8,973,973,0.051387461459403906,1.0,0.047757697394068155,48
305,NTK,15,1,551,551,0.02722323049001815,1.0,101,1,973,973,0.10380267214799589,1.0,0.07657944165797774,86
305,UNKNOWN,47,3,551,551,0.0852994555353902,1.0,7,1,973,973,0.007194244604316547,1.0,-0.07810521093107366,-40
306,AIADMK,383,1,807,807,0.4745972738537794,1.0,203,1,525,525,0.38666666666666666,1.0,-0.08793060718711276,-180
306,BSP,0,1,807,807,0.0,1.0,2,1,525,525,0.0038095238095238095,1.0,0.0038095238095238095,2
306,INC,327,1,807,807,0.4052044609665427,1.0,235,1,525,525,0.44761904761904764,1.0,0.042414586652504915,-92
306,IND,5,6,807,807,0.006195786864931847,1.0,3,8,525,525,0.005714285714285714,1.0,-0.00048150115064613235,-2
306,NTK,17,1,807,807,0.021065675340768277,1.0,64,1,525,525,0.1219047619047619,1.0,0.10083908656399362,47
306,UNKNOWN,53,3,807,807,0.06567534076827757,1.0,5,1,525,525,0.009523809523809525,1.0,-0.05615153124446804,-48
307,AIADMK,220,1,441,441,0.4988662131519274,1.0,306,1,605,605,0.5057851239669422,1.0,0.006918910815014778,86
307,BSP,0,1,441,441,0.0,1.0,4,1,605,605,0.006611570247933884,1.0,0.006611570247933884,4
307,INC,164,1,441,441,0.37188208616780044,1.0,195,1,605,605,0.32231404958677684,1.0,-0.0495680365810236,31
307,IND,3,6,441,441,0.006802721088435374,1.0,4,8,605,605,0.006611570247933884,1.0,-0.00019115084050148976,1
307,NTK,6,1,441,441,0.013605442176870748,1.0,76,1,605,605,0.1256198347107438,1.0,0.11201439253387306,70
307,UNKNOWN,18,3,441,441,0.04081632653061224,1.0,6,1,605,605,0.009917355371900827,1.0,-0.030898971158711416,-12
308,AIADMK,331,1,866,866,0.38221709006928406,1.0,359,1,737,737,0.4871099050203528,1.0,0.10489281495106872,28
308,BSP,2,1,866,866,0.0023094688221709007,1.0,4,1,737,737,0.005427408412483039,1.0,0.0031179395903121383,2
308,INC,387,1,866,866,0.4468822170900693,1.0,244,1,737,737,0.3310719131614654,1.0,-0.11581030392860392,-143
308,IND,1,6,866,866,0.0011547344110854503,1.0,3,8,737,737,0.004070556309362279,1.0,0.0029158218982768287,2
308,NTK,28,1,866,866,0.03233256351039261,1.0,91,1,737,737,0.12347354138398914,1.0,0.09114097787359653,63
308,UNKNOWN,87,3,866,866,0.10046189376443418,1.0,14,1,737,737,0.018995929443690638,1.0,-0.08146596432074354,-73
309,AIADMK,106,1,288,288,0.3680555555555556,1.0,344,1,907,907,0.37927232635060637,1.0,0.01121677079505079,238
309,BSP,0,1,288,288,0.0,1.0,0,1,907,907,0.0,1.0,0.0,0
309,INC,126,1,288,288,0.4375,1.0,409,1,907,907,0.45093715545755236,1.0,0.013437155457552363,283
309,IND,1,6,288,288,0.003472222222222222,1.0,4,8,907,907,0.004410143329658214,1.0,0.0009379211074359919,3
309,NTK,9,1,288,288,0.03125,1.0,105,1,907,907,0.11576626240352811,1.0,0.08451626240352811,96
309,UNKNOWN,28,3,288,288,0.09722222222222222,1.0,8,1,907,907,0.008820286659316428,1.0,-0.08840193556290579,-20
310,AIADMK,220,1,592,592,0.3716216216216216,1.0,393,1,981,981,0.40061162079510704,1.0,0.028989999173485437,173
310,BSP,1,1,592,592,0.0016891891891891893,1.0,2,1,981,981,0.0020387359836901123,1.0,0.000349546794500923,1
310,INC,284,1,592,592,0.4797297297297297,1.0,474,1,981,981,0.4831804281345566,1.0,0.0034506984048268685,190
310,IND,1,6,592,592,0.0016891891891891893,1.0,6,8,981,981,0.0061162079510703364,1.0,0.004427018761881147,5
310,NTK,19,1,592,592,0.03209459459459459,1.0,75,1,981,981,0.0764525993883792,1.0,0.04435800479378461,56
310,UNKNOWN,41,3,592,592,0.06925675675675676,1.0,4,1,981,981,0.004077471967380225,1.0,-0.06517928478937653,-37
311,AIADMK,181,1,519,519,0.348747591522158,1.0,221,1,622,622,0.3553054662379421,1.0,0.006557874715784118,40
311,BSP,1,1,519,519,0.0019267822736030828,1.0,1,1,622,622,0.001607717041800643,1.0,-0.00031906523180243976,0
311,INC,236,1,519,519,0.45472061657032753,1.0,314,1,622,622,0.5048231511254019,1.0,0.05010253455507435,78
311,IND,2,6,519,519,0.0038535645472061657,1.0,6,8,622,622,0.00964630225080386,1.0,0.005792737703597693,4
311,NTK,21,1,519,519,0.04046242774566474,1.0,55,1,622,622,0.08842443729903537,1.0,0.047962009553370634,34
311,UNKNOWN,45,3,519,519,0.08670520231213873,1.0,6,1,622,622,0.00964630225080386,1.0,-0.07705890006133487,-39
312,AIADMK,153,1,447,447,0.3422818791946309,1.0,253,1,609,609,0.4154351395730706,1.0,0.07315326037843972,100
312,BSP,1,1,447,447,0.0022371364653243847,1.0,0,1,609,609,0.0,1.0,-0.0022371364653243847,-1
312,INC,191,1,447,447,0.4272930648769575,1.0,278,1,609,609,0.45648604269293924,1.0,0.029192977815981735,87
312,IND,1,6,447,447,0.0022371364653243847,1.0,6,8,609,609,0.009852216748768473,1.0,0.007615080283444088,5
312,NTK,24,1,447,447,0.053691275167785234,1.0,56,1,609,609,0.09195402298850575,1.0,0.03826274782072051,32
312,UNKNOWN,35,3,447,447,0.07829977628635347,1.0,4,1,609,609,0.006568144499178982,1.0,-0.07173163178717448,-31
313,AIADMK,270,1,654,654,0.41284403669724773,1.0,251,1,724,724,0.34668508287292815,1.0,-0.06615895382431958,-19
313,BSP,2,1,654,654,0.0030581039755351682,1.0,1,1,724,724,0.0013812154696132596,1.0,-0.0016768885059219086,-1
313,INC,246,1,654,654,0.3761467889908257,1.0,383,1,724,724,0.5290055248618785,1.0,0.15285873587105275,137
313,IND,2,6,654,654,0.0030581039755351682,1.0,5,8,724,724,0.006906077348066298,1.0,0.00384797337253113,3
313,NTK,26,1,654,654,0.039755351681957186,1.0,60,1,724,724,0.08287292817679558,1.0,0.04311757649483839,34
313,UNKNOWN,58,3,654,654,0.08868501529051988,1.0,3,1,724,724,0.004143646408839779,1.0,-0.0845413688816801,-55
314,AIADMK,623,1,1123,1123,0.5547640249332146,1.0,236,1,854,854,0.27634660421545665,1.0,-0.278417420717758,-387
314,BSP,1,1,1123,1123,0.0008904719501335708,1.0,0,1,854,854,0.0,1.0,-0.0008904719501335708,-1
314,INC,371,1,1123,1123,0.3303650934995548,1.0,468,1,854,854,0.5480093676814989,1.0,0.2176442741819441,97
314,IND,4,6,1123,1123,0.003561887800534283,1.0,2,8,854,854,0.00234192037470726,1.0,-0.0012199674258270231,-2
314,NTK,4,1,1123,1123,0.003561887800534283,1.0,111,1,854,854,0.12997658079625293,1.0,0.12641469299571864,107
314,UNKNOWN,24,3,1123,1123,0.0213713268032057,1.0,4,1,854,854,0.00468384074941452,1.0,-0.01668748605379118,-20
315,AIADMK,439,1,767,767,0.5723598435462842,1.0,264,1,730,730,0.36164383561643837,1.0,-0.21071600792984585,-175
315,BSP,2,1,767,767,0.002607561929595828,1.0,1,1,730,730,0.0013698630136986301,1.0,-0.0012376989158971977,-1
315,INC,234,1,767,767,0.3050847457627119,1.0,357,1,730,730,0.48904109589041095,1.0,0.18395635012769906,123
315,IND,1,6,767,767,0.001303780964797914,1.0,1,8,730,730,0.0013698630136986301,1.0,6.608204890071624e-05,0
315,NTK,11,1,767,767,0.014341590612777053,1.0,77,1,730,730,0.10547945205479452,1.0,0.09113786144201746,66
315,UNKNOWN,34,3,767,767,0.04432855280312908,1.0,7,1,730,730,0.009589041095890411,1.0,-0.034739511707238664,-27
316,AIADMK,408,1,706,706,0.5779036827195467,1.0,451,1,941,941,0.47927736450584485,1.0,-0.09862631821370188,43
316,BSP,2,1,706,706,0.0028328611898017,1.0,0,1,941,941,0.0,1.0,-0.0028328611898017,-2
316,INC,195,1,706,706,0.2762039660056657,1.0,328,1,941,941,0.3485653560042508,1.0,0.0723613899985851,133
316,IND,4,6,706,706,0.0056657223796034,1.0,5,8,941,941,0.005313496280552604,1.0,-0.00035222609905079597,1
316,NTK,17,1,706,706,0.024079320113314446,1.0,102,1,941,941,0.10839532412327312,1.0,0.08431600400995867,85
316,UNKNOWN,32,3,706,706,0.0453257790368272,1.0,12,1,941,941,0.012752391073326248,1.0,-0.03257338796350095,-20
317,AIADMK,272,1,676,676,0.40236686390532544,1.0,211,1,654,654,0.32262996941896027,1.0,-0.07973689448636517,-61
317,BSP,3,1,676,676,0.004437869822485207,1.0,0,1,654,654,0.0,1.0,-0.004437869822485207,-3
317,INC,321,1,676,676,0.47485207100591714,1.0,325,1,654,654,0.4969418960244648,1.0,0.02208982501854767,4
317,IND,8,6,676,676,0.011834319526627219,1.0,7,8,654,654,0.010703363914373088,1.0,-0.0011309556122541305,-1
317,NTK,5,1,676,676,0.0073964497041420114,1.0,78,1,654,654,0.11926605504587157,1.0,0.11186960534172956,73
317,UNKNOWN,48,3,676,676,0.07100591715976332,1.0,3,1,654,654,0.0045871559633027525,1.0,-0.06641876119646056,-45
318,AIADMK,272,1,866,866,0.3140877598152425,1.0,164,1,538,538,0.3048327137546468,1.0,-0.009255046060595684,-108
318,BSP,3,1,866,866,0.003464203233256351,1.0,1,1,538,538,0.0018587360594795538,1.0,-0.0016054671737767974,-2
318,INC,402,1,866,866,0.46420323325635104,1.0,261,1,538,538,0.4851301115241636,1.0,0.020926878267812532,-141
318,IND,10,6,866,866,0.011547344110854504,1.0,3,8,538,538,0.0055762081784386614,1.0,-0.005971135932415842,-7
318,NTK,8,1,866,866,0.009237875288683603,1.0,84,1,538,538,0.15613382899628253,1.0,0.14689595370759892,76
318,UNKNOWN,48,3,866,866,0.05542725173210162,1.0,5,1,538,538,0.00929368029739777,1.0,-0.04613357143470385,-43
319,AIADMK,343,1,898,898,0.3819599109131403,1.0,431,1,888,888,0.48536036036036034,1.0,0.10340044944722004,88
319,BSP,0,1,898,898,0.0,1.0,3,1,888,888,0.0033783783783783786,1.0,0.0033783783783783786,3
319,INC,371,1,898,898,0.4131403118040089,1.0,337,1,888,888,0.3795045045045045,1.0,-0.03363580729950438,-34
319,IND,7,6,898,898,0.0077951002227171495,1.0,7,8,888,888,0.007882882882882882,1.0,8.778266016573263e-05,0
319,NTK,44,1,898,898,0.04899777282850779,1.0,76,1,888,888,0.08558558558558559,1.0,0.036587812757077794,32
319,UNKNOWN,66,3,898,898,0.07349665924276169,1.0,4,1,888,888,0.0045045045045045045,1.0,-0.06899215473825719,-62
320,AIADMK,377,1,920,920,0.4097826086956522,1.0,303,1,703,703,0.4310099573257468,1.0,0.021227348630094622,-74
320,BSP,1,1,920,920,0.0010869565217391304,1.0,1,1,703,703,0.001422475106685633,1.0,0.0003355185849465026,0
320,INC,347,1,920,920,0.37717391304347825,1.0,279,1,703,703,0.3968705547652916,1.0,0.019696641721813346,-68
320,IND,10,6,920,920,0.010869565217391304,1.0,23,8,703,703,0.032716927453769556,1.0,0.021847362236378252,13
320,NTK,47,1,920,920,0.051086956521739134,1.0,62,1,703,703,0.08819345661450925,1.0,0.03710650009277012,15
320,UNKNOWN,77,3,920,920,0.08369565217391305,1.0,12,1,703,703,0.017069701280227598,1.0,-0.06662595089368545,-65
321,AIADMK,336,1,740,740,0.4540540540540541,1.0,255,1,496,496,0.5141129032258065,1.0,0.060058849171752415,-81
321,BSP,0,1,740,740,0.0,1.0,1,1,496,496,0.0020161290322580645,1.0,0.0020161290322580645,1
321,INC,312,1,740,740,0.42162162162162165,1.0,184,1,496,496,0.3709677419354839,1.0,-0.05065387968613777,-128
321,IND,0,6,740,740,0.0,1.0,5,8,496,496,0.010080645161290322,1.0,0.010080645161290322,5
321,NTK,12,1,740,740,0.016216216216216217,1.0,37,1,496,496,0.07459677419354839,1.0,0.05838055797733217,25
321,UNKNOWN,31,3,740,740,0.041891891891891894,1.0,6,1,496,496,0.012096774193548387,1.0,-0.029795117698343507,-25
322,AIADMK,174,1,465,465,0.3741935483870968,1.0,286,1,747,747,0.3828647925033467,1.0,0.008671244116249921,112
322,BSP,1,1,465,465,0.002150537634408602,1.0,1,1,747,747,0.0013386880856760374,1.0,-0.0008118495487325647,0
322,INC,203,1,465,465,0.43655913978494626,1.0,371,1,747,747,0.4966532797858099,1.0,0.06009414000086366,168
322,IND,1,6,465,465,0.002150537634408602,1.0,6,8,747,747,0.008032128514056224,1.0,0.005881590879647622,5
322,NTK,4,1,465,465,0.008602150537634409,1.0,57,1,747,747,0.07630522088353414,1.0,0.06770307034589973,53
322,UNKNOWN,19,3,465,465,0.04086021505376344,1.0,4,1,747,747,0.00535475234270415,1.0,-0.035505462711059296,-15
323,AIADMK,433,1,909,909,0.47634763476347636,1.0,363,1,832,832,0.4362980769230769,1.0,-0.04004955784039943,-70
323,BSP,0,1,909,909,0.0,1.0,2,1,832,832,0.002403846153846154,1.0,0.002403846153846154,2
323,INC,313,1,909,909,0.34433443344334436,1.0,365,1,832,832,0.4387019230769231,1.0,0.09436748963357872,52
323,IND,7,6,909,909,0.007700770077007701,1.0,7,8,832,832,0.008413461538461538,1.0,0.0007126914614538375,0
323,NTK,14,1,909,909,0.015401540154015401,1.0,66,1,832,832,0.07932692307692307,1.0,0.06392538292290767,52
323,UNKNOWN,106,3,909,909,0.11661166116611661,1.0,8,1,832,832,0.009615384615384616,1.0,-0.10699627655073199,-98
324,AIADMK,260,1,780,780,0.3333333333333333,1.0,164,1,504,504,0.3253968253968254,1.0,-0.007936507936507908,-96
324,BSP,1,1,780,780,0.001282051282051282,1.0,0,1,504,504,0.0,1.0,-0.001282051282051282,-1
324,INC,366,1,780,780,0.46923076923076923,1.0,247,1,504,504,0.49007936507936506,1.0,0.02084859584859583,-119
324,IND,2,6,780,780,0.002564102564102564,1.0,2,8,504,504,0.003968253968253968,1.0,0.001404151404151404,0
324,NTK,14,1,780,780,0.017948717948717947,1.0,58,1,504,504,0.11507936507936507,1.0,0.09713064713064712,44
324,UNKNOWN,75,3,780,780,0.09615384615384616,1.0,4,1,504,504,0.007936507936507936,1.0,-0.08821733821733822,-71
325,AIADMK,257,1,551,551,0.4664246823956443,1.0,155,1,487,487,0.3182751540041068,1.0,-0.1481495283915375,-102
325,BSP,0,1,551,551,0.0,1.0,2,1,487,487,0.004106776180698152,1.0,0.004106776180698152,2
325,INC,190,1,551,551,0.3448275862068966,1.0,230,1,487,487,0.4722792607802875,1.0,0.1274516745733909,40
325,IND,5,6,551,551,0.009074410163339383,1.0,1,8,487,487,0.002053388090349076,1.0,-0.007021022072990307,-4
325,NTK,6,1,551,551,0.010889292196007259,1.0,53,1,487,487,0.10882956878850103,1.0,0.09794027659249377,47
325,UNKNOWN,66,3,551,551,0.11978221415607986,1.0,2,1,487,487,0.004106776180698152,1.0,-0.1156754379753817,-64
326,AIADMK,323,1,764,764,0.42277486910994766,1.0,171,1,517,517,0.3307543520309478,1.0,-0.09202051707899989,-152
326,BSP,1,1,764,764,0.0013089005235602095,1.0,0,1,517,517,0.0,1.0,-0.0013089005235602095,-1
326,INC,260,1,764,764,0.3403141361256545,1.0,265,1,517,517,0.5125725338491296,1.0,0.17225839772347512,5
326,IND,2,6,764,764,0.002617801047120419,1.0,1,8,517,517,0.0019342359767891683,1.0,-0.0006835650703312507,-1
326,NTK,15,1,764,764,0.01963350785340314,1.0,41,1,517,517,0.07930367504835589,1.0,0.05967016719495275,26
326,UNKNOWN,91,3,764,764,0.11910994764397906,1.0,5,1,517,517,0.009671179883945842,1.0,-0.10943876776003322,-86
327,AIADMK,292,1,763,763,0.382699868938401,1.0,158,1,465,465,0.33978494623655914,1.0,-0.042914922701841884,-134
327,BSP,0,1,763,763,0.0,1.0,0,1,465,465,0.0,1.0,0.0,0
327,INC,289,1,763,763,0.37876802096985585,1.0,223,1,465,465,0.47956989247311826,1.0,0.10080187150326242,-66
327,IND,0,6,763,763,0.0,1.0,5,8,465,465,0.010752688172043012,1.0,0.010752688172043012,5
327,NTK,40,1,763,763,0.05242463958060288,1.0,42,1,465,465,0.09032258064516129,1.0,0.037897941064558405,2
327,UNKNOWN,73,3,763,763,0.09567496723460026,1.0,3,1,465,465,0.0064516129032258064,1.0,-0.08922335433137445,-70
328,AIADMK,264,1,829,829,0.31845597104945716,1.0,196,1,548,548,0.35766423357664234,1.0,0.03920826252718518,-68
328,BSP,1,1,829,829,0.0012062726176115801,1.0,2,1,548,548,0.0036496350364963502,1.0,0.00244336241888477,1
328,INC,316,1,829,829,0.38118214716525933,1.0,260,1,548,548,0.4744525547445255,1.0,0.09327040757926619,-56
328,IND,3,6,829,829,0.0036188178528347406,1.0,3,8,548,548,0.005474452554744526,1.0,0.0018556347019097852,0
328,NTK,53,1,829,829,0.06393244873341375,1.0,59,1,548,548,0.10766423357664233,1.0,0.04373178484322858,6
328,UNKNOWN,108,3,829,829,0.13027744270205066,1.0,7,1,548,548,0.012773722627737226,1.0,-0.11750372007431344,-101
329,AIADMK,313,1,850,850,0.36823529411764705,1.0,171,1,560,560,0.3053571428571429,1.0,-0.06287815126050417,-142
329,BSP,4,1,850,850,0.004705882352941176,1.0,0,1,560,560,0.0,1.0,-0.004705882352941176,-4
329,INC,351,1,850,850,0.41294117647058826,1.0,298,1,560,560,0.5321428571428571,1.0,0.11920168067226888,-53
329,IND,2,6,850,850,0.002352941176470588,1.0,6,8,560,560,0.010714285714285714,1.0,0.008361344537815125,4
329,NTK,17,1,850,850,0.02,1.0,52,1,560,560,0.09285714285714286,1.0,0.07285714285714286,35
329,UNKNOWN,89,3,850,850,0.10470588235294118,1.0,4,1,560,560,0.007142857142857143,1.0,-0.09756302521008403,-85
330,AIADMK,205,1,637,637,0.3218210361067504,1.0,209,1,618,618,0.33818770226537215,1.0,0.016366666158621757,4
330,BSP,2,1,637,637,0.0031397174254317113,1.0,2,1,618,618,0.003236245954692557,1.0,9.652852926084546e-05,0
330,INC,275,1,637,637,0.4317111459968603,1.0,315,1,618,618,0.5097087378640777,1.0,0.07799759186721739,40
330,IND,4,6,637,637,0.006279434850863423,1.0,11,8,618,618,0.01779935275080906,1.0,0.01151991789994564,7
330,NTK,12,1,637,637,0.018838304552590265,1.0,57,1,618,618,0.09223300970873786,1.0,0.0733947051561476,45
330,UNKNOWN,72,3,637,637,0.1130298273155416,1.0,8,1,618,618,0.012944983818770227,1.0,-0.10008484349677138,-64
331,AIADMK,210,1,646,646,0.32507739938080493,1.0,333,1,871,871,0.3823191733639495,1.0,0.05724177398314456,123
331,BSP,2,1,646,646,0.0030959752321981426,1.0,1,1,871,871,0.001148105625717566,1.0,-0.0019478696064805766,-1
331,INC,261,1,646,646,0.4040247678018576,1.0,395,1,871,871,0.4535017221584386,1.0,0.049476954356581004,134
331,IND,3,6,646,646,0.0046439628482972135,1.0,3,8,871,871,0.003444316877152698,1.0,-0.0011996459711445156,0
331,NTK,12,1,646,646,0.018575851393188854,1.0,89,1,871,871,0.10218140068886337,1.0,0.08360554929567451,77
331,UNKNOWN,69,3,646,646,0.10681114551083591,1.0,4,1,871,871,0.004592422502870264,1.0,-0.10221872300796565,-65
